parent_poi_id,parent_name,child_poi_id,child_name,child_typecode,child_subtype,child_address,child_location,candidate_role,candidate_status,source,fetched_at
B0015397C9,上海动物园,B00155KT4G,上海动物园西停车场,150904,停车场,虹桥路2381号上海动物园内(南侧),"121.364077,31.189737",transport,exclude_non_attraction,amap_children,2026-09-19T16:04:23+00:00
B0015397C9,上海动物园,B0FFG7LSCM,上海动物园内部停车场,150905,停车场,哈密路2036-2号附近,"121.369202,31.191529",transport,exclude_non_attraction,amap_children,2026-09-19T16:04:23+00:00
B0015397C9,上海动物园,B0FFFS33SX,上海动物园游客服务中心,070201,,虹桥路2381号上海动物园(上海动物园地铁站1号口旁),"121.368477,31.190566",service,exclude_non_attraction,amap_children,2026-09-19T16:04:23+00:00
B0FFKTGH5N,世博文化公园,B0FFKH9Q1Q,世博文化公园P4停车场,150904,停车场,通耀路555号,"121.482431,31.177001",transport,exclude_non_attraction,amap_children,2026-09-19T16:04:23+00:00
B0FFKTGH5N,世博文化公园,B0HKKCOGHX,世博文化公园P1停车场,150904,停车场,世博大道2095号,"121.476318,31.184211",transport,exclude_non_attraction,amap_children,2026-09-19T16:04:23+00:00
B0FFKTGH5N,世博文化公园,B0I1SHJP1Q,世博文化公园P2地下停车场,150904,停车场,济坤路50号(世博大道地铁站4号口步行230米),"121.482240,31.184295",transport,exclude_non_attraction,amap_children,2026-09-19T16:04:23+00:00
B0FFKTGH5N,世博文化公园,B0JAZU2D94,上海世博文化公园融合段停车场,150904,停车场,世博大道2200号,"121.472232,31.182537",transport,exclude_non_attraction,amap_children,2026-09-19T16:04:23+00:00
B0FFKTGH5N,世博文化公园,B0HK4U2INH,世博文化公园P3大巴停车场,150904,停车场,济坤路100号世博文化公园,"121.484792,31.180094",transport,exclude_non_attraction,amap_children,2026-09-19T16:04:23+00:00
B0FFL98XNZ,上海市民体育公园足球公园,B0HGKMHVFH,上海市民体育公园足球公园停车场,150904,停车场,规划二路与安辰路交叉口西南160米,"121.239969,31.325737",transport,exclude_non_attraction,amap_children,2026-09-19T16:04:23+00:00
B0FFHMR0PZ,沔青公园,B0FFGTM6SL,康桥生态园沔青绿地停车场,150904,停车场,川周公路沔青公园内(南侧),"121.629408,31.146282",transport,exclude_non_attraction,amap_children,2026-09-19T16:04:23+00:00
B00152F15F,上海野生动物园,B0FFHN6H3Z,上海野生动物园1号停车场,150904,停车场,南六公路178号上海野生动物园内(西南角),"121.715649,31.051417",transport,exclude_non_attraction,amap_children,2026-09-19T16:04:23+00:00
B00152F15F,上海野生动物园,B0FFFLJ0UQ,上海野生动物园B1售票亭,070306,售票处,南六公路178号上海野生动物园(西侧),"121.715379,31.054042",service,exclude_non_attraction,amap_children,2026-09-19T16:04:23+00:00
B00152F15F,上海野生动物园,B0FFFLJ0UC,上海野生动物园A1售票亭(人民西路),070306,售票处,南六公路178号上海野生动物园内(西侧),"121.715401,31.054024",service,exclude_non_attraction,amap_children,2026-09-19T16:04:23+00:00
B00152F15F,上海野生动物园,B0FFFLISXJ,上海野生动物园游客服务中心,070201,,宣桥镇南六公路178号上海野生动物园内(西侧),"121.715798,31.054952",service,exclude_non_attraction,amap_children,2026-09-19T16:04:23+00:00
B0FFF00ERG,宝山滨江公园,B0K36UF3LQ,宝山滨江公园停车点,150904,停车场,友谊路街道吴淞口路520号宝山滨江公园,"121.498103,31.408405",transport,exclude_non_attraction,amap_children,2026-09-19T16:04:23+00:00
B0H01RSQQK,汤巷公园,B0IUYZ97AO,汤巷体育公园停车点,150904,停车场,康新公路5777号汤巷公园(西南角),"121.600106,31.143635",transport,exclude_non_attraction,amap_children,2026-09-19T16:04:23+00:00
B001510563,上海和平公园,B0FFLGDSAM,和平公园停车场,150904,停车场,天宝路891号上海和平公园(四平路地铁站3号口步行320米),"121.502849,31.272401",transport,exclude_non_attraction,amap_children,2026-09-19T16:04:23+00:00
B0FFG954E8,上海海昌海洋公园,B0FFJMO4JD,上海海昌海洋公园立体停车场,150904,停车场,银飞路,"121.905117,30.915474",transport,exclude_non_attraction,amap_children,2026-09-19T16:04:25+00:00
B0FFG954E8,上海海昌海洋公园,B0MGOAUXO4,上海海昌海洋公园地上停车场,150904,停车场,银飞路166号上海海昌海洋公园内(北侧),"121.905768,30.914780",transport,exclude_non_attraction,amap_children,2026-09-19T16:04:25+00:00
B0FFG954E8,上海海昌海洋公园,B0FFKYX0JE,上海海昌海洋公园售票处,070300,售票处,新城镇银飞路166号上海海昌海洋公园(西北角),"121.904685,30.914913",service,exclude_non_attraction,amap_children,2026-09-19T16:04:25+00:00
B0FFG954E8,上海海昌海洋公园,B0FFL8VXG7,上海海昌海洋公园游客服务中心,070201,,银飞路166号上海海昌海洋公园(西北角),"121.904225,30.914835",service,exclude_non_attraction,amap_children,2026-09-19T16:04:25+00:00
B00155KZKW,上海鲁迅公园,B0FFG69ZCV,上海鲁迅公园停车点,150904,停车场,四川北路2288号上海鲁迅公园,"121.481814,31.272009",transport,exclude_non_attraction,amap_children,2026-09-19T16:04:25+00:00
B00155KZKW,上海鲁迅公园,B0M2PLP6OZ,鲁迅公园-北侧地上停车场,150904,停车场,四川北路2288号上海鲁迅公园,"121.483318,31.274546",transport,exclude_non_attraction,amap_children,2026-09-19T16:04:25+00:00
B0FFG8C3Q7,上海之鱼,B0FFLFESWD,上海之鱼P3停车场,150904,停车场,上海之鱼内(东侧),"121.503953,30.934771",transport,exclude_non_attraction,amap_children,2026-09-19T16:04:25+00:00
B0FFG8C3Q7,上海之鱼,B0HAOHJXLR,上海之鱼P1停车场,150904,停车场,上海之鱼(东南角),"121.505469,30.929463",transport,exclude_non_attraction,amap_children,2026-09-19T16:04:25+00:00
B0FFG8C3Q7,上海之鱼,B0HBL7BX42,上海之鱼地下停车点,150904,停车场,上海之鱼内(东侧),"121.502986,30.933496",transport,exclude_non_attraction,amap_children,2026-09-19T16:04:25+00:00
B0FFG8C3Q7,上海之鱼,B0FFMGD7WU,上海之鱼P2地下停车场,150904,停车场,上海之鱼(东南角),"121.506133,30.929735",transport,exclude_non_attraction,amap_children,2026-09-19T16:04:25+00:00
B00154D790,古华园,B00155KPPW,古华园东南门停车场,150904,停车场,解放中路87号,"121.466352,30.916865",transport,exclude_non_attraction,amap_children,2026-09-19T16:04:25+00:00
B0FFG2PQVL,上海闵行文化公园,B0J10ACGZ1,上海闵行文化公园地下停车场,150904,停车场,新镇路1766号闵行文化公园西大门,"121.357875,31.162171",transport,exclude_non_attraction,amap_children,2026-09-19T16:04:25+00:00
B0FFG2PQVL,上海闵行文化公园,B0FFKCTV0Q,闵行文化公园2号门停车场,150904,停车场,吴中路2019号上海闵行文化公园(西北角),"121.357818,31.166245",transport,exclude_non_attraction,amap_children,2026-09-19T16:04:25+00:00
B0FFG2PQVL,上海闵行文化公园,B0M6VPHWQ9,闵行文化公园-地下停车场,150904,停车场,吴中路2019号上海闵行文化公园,"121.358027,31.163895",transport,exclude_non_attraction,amap_children,2026-09-19T16:04:25+00:00
B0FFG2PQVL,上海闵行文化公园,B0FFGE6B16,闵行文化公园3号门停车场,150904,停车场,吴中路2019号上海闵行文化公园内(南侧),"121.363008,31.158702",transport,exclude_non_attraction,amap_children,2026-09-19T16:04:25+00:00
B0FFG2PQVL,上海闵行文化公园,B0GK47QTYT,闵行文化公园游客中心,070201,,吴中路2019号闵行文化公园(西北角),"121.358854,31.167109",service,exclude_non_attraction,amap_children,2026-09-19T16:04:25+00:00
B00154DWH8,上海植物园,B0MGP11N2E,上海植物园北区地下停车场,150904,停车场,长桥街道罗城路171号,"121.443825,31.151325",transport,exclude_non_attraction,amap_children,2026-09-19T16:04:25+00:00
B00154DWH8,上海植物园,B0FFF64RUI,上海植物园4号门售票处,070306,售票处,龙吴路1111号上海植物园内(北侧),"121.445793,31.151884",service,exclude_non_attraction,amap_children,2026-09-19T16:04:25+00:00
B00154DWH8,上海植物园,B00156ZSX5,上海植物园3号门售票处,070306,售票处,百色路940-1号,"121.439470,31.142747",service,exclude_non_attraction,amap_children,2026-09-19T16:04:25+00:00
B0G295OTG0,前滩体育公园,B0FFM8O96X,前滩体育公园停车场,150904,停车场,前滩大道735号前滩体育公园(西北角),"121.464291,31.147911",transport,exclude_non_attraction,amap_children,2026-09-19T16:04:25+00:00
B0FFGFW4NK,前滩休闲公园,B0FFH7FRHS,前滩休闲公园12号门停车场,150904,停车场,前滩大道与桐晚路交叉口东北80米,"121.467649,31.150925",transport,exclude_non_attraction,amap_children,2026-09-19T16:04:25+00:00
B001508193,上海闵行体育公园,B0FFJGRRV7,热带风暴停车场,150904,停车场,七宝镇新镇路70号(近顾戴路),"121.372205,31.137337",transport,exclude_non_attraction,amap_children,2026-09-19T16:04:25+00:00
B001508193,上海闵行体育公园,B0FFG69WEA,闵行体育公园内部停车场,150905,停车场,顾戴路北50米,"121.374262,31.136579",transport,exclude_non_attraction,amap_children,2026-09-19T16:04:25+00:00
B001508193,上海闵行体育公园,B0FFL4RO9G,闵行体育公园游船码头售票处,070300,售票处,新镇路与中谊路交叉口北220米,"121.366673,31.146433",transport,exclude_non_attraction,amap_children,2026-09-19T16:04:25+00:00
B00157G053,中山公园,B0HGXMXGZV,中山公园地下停车点,150904,停车场,长宁路780号中山公园(中山公园地铁站7号口步行70米),"121.419547,31.219548",transport,exclude_non_attraction,amap_children,2026-09-19T16:04:27+00:00
B00155KK03,上海长风公园,B0FFG77KMO,上海长风公园停车场,150904,停车场,大渡河路451号海底世界(长风公园4号门内)长风公园·长风海洋世界,"121.397595,31.221381",transport,exclude_non_attraction,amap_children,2026-09-19T16:04:27+00:00
B0FFH18766,上海大宁公园,B0FFHN7PG5,大宁公园北门停车场,150904,停车场,广中西路288号大宁郁金香公园内,"121.447210,31.278679",transport,exclude_non_attraction,amap_children,2026-09-19T16:04:27+00:00
B0FFH18766,上海大宁公园,B0FFHQ8DPH,大宁公园专用停车场,150905,停车场,广中西路288号上海大宁公园内(西侧),"121.439623,31.276084",transport,exclude_non_attraction,amap_children,2026-09-19T16:04:27+00:00
B0FFH18766,上海大宁公园,B0MRKK2M0N,大宁公园罗马广场-内部专用地上停车场,150905,停车场,广中西路288号上海大宁公园(西南角),"121.440325,31.272275",transport,exclude_non_attraction,amap_children,2026-09-19T16:04:27+00:00
B0FFH18766,上海大宁公园,B0JRZZ1M0G,大宁公园游客中心,070201,,广中西路288号上海大宁公园(东北角),"121.446963,31.278295",service,exclude_non_attraction,amap_children,2026-09-19T16:04:27+00:00
B00151CDD0,上海醉白池公园,B0HBBR5E3H,上海醉白池公园内部停车场,150905,停车场,人民南路64号上海醉白池公园(醉白池地铁站3号口旁),"121.229244,31.001760",transport,exclude_non_attraction,amap_children,2026-09-19T16:04:27+00:00
B00151CDD0,上海醉白池公园,B0FFF2V8IT,上海醉白池公园西门售票处,070306,售票处,人民南路64号(醉白池地铁站3号口步行80米),"121.229139,31.002332",service,exclude_non_attraction,amap_children,2026-09-19T16:04:27+00:00
B00151CDD0,上海醉白池公园,B0HBBR5E3I,上海醉白池公园东门售票处,070306,售票处,人民南路64号上海醉白池公园内(东北角),"121.232333,31.002326",service,exclude_non_attraction,amap_children,2026-09-19T16:04:27+00:00
B00151CDD0,上海醉白池公园,B0FFG8TS4Q,上海醉白池公园游客中心,070201,,人民南路64号上海醉白池公园内(西侧),"121.229114,31.001874",service,exclude_non_attraction,amap_children,2026-09-19T16:04:27+00:00
B0FFF0JR9H,上海广富林文化遗址,B00157993Y,广富林文化遗址湖底停车场,150904,停车场,广轩路1099号,"121.200659,31.064254",transport,exclude_non_attraction,amap_children,2026-09-19T16:04:27+00:00
B0FFF0JR9H,上海广富林文化遗址,B0FFKWLVQL,广富林文化遗址-大巴停车场,150905,停车场,广富林路3260弄广富林文化遗址内(西南角),"121.193773,31.057472",transport,exclude_non_attraction,amap_children,2026-09-19T16:04:27+00:00
B0FFF0JR9H,上海广富林文化遗址,B0FFG95C9H,广富林文化遗址内部停车场,150905,停车场,广富林路3260弄广富林文化遗址内,"121.197355,31.063429",transport,exclude_non_attraction,amap_children,2026-09-19T16:04:27+00:00
B0FFF0JR9H,上海广富林文化遗址,B0M24CHN9Z,广富林文化遗址公园-地下停车场,150904,停车场,广富林路3260弄上海广富林文化遗址内(东侧),"121.200575,31.064225",transport,exclude_non_attraction,amap_children,2026-09-19T16:04:27+00:00
B0FFF0JR9H,上海广富林文化遗址,B0FFLOHYPJ,广富林文化遗址-游客服务中心,070201,,广富林路3260弄(广富林文化遗址),"121.195027,31.058447",service,exclude_non_attraction,amap_children,2026-09-19T16:04:27+00:00
B0FFFFU19Y,远香湖,B0FFG769MQ,远香湖停车场,150904,停车场,白银路远香湖(西南角),"121.264918,31.348250",transport,exclude_non_attraction,amap_children,2026-09-19T16:04:29+00:00
B0FFFFU19Y,远香湖,B0IGU92TTM,天祝路1号临时停车场,150904,停车场,白银路远香湖(西南角),"121.264620,31.348183",transport,exclude_non_attraction,amap_children,2026-09-19T16:04:29+00:00
B0FFFFU19Y,远香湖,B0IBZSYFA7,远香湖1号临时地面停车场,150904,停车场,沪宜公路2781号,"121.270518,31.350746",transport,exclude_non_attraction,amap_children,2026-09-19T16:04:29+00:00
B0FFFFU19Y,远香湖,B0KKAURGKY,远香湖东地面停车场,150904,停车场,白银路远香湖,"121.270744,31.352121",transport,exclude_non_attraction,amap_children,2026-09-19T16:04:29+00:00
B00156DYI3,上海辰山植物园,B0FFHS40IC,上海辰山植物园2号门停车场,150904,停车场,辰山植物园2号门口,"121.190408,31.079475",transport,exclude_non_attraction,amap_children,2026-09-19T16:04:29+00:00
B00156DYI3,上海辰山植物园,B00156GE53,上海辰山植物园1号门停车场,150904,停车场,辰花公路3888号上海辰山植物园(西南角),"121.178809,31.070214",transport,exclude_non_attraction,amap_children,2026-09-19T16:04:29+00:00
B00156DYI3,上海辰山植物园,B00156GO14,上海辰山植物园内部停车场,150905,停车场,辰花公路3888号上海辰山植物园(西南角),"121.179578,31.070149",transport,exclude_non_attraction,amap_children,2026-09-19T16:04:29+00:00
B00156DYI3,上海辰山植物园,B0FFHI9JEO,上海辰山植物园内部停车场,150905,停车场,辰花路3888号上海辰山植物园内(西侧),"121.174706,31.077730",transport,exclude_non_attraction,amap_children,2026-09-19T16:04:29+00:00
B00156DYI3,上海辰山植物园,B0MUBR7Z2N,辰山植物园-综合楼地上停车场,150904,停车场,辰花路3888号上海辰山植物园内(南侧),"121.180966,31.071048",transport,exclude_non_attraction,amap_children,2026-09-19T16:04:29+00:00
B00156DYI3,上海辰山植物园,B0FFG2A2M8,上海辰山植物园1号门游客中心,070201,,佘山镇辰花公路3888号辰山植物园1号门,"121.181451,31.071298",service,exclude_non_attraction,amap_children,2026-09-19T16:04:29+00:00
B0GRHST1RG,鹏新嘉定海洋世界,B0HU3CY9SU,鹏新嘉定海洋世界地下停车场,150904,停车场,阿克苏路63-66弄,"121.273385,31.329047",transport,exclude_non_attraction,amap_children,2026-09-19T16:04:29+00:00
B0GRHST1RG,鹏新嘉定海洋世界,B0HGPZS1K0,鹏新嘉定海洋世界售票处,070306,售票处,阿克苏路66弄6号(鹏新嘉定海洋世界),"121.273615,31.328623",service,exclude_non_attraction,amap_children,2026-09-19T16:04:29+00:00
B0GRHST1RG,鹏新嘉定海洋世界,B0HGPZS1K1,鹏新嘉定海洋世界游客中心,070201,,阿克苏路63-66弄鹏新嘉定海洋世界,"121.273594,31.328614",service,exclude_non_attraction,amap_children,2026-09-19T16:04:29+00:00
B00155R3U3,西沙明珠湖景区,B0GKCUTTX2,西沙明珠湖景区正门停车场,150904,停车场,三华公路333号明珠湖公园内,"121.255622,31.751910",transport,exclude_non_attraction,amap_children,2026-09-19T16:04:29+00:00
B00155R3U3,西沙明珠湖景区,B0HKXRSLVZ,西沙明珠湖景区西沙湿地停车点,150904,停车场,新堡路与星湖路交叉口西南40米,"121.239878,31.729984",transport,exclude_non_attraction,amap_children,2026-09-19T16:04:29+00:00
B00155R3U3,西沙明珠湖景区,B0GKCUTTX5,西沙明珠湖景区游客中心,070201,,三华公路333号明珠湖公园,"121.257035,31.750321",service,exclude_non_attraction,amap_children,2026-09-19T16:04:29+00:00
B00155Q4Y4,西沙明珠湖景区-西沙湿地,B001573VBK,西沙明珠湖景区西沙湿地停车场,150904,停车场,绿华镇明珠湖西侧西沙国家湿地公园内,"121.239994,31.729617",transport,exclude_non_attraction,amap_children,2026-09-19T16:04:32+00:00
B00155Q4Y4,西沙明珠湖景区-西沙湿地,B0FFFGYD12,西沙明珠湖景区西沙湿地游客中心,070201,,堡湖路西沙国家湿地公园内,"121.239319,31.727373",service,exclude_non_attraction,amap_children,2026-09-19T16:04:32+00:00
B0G2VSL9ZH,虹桥体育公园,B0H0TUOXKC,长宁虹桥体育公园地下停车场,150904,停车场,绥宁路820号虹桥体育公园内(西侧),"121.344834,31.221655",transport,exclude_non_attraction,amap_children,2026-09-19T16:04:32+00:00
B0FFGEFO90,莘庄梅园,B0FFGWHLTQ,莘庄梅园停车场,150904,停车场,虹莘路688号莘庄梅园,"121.391125,31.116317",transport,exclude_non_attraction,amap_children,2026-09-19T16:04:32+00:00
B00150C70A,太平桥公园,B0FFHGD30X,太平桥公园地下停车场,150904,停车场,淮海中路太平桥公园,"121.477056,31.219409",transport,exclude_non_attraction,amap_children,2026-09-19T16:04:32+00:00
B0FFHUFGPO,广富林郊野公园,B0M6FSXZ4X,广富林郊野公园-1号门地上停车场,150904,停车场,广富林街道辰塔路3488号广富林郊野公园(东南角),"121.187575,31.055025",transport,exclude_non_attraction,amap_children,2026-09-19T16:04:32+00:00
B0FFHUFGPO,广富林郊野公园,B0FFKHS5B8,广富林郊野公园游客服务中心,070201,,广富林街道辰塔路3488号广富林郊野公园(西北角),"121.180519,31.064956",service,exclude_non_attraction,amap_children,2026-09-19T16:04:32+00:00
B0FFFTRZGW,友城公园,B0IU3HJ3CZ,前滩友城公园停车场,150904,停车场,前滩大道与前耀路交叉口西南60米,"121.472584,31.156675",transport,exclude_non_attraction,amap_children,2026-09-19T16:04:32+00:00
B0FFFTRZGW,友城公园,B0FFLA7JCV,前滩友城公园地面停车场(内部专用),150905,停车场,泳耀路与耀体路交叉口西北前滩友城公园内(南侧),"121.471687,31.154753",transport,exclude_non_attraction,amap_children,2026-09-19T16:04:32+00:00
B0LK0A7LDB,横沔公园,B0H3TUKKY5,横沔公园地面停车场,150904,停车场,康新公路5768号康桥生态园,"121.625206,31.149206",transport,exclude_non_attraction,amap_children,2026-09-19T16:04:32+00:00
B0I3GHGWUU,涟动公园,B0JBDR0FSE,碧云绿地涟动公园停车点,150904,停车场,涟动公园(西南角),"121.607753,31.227886",transport,exclude_non_attraction,amap_children,2026-09-19T16:04:34+00:00
B0IB17DOMI,申园,B0L3AOYLUP,申园售票处,070300,售票处,申园内(东侧),"121.475125,31.182075",service,exclude_non_attraction,amap_children,2026-09-19T16:04:34+00:00
B00156ECD1,浦东金海湿地公园,B0FFHHGL9T,浦东金海湿地公园停车场,150904,停车场,金海湿地公园北2门南190米,"121.646867,31.261210",transport,exclude_non_attraction,amap_children,2026-09-19T16:04:34+00:00
B00156ECD1,浦东金海湿地公园,B0M2BLAUUO,浦东金海湿地公园-1号门地上停车场,150904,停车场,民唐路202号浦东金海湿地公园内(北侧),"121.646965,31.261170",transport,exclude_non_attraction,amap_children,2026-09-19T16:04:34+00:00
B00154DWCM,闸北公园,B00156CX6E,闸北公园停车点,150904,停车场,共和新路1555-1号附近(延长路地铁站2号口步行340米),"121.457627,31.268761",transport,exclude_non_attraction,amap_children,2026-09-19T16:04:34+00:00
B00154DCY0,黄兴公园,B0FFFPRRGR,黄兴公园3号门停车场,150904,停车场,国顺东路369号黄兴公园西门,"121.527131,31.291007",transport,exclude_non_attraction,amap_children,2026-09-19T16:04:34+00:00
B00154DCY0,黄兴公园,B0FFG7668I,黄兴公园北广场停车场,150904,停车场,营口路699号黄兴公园(黄兴公园地铁站2号口步行110米),"121.532411,31.296281",transport,exclude_non_attraction,amap_children,2026-09-19T16:04:34+00:00
B00154DCY0,黄兴公园,B0HB3Z6UEK,黄兴公园停车场,150904,停车场,国顺东路369号黄兴公园2号门,"121.527115,31.291129",transport,exclude_non_attraction,amap_children,2026-09-19T16:04:34+00:00
B00155LJNE,松江中央公园,B0H3FHBCYE,中央公园停车点,150904,停车场,松江中央公园,"121.224805,31.034226",transport,exclude_non_attraction,amap_children,2026-09-19T16:04:36+00:00
B00155QJU2,东江文体公园运动中心,B0HAFMTVCT,南码头滨江文化体育休闲园A区停车场,150904,停车场,浦东新区浦明路1888号,"121.511382,31.206019",transport,exclude_non_attraction,amap_children,2026-09-19T16:04:36+00:00
B00155QJU2,东江文体公园运动中心,B0FFH8I2JU,南码头滨江文化体育休闲园B区停车场,150904,停车场,浦明路1888号东江文体公园运动中心,"121.510017,31.203992",transport,exclude_non_attraction,amap_children,2026-09-19T16:04:36+00:00
B00155MV1Y,华夏公园,B0FFF2JIWT,华夏公园停车场,150904,停车场,华夏东路285号(近外环)华夏公园(东南角),"121.650690,31.191794",transport,exclude_non_attraction,amap_children,2026-09-19T16:04:36+00:00
B0FFG4FAWF,浦东牡丹园,B0L0RO7LGT,浦东牡丹园-东门地上停车场,150904,停车场,高行镇兰谷路500弄浦东牡丹园(东南角),"121.596109,31.321361",transport,exclude_non_attraction,amap_children,2026-09-19T16:04:36+00:00
B00155KS2F,上海汽车博览公园,B0FFHDY6EE,上海汽车博览公园北门停车场,150904,停车场,博园路7575号,"121.166617,31.279816",transport,exclude_non_attraction,amap_children,2026-09-19T16:04:36+00:00
B00155KS2F,上海汽车博览公园,B0FFGQ639E,上海汽车博览公园东门停车场,150904,停车场,安亭博园路7001弄(上海汽车博览公园东大门)附近,"121.179344,31.279842",transport,exclude_non_attraction,amap_children,2026-09-19T16:04:36+00:00
B00155KS2F,上海汽车博览公园,B0M2PROX47,安亭·上海汽车博览公园-西侧地上停车场,150904,停车场,博园路7001号上海汽车博览公园内(西侧),"121.166625,31.279825",transport,exclude_non_attraction,amap_children,2026-09-19T16:04:36+00:00
B00155KS2F,上海汽车博览公园,B0FFF3JVF4,上海汽车博览公园游客中心,070201,,博园路7555号上海汽车博览公园内(东侧),"121.178955,31.279841",service,exclude_non_attraction,amap_children,2026-09-19T16:04:36+00:00
B0H6KDB4G2,合庆郊野公园,B0HU6U3C13,合庆郊野公园停车场,150904,停车场,浦川路88号,"121.715082,31.262064",transport,exclude_non_attraction,amap_children,2026-09-19T16:04:37+00:00
B0FFGE2F10,上海浦江郊野公园,B0FFI6AG8J,上海浦江郊野公园1号停车场,150904,停车场,浦星公路2578弄8号上海浦江郊野公园内(东侧),"121.511354,31.056380",transport,exclude_non_attraction,amap_children,2026-09-19T16:04:37+00:00
B0FFGE2F10,上海浦江郊野公园,B0FFI6HKO6,上海浦江郊野公园2号停车场,150904,停车场,浦星公路2578弄上海浦江郊野公园内(东侧),"121.507490,31.059028",transport,exclude_non_attraction,amap_children,2026-09-19T16:04:37+00:00
B0FFGE2F10,上海浦江郊野公园,B0FFI5SCVT,上海浦江郊野公园P3地面停车场,150904,停车场,浦星公路2578弄8号上海浦江郊野公园(东北角),"121.504003,31.061529",transport,exclude_non_attraction,amap_children,2026-09-19T16:04:37+00:00
B0FFGE2F10,上海浦江郊野公园,B0FFI5R16T,上海浦江郊野公园5号停车场,150904,停车场,浦星公路2578弄8号上海浦江郊野公园(东南角),"121.503545,31.050004",transport,exclude_non_attraction,amap_children,2026-09-19T16:04:37+00:00
B0FFGE2F10,上海浦江郊野公园,B0FFI5SI7B,上海浦江郊野公园6号停车场,150904,停车场,浦星公路2578弄8号上海浦江郊野公园(东南角),"121.504948,31.046376",transport,exclude_non_attraction,amap_children,2026-09-19T16:04:37+00:00
B0FFGE2F10,上海浦江郊野公园,B0FFI63UWU,上海浦江郊野公园4号停车场,150904,停车场,浦星公路2578弄8号上海浦江郊野公园内(东侧),"121.503165,31.055513",transport,exclude_non_attraction,amap_children,2026-09-19T16:04:37+00:00
B0FFGE2F10,上海浦江郊野公园,B0GKKRZAZW,上海浦江郊野公园P8地面停车场,150904,停车场,浦星公路2578弄8号上海浦江郊野公园内(东侧),"121.503743,31.057171",transport,exclude_non_attraction,amap_children,2026-09-19T16:04:37+00:00
B0FFGE2F10,上海浦江郊野公园,B0FFMB0P1M,上海浦江郊野公园1号门游客中心,070201,,浦星公路与浦放路辅路交叉口北360米,"121.511218,31.055409",service,exclude_non_attraction,amap_children,2026-09-19T16:04:37+00:00
B0FFGE2F10,上海浦江郊野公园,B0GKY5HY5D,上海浦江郊野公园3号门游客中心,070201,,昌林路与浦锦南路交叉口东80米,"121.502701,31.061221",service,exclude_non_attraction,amap_children,2026-09-19T16:04:37+00:00
B0FFGE2F10,上海浦江郊野公园,B0FFI782KY,浦江郊野公园森林游憩区沈杜公路游客中心,070201,,沈杜公路与杉林路交叉口西南180米,"121.484773,31.052364",service,exclude_non_attraction,amap_children,2026-09-19T16:04:37+00:00
B00155IOKX,书院人家,B0FFGWJ673,上海书院人家西南门停车场,150904,停车场,临港大道3500弄1-29号书院人家(西南角),"121.892493,30.940368",transport,exclude_non_attraction,amap_children,2026-09-19T16:04:37+00:00
B00155IOKX,书院人家,B00155IOKW,上海书院人家停车场,150904,停车场,临港大道3500弄1-29号书院人家(西北角),"121.892458,30.941806",transport,exclude_non_attraction,amap_children,2026-09-19T16:04:37+00:00
B00155IOKX,书院人家,B0MACXXZSD,上海书院人家大酒店(临港大道店)地上停车场,150904,停车场,临港大道3500弄1-29号书院人家内(东侧),"121.894230,30.940749",transport,exclude_non_attraction,amap_children,2026-09-19T16:04:37+00:00
B00155IOKX,书院人家,B0FFLA7CUD,上海书院人家游客接待处,070201,,临港大道3500弄1-29号书院人家(西北角),"121.892327,30.941740",service,exclude_non_attraction,amap_children,2026-09-19T16:04:37+00:00
B00155GLK1,上海佘山国家森林公园-天马山园,B0FFGY3HQ1,天马山东门售票处,070306,售票处,天马山镇,"121.156288,31.074227",service,exclude_non_attraction,amap_children,2026-09-19T16:04:37+00:00
B0FFGHOST7,白沙公园,B0FFLMBLL2,白沙公园停车场,150904,停车场,杨行镇白沙园路101号白沙公园,"121.433380,31.392988",transport,exclude_non_attraction,amap_children,2026-09-19T16:04:37+00:00
B0LB7K2UTG,青西郊野公园,B0FFLEST5S,青西郊野公园P1停车场,150904,停车场,金泽镇紫莲路500号青西郊野公园,"121.013807,31.050245",transport,exclude_non_attraction,amap_children,2026-09-19T16:04:37+00:00
B0LB7K2UTG,青西郊野公园,B0FFI2D0KK,青西郊野公园P2停车场,150904,停车场,练西公路1718练西公路紫莲路路口,"121.011044,31.049922",transport,exclude_non_attraction,amap_children,2026-09-19T16:04:37+00:00
B0LB7K2UTG,青西郊野公园,B0G2ZRJ0Z9,青西郊野公园P3停车场,150904,停车场,紫莲路500号青西郊野公园,"121.006788,31.049337",transport,exclude_non_attraction,amap_children,2026-09-19T16:04:37+00:00
B0LB7K2UTG,青西郊野公园,B0G25YSGOQ,青西郊野公园P5停车场,150904,停车场,练西公路2352号,"120.996551,31.048081",transport,exclude_non_attraction,amap_children,2026-09-19T16:04:37+00:00
B0LB7K2UTG,青西郊野公园,B0G3A9G0S8,青西郊野公园P4停车场,150904,停车场,金泽镇紫莲路500号青西郊野公园,"121.002091,31.048779",transport,exclude_non_attraction,amap_children,2026-09-19T16:04:37+00:00
B0LB7K2UTG,青西郊野公园,B0FFHTZO78,青西郊野公园游客服务中心,070201,,金泽镇紫莲路500号青西郊野公园(东南角),"121.008277,31.057940",service,exclude_non_attraction,amap_children,2026-09-19T16:04:37+00:00
B00155L7QH,汇龙潭公园,B0FFFZKE7L,汇龙潭公园停车场,150904,停车场,南大街183号,"121.253146,31.380289",transport,exclude_non_attraction,amap_children,2026-09-19T16:04:37+00:00
B00155L7QH,汇龙潭公园,B0FFH6O0F3,汇龙潭公园售票处,070306,售票处,汇龙潭公园东南门处,"121.255342,31.380627",service,exclude_non_attraction,amap_children,2026-09-19T16:04:37+00:00
B0FFGKCVII,曲阳公园,B0FFFZXQYM,曲阳公园2号门停车场,150904,停车场,东体育会路980号曲阳公园南门,"121.488270,31.286067",transport,exclude_non_attraction,amap_children,2026-09-19T16:04:43+00:00
B0FFGKCVII,曲阳公园,B00155MY28,曲阳公园1号门地面停车场,150904,停车场,中山北一路880号曲阳公园西门,"121.485151,31.288169",transport,exclude_non_attraction,amap_children,2026-09-19T16:04:43+00:00
B0FFFVJZUW,中兴公园,B0IRRSEA7R,中兴公园游客服务中心,070201,,西藏北路与中华新路交叉口东南80米,"121.469087,31.254152",service,exclude_non_attraction,amap_children,2026-09-19T16:04:43+00:00
B0IRT5CQJB,梅陇生态公园,B0HKTRKDAX,梅陇生态公园停车场,150904,停车场,莘朱路858-2号,"121.403757,31.115476",transport,exclude_non_attraction,amap_children,2026-09-19T16:04:43+00:00
B00155FHN3,上海长风海洋世界,B0H2OUENUU,上海长风海洋世界停车点,150904,停车场,大渡河路189号长风公园1号门,"121.397593,31.221298",transport,exclude_non_attraction,amap_children,2026-09-19T16:04:45+00:00
B00155FHN3,上海长风海洋世界,B0FFFFJXE5,上海长风海洋世界售票处,070306,售票处,大渡河路451号长风公园4号门内长风海洋世界,"121.396944,31.224962",service,exclude_non_attraction,amap_children,2026-09-19T16:04:45+00:00
B00155FHN3,上海长风海洋世界,B0FFFGYVFL,上海长风海洋世界游客中心,070201,,大渡河路451号(长风公园地铁站2号口步行80米),"121.396602,31.224328",service,exclude_non_attraction,amap_children,2026-09-19T16:04:45+00:00
B0FFH95UFH,华翔绿地公园,B0H33HS0SP,华翔绿地公园停车场,150904,停车场,申昆路与高虹路交叉口北约50米,"121.331553,31.170616",transport,exclude_non_attraction,amap_children,2026-09-19T16:04:45+00:00
B0I1SSLLUT,绥德公园,B0KKNHYQYH,绥德公园地面停车场,150904,停车场,绥德公园,"121.357652,31.267836",transport,exclude_non_attraction,amap_children,2026-09-19T16:04:45+00:00
B0FFF2T0JN,南翔镇银翔湖公园,B0HKOCK7WM,南翔镇银翔湖公园停车场,150904,停车场,武威路与古猗园南路交叉口东200米,"121.325617,31.280920",transport,exclude_non_attraction,amap_children,2026-09-19T16:04:45+00:00
B0FFJ09KCE,丰翔智秀公园,B0JGG5Q9UC,丰翔智秀公园南门停车场,150904,停车场,丰翔智秀公园(西南角),"121.359741,31.306709",transport,exclude_non_attraction,amap_children,2026-09-19T16:04:45+00:00
B0FFJ09KCE,丰翔智秀公园,B0MBUBLWCD,丰翔智秀公园地上停车场,150904,停车场,丰翔智秀公园内(北侧),"121.360825,31.310975",transport,exclude_non_attraction,amap_children,2026-09-19T16:04:45+00:00
B0FFHLLIYL,奉浦四季生态园,B0HBXRQWO9,奉浦四季生态园主入口南停车场,150904,停车场,航南公路与韩谊路交叉口东北80米,"121.468689,30.932083",transport,exclude_non_attraction,amap_children,2026-09-19T16:04:45+00:00
B0FFHLLIYL,奉浦四季生态园,B0H3DURYII,奉浦四季生态园主入口北停车场,150900,停车场,奉浦社区韩谊路515号奉浦四季生态园贤园,"121.468837,30.933168",transport,exclude_non_attraction,amap_children,2026-09-19T16:04:45+00:00
B00155DTC6,新虹桥中心花园,B00156DWVC,新虹桥中心花园北门停车场,150904,停车场,延安西路2238号新虹桥中心花园,"121.404688,31.201594",transport,exclude_non_attraction,amap_children,2026-09-19T16:04:47+00:00
B0FFFEAV75,罗泾水源涵养林,B0HGYHXVOL,罗泾水源涵养林前门停车场,150904,停车场,川纪路罗泾水源涵养林(东南角),"121.363453,31.480127",transport,exclude_non_attraction,amap_children,2026-09-19T16:04:47+00:00
B0FFFEAV75,罗泾水源涵养林,B0HGYHX8JU,罗泾水源涵养林后门停车场,150904,停车场,清心路罗泾水源涵养林(西侧),"121.359506,31.481426",transport,exclude_non_attraction,amap_children,2026-09-19T16:04:47+00:00
B00155588N,泗泾公园,B00155DKVU,泗泾公园停车场,150904,停车场,泗泾镇江川路188号泗泾公园内(西侧),"121.273078,31.113546",transport,exclude_non_attraction,amap_children,2026-09-19T16:04:47+00:00
B0FFFDX6IA,上海周浦花海,B0FFHNZNL8,周浦花海停车场,150904,停车场,周浦镇界浜村406号上海周浦花海(西北角),"121.643850,31.119629",transport,exclude_non_attraction,amap_children,2026-09-19T16:04:47+00:00
B0FFFDX6IA,上海周浦花海,B0FFHHNZVO,周浦花海售票处,070306,售票处,周浦镇周邓路4385号周浦花海内,"121.645380,31.119757",service,exclude_non_attraction,amap_children,2026-09-19T16:04:47+00:00
B0KKXMNYA0,孙桥公园,B0L3AOYQON,孙桥公园地上停车场,150904,停车场,孙桥公园内(北侧),"121.648775,31.189325",transport,exclude_non_attraction,amap_children,2026-09-19T16:04:47+00:00
B0HRKRHJLB,悦动公园,B0H0VH1BMD,悦动公园停车场,150904,停车场,金滇路悦动公园(东南角),"121.609240,31.236293",transport,exclude_non_attraction,amap_children,2026-09-19T16:04:47+00:00
B0FFGNHAZO,森兰绿地,B0LKUHYJXM,森兰绿地地上停车场,150904,停车场,高行镇启帆路628号森兰绿地内(北侧),"121.597264,31.319870",transport,exclude_non_attraction,amap_children,2026-09-19T16:04:53+00:00
B0FFGNHAZO,森兰绿地,B0FFJHU1C2,森兰绿地1号停车场,150905,停车场,高西路与坤逸路交叉口北80米,"121.595641,31.318979",transport,exclude_non_attraction,amap_children,2026-09-19T16:04:53+00:00
B00156EOP9,高东生态园,B00156TJ3W,高东生态园北门停车场,150904,停车场,新园路998号高东生态园,"121.637757,31.309474",transport,exclude_non_attraction,amap_children,2026-09-19T16:04:53+00:00
B0K66CUI8F,沿北公园,B0KGFC3SWX,沿北公园停车场,150904,停车场,军民公路2888号沿北公园内(西侧),"121.584861,31.143459",transport,exclude_non_attraction,amap_children,2026-09-19T16:04:53+00:00
B0K66CUI8F,沿北公园,B0MDGURNKR,沿北公园游客服务中心,070200,,军民公路2888号沿北公园,"121.589966,31.144139",service,exclude_non_attraction,amap_children,2026-09-19T16:04:53+00:00
B00156E325,梅园公园,B0FFG7U0V1,梅园公园停车场,150904,停车场,,"121.526406,31.237030",transport,exclude_non_attraction,amap_children,2026-09-19T16:04:53+00:00
B0FFILJJDN,南汇新城春花秋色公园,B0G0ADTJZ8,南汇新城春花秋色公园北门西停车场,150904,停车场,环湖南二路南汇新城春花秋色公园(北侧),"121.949601,30.882854",transport,exclude_non_attraction,amap_children,2026-09-19T16:04:55+00:00
B0FFILJJDN,南汇新城春花秋色公园,B0HU672XZF,南汇新城春花秋色公园南门东停车场,150904,停车场,南汇新城镇环湖南二路南汇新城春花秋色公园内(东侧),"121.953647,30.880254",transport,exclude_non_attraction,amap_children,2026-09-19T16:04:55+00:00
B0FFILJJDN,南汇新城春花秋色公园,B0G0DM5RZE,南汇新城春花秋色公园南门西停车场,150904,停车场,南汇新城春花秋色公园(东南角),"121.945635,30.877468",transport,exclude_non_attraction,amap_children,2026-09-19T16:04:55+00:00
B0FFILJJDN,南汇新城春花秋色公园,B0HU672XZG,南汇新城春花秋色公园北门东停车场,150904,停车场,南汇新城镇环湖南二路南汇新城春花秋色公园内(东侧),"121.952054,30.884054",transport,exclude_non_attraction,amap_children,2026-09-19T16:04:55+00:00
B0FFILJJDN,南汇新城春花秋色公园,B0HU672B8R,春花秋色D区(19)停车场,150904,停车场,南汇新城春花秋色公园内(东侧),"121.949845,30.878489",transport,exclude_non_attraction,amap_children,2026-09-19T16:04:55+00:00
B0FFILJJDN,南汇新城春花秋色公园,B0M2HCA6RD,南汇新城春花秋色公园地上停车场,150904,停车场,南汇新城春花秋色公园内(西侧),"121.929625,30.883825",transport,exclude_non_attraction,amap_children,2026-09-19T16:04:55+00:00
B001557L8V,南汇嘴观海公园,B0HBBR6GH4,南汇嘴观海公园南地面停车场,150904,停车场,堤顶路南汇嘴观海公园(西南角),"121.971413,30.880883",transport,exclude_non_attraction,amap_children,2026-09-19T16:04:55+00:00
B001557L8V,南汇嘴观海公园,B0HBBR7J2W,南汇嘴观海公园北停车场,150905,停车场,南汇新城镇世纪塘路南汇嘴观海公园(东北角),"121.972469,30.882731",transport,exclude_non_attraction,amap_children,2026-09-19T16:04:55+00:00
B00153099F,思贤公园,B0MACOXGIK,思贤公园-南侧地上停车场,150904,停车场,思贤公园(东南角),"121.225002,31.028976",transport,exclude_non_attraction,amap_children,2026-09-19T16:04:55+00:00
B0FFGD82MA,嘉北郊野公园,B0FFIG9S9Q,嘉北郊野公园P1停车场,150904,停车场,沪宜公路与世盛南路交叉口南240米,"121.208114,31.364883",transport,exclude_non_attraction,amap_children,2026-09-19T16:04:55+00:00
B0FFGD82MA,嘉北郊野公园,B0FFL8BSV2,嘉北郊野公园P3停车场,150904,停车场,海市嘉安公路近嘉松北路嘉北郊野公园内(南侧),"121.193639,31.348616",transport,exclude_non_attraction,amap_children,2026-09-19T16:04:55+00:00
B0FFGD82MA,嘉北郊野公园,B0FFIDBEU3,嘉北郊野公园P2停车场,150904,停车场,沪宜公路5051号(嘉北郊野公园),"121.185119,31.359887",transport,exclude_non_attraction,amap_children,2026-09-19T16:04:55+00:00
B0FFKD9GDX,米市渡松南郊野公园,B0FFL21IMA,米市渡松南郊野公园停车场,150904,停车场,车墩镇松金公路9535号米市渡松南郊野公园(西南角),"121.243405,30.963003",transport,exclude_non_attraction,amap_children,2026-09-19T16:04:55+00:00
B0FFKD9GDX,米市渡松南郊野公园,B0FFK4LM4H,米市渡松南郊野公园游客服务中心,070201,,车墩镇松金公路9535号米市渡松南郊野公园(西北角),"121.236567,30.977679",service,exclude_non_attraction,amap_children,2026-09-19T16:04:55+00:00
B0FFFRM3VR,上海浦江之首,B0H1TRL23M,浦江之首游客服务中心,070201,,浦江之首东路1号上海浦江之首,"121.160682,30.961761",service,exclude_non_attraction,amap_children,2026-09-19T16:04:55+00:00
B00155PWBM,上海佘山国家森林公园-小昆山园,B0H3F7C1AI,小昆山园停车场,150904,停车场,山西路4号上海佘山国家森林公园-小昆山园,"121.135821,31.035985",transport,exclude_non_attraction,amap_children,2026-09-19T16:04:55+00:00
B00155PWBM,上海佘山国家森林公园-小昆山园,B00156GXDH,小昆山园售票处,070306,售票处,山西路4号上海佘山国家森林公园-小昆山园内(南侧),"121.134568,31.036180",service,exclude_non_attraction,amap_children,2026-09-19T16:04:55+00:00
B00155PWBM,上海佘山国家森林公园-小昆山园,B0H3F7C8Z9,小昆山园游客中心,070201,,山西路4号上海佘山国家森林公园-小昆山园内(南侧),"121.134568,31.036180",service,exclude_non_attraction,amap_children,2026-09-19T16:04:55+00:00
B0015081EE,吴泾公园,B0FFGLN1DV,吴泾公园停车场,150904,停车场,贡山路吴泾公园,"121.478433,31.046147",transport,exclude_non_attraction,amap_children,2026-09-19T16:04:57+00:00
B0JG5C9BPN,厚湃尔-大零号湾体育科创运动汇,B0JG5H8KVD,大零号湾科创运动汇停车场,150904,停车场,沪闵路与剑川路交叉口东南角大零号湾体育公园(东南角),"121.419369,31.025264",transport,exclude_non_attraction,amap_children,2026-09-19T16:04:57+00:00
B00150B485,华漕公园,B0I647TRTQ,华漕公园停车点,150904,停车场,东华美路与华美路交叉口南100米,"121.332031,31.219558",transport,exclude_non_attraction,amap_children,2026-09-19T16:04:57+00:00
B001557MYA,普陀区体育公园,B0I6YZO3WX,普陀区体育公园2号门停车点,150904,停车场,桃浦镇普陀区体育公园内(南侧),"121.342922,31.282434",transport,exclude_non_attraction,amap_children,2026-09-19T16:04:57+00:00
B0FFK5WBBH,南翔水生态公园,B0H2H7HY2Q,南翔水生态公园停车点,150904,停车场,南翔镇顺丰路168号南翔水生态公园(东南角),"121.335437,31.329164",transport,exclude_non_attraction,amap_children,2026-09-19T16:04:59+00:00
B0G1SD9DN1,南大公园,B0MUNX4873,南大公园地上停车场,150904,停车场,丰收东路388弄南大公园,"121.369169,31.306059",transport,exclude_non_attraction,amap_children,2026-09-19T16:04:59+00:00
B0FFH8I7B8,体汇+名都体育公园,B0FFJC0564,体汇+名都体育公园停车场,150904,停车场,红松东路620号体汇名都体育公园,"121.399603,31.189313",transport,exclude_non_attraction,amap_children,2026-09-19T16:04:59+00:00
B00154DCFV,大华行知公园,B0M625WKYP,大华行知公园门前停车场,150904,停车场,真华路1105号大华行知公园,"121.411225,31.276375",transport,exclude_non_attraction,amap_children,2026-09-19T16:04:59+00:00
B0FFKWGZC1,赵巷体育公园,B0GUSCMJ1N,赵巷体育公园停车场,150904,停车场,万科有山(置旺路),"121.227345,31.123429",transport,exclude_non_attraction,amap_children,2026-09-19T16:04:59+00:00
B0IK2ABDX3,半马苏河公园(1号公园),B0KGFSYFGR,半马苏河公园停车点,150904,停车场,光复西路6号半马苏河公园(1号公园),"121.395840,31.220176",transport,exclude_non_attraction,amap_children,2026-09-19T16:05:02+00:00
B00155QNYS,滨海公园,B0FFGLMAQO,滨海公园西门停车场,150905,停车场,新城路16号滨海公园内(西侧),"121.344171,30.706985",transport,exclude_non_attraction,amap_children,2026-09-19T16:05:02+00:00
B00155QNYS,滨海公园,B0FFH0ZHTH,滨海公园北门停车场,150905,停车场,新城路16号滨海公园内(北侧),"121.345909,30.708033",transport,exclude_non_attraction,amap_children,2026-09-19T16:05:02+00:00
B0H3AACY7C,开新文体公园,B0H3FCBN0F,新场古镇开新文体公园停车场,150904,停车场,开新文体公园(西北角),"121.646322,31.017663",transport,exclude_non_attraction,amap_children,2026-09-19T16:05:04+00:00
B0FFM4A1FK,长美绿地,B0HKAHJC9S,长美绿地停车点,150904,停车场,长美绿地,"121.642516,31.166839",transport,exclude_non_attraction,amap_children,2026-09-19T16:05:04+00:00
B0FFM4A1FK,长美绿地,B0M6J6BHJZ,长美绿地东侧地上停车场,150904,停车场,长美绿地,"121.641528,31.166638",transport,exclude_non_attraction,amap_children,2026-09-19T16:05:04+00:00
B0FFG094AJ,上海吕巷水果公园,B0HUMMTHYO,吕巷水果公园停车场,150904,停车场,金石北路3889号上海吕巷水果公园,"121.214158,30.833834",transport,exclude_non_attraction,amap_children,2026-09-19T16:05:04+00:00
B0FFG094AJ,上海吕巷水果公园,B0FFGLPF1Z,吕巷水果公园游客中心,070201,,金石北路3889号,"121.214577,30.834467",service,exclude_non_attraction,amap_children,2026-09-19T16:05:04+00:00
B0FFFHOQQ4,枫叶岛,B0I0MH2958,枫叶岛停车点,150904,停车场,廊华路枫叶岛(东北角),"121.176334,30.777198",transport,exclude_non_attraction,amap_children,2026-09-19T16:05:04+00:00
B0FFIJUPSZ,浦东新区法治主题园,B0IATZLECL,浦东新区法治主题园地面停车场,150904,停车场,法治主题园,"121.575379,31.029766",transport,exclude_non_attraction,amap_children,2026-09-19T16:05:04+00:00
B0FFIJUPSZ,浦东新区法治主题园,B0FFFPS199,浦东新区法制主题园停车场,150900,停车场,法治主题园,"121.575020,31.029872",transport,exclude_non_attraction,amap_children,2026-09-19T16:05:04+00:00
B0G16U0P5K,青溪园,B0IRL7J5MS,青溪园停车场,150904,停车场,青溪园内(南侧),"121.115681,31.139632",transport,exclude_non_attraction,amap_children,2026-09-19T16:05:06+00:00
B0FFF0EWJL,锦尊体育公园,B0IAHR7T4W,锦尊体育公园东地面停车场,150904,停车场,锦尊路468号锦尊体育公园,"121.532054,31.181079",transport,exclude_non_attraction,amap_children,2026-09-19T16:05:06+00:00
B0FFF0EWJL,锦尊体育公园,B0IAHR7T4Y,锦尊体育公园南地面停车场,150904,停车场,锦尊路468号锦尊体育公园,"121.532921,31.178165",transport,exclude_non_attraction,amap_children,2026-09-19T16:05:06+00:00
B00156R50W,南箐园,B0I67ANJJX,南箐园停车点,150904,停车场,华青南路附近,"121.137065,31.140795",transport,exclude_non_attraction,amap_children,2026-09-19T21:55:07+00:00
B00156R50W,南箐园,B0K3CP4S76,南箐园地上停车场,150904,停车场,区华青南路100号南箐园(东南角),"121.137075,31.140775",transport,exclude_non_attraction,amap_children,2026-09-19T21:55:07+00:00
B0FFJ8F1OG,长兴岛湿地公园,B0H3JS5KTH,长兴岛湿地公园停车场,150904,停车场,长兴岛湿地公园(东南角),"121.706167,31.378005",transport,exclude_non_attraction,amap_children,2026-09-19T21:55:07+00:00
B0FFMGQDDY,青年艺术公园,B0HRHA1GUR,青年艺术公园停车点,150904,停车场,青年艺术公园(西北角),"121.503926,30.934808",transport,exclude_non_attraction,amap_children,2026-09-19T21:55:07+00:00
B0FFK77CI6,开兴体育公园,B0MUXK86MR,开兴体育公园地上停车场,150904,停车场,双桥路318号开兴体育公园,"121.603328,31.285922",transport,exclude_non_attraction,amap_children,2026-09-19T21:55:07+00:00
B001559IQ9,高桥公园,B0I6BZJ94I,高桥公园停车点,150904,停车场,张杨北路与清溪路交叉口西北160米,"121.573922,31.344427",transport,exclude_non_attraction,amap_children,2026-09-19T21:55:07+00:00
B001559IQ9,高桥公园,B0MRMNS6I1,高桥公园北侧停车场,150904,停车场,花山路482号高桥公园,"121.572875,31.346875",transport,exclude_non_attraction,amap_children,2026-09-19T21:55:07+00:00
B00155QEJ3,碧云体育公园,B0H3DHRHNF,碧云体育公园东停车场,150904,停车场,蓝天路与红枫路交叉口西南100米,"121.587038,31.244529",transport,exclude_non_attraction,amap_children,2026-09-19T21:55:08+00:00
B00155QEJ3,碧云体育公园,B0FFGFKNSH,碧云体育公园南停车场,150904,停车场,蓝天路与蓝桉路交叉口东北80米,"121.583847,31.242702",transport,exclude_non_attraction,amap_children,2026-09-19T21:55:08+00:00
B0FFKGBAR0,唐城绿地文化公园,B0G2U61ACY,唐城绿地文化公园停车场,150904,停车场,唐陆公路2528号,"121.648781,31.222051",transport,exclude_non_attraction,amap_children,2026-09-19T21:55:08+00:00
B0FFIARRV1,张江主题公园,B0I61H90IC,张江主题公园停车点,150904,停车场,川北公路1539号张江主题公园内(西侧),"121.609167,31.204404",transport,exclude_non_attraction,amap_children,2026-09-19T21:55:08+00:00
B00156CLWX,上海东滩湿地公园,B0HUR74E6Y,上海东滩湿地公园西门停车场,150904,停车场,东滩东旺路风车处东滩湿地公园内,"121.939481,31.516266",transport,exclude_non_attraction,amap_children,2026-09-19T21:55:08+00:00
B00156CLWX,上海东滩湿地公园,B0HBNUYILT,东滩湿地公园售票处,070306,售票处,东旺东路与观海路交叉口东100米,"121.939706,31.514429",service,exclude_non_attraction,amap_children,2026-09-19T21:55:08+00:00
B00156CLWX,上海东滩湿地公园,B0FFFF9YDP,东滩湿地公园游客中心,070201,,东滩东旺路风车处东滩湿地公园内(西侧),"121.941244,31.516084",service,exclude_non_attraction,amap_children,2026-09-19T21:55:08+00:00
B00155L2YR,黄兴全民体育公园,B0FFGTHKUP,黄兴全民体育公园西2门停车场,150904,停车场,五角场街道双阳北路363号黄兴全民体育公园内(西侧),"121.524967,31.296852",transport,exclude_non_attraction,amap_children,2026-09-19T21:55:10+00:00
B00155L2YR,黄兴全民体育公园,B0MDLHJJQ7,黄兴体育公园高尔夫练习场-地下停车场,150904,停车场,五角场街道双阳北路363号黄兴全民体育公园(东北角),"121.529206,31.297481",transport,exclude_non_attraction,amap_children,2026-09-19T21:55:10+00:00
B00155L2YR,黄兴全民体育公园,B0FFKJ4H5L,黄兴全民体育公园南门地下停车场,150904,停车场,国顺东路410号,"121.529175,31.297075",transport,exclude_non_attraction,amap_children,2026-09-19T21:55:10+00:00
B00155L2YR,黄兴全民体育公园,B0FFGE5ALP,黄兴全民体育公园南门停车场,150904,停车场,国顺东路410号,"121.529149,31.297083",transport,exclude_non_attraction,amap_children,2026-09-19T21:55:10+00:00
B00155QIWI,竹园绿地,B0MAUOV4IA,竹园绿地-地下停车场,150904,停车场,浦电路399弄7号竹园绿地内(西侧),"121.531188,31.220960",transport,exclude_non_attraction,amap_children,2026-09-19T21:55:10+00:00
B0FFGLM9BO,赵巷公园,B0HKOAERJL,赵巷公园停车点,150904,停车场,赵巷公园(西北角),"121.196840,31.158441",transport,exclude_non_attraction,amap_children,2026-09-19T21:55:10+00:00
B0G0PUF0DI,南汇新城星空之境海绵公园,B0HR1CDFSG,南汇新城星空之境海绵公园停车场,150904,停车场,环湖北三路白荆路交叉口西侧100米,"121.929348,30.915269",transport,exclude_non_attraction,amap_children,2026-09-19T21:55:11+00:00
B0G0PUF0DI,南汇新城星空之境海绵公园,B0K65ZFQHZ,星空之境海绵公园(23)停车场,150904,停车场,环湖北二路紫椴路交口西侧50米,"121.929991,30.910882",transport,exclude_non_attraction,amap_children,2026-09-19T21:55:11+00:00
B0G0PUF0DI,南汇新城星空之境海绵公园,B0MBAC9X0E,南汇新城星空之境海绵公园-西北门地上停车场,150904,停车场,南汇新城星空之境海绵公园内(西侧),"121.929685,30.915371",transport,exclude_non_attraction,amap_children,2026-09-19T21:55:11+00:00
B0G0PUF0DI,南汇新城星空之境海绵公园,B0M6J6B3GJ,南汇新城星空之境海绵公园-东南门地上停车场,150904,停车场,南汇新城星空之境海绵公园内(南侧),"121.930127,30.910969",transport,exclude_non_attraction,amap_children,2026-09-19T21:55:11+00:00
B0G0PUF0DI,南汇新城星空之境海绵公园,B0L0YN57GE,南汇新城星空之境海绵公园东南门地上停车场,150904,停车场,南汇新城星空之境海绵公园,"121.930236,30.910807",transport,exclude_non_attraction,amap_children,2026-09-19T21:55:11+00:00
B0GRAR4URT,庄行镇农艺(郊野)公园,B0KBYU8EQM,庄行镇农艺(郊野)公园停车场,150904,停车场,浦灵路与北横路交叉口东南180米,"121.406363,30.980952",transport,exclude_non_attraction,amap_children,2026-09-19T21:55:11+00:00
B0FFI6TZKQ,金水湖湿地公园,B0H2ZCBTC2,金水湿地公园停车点,150904,停车场,金水湖湿地公园内(西侧),"121.310242,30.827284",transport,exclude_non_attraction,amap_children,2026-09-19T21:55:11+00:00
B0H0OSZDMX,桃浦中央绿地A区,B0K32C7LHM,桃浦中央绿地A区停车点,150904,停车场,桃浦中央绿地A区内(北侧),"121.371728,31.277275",transport,exclude_non_attraction,amap_children,2026-09-19T21:55:13+00:00
B0H3SZKVFL,九科绿洲公园西区,B0FFKEK3TZ,九科绿洲公园西区停车场,150904,停车场,九科绿洲公园西区(东南角),"121.327947,31.104373",transport,exclude_non_attraction,amap_children,2026-09-19T21:55:13+00:00
B0KRKLAT11,云岭公园,B0J1YSLO6Y,云岭公园地下停车场,150904,停车场,云岭东路937号,"121.377965,31.224790",transport,exclude_non_attraction,amap_children,2026-09-19T21:55:13+00:00
B0FFGE2AVC,儿童拓展公园,B0K11SKGQX,儿童拓展公园停车点,150904,停车场,裕民南路与伊宁路路口儿童拓展公园(东北角),"121.267390,31.345175",transport,exclude_non_attraction,amap_children,2026-09-19T21:55:15+00:00
B0FFLDGSO0,五龙湖公园,B0M625W1DK,五龙湖公园西侧地上停车场,150904,停车场,广富林路199号五龙湖公园内(南侧),"121.248970,31.052683",transport,exclude_non_attraction,amap_children,2026-09-19T21:55:15+00:00
B0HU1HBVYE,绿洲公园,B0I69U4UMC,绿洲公园停车点,150904,停车场,兰谷路与庭安路交叉口北140米,"121.597442,31.325741",transport,exclude_non_attraction,amap_children,2026-09-19T21:55:16+00:00
B0FFF2XDEE,航头镇长达大型集中绿地,B0IDT76IZJ,航头镇长达大型集中绿地停车点,150904,停车场,航头路与航达路交叉口东160米,"121.575200,31.029864",transport,exclude_non_attraction,amap_children,2026-09-19T21:55:16+00:00
B0FFF00PBI,张江碧波公园,B0G3DS0EXJ,张江碧波公园停车场,150904,停车场,张江高科技园区张江高科技园区张江高科技园区张江高科技园区碧波路321号张江碧波公园内(东侧),"121.584337,31.206363",transport,exclude_non_attraction,amap_children,2026-09-19T21:55:16+00:00
B00156GN39,老白渡滨江绿地,B00156GN8Z,老白渡滨江绿地南地下停车场,150904,停车场,滨江大道潍坊西路老白渡滨江绿地(东南角),"121.513143,31.216331",transport,exclude_non_attraction,amap_children,2026-09-19T21:55:18+00:00
B00156GN39,老白渡滨江绿地,B0FFF2GADB,老白渡滨江绿地北地下停车场,150904,停车场,东岸绿道老白渡滨江绿地(西北角),"121.509763,31.222607",transport,exclude_non_attraction,amap_children,2026-09-19T21:55:18+00:00
B0KKHA5WMG,白牛塘公园,B0L37PKS5Z,白牛塘公园-地下停车场,150904,停车场,朱枫公路8636号白牛塘公园内(北侧),"121.024275,30.903375",transport,exclude_non_attraction,amap_children,2026-09-19T21:55:18+00:00
B00156GJGJ,外冈蜡梅园,B0MUR5C6XL,外冈蜡梅园地上停车场,150904,停车场,墨玉北路2700号外冈蜡梅园,"121.149275,31.353075",transport,exclude_non_attraction,amap_children,2026-09-19T21:55:18+00:00
B0FFII5WHM,光明生态园,B0G03XHLC2,光明生态园停车场,150904,停车场,申迪东路399弄188号地铁11号线迪士尼站3号出口光明生态园(东南角),"121.675020,31.145089",transport,exclude_non_attraction,amap_children,2026-09-19T21:55:18+00:00
B0FFII5WHM,光明生态园,B0FFIK72L6,光明生态园售票处,070306,售票处,申迪东路399弄188号地铁11号线迪士尼站3号出口光明生态园内(东南角),"121.673977,31.145287",service,exclude_non_attraction,amap_children,2026-09-19T21:55:18+00:00
B0FFII5WHM,光明生态园,B0FFGXM8HS,光明生态园游客中心,070201,,川沙新镇黄赵路310号上海迪士尼乐园内生态园路光明生态园游客中心,"121.671684,31.143066",service,exclude_non_attraction,amap_children,2026-09-19T21:55:18+00:00
B0FFFDFYMW,泖田湿地,B0JD5SBJMR,松江泖港湿地停车点,150904,停车场,泖港镇西厍公路9号泖田湿地,"121.124521,30.927291",transport,exclude_non_attraction,amap_children,2026-09-19T21:55:19+00:00
B0I37US4T0,泰和水生态公园,B0KUA722QU,泰和水生态公园停车场,150904,停车场,联谊路58号,"121.443624,31.350846",transport,exclude_non_attraction,amap_children,2026-09-19T21:55:19+00:00
B001537817,瀛洲公园,B0FFG14ZQT,瀛洲公园停车点,150904,停车场,鳌山路679号瀛洲公园内(北侧),"121.401334,31.618270",transport,exclude_non_attraction,amap_children,2026-09-19T21:55:21+00:00
B00155LDNL,梦公园,B0M2U1FS7A,梦公园西侧停车场,150904,停车场,桂林路907号梦公园(吴中路地铁站3号口步行60米),"121.413775,31.183225",transport,exclude_non_attraction,amap_children,2026-09-19T21:55:21+00:00
B00151C492,航华公园,B0FFG4TNH1,航华公园停车场,150905,停车场,航新路600号航华公园,"121.345829,31.173509",transport,exclude_non_attraction,amap_children,2026-09-19T21:55:24+00:00
B0FFFWUHP9,五彩滑道,B0FFH6QEAT,翡翠山山顶五彩滑道售票处,070000,售票处,闵行体育公园翡翠山山顶,"121.370586,31.145649",service,exclude_non_attraction,amap_children,2026-09-19T21:55:24+00:00
B0GKC7VR69,汇龙湖公园,B0IRFC67CW,汇龙湖公园停车点,150904,停车场,龙山路北汇龙湖公园内(南侧),"121.349415,30.748146",transport,exclude_non_attraction,amap_children,2026-09-19T21:55:24+00:00
B0G0463YWR,嘉定新城滑板公园,B0H2H7JDED,嘉定新城滑板公园停车点,150904,停车场,温泉路与希望路交叉口南60米,"121.246664,31.330711",transport,exclude_non_attraction,amap_children,2026-09-19T21:55:24+00:00
B00156GTAS,上海亭林遗址公园,B0I6DZQOVL,上海亭林遗址公园游客中心,070201,,寺平南路19号上海亭林遗址公园,"121.313513,30.881259",service,exclude_non_attraction,amap_children,2026-09-19T21:55:24+00:00
B00156R4S2,颛桥公园,B0HR0KMDQP,颛桥公园专用停车场,150905,停车场,颛盛路525号颛桥法治主题公园,"121.391848,31.062188",transport,exclude_non_attraction,amap_children,2026-09-19T21:55:26+00:00
B0FFFSBJW4,金庭动物园,B0H0M5KPWY,金庭动物园停车点,150904,停车场,新泾镇协和路1号金庭动物园,"121.357225,31.204536",transport,exclude_non_attraction,amap_children,2026-09-19T21:55:27+00:00
B0FFFDDEBF,叶家花园,B0I69A5FT0,叶家花园停车点,150904,停车场,叶家花园,"121.502078,31.303037",transport,exclude_non_attraction,amap_children,2026-09-19T21:55:27+00:00
B0FFKE2I0J,星火公园,B0JG6CPYDF,星火公园停车点,150904,停车场,海湾镇莲塘路明城路星火公园(西南角),"121.562586,30.850654",transport,exclude_non_attraction,amap_children,2026-09-19T21:55:27+00:00
B0FFGE3O6Z,南汇新城城市公园,B0I6HAWQ4O,南汇新城城市公园7号停车场,150904,停车场,南汇新城城市公园(东南角),"121.924805,30.888420",transport,exclude_non_attraction,amap_children,2026-09-19T21:55:27+00:00
B00156NQSI,培花公园,B0FFH5Z73F,培花公园地下停车场,150904,停车场,花木街道花木街道花木街道花木街道芳草路206-208号培花公园,"121.554354,31.193242",transport,exclude_non_attraction,amap_children,2026-09-19T21:55:27+00:00
B0J3BCWUCB,莫比乌斯公园,B0MU57U6V6,上海金鼎莫比乌斯环公园-地下停车场,150904,停车场,莫比乌斯公园内(东侧),"121.631425,31.287175",transport,exclude_non_attraction,amap_children,2026-09-19T21:55:28+00:00
B0FFIQE7OG,新城公园,B0FFJIHFP3,新城公园停车场,150904,停车场,山阳镇龙航路海芙路新城公园,"121.341308,30.759153",transport,exclude_non_attraction,amap_children,2026-09-19T21:55:30+00:00
B0FFM4M8WR,上海长滩瀑布公园,B0FFMDZ85A,上海长滩瀑布公园停车场,150904,停车场,富锦东路与帆远路交叉口东160米,"121.482142,31.412691",transport,exclude_non_attraction,amap_children,2026-09-19T21:55:31+00:00
B0FFG7LXSM,马桥古文化遗址公园,B0LUA7J9XF,马桥古文化遗址公园停车场,150904,停车场,北松公路与花王路交叉口西160米,"121.391372,31.034281",transport,exclude_non_attraction,amap_children,2026-09-19T21:55:31+00:00
B00155FZXU,豆香园,B00155KNBJ,豆香园停车场,150904,停车场,灵山路28号,"121.539243,31.226619",transport,exclude_non_attraction,amap_children,2026-09-19T21:55:31+00:00
B00155FZXU,豆香园,B0FFLPG8N2,豆香园地下停车场,150904,停车场,灵山路与源深路交叉口东180米,"121.539288,31.226455",transport,exclude_non_attraction,amap_children,2026-09-19T21:55:31+00:00
B0FFFUEFOC,临港滨河文化公园,B0M1OD37I7,临港滨河文化公园-西侧地上停车场,150904,停车场,临港滨河文化公园内(西侧),"121.809878,30.904881",transport,exclude_non_attraction,amap_children,2026-09-19T21:55:33+00:00
B0FFF2WPV5,自行车主题公园(暂停开放),B0H17C66V5,自行车主题公园停车点,150904,停车场,东滩大道与东新路交叉口西北400米,"121.839456,31.483017",transport,exclude_non_attraction,amap_children,2026-09-19T21:55:34+00:00
B0FFFPGSBA,上海高家庄生态园,B00157225T,高家庄生态园停车场,150904,停车场,港东公路999号上海高家庄生态园(东南角),"121.426645,31.680896",transport,exclude_non_attraction,amap_children,2026-09-19T21:55:34+00:00
B0FFFPGSBA,上海高家庄生态园,B0HDAZVP7L,高家庄生态园大巴停车场,150905,停车场,港东公路999号上海高家庄生态园(东南角),"121.426322,31.680426",transport,exclude_non_attraction,amap_children,2026-09-19T21:55:34+00:00
B0FFG8U7OA,西渡公园,B0FFI5Y1Y7,西渡公园停车场,150904,停车场,西渡江川路354号西渡公园,"121.440219,30.989453",transport,exclude_non_attraction,amap_children,2026-09-19T21:55:34+00:00
B00155IOFN,老港公园,B0I6FAIXYX,老港公园停车场,150904,停车场,建中路36号老港公园(东北角),"121.839640,31.036466",transport,exclude_non_attraction,amap_children,2026-09-19T21:55:34+00:00
B00155A8FL,金沙公园,B0M64CJDSZ,金沙绿地公园-地下停车场,150904,停车场,丰庄路69号(近清峪路)金沙公园,"121.359387,31.243091",transport,exclude_non_attraction,amap_children,2026-09-19T21:55:34+00:00
B0FFK9HI76,银都绿地,B0IASZHNKQ,银都绿地停车点,150904,停车场,沪闵公路与银都路交叉口东南160米,"121.390986,31.089012",transport,exclude_non_attraction,amap_children,2026-09-19T21:55:34+00:00
B00155KES1,延春公园,B0FFG37CEU,延春公园(北门),110101,门,延吉新村街道延吉新村街道延吉新村街道延吉新村街道营口路20号延春公园(东北角),"121.536201,31.288834",attraction_candidate,review_candidate,amap_children,2026-09-19T21:55:37+00:00
B00155QAD2,陈家山荷花公园,B0FFGJQAG9,陈家山荷花公园停车场,150904,停车场,胜竹路步阳御江金都西侧,"121.245435,31.399307",transport,exclude_non_attraction,amap_children,2026-09-19T21:55:41+00:00
B0FFK77SAX,奉城中心公园,B0LKZPDUTZ,奉城中心公园地上停车场,150904,停车场,奉城镇奉城老街北侧奉城中心公园,"121.654354,30.915942",transport,exclude_non_attraction,amap_children,2026-09-19T21:55:43+00:00
B0FFHX0NLV,祁连公园,B0HK1H93TA,祁连公园停车点,150904,停车场,塘祁路1356号祁连公园内(南侧),"121.378228,31.326808",transport,exclude_non_attraction,amap_children,2026-09-19T21:55:43+00:00
B00156EG8P,上海瑞华果园,B00156GLBI,光明瑞华果园停车场,150904,停车场,北沿公路3176光明瑞华果园,"121.331441,31.811459",transport,exclude_non_attraction,amap_children,2026-09-19T21:55:43+00:00
B00156EG8P,上海瑞华果园,B0HDGUOIS6,光明瑞华果园售票处,070306,售票处,北沿公路3176号上海瑞华果园(东南角),"121.331553,31.811734",service,exclude_non_attraction,amap_children,2026-09-19T21:55:43+00:00
B00156EG8P,上海瑞华果园,B0HDGUPB9N,光明瑞华果园游客中心,080503|070201,,北沿公路3176号上海瑞华果园(东南角),"121.331550,31.811674",service,exclude_non_attraction,amap_children,2026-09-19T21:55:43+00:00
B0FFG2VKJ5,华亭哈密瓜主题公园,B0HRGD9V2G,华亭哈密瓜主题公园停车场,150904,停车场,武双路889号华亭哈密瓜主题公园,"121.306837,31.485292",transport,exclude_non_attraction,amap_children,2026-09-19T21:55:45+00:00
B0FFG2VKJ5,华亭哈密瓜主题公园,B0FFM8T3M1,华亭哈密瓜主题公园西停车场,150904,停车场,武双路889号华亭哈密瓜主题公园内(西侧),"121.306096,31.484860",transport,exclude_non_attraction,amap_children,2026-09-19T21:55:45+00:00
B0FFFD3172,中房洛克公园,B0FFKZY3B7,中房洛克公园售票处,070306,售票处,地铁11号线三林站三林站B1(三林地铁站2号口步行60米),"121.512926,31.143194",service,exclude_non_attraction,amap_children,2026-09-19T21:55:45+00:00
B00156GXAX,海湾国际风筝放飞场,B0H3TULVQ3,海湾国际风筝放飞场售票处,070306,售票处,海湾路218号海湾国际风筝放飞场(西南角),"121.519376,30.817709",service,exclude_non_attraction,amap_children,2026-09-19T21:55:48+00:00
B0G0TYEUSW,上海长滩坡地公园,B0M6TD4438,上海长滩坡地公园-地下停车场,150904,停车场,牡丹江路1893号上海长滩坡地公园,"121.477893,31.414116",transport,exclude_non_attraction,amap_children,2026-09-19T21:55:48+00:00
B00156R2S4,淀浦河南侧绿地,B0MU3XQQC4,淀浦河南侧绿地东南侧停车场,150904,停车场,淀浦河南侧绿地,"121.376351,31.123209",transport,exclude_non_attraction,amap_children,2026-09-19T21:55:48+00:00
B0FFL3P95I,闻翠园,B0I0Y7YYIU,闻翠园停车点,150904,停车场,莘朱路1016号闻翠园(西南角),"121.411295,31.115254",transport,exclude_non_attraction,amap_children,2026-09-19T21:55:49+00:00
B00156CM4G,颐景园,B0IBS7T20U,颐景园停车场,150904,停车场,杨行镇杨泰路859号颐景园内(南侧),"121.437284,31.383443",transport,exclude_non_attraction,amap_children,2026-09-19T21:55:49+00:00
B00156DYAA,鹤坡园,B0IB7A9FJQ,鹤坡园停车点,150904,停车场,新场镇新环西路新环南路交界处鹤坡园(西北角),"121.641298,31.014426",transport,exclude_non_attraction,amap_children,2026-09-19T21:55:54+00:00
B0FFGJPOL5,滨江爱特公园,B0I3X58EXL,滨江爱特公园停车点,150904,停车场,滨江爱特公园内(东侧),"121.315666,31.229974",transport,exclude_non_attraction,amap_children,2026-09-19T21:55:55+00:00
B0J6ZZGPM3,前滩小叶公园,B0L1CA4OBC,小叶公园西侧停车场,150904,停车场,春眺路160号(前滩地区的南侧东至耀龙路西此桐晚路)前滩小叶公园,"121.474891,31.146847",transport,exclude_non_attraction,amap_children,2026-09-19T21:55:57+00:00
B0FFK5PZ2T,文体拓展公园,B0J2ZA7E68,南汇新城主题公园停车点,150904,停车场,南汇新城镇环湖西二路960号文体拓展公园内(东侧),"121.922724,30.902931",transport,exclude_non_attraction,amap_children,2026-09-19T21:55:57+00:00
B00156R4X9,北箐园,B0IBG7FY1E,北箐园停车点,150904,停车场,华浦路与华科路交叉口南60米,"121.135395,31.156933",transport,exclude_non_attraction,amap_children,2026-09-19T21:55:57+00:00
B00156GEHX,上海人文纪念公园,B0I6BHR8SO,上海文纪念公园停车点,150904,停车场,外青松公路7270弄600号上海人文纪念公园,"121.132344,31.110723",transport,exclude_non_attraction,amap_children,2026-09-19T21:55:59+00:00
B0FFK8GB84,江玮公园,B0HK0SACWA,江玮公园停车场,150904,停车场,江玮路269号附近,"121.533097,31.059084",transport,exclude_non_attraction,amap_children,2026-09-19T21:55:59+00:00
B00156R4YE,生态公园,B0IB1MCSGH,生态公园停车点,150904,停车场,大治路与浏翔公路交叉口东北220米,"121.304646,31.379018",transport,exclude_non_attraction,amap_children,2026-09-19T21:56:03+00:00
B001507C55,上海金鳌山,B0IGGAV41X,金鳌山公园停车点,150904,停车场,涛声路1188号上海金鳌山,"121.421310,31.614529",transport,exclude_non_attraction,amap_children,2026-09-19T21:56:06+00:00
B001507C55,上海金鳌山,B0IGGAV41W,金鳌山公园游客中心,070201,,涛声路1188号上海金鳌山,"121.421743,31.614632",service,exclude_non_attraction,amap_children,2026-09-19T21:56:06+00:00
B00156R4IA,环东公园,B0HKXUSYLK,环东公园停车点,150904,停车场,环东公园,"121.654227,31.184110",transport,exclude_non_attraction,amap_children,2026-09-19T21:56:06+00:00
B0FFIXRV8I,市民公园,B0G0V7LTHK,市民公园-停车场,150904,停车场,百秀路市民公园(西南角),"121.486307,30.913105",transport,exclude_non_attraction,amap_children,2026-09-19T21:56:10+00:00
B00155KFMM,金桥市民体育休闲公园,B0FFHGBYRF,金桥市民体育休闲公园停车场,150904,停车场,乐园路3号金桥市民体育休闲公园附近,"121.605070,31.278663",transport,exclude_non_attraction,amap_children,2026-09-19T21:56:10+00:00
B0L2F924W1,新江湾城生态走廊二期绿地,B0M2U1G4JV,新江湾城生态走廊二期绿地-地下停车场,150904,停车场,政悦路195号新江湾城生态走廊二期绿地,"121.518225,31.321575",transport,exclude_non_attraction,amap_children,2026-09-19T21:56:13+00:00
B0FFFDPYX9,上海植物园-兰室,B0G3ZUQIRV,兰室售票处,070300,售票处,龙吴路1111号(近百色路)上海植物园内兰室,"121.446222,31.146714",service,exclude_non_attraction,amap_children,2026-09-19T21:56:15+00:00
B0KRVUCFDG,金山卫文化公园,B0LK34XNET,金山卫文化公园地上停车场,150904,停车场,金山大道金山卫文化公园(西南角),"121.326825,30.734928",transport,exclude_non_attraction,amap_children,2026-09-19T21:56:22+00:00
B00155L7R1,万寿塔,B0IGKHIDJC,万寿塔停车点,150904,停车场,青松路与南淀浦河路交叉口西140米,"121.115700,31.139642",transport,exclude_non_attraction,amap_children,2026-09-19T21:56:27+00:00
B00156R4XZ,舒馨公园,B0IAXU0UQD,舒馨公园停车点,150904,停车场,书院一号公寓内舒馨公园内(东侧),"121.869936,30.977449",transport,exclude_non_attraction,amap_children,2026-09-19T21:56:28+00:00
B001576Y7E,船子缘,B0FFHG8X0O,船子缘停车场,150904,停车场,船子缘西北门旁,"121.163450,30.894546",transport,exclude_non_attraction,amap_children,2026-09-19T21:56:31+00:00
B0FFGBBOQH,高东镇孝亲敬老主题公园,B0LR4ZP0EJ,孝亲公园游客服务中心,070201,,高东新路236号,"121.619165,31.333458",service,exclude_non_attraction,amap_children,2026-09-19T21:56:36+00:00
B00156E228,上海紫海鹭缘,B0FFFL37BR,紫海鹭缘香草庄园东停车场,150904,停车场,东平镇北沿公路2018号(蟠龙公路口)紫海鹭缘浪漫爱情主题公园内,"121.495638,31.672618",transport,exclude_non_attraction,amap_children,2026-09-19T21:56:41+00:00
B00156E228,上海紫海鹭缘,B0HAVRA1PX,紫海鹭缘香草庄园B区停车场,150904,停车场,北沿公路2018号上海紫海鹭缘(西南角),"121.494809,31.673086",transport,exclude_non_attraction,amap_children,2026-09-19T21:56:41+00:00
B00156E228,上海紫海鹭缘,B0FFFF7FAI,紫海鹭缘香草庄园售票处,070306,售票处,东平镇北沿公路2018号(蟠龙公路口)紫海鹭缘浪漫爱情主题公园内,"121.495353,31.672534",service,exclude_non_attraction,amap_children,2026-09-19T21:56:41+00:00
B00156E228,上海紫海鹭缘,B0HAVRAY90,紫海鹭缘香草庄园游客中心,070201,,北沿公路2018号上海紫海鹭缘(西南角),"121.495357,31.672587",service,exclude_non_attraction,amap_children,2026-09-19T21:56:41+00:00
B00155IR6L,嘉和公园,B0HKPHA6IR,嘉和公园停车场,150904,停车场,梅陇镇梅陇西路666号嘉和公园(西北角),"121.400132,31.127416",transport,exclude_non_attraction,amap_children,2026-09-19T21:56:45+00:00
B0FFFE882S,罗泾公园(南区),B0G25CV5ZR,罗泾公园南区停车场,150904,停车场,罗泾镇潘沪路与罗宁路交叉口罗泾公园(东南角),"121.329112,31.479674",transport,exclude_non_attraction,amap_children,2026-09-19T21:56:50+00:00
B00155LBTW,馨园,B0FFG38RS8,馨园(东门),110101,门,莘庄馨园(莘凌路),"121.372029,31.111290",attraction_candidate,review_candidate,amap_children,2026-09-19T21:56:57+00:00
B00156GL01,罗泾公园(北区),B0FFGQ8VX1,罗泾公园北区停车场,150904,停车场,罗泾镇潘沪路与罗宁路交叉口罗泾公园(西北角),"121.327123,31.482822",transport,exclude_non_attraction,amap_children,2026-09-19T21:57:07+00:00
B0FFL1QOSR,毛桥党建公园,B0MBT49VMU,毛桥党建公园北侧停车场,150904,停车场,毛桥党建公园,"121.254046,31.475084",transport,exclude_non_attraction,amap_children,2026-09-19T21:57:07+00:00
B00156GSWI,正阳体育公园,B0IBSUVJ1I,正阳体育公园停车点,150904,停车场,奉秀路与南港路交叉口南200米,"121.482645,30.907211",transport,exclude_non_attraction,amap_children,2026-09-19T21:57:30+00:00
B00156YO2A,中汾泾城市绿地,B0FFG6HJ6A,中汾泾城市绿地(西3门),110101,门,云台路731号附近,"121.508222,31.162585",attraction_candidate,review_candidate,amap_children,2026-09-19T21:57:34+00:00
B00155N8BY,凤凰公园,B0IASCOV5R,凤凰公园停车点,150904,停车场,凤环路与海舸路交叉口东南60米,"121.695200,31.389542",transport,exclude_non_attraction,amap_children,2026-09-19T21:57:37+00:00
B00155IVBV,上海新国际博览中心,B0H0MZK1SG,上海新国际博览中心P1立体停车场,150904,停车场,龙阳路2345号上海新国际博览中心,"121.572026,31.212488",transport,exclude_non_attraction,amap_children,2026-09-19T21:57:37+00:00
B00155IVBV,上海新国际博览中心,B0H0MZK9WS,上海新国际博览中心P3停车场,150904,停车场,龙阳路2345号上海新国际博览中心,"121.570167,31.207474",transport,exclude_non_attraction,amap_children,2026-09-19T21:57:37+00:00
B00155IVBV,上海新国际博览中心,B0H0MZK1SJ,上海新国际博览中心P5停车场,150904,停车场,龙阳路2345号上海新国际博览中心,"121.563283,31.209616",transport,exclude_non_attraction,amap_children,2026-09-19T21:57:37+00:00
B00155IVBV,上海新国际博览中心,B0H0MZISH7,上海新国际博览中心P4停车场,150904,停车场,龙阳路2345号上海新国际博览中心,"121.563865,31.207337",transport,exclude_non_attraction,amap_children,2026-09-19T21:57:37+00:00
B00155IVBV,上海新国际博览中心,B0H0MZIKKK,上海新国际博览中心P6停车场,150904,停车场,龙阳路2345号上海新国际博览中心,"121.562914,31.211176",transport,exclude_non_attraction,amap_children,2026-09-19T21:57:37+00:00
B00155IVBV,上海新国际博览中心,B0J37SGX75,上海新国际博览中心P7地面停车场,150904,停车场,花木路1750号,"121.572178,31.213950",transport,exclude_non_attraction,amap_children,2026-09-19T21:57:37+00:00
B00155IVBV,上海新国际博览中心,B0H0MZK1SI,上海新国际博览中心P2立体停车场,150904,停车场,罗山路与张江立交交叉口西北300米,"121.571612,31.209163",transport,exclude_non_attraction,amap_children,2026-09-19T21:57:37+00:00
B0FFGK1HNI,朵云轩艺术中心,B0H0MRMCED,朵云轩艺术中心地下停车场,150904,停车场,天钥桥路1188号,"121.446788,31.174011",transport,exclude_non_attraction,amap_children,2026-09-19T21:57:37+00:00
B0FFFDXOI4,国家会展中心(上海),B0G3UBZ4FN,国家会展中心-北广场停车场,150900,停车场,崧泽大道333号国家会展中心(上海),"121.297927,31.191651",transport,exclude_non_attraction,amap_children,2026-09-19T21:57:37+00:00
B0FFFDXOI4,国家会展中心(上海),B0MA6HLHDL,国家会展中心-南广场地下停车场,150904,停车场,崧泽大道333号国家会展中心(上海),"121.306589,31.187378",transport,exclude_non_attraction,amap_children,2026-09-19T21:57:37+00:00
B0FFFDXOI4,国家会展中心(上海),B0FFG94R6R,上海国家会展中心办公楼A栋,120201,,崧泽大道333号上海国家会展中心F2,"121.297554,31.190754",unknown,review_unknown,amap_children,2026-09-19T21:57:37+00:00
B0FFFDXOI4,国家会展中心(上海),B0FFFW8KVG,国家会展中心B办公楼,120201,,徐泾镇涞港路181号,"121.302823,31.193543",unknown,review_unknown,amap_children,2026-09-19T21:57:37+00:00
B0FFFDXOI4,国家会展中心(上海),B0FFFW8KUV,上海(17号口)办公楼C栋,120201,,崧泽大道333号国家会展中心(上海)1F层,"121.304645,31.189051",unknown,review_unknown,amap_children,2026-09-19T21:57:37+00:00
B0FFFDXOI4,国家会展中心(上海),B0FFHO227A,上海国家会展中心停车场,150904,停车场,诸光路1588号,"121.303668,31.185957",transport,exclude_non_attraction,amap_children,2026-09-19T21:57:37+00:00
B0FFFDXOI4,国家会展中心(上海),B0IA5SBZ29,国家会展中心南广场地面停车场,150904,停车场,崧泽大道333号国家会展中心(上海),"121.308019,31.187329",transport,exclude_non_attraction,amap_children,2026-09-19T21:57:37+00:00
B00155GER6,科学会堂国际会议厅,B0IAZR20DD,科学会堂国际会议厅地面停车场,150904,停车场,南昌路57号,"121.467328,31.218323",transport,exclude_non_attraction,amap_children,2026-09-19T21:57:39+00:00
B00156CPNJ,上海教育会堂,B00155KWPQ,上海教育会堂停车场,150904,停车场,岳阳路1号上海教育会堂,"121.452235,31.208193",transport,exclude_non_attraction,amap_children,2026-09-19T21:57:39+00:00
B00155NEWG,上海光大会展中心,B0FFFOHENV,上海光大会展中心漕宝路地下停车场,150904,停车场,漕宝路88号光大会展中心(漕宝路地铁站8号口步行370米),"121.428741,31.167747",transport,exclude_non_attraction,amap_children,2026-09-19T21:57:40+00:00
B00155NEWG,上海光大会展中心,B0FFLF7540,上海光大会展中心习勤路地下停车场,150904,停车场,漕宝路80号上海光大会展中心办公楼d座,"121.428354,31.167135",transport,exclude_non_attraction,amap_children,2026-09-19T21:57:40+00:00
B0LRNMKBDV,西岸国际会展中心(上海),B0LKAU94SJ,西岸国际会展中心上海地下停车场,150904,停车场,云绣路200号(龙耀路地铁站1号口步行440米),"121.463017,31.161883",transport,exclude_non_attraction,amap_children,2026-09-19T21:57:40+00:00
B00155R0GY,世博中心,B0KKD54LQA,世博中心地面停车场,150904,停车场,世博大道1500号世博中心,"121.490254,31.187393",transport,exclude_non_attraction,amap_children,2026-09-19T21:57:40+00:00
B00155R0GY,世博中心,B0FFGCHREL,世博中心P2地下停车场,150905,停车场,世博大道1500号世博中心,"121.486950,31.186838",transport,exclude_non_attraction,amap_children,2026-09-19T21:57:40+00:00
B00155R0GY,世博中心,B0FFG77K5Z,世博中心P1地下停车场,150905,停车场,世博大道与周家渡路交叉口北100米,"121.490487,31.187444",transport,exclude_non_attraction,amap_children,2026-09-19T21:57:40+00:00
B00155L36V,科学会堂(雁荡路),B0FFF00I7V,上海科学会堂一号楼JE2号地面停车场,150904,停车场,雁荡路84号科学会堂(淮海中路地铁站1号口步行390米),"121.467552,31.218296",transport,exclude_non_attraction,amap_children,2026-09-19T21:57:40+00:00
B00155L36V,科学会堂(雁荡路),B0H0Y7KERZ,科学会堂停车场,150904,停车场,雁荡路84号科学会堂,"121.469311,31.218941",transport,exclude_non_attraction,amap_children,2026-09-19T21:57:40+00:00
B0J6MZEUK8,临港中心,B0J3O5N86P,临港中心地下停车场,150904,停车场,顶科路,"121.925099,30.879522",transport,exclude_non_attraction,amap_children,2026-09-19T21:57:42+00:00
B0J6MZEUK8,临港中心,B0K0J7EO1T,临港中心地面停车场,150904,停车场,南汇新城镇海港大道555号临港中心,"121.925634,30.880545",transport,exclude_non_attraction,amap_children,2026-09-19T21:57:42+00:00
B00155IK59,上海汽车会展中心,B0HRUCGHHN,上海汽车会展中心停车点,150904,停车场,上海汽车会展中心,"121.167095,31.279979",transport,exclude_non_attraction,amap_children,2026-09-19T21:57:42+00:00
B00155IK59,上海汽车会展中心,B0FFHDY666,上海汽车会展中心停车场,150904,停车场,上海汽车会展中心,"121.168549,31.277368",transport,exclude_non_attraction,amap_children,2026-09-19T21:57:42+00:00
B00154DQWC,上海光大会展中心(西馆),B00155KKN7,上海光大会展中心西馆地下停车场,150904,停车场,漕宝路88号上海光大会展中心西馆内,"121.427601,31.167037",transport,exclude_non_attraction,amap_children,2026-09-19T21:57:42+00:00
B00154DQWC,上海光大会展中心(西馆),B0H0MZK1SB,上海光大会展中心西馆停车场,150904,停车场,习勤路与康健路交叉口西北140米,"121.427091,31.166635",transport,exclude_non_attraction,amap_children,2026-09-19T21:57:42+00:00
B0FFG8GRKP,吉马国际酒文化中心,B0H0Y7L0YZ,吉马国际酒文化中心停车场,150904,停车场,江桥镇博园路1016号吉马国际酒文化中心,"121.283850,31.262529",transport,exclude_non_attraction,amap_children,2026-09-19T21:57:43+00:00
B00155AMEJ,龙华寺,B0HDKUDL8Q,龙华寺内部停车场,150905,停车场,龙华路2853号(近龙华西路)龙华寺(东北角),"121.452366,31.175660",transport,exclude_non_attraction,amap_children,2026-09-19T21:57:48+00:00
B00154DUI6,上海世纪公园,B00157GQD8,世纪公园1号门南停车场,150904,停车场,锦绣路1001号世纪公园,"121.546926,31.216946",transport,exclude_non_attraction,amap_children,2026-09-19T21:57:50+00:00
B00154DUI6,上海世纪公园,B0FFGCWA0R,世纪公园1号门停车场,150904,停车场,锦绣路1001号行政文化中心世纪公园,"121.548491,31.218432",transport,exclude_non_attraction,amap_children,2026-09-19T21:57:50+00:00
B00154DUI6,上海世纪公园,B0FFF73RYU,世纪公园3号门停车场,150904,停车场,锦绣路(迎春路地铁站3号口步行270米),"121.554561,31.220335",transport,exclude_non_attraction,amap_children,2026-09-19T21:57:50+00:00
B00154DUI6,上海世纪公园,B00156YM3Q,世纪公园7号门停车场,150904,停车场,世纪公园地铁站4号口步行220米,"121.549270,31.210883",transport,exclude_non_attraction,amap_children,2026-09-19T21:57:50+00:00
B00154DUI6,上海世纪公园,B0IKP5YHDU,上海世纪公园内部停车场,150905,停车场,锦绣路1001号上海世纪公园内(北侧),"121.551755,31.219424",transport,exclude_non_attraction,amap_children,2026-09-19T21:57:50+00:00
B00154DUI6,上海世纪公园,B0FFFLJ38R,世纪公园游客服务中心,070201,,锦绣路1001号世纪公园,"121.547506,31.216728",service,exclude_non_attraction,amap_children,2026-09-19T21:57:50+00:00
B0015211C2,上海共青森林公园,B00155KSZQ,共青国家森林公园停车场,150904,停车场,军工路2000号共青国家森林公园西门,"121.545737,31.320582",transport,exclude_non_attraction,amap_children,2026-09-19T21:57:50+00:00
B0015211C2,上海共青森林公园,B0GKMCSMKF,上海市共青森林公园南大门地面停车场,150904,停车场,军工路2000号上海共青森林公园(西南角),"121.547678,31.314382",transport,exclude_non_attraction,amap_children,2026-09-19T21:57:50+00:00
B0015211C2,上海共青森林公园,B0FFG020G7,共青国家森林公园售票处,070306,售票处,军工路2000号共青国家森林公园内,"121.545724,31.320852",service,exclude_non_attraction,amap_children,2026-09-19T21:57:50+00:00
B00150F6D6,东方明珠广播电视塔,B0I1FOVZJV,东方明珠游船码头售票厅,070306,售票处,陆家嘴地铁站1号口步行240米,"121.500660,31.238928",transport,exclude_non_attraction,amap_children,2026-09-19T21:57:50+00:00
B0FFGL08VA,龙华革命烈士纪念地,B0H2ZH9MPV,龙华革命烈士纪念地停车点,150904,停车场,龙华革命烈士纪念地,"121.446499,31.176610",transport,exclude_non_attraction,amap_children,2026-09-19T21:57:50+00:00
B0FFJ2JI6R,上生新所,B0FFKCUA7E,上生新所停车场,150904,停车场,,"121.426979,31.207772",transport,exclude_non_attraction,amap_children,2026-09-19T21:57:50+00:00
B0FFJ2JI6R,上生新所,B0M65AGXVI,上生新所地面停车场,150904,停车场,延安西路1262号上生新所(西南角),"121.426984,31.207785",transport,exclude_non_attraction,amap_children,2026-09-19T21:57:50+00:00
B00155LZBN,南翔古镇,B0FFG69ROU,南翔古镇西停车场,150904,停车场,解放街206号南翔古镇(西南角),"121.307433,31.290104",transport,exclude_non_attraction,amap_children,2026-09-19T21:57:50+00:00
B00155LZBN,南翔古镇,B0HGP5RUS2,南翔古镇民主街停车场,150904,停车场,解放街206号南翔古镇内(南侧),"121.308096,31.290309",transport,exclude_non_attraction,amap_children,2026-09-19T21:57:50+00:00
B00155LZBN,南翔古镇,B00156R4E8,南翔古镇游客中心,070201,,南翔镇解放街206号南翔老街游客咨询中心,"121.308394,31.290666",service,exclude_non_attraction,amap_children,2026-09-19T21:57:50+00:00
B00155L7QD,佘山国家旅游度假区,B0JGJA4B4O,佘山国家旅游度假区停车点,150904,停车场,林荫新路1999号佘山国家旅游度假区(东北角),"121.198282,31.093048",transport,exclude_non_attraction,amap_children,2026-09-19T21:57:50+00:00
B00155L7QD,佘山国家旅游度假区,B0FFKDTSDF,佘山旅游综合服务中心,070201,,外青松公路9380号,"121.198760,31.090337",service,exclude_non_attraction,amap_children,2026-09-19T21:57:50+00:00
B00156ECI5,上海财神庙,B0H1U5Y3NY,上海财神庙售票处,070306,售票处,唐镇锦绣东路4515号(上海财神庙),"121.668426,31.248525",service,exclude_non_attraction,amap_children,2026-09-19T21:57:50+00:00
B00155LZNL,新场古镇,B0FFM4HFT0,海泉街停车场,150904,停车场,海泉街128号,"121.644242,31.026975",transport,exclude_non_attraction,amap_children,2026-09-19T21:57:50+00:00
B00155LZNL,新场古镇,B0FFH77DVG,新场古镇游客中心,070201,,新场镇海泉街128号,"121.644740,31.026385",service,exclude_non_attraction,amap_children,2026-09-19T21:57:50+00:00
B00155FHMD,上海滨江森林公园,B00156E1CW,滨江森林公园1号门停车场,150904,停车场,高桥镇凌桥高沙滩3号滨江森林公园,"121.526459,31.379263",transport,exclude_non_attraction,amap_children,2026-09-19T21:57:51+00:00
B00155FHMD,上海滨江森林公园,B001576ME6,滨江森林公园售票处,070306,售票处,随塘路滨江森林公园,"121.528259,31.379602",service,exclude_non_attraction,amap_children,2026-09-19T21:57:51+00:00
B00155FHMD,上海滨江森林公园,B0FFG1SGFM,滨江森林公园游客服务中心,070201,,高桥镇凌桥高沙滩3号上海滨江森林公园内(南侧),"121.528533,31.380452",service,exclude_non_attraction,amap_children,2026-09-19T21:57:51+00:00
B00155IWT7,上海佘山国家森林公园,B0FFF2FTIB,佘山国家森林公园1号地面停车场,150904,停车场,外青松公路9142号上海佘山国家森林公园东佘山园内(西南角),"121.198115,31.093009",transport,exclude_non_attraction,amap_children,2026-09-19T21:57:51+00:00
B00155IWT7,上海佘山国家森林公园,B0FFLDDBGX,佘山国家森林公园2号地下停车场,150904,停车场,佘山塔弄口外青松公路9260号上海佘山国家森林公园,"121.199265,31.090500",transport,exclude_non_attraction,amap_children,2026-09-19T21:57:51+00:00
B00155IWT7,上海佘山国家森林公园,B0HDHHFAII,上海佘山国家森林公园东门地面停车场,150904,停车场,外青松公路9258号上海佘山国家森林公园(东南角),"121.199803,31.091182",transport,exclude_non_attraction,amap_children,2026-09-19T21:57:51+00:00
B00155IWT7,上海佘山国家森林公园,B0FFJYC902,佘山国家森林公园大巴车停车场,150905,停车场,佘山塔弄口外青松公路9260号上海佘山国家森林公园,"121.197342,31.089901",transport,exclude_non_attraction,amap_children,2026-09-19T21:57:51+00:00
B00155L2UR,真如寺,B0FFH6O0EX,真如寺售票处,070306,售票处,兰溪路399号(真如寺),"121.401869,31.249195",service,exclude_non_attraction,amap_children,2026-09-19T21:57:51+00:00
B00155LYLW,滴水湖,B0JDZ78I2V,滴水湖停车场,150904,停车场,环湖一路紫杉路口(滴水湖地铁站1号口步行310米),"121.933061,30.907051",transport,exclude_non_attraction,amap_children,2026-09-19T21:57:51+00:00
B00155LYLW,滴水湖,B0M6M7VNG8,滴水湖公园-地下停车场,150904,停车场,临港大道11号滴水湖(东南角),"121.943386,30.885884",transport,exclude_non_attraction,amap_children,2026-09-19T21:57:51+00:00
B00155LYLW,滴水湖,B0G0V5ME3R,滴水湖旅游咨询服务中心,070201,,浦东新区南汇新城镇环湖西一路860号一号码头内,"121.929840,30.903995",service,exclude_non_attraction,amap_children,2026-09-19T21:57:51+00:00
B0FFJCN2AY,钦赐仰殿,B0FFK8E5JN,钦赐仰殿售票处,070306,售票处,源深路476号(近张杨路)钦赐仰殿(东南角),"121.533105,31.233653",service,exclude_non_attraction,amap_children,2026-09-19T21:57:51+00:00
B00155LGBQ,上海吴淞炮台湾国家湿地公园,B0FFGJ97QA,上海吴淞炮台湾国家湿地公园游客中心,070201,,塘后路206号,"121.506447,31.393052",service,exclude_non_attraction,amap_children,2026-09-19T21:57:51+00:00
B001556VY1,枫泾古镇,B0H6PURO0G,枫泾古镇正门东停车场,150904,停车场,白牛路与枫丽路交叉口东北60米,"121.015446,30.884406",transport,exclude_non_attraction,amap_children,2026-09-19T21:57:51+00:00
B001556VY1,枫泾古镇,B00156D5TT,枫泾古镇正门停车场,150904,停车场,亭枫公路8588弄28号枫泾古镇旅游区内,"121.014502,30.884104",transport,exclude_non_attraction,amap_children,2026-09-19T21:57:51+00:00
B001556VY1,枫泾古镇,B001559FCL,枫泾古镇售票处,070306,售票处,亭枫公路8588弄-28号枫泾古镇旅游区内,"121.014411,30.884552",service,exclude_non_attraction,amap_children,2026-09-19T21:57:51+00:00
B001556VY1,枫泾古镇,B0FFFYQM9V,枫泾古镇游客中心,070201,,亭枫公路8588弄28号枫泾古镇(西南角),"121.014411,30.884552",service,exclude_non_attraction,amap_children,2026-09-19T21:57:51+00:00
B001507C83,宝山寺,B0KUNZK87B,宝山寺西停车场,150904,停车场,罗店镇罗溪路518号宝山寺,"121.342723,31.417350",transport,exclude_non_attraction,amap_children,2026-09-19T21:57:51+00:00
B00155L7QF,七宝古镇,B00156GO0V,七宝古镇2号停车场,150904,停车场,青年路153号,"121.354626,31.154223",transport,exclude_non_attraction,amap_children,2026-09-19T21:57:53+00:00
B00155L7QF,七宝古镇,B0G394L3F6,七宝古镇1号停车场,150904,停车场,七宝镇新镇路三佳花苑旁,"121.358332,31.153554",transport,exclude_non_attraction,amap_children,2026-09-19T21:57:53+00:00
B00155L7QF,七宝古镇,B0H6HHFZJ6,七宝古镇游客中心,070201,,七宝镇横沥路108号,"121.354434,31.154151",service,exclude_non_attraction,amap_children,2026-09-19T21:57:53+00:00
B001558F5I,上海朱家角古镇旅游区,B0L21LUC2O,朱家角古镇旅游区-咨询服务站,070000,,朱家角镇课植园路555号上海朱家角古镇旅游区(东南角),"121.056638,31.109663",service,exclude_non_attraction,amap_children,2026-09-19T21:57:53+00:00
B001558F5I,上海朱家角古镇旅游区,B00155F0LA,朱家角古镇游客中心地面停车场,150904,停车场,朱家角镇课植园路555号,"121.051049,31.114067",transport,exclude_non_attraction,amap_children,2026-09-19T21:57:53+00:00
B001558F5I,上海朱家角古镇旅游区,B0FFH3LFUB,朱家角古镇北地下停车场,150904,停车场,朱家角镇课植园路555号上海朱家角古镇旅游区,"121.05028,31.114972",transport,exclude_non_attraction,amap_children,2026-09-19T21:57:53+00:00
B001558F5I,上海朱家角古镇旅游区,B0IBURQBNP,朱家角古镇西地下停车场,150904,停车场,朱家角镇课植园路555号上海朱家角古镇旅游区,"121.048647,31.113929",transport,exclude_non_attraction,amap_children,2026-09-19T21:57:53+00:00
B001558F5I,上海朱家角古镇旅游区,B0IUCSPOKC,朱家角古镇游客中心,070201,,课植园路555号,"121.050461,31.114273",service,exclude_non_attraction,amap_children,2026-09-19T21:57:53+00:00
B001558F5I,上海朱家角古镇旅游区,B0HKASGXHE,朱家角古镇2号门游客中心,070201,,朱家角镇课植园路555号上海朱家角古镇旅游区(东南角),"121.056617,31.109624",service,exclude_non_attraction,amap_children,2026-09-19T21:57:53+00:00
B0FFFCKMON,宁国禅寺,B0FFIGGCWB,宁国禅寺停车点,150904,停车场,长华路宁国禅寺(西北角),"121.449141,31.120511",transport,exclude_non_attraction,amap_children,2026-09-19T21:57:53+00:00
B00156E3VY,顾村公园,B0FFGCI4LW,顾村公园3号门停车场,150904,停车场,顾村镇镜泊湖路与联杨路交叉路口往东北约50米(顾村公园),"121.361978,31.340993",transport,exclude_non_attraction,amap_children,2026-09-19T21:57:53+00:00
B00156E3VY,顾村公园,B0FFIBQ7RJ,顾村公园2号门停车场,150904,停车场,顾村镇镜泊湖路保利叶语一期对面,"121.371521,31.343034",transport,exclude_non_attraction,amap_children,2026-09-19T21:57:53+00:00
B00156E3VY,顾村公园,B0FFJ2CXTO,上海顾村公园1号门停车场,150904,停车场,沪太路4788号上海顾村公园(东北角),"121.381675,31.347596",transport,exclude_non_attraction,amap_children,2026-09-19T21:57:53+00:00
B00156E3VY,顾村公园,B0FFFA27TN,上海顾村公园地面停车场,150905,停车场,陈富路62号210号,"121.383881,31.347224",transport,exclude_non_attraction,amap_children,2026-09-19T21:57:53+00:00
B0IKJZ2X6P,世博文化公园双子山,B0MBMY6ED2,双子山P4地下停车场,150904,停车场,通耀路255号世博文化公园双子山(西南角),"121.478773,31.175415",transport,exclude_non_attraction,amap_children,2026-09-19T21:57:53+00:00
B0IKJZ2X6P,世博文化公园双子山,B0MBYG4IYD,双子山-立体停车场,150904,停车场,通耀路255号世博文化公园双子山内(东侧),"121.481053,31.176959",transport,exclude_non_attraction,amap_children,2026-09-19T21:57:53+00:00
B00156EP9N,上海千古情景区,B0IGTCKWG9,上海千古情景区停车场,150904,停车场,世博大道1750号上海千古情景区内(西侧),"121.483187,31.186187",transport,exclude_non_attraction,amap_children,2026-09-19T21:57:53+00:00
B00156EP9N,上海千古情景区,B0IGTCJOY3,上海千古情景区停车场,150904,停车场,世博大道1750号上海千古情景区(西南角),"121.483756,31.185963",transport,exclude_non_attraction,amap_children,2026-09-19T21:57:53+00:00
B0FFF2V6XW,美兰湖景区,B0HKZ5R4VT,美兰湖景区停车点,150904,停车场,美兰湖路545号美兰湖景区内(东侧),"121.358903,31.399393",transport,exclude_non_attraction,amap_children,2026-09-19T21:57:53+00:00
B0FFF2V6XW,美兰湖景区,B0L19OIEYK,美兰湖景区-门前停车场,150904,停车场,美兰湖路545号美兰湖景区(美兰湖地铁站出入口步行470米),"121.354963,31.401453",transport,exclude_non_attraction,amap_children,2026-09-19T21:57:53+00:00
B0FFF2V6XW,美兰湖景区,B0MBHGHTQL,美兰湖景区地上停车场,150904,停车场,美兰湖路545号美兰湖景区,"121.356538,31.400595",transport,exclude_non_attraction,amap_children,2026-09-19T21:57:53+00:00
B0FFF2V6XW,美兰湖景区,B0MB4KXXID,美兰湖景区-C区地下停车场,150904,停车场,美兰湖路545号美兰湖景区,"121.356972,31.400596",transport,exclude_non_attraction,amap_children,2026-09-19T21:57:53+00:00
B00151E2D4,东方明珠旅游码头,B0FFF9ZD3V,东方明珠游船码头售票处,070306,售票处,滨江大道2852号(东方明珠旅游码头),"121.497223,31.240419",transport,exclude_non_attraction,amap_children,2026-09-19T21:57:53+00:00
B001533722,滨江大道,B0HB478J00,陆家嘴滨江大道地下停车场,150904,停车场,陆家嘴西路2967号滨江大道,"121.497058,31.235879",transport,exclude_non_attraction,amap_children,2026-09-19T21:57:53+00:00
B001533722,滨江大道,B00152601E,滨江大道地下停车场,150904,停车场,富城路西侧陆家嘴西路2967号,"121.497231,31.235944",transport,exclude_non_attraction,amap_children,2026-09-19T21:57:53+00:00
B001533722,滨江大道,B00156CYU6,滨江大道地下停车场,150904,停车场,陆家嘴西路2967号滨江大道,"121.504891,31.243768",transport,exclude_non_attraction,amap_children,2026-09-19T21:57:53+00:00
B00151C9B5,上海古猗园,B001573TU1,上海古猗园停车场,150904,停车场,南翔镇沪宜路218号古猗园内(西南角),"121.315732,31.290194",transport,exclude_non_attraction,amap_children,2026-09-19T21:57:55+00:00
B00151C9B5,上海古猗园,B001572KYJ,古猗园北大门售票处,070306,售票处,古漪园路468号(中医院附近),"121.314463,31.291882",service,exclude_non_attraction,amap_children,2026-09-19T21:57:55+00:00
B00151C9B5,上海古猗园,B00156GHCW,古猗园南大门售票处,070306,售票处,南翔镇沪宜路218号古猗园,"121.316300,31.290520",service,exclude_non_attraction,amap_children,2026-09-19T21:57:55+00:00
B00151C9B5,上海古猗园,B0H2NRISRQ,古猗园-东门游客中心,070201,,沪宜公路218号上海古猗园内(南侧),"121.316425,31.290596",service,exclude_non_attraction,amap_children,2026-09-19T21:57:55+00:00
B00155L7R3,东林寺,B0FFF0FGTU,东林寺南门停车场,150904,停车场,东林街东林寺景区,"121.166645,30.893751",transport,exclude_non_attraction,amap_children,2026-09-19T21:57:55+00:00
B00155L7R3,东林寺,B00156ZSCZ,东林寺售票处,070306,售票处,东林街150号,"121.166121,30.893915",service,exclude_non_attraction,amap_children,2026-09-19T21:57:55+00:00
B00155L7R3,东林寺,B0FFLDUVFB,东林寺游客接待中心,070201,,东林街150号东林寺(东南角),"121.166707,30.893569",service,exclude_non_attraction,amap_children,2026-09-19T21:57:55+00:00
B00155BDXS,太阳岛旅游度假区,B0FFHZMV3I,太阳岛旅游度假区F区停车场,150904,停车场,朱家角镇沈太路2588号太阳岛旅游度假区,"121.074754,31.036025",transport,exclude_non_attraction,amap_children,2026-09-19T21:57:55+00:00
B00155BDXS,太阳岛旅游度假区,B0G0ZLY2DL,太阳岛旅游度假区E区停车场,150904,停车场,朱家角镇沈巷沈太路2588号太阳岛国际旅游度假区内,"121.074197,31.034414",transport,exclude_non_attraction,amap_children,2026-09-19T21:57:55+00:00
B00155BDXS,太阳岛旅游度假区,B0M10DWGPL,太阳岛沙滩泳场水上乐园地上停车场,150904,停车场,朱家角镇沈太路2588号太阳岛旅游度假区(东南角),"121.082936,31.030851",transport,exclude_non_attraction,amap_children,2026-09-19T21:57:55+00:00
B00155BDXS,太阳岛旅游度假区,B0FFMGJ1VW,太阳岛旅游度假区A区停车场,150904,停车场,朱家角镇沈太路2588号太阳岛旅游度假区,"121.089979,31.033980",transport,exclude_non_attraction,amap_children,2026-09-19T21:57:55+00:00
B0FFGRDHAA,上海花开海上生态园,B0FFKIRC9C,花开海上生态园3号停车场,150904,停车场,朱泾镇待泾村秀泾6060号上海花开海上生态园(西南角),"121.115439,30.886053",transport,exclude_non_attraction,amap_children,2026-09-19T21:57:55+00:00
B0FFGRDHAA,上海花开海上生态园,B0FFKGWGO1,花开海上生态园4号停车场,150904,停车场,朱泾镇待泾村秀泾6060号上海花开海上生态园(西南角),"121.115428,30.885591",transport,exclude_non_attraction,amap_children,2026-09-19T21:57:55+00:00
B0FFGRDHAA,上海花开海上生态园,B0FFLNEZ8U,花开海上生态园2号停车场,150904,停车场,朱泾镇待泾村秀泾6060号上海花开海上生态园内(西侧),"121.114740,30.889191",transport,exclude_non_attraction,amap_children,2026-09-19T21:57:55+00:00
B0FFF4WNST,金泽古镇,B0FFME14DY,金泽古镇停车场,150904,停车场,迎祥街33号金泽古镇内(南侧),"120.922047,31.034780",transport,exclude_non_attraction,amap_children,2026-09-19T21:57:55+00:00
B0FFF4WNST,金泽古镇,B0H0JHV9GF,金泽古镇游客中心,070201,,迎祥街33号金泽古镇(东南角),"120.922854,31.034941",service,exclude_non_attraction,amap_children,2026-09-19T21:57:55+00:00
B00155764D,会龙寺,B0HGCSHN8D,会龙寺停车场,150904,停车场,川沙新镇六灶社区会龙村101号(近南六公路)会龙寺,"121.728167,31.090286",transport,exclude_non_attraction,amap_children,2026-09-19T21:57:55+00:00
B0FFKPFGVE,川沙古镇,B0HG6SBZRA,川沙古镇新川路北停车场,150904,停车场,东城壕路8弄1号川沙古镇内(东侧),"121.707765,31.195962",transport,exclude_non_attraction,amap_children,2026-09-19T21:57:57+00:00
B0FFKPFGVE,川沙古镇,B0FFG86UI3,川沙古镇新川路南停车场,150904,停车场,新川路117号,"121.708315,31.195111",transport,exclude_non_attraction,amap_children,2026-09-19T21:57:57+00:00
B00153B0B2,下海庙,B0H26MYNMG,下海庙停车场(内部专用),150905,停车场,昆明路73号(海门路昆明路)下海庙,"121.507283,31.255349",transport,exclude_non_attraction,amap_children,2026-09-19T21:57:57+00:00
B00152289C,上海大观园,B001556YSN,上海大观园东北门停车场,150904,停车场,金商公路701号上海大观园,"120.910497,31.073248",transport,exclude_non_attraction,amap_children,2026-09-19T21:57:57+00:00
B00152289C,上海大观园,B0MUM1XFFL,上海大观园-染织土陶馆地上停车场,150904,停车场,金商公路701号上海大观园,"120.911816,31.073279",transport,exclude_non_attraction,amap_children,2026-09-19T21:57:57+00:00
B00152289C,上海大观园,B0M2MNBNS3,大观园梅园地上停车场,150904,停车场,金商公路701号上海大观园(东北角),"120.911725,31.075875",transport,exclude_non_attraction,amap_children,2026-09-19T21:57:57+00:00
B00152289C,上海大观园,B0015597BU,上海大观园售票处,070306,售票处,金商公路701号上海大观园(西南角),"120.908281,31.072353",service,exclude_non_attraction,amap_children,2026-09-19T21:57:57+00:00
B001557RQO,文昌宫,B0IBADA5EU,文昌宫停车点,150904,停车场,锦绣东路1180号文昌宫(东南角),"121.595623,31.233402",transport,exclude_non_attraction,amap_children,2026-09-19T21:57:57+00:00
B001557RQO,文昌宫,B0MB91UFKG,文昌宫-东侧地上停车场,150904,停车场,锦绣东路1180号文昌宫,"121.596022,31.234462",transport,exclude_non_attraction,amap_children,2026-09-19T21:57:57+00:00
B001557RQO,文昌宫,B0IBADEMAQ,文昌宫售票处,070306,售票处,锦绣东路1180号文昌宫(东南角),"121.595581,31.233603",service,exclude_non_attraction,amap_children,2026-09-19T21:57:57+00:00
B00155IPXY,东方绿舟,B00156CZHL,东方绿舟1号门停车场,150904,停车场,沪青平公路6916东方绿舟(东南角),"121.014755,31.098800",transport,exclude_non_attraction,amap_children,2026-09-19T21:57:57+00:00
B00155IPXY,东方绿舟,B00157GM8N,东方绿舟内部停车场,150905,停车场,沪青平公路6888号东方绿舟内(东南角),"121.012981,31.107577",transport,exclude_non_attraction,amap_children,2026-09-19T21:57:57+00:00
B00155IPXY,东方绿舟,B0MBT49TE5,东方绿舟南侧地上停车场,150904,停车场,沪青平公路6888号东方绿舟,"121.015411,31.098703",transport,exclude_non_attraction,amap_children,2026-09-19T21:57:57+00:00
B00155IPXY,东方绿舟,B0FFFDFY7G,东方绿舟1号门售票处,070306,售票处,沪青平公路6857号靠近东方绿舟(地铁站),"121.017903,31.098974",service,exclude_non_attraction,amap_children,2026-09-19T21:57:57+00:00
B00155IPXY,东方绿舟,B001570Z5F,东方绿舟2号门售票处,070306,售票处,沪青平公路6996号,"121.007190,31.098397",service,exclude_non_attraction,amap_children,2026-09-19T21:57:57+00:00
B00155IPXY,东方绿舟,B0FFFOGP06,东方绿舟游客服务中心,070201,,绿湖路五弄8号(东方绿舟地铁站1号口步行240米),"121.019391,31.099178",service,exclude_non_attraction,amap_children,2026-09-19T21:57:57+00:00
B0H6BUEI25,青溪古镇,B0MBT69O2V,青溪古镇P2停车场,150904,停车场,南奉公路2606号,"121.586270,30.924170",transport,exclude_non_attraction,amap_children,2026-09-19T21:57:57+00:00
B0H6BUEI25,青溪古镇,B0MRYXR6YF,青溪古镇-1号地上停车场,150904,停车场,青溪古镇内(南侧),"121.582275,30.920775",transport,exclude_non_attraction,amap_children,2026-09-19T21:57:57+00:00
B001529DBC,东平国家森林公园,B00156EEIN,东平国家森林公园1号门南停车场,150904,停车场,区北沿公路2188号,"121.480879,31.675747",transport,exclude_non_attraction,amap_children,2026-09-19T21:57:57+00:00
B001529DBC,东平国家森林公园,B0FFFYFXL0,东平国家森林公园P1停车场,150904,停车场,北沿公路2288号东平国家森林公园内(南侧),"121.482314,31.676247",transport,exclude_non_attraction,amap_children,2026-09-19T21:57:57+00:00
B001529DBC,东平国家森林公园,B0H6P5PV89,东平国家森林公园P2停车场(房车专用停车场),150905,停车场,北沿公路2188号东平国家森林公园内(南侧),"121.480595,31.676779",transport,exclude_non_attraction,amap_children,2026-09-19T21:57:57+00:00
B001529DBC,东平国家森林公园,B0IR571RDU,东平国家森林公园P7大巴停车场,150905,停车场,东平国家森林公园1号门西侧500米处,"121.474543,31.677335",transport,exclude_non_attraction,amap_children,2026-09-19T21:57:57+00:00
B001529DBC,东平国家森林公园,B00155E6N2,东平国家森林公园1号门售票处,070306,售票处,北沿公路2288号东平国家森林公园内(南侧),"121.481683,31.676787",service,exclude_non_attraction,amap_children,2026-09-19T21:57:57+00:00
B001529DBC,东平国家森林公园,B0H3T9QTBT,东平国家森林公园3号门售票处,070300,售票处,北沿公路2188号,"121.484859,31.690483",service,exclude_non_attraction,amap_children,2026-09-19T21:57:57+00:00
B001529DBC,东平国家森林公园,B0FFFVOGE2,东平国家森林公园2号门售票处,070306,售票处,北沿公路2188号东平国家森林公园2号门旁,"121.470908,31.681483",service,exclude_non_attraction,amap_children,2026-09-19T21:57:57+00:00
B001529DBC,东平国家森林公园,B0FFK6TQF8,东平国家森林公园游客中心,070201,,东平镇北沿公路2188号东平国家森林公园1号门西侧,"121.480972,31.676733",service,exclude_non_attraction,amap_children,2026-09-19T21:57:57+00:00
B0FFI9ZXCK,奇迹花园(暂停开放),B0HKXUP22G,上海浦江郊野公园奇迹花园P4停车场,150904,停车场,浦星公路2578弄8号奇迹花园内(西侧),"121.503144,31.055423",transport,exclude_non_attraction,amap_children,2026-09-19T21:57:59+00:00
B001508146,报国寺,B0H1C52QJT,报国寺停车场,150904,停车场,朱家角镇西淀山湖畔淀峰村452号报国寺(东南角),"120.981847,31.089297",transport,exclude_non_attraction,amap_children,2026-09-19T21:57:59+00:00
B0FFHLLF0C,上海之巅观光厅,B0H2KD6TFG,上海之巅观光厅地下停车点,150904,停车场,银城中路与陆家嘴环路交叉口北100米,"121.504353,31.233494",transport,exclude_non_attraction,amap_children,2026-09-19T21:57:59+00:00
B0FFHLLF0C,上海之巅观光厅,B0FFIDML5V,上海之巅观光厅售票处,070306,售票处,上海之巅观光厅(陆家嘴地铁站8号口步行180米),"121.504709,31.234141",service,exclude_non_attraction,amap_children,2026-09-19T21:57:59+00:00
B0FFHLLF0C,上海之巅观光厅,B0I215PT3C,上海之巅观光厅游客中心,070201,,上海之巅观光厅(陆家嘴地铁站9A口步行220米),"121.504736,31.234075",service,exclude_non_attraction,amap_children,2026-09-19T21:57:59+00:00
B0GUYA26LQ,秀南公园,B0H0KMIZ9C,秀南公园停车场,150904,停车场,秀康路197号秀南公园内(南侧),"121.554123,31.139382",transport,exclude_non_attraction,amap_children,2026-09-19T21:57:59+00:00
B00154SLJR,七宝教寺,B0H3FHARFY,七宝教寺停车场,150904,停车场,七宝镇新镇路1205号,"121.357894,31.154220",transport,exclude_non_attraction,amap_children,2026-09-19T21:57:59+00:00
B00156E0K6,曹王禅寺,B0HR9R93F7,曹王禅寺东南门西停车场,150904,停车场,徐潘公路198号(近安新路)曹王禅寺,"121.322819,31.449981",transport,exclude_non_attraction,amap_children,2026-09-19T21:57:59+00:00
B00156E0K6,曹王禅寺,B0HR9R9P0O,曹王禅寺东南门东停车场,150904,停车场,徐潘公路198号(近安新路)曹王禅寺,"121.323737,31.450291",transport,exclude_non_attraction,amap_children,2026-09-19T21:57:59+00:00
B001534398,秋霞圃,B0FFGL14PK,秋霞圃售票处,070306,售票处,嘉定东大街310号附近,"121.254107,31.386086",service,exclude_non_attraction,amap_children,2026-09-19T21:57:59+00:00
B00150744F,上海影视乐园,B0M6YYQGWH,上海影视乐园地上停车场,150904,停车场,车亭公路211号上海影视乐园内(西侧),"121.307275,31.009461",transport,exclude_non_attraction,amap_children,2026-09-19T21:57:59+00:00
B00150744F,上海影视乐园,B0J3XH0XEK,上海影视乐园西门停车场,150904,停车场,车亭公路211号,"121.307811,31.009279",transport,exclude_non_attraction,amap_children,2026-09-19T21:57:59+00:00
B00150744F,上海影视乐园,B0GRPXN95P,上海影视乐园内部停车场,150905,停车场,车亭公路211号上海影视乐园(西北角),"121.309586,31.011710",transport,exclude_non_attraction,amap_children,2026-09-19T21:57:59+00:00
B00150744F,上海影视乐园,B0MBDMFPLF,上海影视乐园地上停车场,150904,停车场,车亭公路211号上海影视乐园(西南角),"121.309664,31.008184",transport,exclude_non_attraction,amap_children,2026-09-19T21:57:59+00:00
B00150744F,上海影视乐园,B0H64SGWON,上海影视乐园西门售票处,070306,售票处,车亭公路211号上海影视乐园(西南角),"121.309571,31.008937",service,exclude_non_attraction,amap_children,2026-09-19T21:57:59+00:00
B00150744F,上海影视乐园,B0FFIRVFW0,上海影视乐园西门游客中心,070201,,车墩镇北松公路4915号上海影视乐园西门,"121.309629,31.008951",service,exclude_non_attraction,amap_children,2026-09-19T21:57:59+00:00
B001523E66,上海方塔园,B0FFFDHGOA,方塔园东门售票处,070306,售票处,中山东路235号上海方塔园内(东侧),"121.248251,31.003921",service,exclude_non_attraction,amap_children,2026-09-19T21:58:01+00:00
B001523E66,上海方塔园,B001574KGU,方塔园北门售票处,070306,售票处,中山路235号方塔游乐园内,"121.246113,31.006524",service,exclude_non_attraction,amap_children,2026-09-19T21:58:01+00:00
B001523E66,上海方塔园,B0FFG20PXN,方塔园游客中心,070201|110000,,中山东路235号(近方塔南路)方塔园内,"121.245900,31.006521",service,exclude_non_attraction,amap_children,2026-09-19T21:58:01+00:00
B00155QFFH,黄浦江游览,B0FFGXK4ZE,黄浦江游览十六铺码头售票处,070306,售票处,中山东二路481号B1楼(近新开河路),"121.496565,31.229233",transport,exclude_non_attraction,amap_children,2026-09-19T21:58:01+00:00
B00155QFFH,黄浦江游览,B0FFF5WK8D,黄浦江游览渡口售票处,070306,售票处,中山东二路141号金陵东路旅游码头,"121.493123,31.232583",service,exclude_non_attraction,amap_children,2026-09-19T21:58:01+00:00
B00155QFFH,黄浦江游览,B00156POLC,黄浦江游览游客中心售票处,070306,售票处,中山东二路175号(豫园地铁站7号口步行450米),"121.494356,31.231197",service,exclude_non_attraction,amap_children,2026-09-19T21:58:01+00:00
B00155QFFH,黄浦江游览,B0H2N9JR9Y,黄浦江游览外滩天文台售票处,070306,售票处,中山东一路(外滩)69号,"121.492350,31.233296",service,exclude_non_attraction,amap_children,2026-09-19T21:58:01+00:00
B0FFHC9R74,前卫生态村,B0FFH07G8O,前卫生态村村史馆路停车场,150904,停车场,纬十路508号东北方向150米前卫生态村,"121.511764,31.724274",transport,exclude_non_attraction,amap_children,2026-09-19T21:58:01+00:00
B0FFHC9R74,前卫生态村,B0G0CKOTII,前卫生态村南门停车场,150904,停车场,纬十路508号东北方向150米前卫生态村(西南角),"121.508385,31.720258",transport,exclude_non_attraction,amap_children,2026-09-19T21:58:01+00:00
B0FFHC9R74,前卫生态村,B0FFFDNMP3,前卫生态村林风公路停车场,150904,停车场,纬十路前卫生态村(南侧),"121.509956,31.716815",transport,exclude_non_attraction,amap_children,2026-09-19T21:58:01+00:00
B0FFHC9R74,前卫生态村,B0H2USPM1U,前卫生态村游客中心,070201,,纬十路508号东北方向150米前卫生态村内(南侧),"121.510201,31.719564",service,exclude_non_attraction,amap_children,2026-09-19T21:58:01+00:00
B001556HRR,大韩民国临时政府旧址,B0FFK6UZXU,大韩民国临时政府旧址售票处,070306,售票处,马当路304号(一大会址·新天地地铁站6号口步行110米),"121.474663,31.217329",service,exclude_non_attraction,amap_children,2026-09-19T21:58:02+00:00
B00155LYLB,上海海湾国家森林公园,B0FFIUSS17,上海海湾国家森林公园1号门西停车场,150904,停车场,随塘河路1677号上海海湾国家森林公园(西侧),"121.675412,30.865789",transport,exclude_non_attraction,amap_children,2026-09-19T21:58:02+00:00
B00155LYLB,上海海湾国家森林公园,B00156GC6A,上海海湾国家森林公园售票处,070306,售票处,海湾镇随塘河路1677号,"121.678463,30.865884",service,exclude_non_attraction,amap_children,2026-09-19T21:58:02+00:00
B00155LYLB,上海海湾国家森林公园,B0FFIYV10X,上海海湾国家森林公园-游客服务中心,070201,,随塘河路1677号上海海湾国家森林公园(西侧),"121.678910,30.865517",service,exclude_non_attraction,amap_children,2026-09-19T21:58:02+00:00
B0FFGCTMQF,上海长兴岛郊野公园,B0H6J7FA9M,长兴岛郊野公园2号门停车场,150904,停车场,秋柑路666号上海长兴岛郊野公园(西北角),"121.698341,31.407859",transport,exclude_non_attraction,amap_children,2026-09-19T21:58:02+00:00
B0FFGCTMQF,上海长兴岛郊野公园,B0H6J7EFL3,长兴岛郊野公园1号停车场,150904,停车场,秋柑路666号上海长兴岛郊野公园(东南角),"121.714666,31.396799",transport,exclude_non_attraction,amap_children,2026-09-19T21:58:02+00:00
B0FFGCTMQF,上海长兴岛郊野公园,B0FFKZGUWW,长兴岛郊野公园4号停车场,150905,停车场,秋柑路666号上海长兴岛郊野公园内(南侧),"121.710636,31.396322",transport,exclude_non_attraction,amap_children,2026-09-19T21:58:02+00:00
B0FFGCTMQF,上海长兴岛郊野公园,B0M6BMG7PO,长兴岛郊野公园农场地上停车场,150904,停车场,秋柑路666号上海长兴岛郊野公园(东南角),"121.719425,31.396825",transport,exclude_non_attraction,amap_children,2026-09-19T21:58:02+00:00
B0FFGCTMQF,上海长兴岛郊野公园,B0M2GC09CW,长兴岛郊野公园-P2地上停车场,150904,停车场,秋柑路666号上海长兴岛郊野公园(西北角),"121.698322,31.407908",transport,exclude_non_attraction,amap_children,2026-09-19T21:58:02+00:00
B0FFGCTMQF,上海长兴岛郊野公园,B0FFLASU02,长兴岛郊野公园2号门游客中心,070201,,秋柑路666号上海长兴岛郊野公园(西北角),"121.699404,31.407938",service,exclude_non_attraction,amap_children,2026-09-19T21:58:02+00:00
B00155G3HG,上海鲜花港,B0015721QJ,上海鲜花港停车场,150904,停车场,东海农场振东路2号(近两港大道)上海鲜花港内(西北角),"121.902999,30.946730",transport,exclude_non_attraction,amap_children,2026-09-19T21:58:04+00:00
B00155G3HG,上海鲜花港,B00155G3HH,上海四季花港售票处,070306,售票处,振东路2号上海鲜花港内(西北角),"121.901793,30.946509",service,exclude_non_attraction,amap_children,2026-09-19T21:58:04+00:00
B00155G3HG,上海鲜花港,B0FFGE3IN8,上海四季花港游客中心,070201,,南汇新城振东路2号(近两港大道)上海鲜花港内(西北角),"121.902120,30.947055",service,exclude_non_attraction,amap_children,2026-09-19T21:58:04+00:00
B001556OHV,上海滨海森林公园,B0FFGNLUVB,上海滨海森林公园停车场,150904,停车场,东大公路5366号,"121.910274,30.972320",transport,exclude_non_attraction,amap_children,2026-09-19T21:58:04+00:00
B001556OHV,上海滨海森林公园,B0FFL50DVZ,上海滨海森林公园游客中心,070201,,东大公路5366号上海滨海森林公园内(西北角),"121.906113,30.969158",service,exclude_non_attraction,amap_children,2026-09-19T21:58:04+00:00
B0FFH0SZVI,长江第一滩,B0FFH9RQE0,长江第一滩停车场,150904,停车场,渔家乐路,"121.790055,31.347345",transport,exclude_non_attraction,amap_children,2026-09-19T21:58:04+00:00
B00152CFDA,嘉定孔庙,B0HDDS9KVU,汇龙潭公园嘉定孔庙停车点,150904,停车场,嘉定南大街与沙霞路交叉口北100米,"121.253131,31.380272",transport,exclude_non_attraction,amap_children,2026-09-19T21:58:04+00:00
B0FFFRBK9R,泗泾古镇,B0K1TZQXH4,泗泾古镇P2停车场(社区卫生服务中心),150904,停车场,泗泾古镇,"121.274682,31.112215",transport,exclude_non_attraction,amap_children,2026-09-19T21:58:04+00:00
B0FFFRBK9R,泗泾古镇,B0JD2USJ84,泗泾古镇P1停车场(社保中心),150904,停车场,泗泾古镇,"121.276812,31.114987",transport,exclude_non_attraction,amap_children,2026-09-19T21:58:04+00:00
B0FFFRBK9R,泗泾古镇,B0JD2USJ86,泗泾古镇P3停车场(东市桥),150904,停车场,泗泾古镇,"121.282924,31.113112",transport,exclude_non_attraction,amap_children,2026-09-19T21:58:04+00:00
B00155N1CM,东海观音寺,B0HRN7WMRQ,东海观音寺停车点,150904,停车场,金汇塘路999号东海观音寺,"121.515300,30.815902",transport,exclude_non_attraction,amap_children,2026-09-19T21:58:05+00:00
B001557OP9,青龙古寺,B0I6G7TD6M,青龙古寺停车场,150904,停车场,白鹤镇青龙村474号青龙古寺(东南角),"121.174924,31.238780",transport,exclude_non_attraction,amap_children,2026-09-19T21:58:05+00:00
B001557OP9,青龙古寺,B0FFH6WNV3,青龙古寺售票处,070306,售票处,青龙村474,"121.174532,31.238664",service,exclude_non_attraction,amap_children,2026-09-19T21:58:05+00:00
B0FFG40G0O,留云湖,B0H0KZJF7K,留云湖停车点,150904,停车场,浩翔路与芳林路交叉口东北80米,"121.310960,31.310493",transport,exclude_non_attraction,amap_children,2026-09-19T21:58:05+00:00
B00157GNWF,诸翟关帝庙,B0IA5SBQ5Q,诸翟关帝庙停车点,150904,停车场,诸新路与紫堤路交叉口西北60米,"121.294974,31.204998",transport,exclude_non_attraction,amap_children,2026-09-19T21:58:05+00:00
B0FFF5V6IR,上海金山嘴渔村,B0FFM8TE08,金山嘴渔村东停车场,150904,停车场,沪杭公路金山嘴渔村,"121.376423,30.732591",transport,exclude_non_attraction,amap_children,2026-09-19T21:58:07+00:00
B0FFF5V6IR,上海金山嘴渔村,B0G14XG5YP,金山嘴渔村游客中心停车场,150904,停车场,沪杭公路6394号上海金山嘴渔村(西南角),"121.371267,30.729058",transport,exclude_non_attraction,amap_children,2026-09-19T21:58:07+00:00
B0FFF5V6IR,上海金山嘴渔村,B0MBAC9YOT,金山嘴渔村景区-门前停车场,150904,停车场,沪杭公路6394号上海金山嘴渔村内(南侧),"121.374118,30.730952",transport,exclude_non_attraction,amap_children,2026-09-19T21:58:07+00:00
B0FFF5V6IR,上海金山嘴渔村,B0FFIBMZ2U,金山嘴渔村西停车场,150904,停车场,沪杭公路6394号上海金山嘴渔村(西南角),"121.369693,30.728649",transport,exclude_non_attraction,amap_children,2026-09-19T21:58:07+00:00
B0FFF5V6IR,上海金山嘴渔村,B0FFL8PJG3,金山嘴渔村游客接待中心,070201,,沪杭公路6394号上海金山嘴渔村(西南角),"121.371493,30.729513",service,exclude_non_attraction,amap_children,2026-09-19T21:58:07+00:00
B00150B458,太平禅寺,B0HR1ZBVUM,太平禅寺停车场,150904,停车场,富联路328弄28号太平禅寺,"121.411375,31.356107",transport,exclude_non_attraction,amap_children,2026-09-19T21:58:07+00:00
B00150B4A1,张闻天故居,B0G2U73Y29,张闻天故居停车场,150904,停车场,川沙新镇川南奉公路4398号张闻天故居(东南角),"121.763012,31.131464",transport,exclude_non_attraction,amap_children,2026-09-19T21:58:08+00:00
B00150B4A1,张闻天故居,B0M2GZTSJD,张闻天故居-东门地上停车场,150904,停车场,川南奉公路4398号张闻天故居(东南角),"121.763365,31.131416",transport,exclude_non_attraction,amap_children,2026-09-19T21:58:08+00:00
B0GRD1KAIT,明月山塘,B0H2H7JS1E,明月山塘停车点,150904,停车场,明月山塘,"121.164484,30.776461",transport,exclude_non_attraction,amap_children,2026-09-19T21:58:08+00:00
B0GRD1KAIT,明月山塘,B0M6UHPS1L,明月山塘游客中心地上停车场,150904,停车场,明月山塘,"121.165422,30.776748",transport,exclude_non_attraction,amap_children,2026-09-19T21:58:08+00:00
B0GRD1KAIT,明月山塘,B0ID2ZCKOW,明月山塘游客服务中心,070201,,明月山塘,"121.164691,30.776200",service,exclude_non_attraction,amap_children,2026-09-19T21:58:08+00:00
B00156GBVX,廊下生态园,B00156GAET,廊下生态园停车场,150904,停车场,漕廊公路南50米,"121.158214,30.786988",transport,exclude_non_attraction,amap_children,2026-09-19T21:58:08+00:00
B00156GBVX,廊下生态园,B0FFGY3MH0,廊下生态园售票处,070306,售票处,金山廊下镇漕廊公路9133号(近朱平公路)廊下生态园内(北侧),"121.158853,30.786687",service,exclude_non_attraction,amap_children,2026-09-19T21:58:08+00:00
B00154EXYV,陈云纪念馆,B00156GNJU,陈云纪念馆停车场,150904,停车场,朱枫公路3501号陈云故居暨青浦革命历史纪念馆,"121.045393,31.007280",transport,exclude_non_attraction,amap_children,2026-09-19T21:58:08+00:00
B0FFH6RLXF,上海月湖雕塑公园,B0FFGFWQN0,上海月湖雕塑公园地下停车场,150904,停车场,佘山镇外青松公路,"121.207324,31.096372",transport,exclude_non_attraction,amap_children,2026-09-19T21:58:08+00:00
B0FFH6RLXF,上海月湖雕塑公园,B0H1ORUWRB,停车场,150905,停车场,机动第二支队家属楼东侧220米,"121.205747,31.104515",transport,exclude_non_attraction,amap_children,2026-09-19T21:58:08+00:00
B0FFH6RLXF,上海月湖雕塑公园,B0FFM8T22C,上海月湖雕塑公园大客车停车场,150905,停车场,佘山镇外青松公路,"121.207776,31.095392",transport,exclude_non_attraction,amap_children,2026-09-19T21:58:08+00:00
B00156GS4C,檀园,B0HD1U57AV,檀园停车点,150904,停车场,南翔镇混堂弄5号檀园,"121.308350,31.290148",transport,exclude_non_attraction,amap_children,2026-09-19T21:58:10+00:00
B00155KPTS,上海申隆生态园,B0H3TLR0NJ,上海申隆生态园停车场,150904,停车场,青村镇申隆一村朱蒋中心路申隆生态园,"121.573158,30.890372",transport,exclude_non_attraction,amap_children,2026-09-19T21:58:10+00:00
B0FFGTI6TM,地藏古寺,B0I6CZKG46,地藏古寺停车点,150904,停车场,华铁路与业青路交叉口南180米,"121.268584,31.007935",transport,exclude_non_attraction,amap_children,2026-09-19T21:58:10+00:00
B00155DBC0,三元宫坤道院,B0I6VM3UKD,三元宫坤道院售票处,070306,售票处,花木街道高科西路2119号(近锦绣路)三元宫坤道院(东南角),"121.536412,31.187823",service,exclude_non_attraction,amap_children,2026-09-19T21:58:10+00:00
B0G3OUAOVF,上海淞沪抗战纪念馆,B0MRSS6JYG,上海淞沪抗战纪念馆-内部专用地上停车场,150905,停车场,吴淞口路813号上海淞沪抗战纪念馆内(北侧),"121.495330,31.410532",transport,exclude_non_attraction,amap_children,2026-09-19T21:58:10+00:00
B0IR37KQF0,财神庙,B0MB1NV2GB,财神庙地上停车场,150904,停车场,共康路999号乙财神庙,"121.423654,31.320816",transport,exclude_non_attraction,amap_children,2026-09-19T21:58:12+00:00
B00156EKMZ,上海闻道园(暂停开放),B0FFK4UU9C,闻道园(东门),991401,门,潘泾路2888号上海闻道园内(东侧),"121.357812,31.438691",unknown,review_unknown,amap_children,2026-09-19T21:58:12+00:00
B00156EKMZ,上海闻道园(暂停开放),B0FFFE7WCQ,闻道园停车场,150904,停车场,潘泾路2888号上海闻道园(东北角),"121.357292,31.439815",transport,exclude_non_attraction,amap_children,2026-09-19T21:58:12+00:00
B00156EKMZ,上海闻道园(暂停开放),B0LK2MPP0A,闻道园东门地上停车场,150904,停车场,潘泾路2888号上海闻道园内(东侧),"121.357857,31.438952",transport,exclude_non_attraction,amap_children,2026-09-19T21:58:12+00:00
B00156EKMZ,上海闻道园(暂停开放),B0FFFE67L9,闻道园游客中心,070201,,潘泾路2888号闻道园内,"121.357957,31.438518",service,exclude_non_attraction,amap_children,2026-09-19T21:58:12+00:00
B00156EKMZ,上海闻道园(暂停开放),B0FFIVP7YB,闻道园售票处,070306,售票处,潘泾路2888号上海闻道园内(东侧),"121.357762,31.438742",service,exclude_non_attraction,amap_children,2026-09-19T21:58:12+00:00
B0FFFWPXD7,泰晤士天主堂(暂停开放),B0HKVS52DO,泰晤士天主堂停车点,150904,停车场,泰晤士天主堂,"121.193508,31.034331",transport,exclude_non_attraction,amap_children,2026-09-19T21:58:12+00:00
B0FFFWPXD7,泰晤士天主堂(暂停开放),B0FFGPNMN2,泰晤士天主堂地下停车场,150905,停车场,肯特大街天主堂,"121.193818,31.033673",transport,exclude_non_attraction,amap_children,2026-09-19T21:58:12+00:00
B00150823B,洪福寺,B0HK15BF4C,洪福寺停车点,150904,停车场,唐城街与洪东路交叉口西60米,"121.699972,30.928870",transport,exclude_non_attraction,amap_children,2026-09-19T21:58:12+00:00
B00155M15H,万佛阁,B0I6AU1UR0,万佛阁停车场,150904,停车场,奉城镇万佛阁路9号万佛阁内(东侧),"121.647213,30.919116",transport,exclude_non_attraction,amap_children,2026-09-19T21:58:13+00:00
B00155M15H,万佛阁,B0MBHGHW1J,万佛阁地上停车场,150904,停车场,奉城镇万佛阁路9号万佛阁,"121.647243,30.918116",transport,exclude_non_attraction,amap_children,2026-09-19T21:58:13+00:00
B001537295,南山古寺,B0H3FH84AH,南山古寺停车点,150904,停车场,新场镇新环南路269号南山古寺(东南角),"121.649068,31.014661",transport,exclude_non_attraction,amap_children,2026-09-19T21:58:13+00:00
B00155QYCZ,上海万佛讲寺,B0FFHJSYSW,上海万佛讲寺停车场,150904,停车场,江桥镇金沙江路幸福村1队500号上海万佛讲寺,"121.344454,31.243214",transport,exclude_non_attraction,amap_children,2026-09-19T21:58:13+00:00
B00154D5JH,寿安寺,B00156CKI8,寿安寺停车场,150904,停车场,江帆路9号寿安寺内(西南角),"121.421411,31.614420",transport,exclude_non_attraction,amap_children,2026-09-19T21:58:13+00:00
B00154D5JH,寿安寺,B0FFGCXE7K,寿安寺内部停车场,150905,停车场,涛声路1188号寿安寺(东南角),"121.422607,31.614449",transport,exclude_non_attraction,amap_children,2026-09-19T21:58:13+00:00
B00154D5JH,寿安寺,B0HK7HNSHN,寿安寺游客中心,070201,,涛声路1188号寿安寺(西南角),"121.421718,31.614613",service,exclude_non_attraction,amap_children,2026-09-19T21:58:13+00:00
B00154D7ES,城隍庙,B0FFH0XPS7,城隍庙停车场,150904,停车场,公园路与庙前街交叉口东北40米,"121.113287,31.148349",transport,exclude_non_attraction,amap_children,2026-09-19T21:58:13+00:00
B00156D6NS,永定寺,B0I6DS08RH,永定寺地面停车点,150904,停车场,年家浜东路270弄1号永定寺,"121.589000,31.111603",transport,exclude_non_attraction,amap_children,2026-09-19T21:58:15+00:00
B00155LLO0,二严寺,B0HB2BV6KE,二严寺停车场,150904,停车场,南桥镇沪杭公路1749号二严寺,"121.452725,30.934336",transport,exclude_non_attraction,amap_children,2026-09-19T21:58:15+00:00
B00155LLO0,二严寺,B0FFH5F3CI,二严寺售票处,070306,售票处,南桥镇沪杭公路1749号二严寺(东南角),"121.452457,30.934568",service,exclude_non_attraction,amap_children,2026-09-19T21:58:15+00:00
B0JR2ZCKNI,杭州湾贝壳自然保护区人工沙滩,B0K1G7W150,奉贤沙滩停车点,150904,停车场,海湾旅游区海鸥路1988号杭州湾贝壳自然保护区人工沙滩,"121.518002,30.815832",transport,exclude_non_attraction,amap_children,2026-09-19T21:58:15+00:00
B001540F82,上海浦东清真寺,B0H0BR1V4S,上海浦东清真寺停车场,150900,停车场,源深路375号(源深体育中心地铁站4号口步行340米),"121.532865,31.235652",transport,exclude_non_attraction,amap_children,2026-09-19T21:58:15+00:00
B0FFJLMUKV,淀山湖观景台,B0FFK5W2YD,淀山湖观景台停车场,150904,停车场,淀山湖观景台(西南角),"120.944433,31.073585",transport,exclude_non_attraction,amap_children,2026-09-19T21:58:15+00:00
B00155D6FY,金山城市沙滩,B001573V22,金山城市沙滩戚家墩路停车点,150904,停车场,沪杭公路7555号金山城市沙滩(东北角),"121.354424,30.715331",transport,exclude_non_attraction,amap_children,2026-09-19T21:58:15+00:00
B00155D6FY,金山城市沙滩,B0FFGLMAJ1,金山城市沙滩P1停车点,150904,停车场,新城路5号金山城市沙滩,"121.336535,30.707209",transport,exclude_non_attraction,amap_children,2026-09-19T21:58:15+00:00
B00155D6FY,金山城市沙滩,B0FFK5VX2G,金山城市沙滩3号门售票处,070306,售票处,沪杭公路7555号金山城市沙滩内(东北角),"121.353735,30.715100",service,exclude_non_attraction,amap_children,2026-09-19T21:58:15+00:00
B0FFF363UZ,花米庄行,B00155QRQ0,花米庄行景区第1停车场,150904,停车场,庄行镇南庄路4399号花米庄行,"121.399392,30.884735",transport,exclude_non_attraction,amap_children,2026-09-19T21:58:15+00:00
B0FFF363UZ,花米庄行,B0FFLCW4O1,花米庄行景区停车场,150904,停车场,庄行镇南庄路4399号花米庄行(西南角),"121.398123,30.881808",transport,exclude_non_attraction,amap_children,2026-09-19T21:58:15+00:00
B0FFF363UZ,花米庄行,B001577V0J,花米庄行景区游客中心,070201,,庄行镇南庄路4399号花米庄行,"121.399502,30.884386",service,exclude_non_attraction,amap_children,2026-09-19T21:58:15+00:00
B001507C52,上海崇明学宫,B0FFG7H23S,崇明学宫停车场,150904,停车场,鳌山路696崇明学宫(西南角),"121.401381,31.618651",transport,exclude_non_attraction,amap_children,2026-09-19T21:58:16+00:00
B001557N7X,天主教上海教区唐墓桥露德圣母堂(暂停开放),B0IBUAS6MY,天主教上海教区唐墓桥露德圣母堂停车点,150904,停车场,唐镇唐兴路535弄1号天主教上海教区唐墓桥露德圣母堂,"121.657355,31.209156",transport,exclude_non_attraction,amap_children,2026-09-19T21:58:16+00:00
B001556ZTB,广福讲寺,B0I6B5SB4X,广福讲寺停车场,150904,停车场,汲浜公路与浜南路交叉口西南60米,"121.751942,31.518434",transport,exclude_non_attraction,amap_children,2026-09-19T21:58:16+00:00
B001556OB7,碧云净院,B0FFHGG54B,碧云净院停车场,150904,停车场,碧云净院(西南角),"121.652144,31.185924",transport,exclude_non_attraction,amap_children,2026-09-19T21:58:18+00:00
B0FFF59QKI,外滩观光隧道,B0JRZU7KHX,外滩观光隧道售票处,070306,售票处,滨江大道2777号外滩观光隧道,"121.497243,31.238272",service,exclude_non_attraction,amap_children,2026-09-19T21:58:18+00:00
B00155KFXH,上海犹太难民纪念馆,B0FFGE23QH,上海犹太难民纪念馆售票处,070306,售票处,长阳路62号(提篮桥地铁站1号口步行150米),"121.508991,31.254220",service,exclude_non_attraction,amap_children,2026-09-19T21:58:19+00:00
B00155KFXH,上海犹太难民纪念馆,B0HDA5XQ7L,上海犹太难民纪念馆游客中心,070201,,长阳路62号上海犹太难民纪念馆(西北角),"121.508983,31.254221",service,exclude_non_attraction,amap_children,2026-09-19T21:58:19+00:00
B00156CYWX,玉皇宫,B0IGKSI5UF,十泽道院停车点,150904,停车场,北蔡镇浦三路1238号十泽道院,"121.523599,31.171830",transport,exclude_non_attraction,amap_children,2026-09-19T21:58:19+00:00
B0FFJTHOJ1,包容寺,B0I1US04JG,包容寺停车点,150904,停车场,祝桥镇华星路465号包容寺内(南侧),"121.768311,31.119669",transport,exclude_non_attraction,amap_children,2026-09-19T21:58:19+00:00
B0FFGIPFBK,长寿禅寺,B0FFM965UZ,长寿禅寺停车场,150904,停车场,浦江镇浦锦南路1583号长寿禅寺内(南侧),"121.502011,31.053578",transport,exclude_non_attraction,amap_children,2026-09-19T21:58:19+00:00
B0FFK7XQAM,甘露寺-观音道场,B0FFGQIY61,甘露寺-观音道场内部停车场,150905,停车场,练祁路688号甘露寺(东侧),"121.396247,31.429055",transport,exclude_non_attraction,amap_children,2026-09-19T21:58:19+00:00
B0FFJLMQQF,南汇黄沙滩,B0H2T7QSN0,南汇黄沙滩停车点,150904,停车场,黄沙滩,"121.918868,30.859689",transport,exclude_non_attraction,amap_children,2026-09-19T21:58:19+00:00
B001508133,黄炎培故居,B0FFHG845U,黄炎培故居-停车场,150905,停车场,新川路218号,"121.705239,31.195178",transport,exclude_non_attraction,amap_children,2026-09-19T21:58:21+00:00
B001508133,黄炎培故居,B0IG2CBTP4,黄炎培故居地面停车场(内部专用),150905,停车场,新川路218号黄炎培故居,"121.705489,31.194977",transport,exclude_non_attraction,amap_children,2026-09-19T21:58:21+00:00
B00150A69F,庆云寺,B0HKT5C0OA,庆云寺停车点,150904,停车场,合庆镇龙东大道6907号(东川公路口)庆云寺,"121.715592,31.242088",transport,exclude_non_attraction,amap_children,2026-09-19T21:58:21+00:00
B00150A69F,庆云寺,B0HKT5E5Q7,庆云寺售票处,070306,售票处,合庆镇龙东大道6907号(东川公路口)庆云寺(东南角),"121.715703,31.242268",service,exclude_non_attraction,amap_children,2026-09-19T21:58:21+00:00
B00155BMRW,吴兴寺,B0HKV76UIO,吴兴寺停车场,150904,停车场,外冈镇沪宜公路5428号吴兴寺(西南角),"121.176465,31.363617",transport,exclude_non_attraction,amap_children,2026-09-19T21:58:21+00:00
B00150A7F9,福音堂,B0FFG57KDR,福音堂停车场,150904,停车场,浦电路449号福音堂,"121.533945,31.222453",transport,exclude_non_attraction,amap_children,2026-09-19T21:58:22+00:00
B001557HY3,龙王庙,B0H33CYIRX,龙王庙-香客停车场,150904,停车场,曹路镇启明村东川公路1号龙王庙,"121.696830,31.274568",transport,exclude_non_attraction,amap_children,2026-09-19T21:58:22+00:00
B0FFFWQ6HK,风车湾,B0J3OUPX14,风车湾停车点,150904,停车场,风车湾,"121.918723,30.859685",transport,exclude_non_attraction,amap_children,2026-09-19T21:58:22+00:00
B0FFI0CCF9,上海世界非遗文化城,B0H3TSEP80,上海世界非遗文化城东门停车场,150904,停车场,朱枫公路8678号上海世界非遗文化城内(东侧),"121.016787,30.909293",transport,exclude_non_attraction,amap_children,2026-09-19T21:58:24+00:00
B0FFI0CCF9,上海世界非遗文化城,B0FFG873V2,上海世界非遗文化城生活区停车场,150904,停车场,枫美路上海非遗文化小镇,"121.015204,30.906590",transport,exclude_non_attraction,amap_children,2026-09-19T21:58:24+00:00
B0015308E6,天光禅寺,B0IR3AHW3M,天光禅寺停车场,150904,停车场,练塘镇练东村泖口600号天光禅寺,"121.057179,31.014546",transport,exclude_non_attraction,amap_children,2026-09-19T21:58:24+00:00
B00156G7TT,中国农民画村,B00156GDZX,中国农民画村停车场,150904,停车场,朱枫公路8258弄169号中国农民画村(东北角),"121.017232,30.922500",transport,exclude_non_attraction,amap_children,2026-09-19T21:58:24+00:00
B00156G7TT,中国农民画村,B0HDG7NPDN,中国农民画村游客中心,070201,,朱枫公路与枫叶街交叉口西北280米,"121.017131,30.922005",service,exclude_non_attraction,amap_children,2026-09-19T21:58:24+00:00
B00156G7TT,中国农民画村,B0H04S9VL3,中国农民画村售票处,070306,售票处,朱枫公路8258弄169号中国农民画村(东侧),"121.017180,30.922003",service,exclude_non_attraction,amap_children,2026-09-19T21:58:24+00:00
B0FFGPGFLY,莲花寺,B0FFGPGFLQ,莲花寺停车场,150904,停车场,老松蒸公路与蒸浦路交叉口西240米,"121.073733,30.985502",transport,exclude_non_attraction,amap_children,2026-09-19T21:58:24+00:00
B00155FF41,上海淞沪抗战纪念公园,B0G1B19WX7,上海淞沪抗战纪念公园西门停车场,150904,停车场,友谊路1号上海淞沪抗战纪念馆,"121.492396,31.408689",transport,exclude_non_attraction,amap_children,2026-09-19T21:58:24+00:00
B00155FF41,上海淞沪抗战纪念公园,B0H1XN05S6,上海淞沪抗战纪念公园游船码头售票处,070300,售票处,友谊路1号上海淞沪抗战纪念公园,"121.494235,31.409862",transport,exclude_non_attraction,amap_children,2026-09-19T21:58:24+00:00
B00156EJA6,资庆寺,B0IBHUIODP,资庆寺停车场,150904,停车场,疏影路与淀南路交叉口西南320米,"121.351361,31.112375",transport,exclude_non_attraction,amap_children,2026-09-19T21:58:25+00:00
B0FFGO6L2J,金山卫抗战遗址纪念园,B0FFGO6KDM,金山卫抗战遗址纪念园停车场,150904,停车场,南安路与古城路交叉口东60米,"121.321361,30.718462",transport,exclude_non_attraction,amap_children,2026-09-19T21:58:25+00:00
B0FFGO6L2J,金山卫抗战遗址纪念园,B0I6CSJGZ7,金山卫抗战遗址纪念园游客中心,070201,,南安路与古城路交叉口东220米,"121.322842,30.719014",service,exclude_non_attraction,amap_children,2026-09-19T21:58:25+00:00
B00155BK4T,万寿寺,B00155F1OK,万寿寺停车场,150904,停车场,金山卫镇金卫村1148号万寿寺,"121.328792,30.733634",transport,exclude_non_attraction,amap_children,2026-09-19T21:58:25+00:00
B00157950W,朱家角城隍庙,B0FFFDUEQG,城隍庙售票处,070306,售票处,漕河街69号朱家角城隍庙,"121.053871,31.108653",service,exclude_non_attraction,amap_children,2026-09-19T21:58:27+00:00
B0FFJRX008,海湾旅游区,B0HUNCB1SD,海湾旅游区停车点,150904,停车场,海佳路18号海湾旅游区,"121.518435,30.817809",transport,exclude_non_attraction,amap_children,2026-09-19T21:58:27+00:00
B0FFH99DEV,新泾礼拜堂,B0FFH9B7WP,上海市基督教新泾礼拜堂停车场,150904,停车场,哈密路新泾堂(北新泾地铁站1号口步行390米),"121.377254,31.217796",transport,exclude_non_attraction,amap_children,2026-09-19T21:58:29+00:00
B0FFH99DEV,新泾礼拜堂,B0IA1CUTM8,新泾礼拜堂内部地下停车场,150905,停车场,哈密路新泾堂(北新泾地铁站1号口步行400米),"121.377496,31.217798",transport,exclude_non_attraction,amap_children,2026-09-19T21:58:29+00:00
B0FFGXA8LF,娄塘镇,B0IRJULMBS,娄塘镇停车点,150904,停车场,娄塘镇,"121.213588,31.425433",transport,exclude_non_attraction,amap_children,2026-09-19T21:58:29+00:00
B0FFG8TK3R,白沃净寺,B0HUF7VHCS,白沃净寺停车场,150904,停车场,元安路与元松路交叉口西北400米,"121.365950,31.043217",transport,exclude_non_attraction,amap_children,2026-09-19T21:58:29+00:00
B001526B43,天主教上海教区张家楼耶稣圣心堂,B0LKVZ4MP6,天主教上海教区张家楼耶稣圣心堂地上停车场,150904,停车场,红枫路151号天主教上海教区张家楼耶稣圣心堂,"121.589375,31.244325",transport,exclude_non_attraction,amap_children,2026-09-19T21:58:30+00:00
B001526B43,天主教上海教区张家楼耶稣圣心堂,B0M2GZT59U,张家楼耶稣圣心堂-非机动车停车场,150900,停车场,红枫路151号天主教上海教区张家楼耶稣圣心堂(东北角),"121.589497,31.244460",transport,exclude_non_attraction,amap_children,2026-09-19T21:58:30+00:00
B0G3FZHP4F,中国人民志愿军纪念馆,B0I1UUYGHX,中国人民志愿军纪念馆停车场,150904,停车场,中国人民志愿军纪念馆,"121.702208,30.918892",transport,exclude_non_attraction,amap_children,2026-09-19T21:58:30+00:00
B0FFG9TGMJ,七宝耶稣堂,B0MUZ577ZH,七宝耶稣堂地上停车场,150904,停车场,七宝耶稣堂(七莘路地铁站出入口步行370米),"121.363775,31.134425",transport,exclude_non_attraction,amap_children,2026-09-19T21:58:30+00:00
B00156R4OS,萧泾古寺,B0IB5AHP0P,萧泾古寺停车场,150904,停车场,沪太公路与飞黄路交叉口西南220米,"121.322720,31.465443",transport,exclude_non_attraction,amap_children,2026-09-19T21:58:30+00:00
B001507C58,无为寺,B0HKVA9ADN,无为寺停车场,150904,停车场,庙镇镇米洪村六队3000号无为寺,"121.319736,31.724989",transport,exclude_non_attraction,amap_children,2026-09-19T21:58:32+00:00
B0FFFPS4XT,灌顶禅院,B0IBH5J3AR,灌顶禅院停车点,150904,停车场,玉树路与化工路交叉口东北100米,"121.209738,31.005254",transport,exclude_non_attraction,amap_children,2026-09-19T21:58:32+00:00
B00156GJV2,外冈游击队纪念馆,B0G0S71M1M,外冈游击队纪念馆停车场,150904,停车场,嘉安公路与园民路交叉口北500米,"121.177909,31.334130",transport,exclude_non_attraction,amap_children,2026-09-19T21:58:34+00:00
B0015732P8,上海南社纪念馆,B0H015NRRY,南社纪念馆停车点,150904,停车场,新建路130号上海南社纪念馆,"121.286046,30.801167",transport,exclude_non_attraction,amap_children,2026-09-19T21:58:34+00:00
B0FFF5VNYI,上海南汇桃花村,B0FFHWKYS6,桃花村停车场,150904,停车场,惠南镇北门路289号上海南汇桃花村内(东侧),"121.755279,31.060085",transport,exclude_non_attraction,amap_children,2026-09-19T21:58:35+00:00
B00156G7ZM,省殿禅寺,B0HK25TK4W,省殿禅寺停车场,150904,停车场,景洪路与虹建路交叉口南140米,"121.445688,31.085380",transport,exclude_non_attraction,amap_children,2026-09-19T21:58:35+00:00
B0FFL56BF9,仙鹤观坤道院,B0M2SS545A,仙鹤观坤道院地上停车场,150904,停车场,云水路2888号仙鹤观坤道院内(西侧),"121.790159,30.899827",transport,exclude_non_attraction,amap_children,2026-09-19T21:58:37+00:00
B0FFKI4GGO,鹏海绿地公园,B0JGH7SJDS,鹏海绿地公园停车点,150904,停车场,鹏海绿地公园(西南角),"121.567909,31.176164",transport,exclude_non_attraction,amap_children,2026-09-19T21:58:38+00:00
B00156EDO1,上海江南三民文化村,B0HAGMV060,江南三民文化村停车场,150904,停车场,林风公路2201号上海江南三民文化村(西南角),"121.498426,31.718137",transport,exclude_non_attraction,amap_children,2026-09-19T21:58:38+00:00
B00156EDO1,上海江南三民文化村,B0FFK0NS5U,江南三民文化村游客中心,070201,,东平镇林风公路2201号,"121.498250,31.718390",service,exclude_non_attraction,amap_children,2026-09-19T21:58:38+00:00
B00156EDO1,上海江南三民文化村,B0HAGMVLXI,江南三民文化村售票处,070306,售票处,东风农场林风公路2201号(近北沿公路)江南三民文化村景区,"121.498285,31.718375",service,exclude_non_attraction,amap_children,2026-09-19T21:58:38+00:00
B00154D79I,保境禅寺,B0MAGCZGLK,保境禅寺停车场,150904,停车场,奉柘公路3398号保境禅寺内(南侧),"121.532475,30.866475",transport,exclude_non_attraction,amap_children,2026-09-19T21:58:38+00:00
B0FFF66TWS,上海都市菜园,B00155IOMG,上海都市菜园大巴车停车场,150905,停车场,海湾镇海兴路888号1弄,"121.590384,30.862288",transport,exclude_non_attraction,amap_children,2026-09-19T21:58:40+00:00
B0FFF66TWS,上海都市菜园,B0FFH07GAR,上海都市菜园游客中心,070201,,海湾镇海兴路888弄1号,"121.590132,30.863140",service,exclude_non_attraction,amap_children,2026-09-19T21:58:40+00:00
B0FFGI9W9N,大觉寺,B0IB5MIYIC,大觉寺停车场,150904,停车场,朱泾镇慧农村5008号大觉寺,"121.217256,30.880518",transport,exclude_non_attraction,amap_children,2026-09-19T21:58:40+00:00
B00155193A,天主教上海教区傅家天主堂,B0FFG55ATL,天主教上海教区傅家天主堂(南1门),110206,门,浦东大道1115号,"121.531765,31.241738",attraction_candidate,review_candidate,amap_children,2026-09-19T21:58:41+00:00
B0015584WI,性觉寺,B0I6FAIEZ1,性觉寺停车点,150904,停车场,枫湾路568号性觉寺内(南侧),"121.024081,30.896135",transport,exclude_non_attraction,amap_children,2026-09-19T21:58:43+00:00
B0FFFVSS31,察司古寺,B0HK0HD4K2,察司古寺停车点,150904,停车场,江杨北路与铁城路交叉口东北200米,"121.458944,31.361017",transport,exclude_non_attraction,amap_children,2026-09-19T21:58:43+00:00
B0FFIGQUWZ,寻梦源·梦水乡,B00156GNXM,寻梦源·梦水乡停车场,150904,停车场,沈太路2365号寻梦源·梦水乡(西南角),"121.089234,31.041907",transport,exclude_non_attraction,amap_children,2026-09-19T21:58:43+00:00
B0FFIGQUWZ,寻梦源·梦水乡,B0HBOSKQAD,寻梦源·梦水乡售票处,070306,售票处,沈太路2365号寻梦源·梦水乡(西南角),"121.090382,31.040940",service,exclude_non_attraction,amap_children,2026-09-19T21:58:43+00:00
B0FFIGQUWZ,寻梦源·梦水乡,B0HBOSJWQC,寻梦源·梦水乡游客中心,070201,,沈太路2365号寻梦源·梦水乡(西南角),"121.090450,31.041142",service,exclude_non_attraction,amap_children,2026-09-19T21:58:43+00:00
B00155L2IR,三观堂,B0FFGB0QCP,三观堂售票处,070306,售票处,万安路359号三观堂(江湾镇地铁站5号口步行400米),"121.483481,31.302050",service,exclude_non_attraction,amap_children,2026-09-19T21:58:44+00:00
B00155QV8J,小普陀观音禅院,B0LKXPIQ10,小普陀观音禅院地上停车场,150904,停车场,柘林镇奉柘公路5500号小普陀观音禅院内(北侧),"121.473207,30.825618",transport,exclude_non_attraction,amap_children,2026-09-19T21:58:44+00:00
B00155LXIR,上海福泉山遗址,B0015721OQ,福泉山遗址景区停车场,150904,停车场,福泉山路658号上海福泉山遗址内(东侧),"121.177436,31.200449",transport,exclude_non_attraction,amap_children,2026-09-19T21:58:46+00:00
B00155LXIR,上海福泉山遗址,B0FFGO36TB,福泉山遗址景区售票处,070306,售票处,福泉山路658号上海福泉山遗址内(南侧),"121.177196,31.200218",service,exclude_non_attraction,amap_children,2026-09-19T21:58:46+00:00
B00155LXIR,上海福泉山遗址,B0HDAZWBSN,福泉山遗址景区游客中心,070201,,福泉山路658号上海福泉山遗址内(南侧),"121.177161,31.200196",service,exclude_non_attraction,amap_children,2026-09-19T21:58:46+00:00
B00155L7R2,五龙禅寺,B0H0KMJT2K,五龙禅寺停车点,150904,停车场,朱泾镇五龙村金张公路6006号五龙禅寺,"121.181218,30.857282",transport,exclude_non_attraction,amap_children,2026-09-19T21:58:46+00:00
B00156DW44,南汇一王庙道观,B0IBFZZ1WU,南汇一王庙道观停车场,150904,停车场,康桥镇营房村3组,"121.573571,31.137711",transport,exclude_non_attraction,amap_children,2026-09-19T21:58:46+00:00
B001573FLW,宝隆古寺,B0IBRCXL99,宝隆古寺停车场,150904,停车场,杨宗路558号(近富锦路)宝隆古寺内(东侧),"121.403054,31.393005",transport,exclude_non_attraction,amap_children,2026-09-19T21:58:48+00:00
B00155L2PE,灵泉堂,B0I64U4B18,灵泉堂停车场,150904,停车场,临汾路与长临路交叉口东南60米,"121.438803,31.310151",transport,exclude_non_attraction,amap_children,2026-09-19T21:58:50+00:00
B001557BX8,净心庵,B0IBSAK1WM,净心庵停车场,150904,停车场,泥城镇秋祥路1189号净心庵(西南角),"121.844597,30.906242",transport,exclude_non_attraction,amap_children,2026-09-19T21:58:52+00:00
B0FFGLDO4Z,上海宏泰园,B0FFM8TCT6,宏泰园停车场,150904,停车场,浏翔公路3425号上海宏泰园,"121.297231,31.387357",transport,exclude_non_attraction,amap_children,2026-09-19T21:58:53+00:00
B0FFGLDO4Z,上海宏泰园,B0HBNAV113,宏泰园售票处,070306,售票处,浏翔公路3425号上海宏泰园,"121.297362,31.387555",service,exclude_non_attraction,amap_children,2026-09-19T21:58:53+00:00
B0K2SG0ZW8,蝶语园,B0MAR75N26,蝶语园地上停车场,150904,停车场,蝶语园(西南角),"121.354285,31.263436",transport,exclude_non_attraction,amap_children,2026-09-19T21:58:55+00:00
B00155L2O3,法善庵,B00156EEGJ,法善庵售票处,070300,售票处,五角场街道五角场街道政本路338号法善庵,"121.515171,31.285734",service,exclude_non_attraction,amap_children,2026-09-19T21:58:55+00:00
B0G06GMP9W,自然卷卷牧野,B0KG3MFK85,上海崇明虹桥花乡停车场,150904,停车场,北沿公路2197号自然卷卷牧野内(东侧),"121.467985,31.683958",transport,exclude_non_attraction,amap_children,2026-09-19T21:59:00+00:00
B0G06GMP9W,自然卷卷牧野,B0KG3MEZIV,上海崇明虹桥花乡售票处,070306,售票处,北沿公路2197号自然卷卷牧野内(东侧),"121.467792,31.684248",service,exclude_non_attraction,amap_children,2026-09-19T21:59:00+00:00
B0LUMCE0LY,吴房村景点,B0MU5LUR7R,停车场,150900,停车场,吴房村景点(西南角),"121.522452,30.892506",transport,exclude_non_attraction,amap_children,2026-09-19T21:59:01+00:00
B0FFJBQC1J,隆庆寺,B0IGBUNHNG,隆庆寺停车点,150904,停车场,新浜镇文兵路690号隆庆寺,"121.094188,30.939773",transport,exclude_non_attraction,amap_children,2026-09-19T21:59:02+00:00
B0FFG2KS44,思鲈园,B0FFHHYLUR,思鲈园停车场,150904,停车场,思鲈园,"121.220993,31.006352",transport,exclude_non_attraction,amap_children,2026-09-19T21:59:04+00:00
B0HDUUIP55,浦锦佳音堂,B0MUJOTJ01,佳音堂地上停车场,150904,停车场,竹园西路890号浦锦佳音堂,"121.506925,31.070375",transport,exclude_non_attraction,amap_children,2026-09-19T21:59:04+00:00
B0FFHIL0B2,侵华日军竖河镇大烧杀史料陈列馆,B0FFK2195U,竖河镇大烧杀纪念馆停车场,150904,停车场,跃进村1016-1侵华日军竖河镇大烧杀史料陈列馆内(东侧),"121.590653,31.591861",transport,exclude_non_attraction,amap_children,2026-09-19T21:59:05+00:00
B001508164,崧泽古文化遗址,B0I6SAH3SF,崧泽古文化遗址停车点,150904,停车场,赵巷镇沪青平公路3993号崧泽古文化遗址内(北侧),"121.164278,31.148166",transport,exclude_non_attraction,amap_children,2026-09-19T21:59:08+00:00
B00155DT72,九峰寺,B0LRDM6927,九峰寺地上停车场,150904,停车场,九峰寺,"121.134243,31.035983",transport,exclude_non_attraction,amap_children,2026-09-19T21:59:09+00:00
B0FFGR7C6V,西昌寺,B0IB27SLM3,西昌寺停车点,150904,停车场,济阳路跨线桥与济阳路交叉口东北240米,"121.495070,31.133378",transport,exclude_non_attraction,amap_children,2026-09-19T21:59:21+00:00
B0FFH2UM2C,汉唐浦东书院,B0MRZ94FHT,汉唐浦东书院停车场,150904,停车场,惠南镇丹海路一号汉唐浦东书院内(南侧),"121.762775,31.027325",transport,exclude_non_attraction,amap_children,2026-09-19T21:59:33+00:00
B0FFG716G4,上海崇明荷花博览园,B0H3D7SPFV,荷花博览园停车场,150904,停车场,堡湖路367号上海崇明荷花博览园,"121.240079,31.729038",transport,exclude_non_attraction,amap_children,2026-09-19T21:59:34+00:00
B0FFG716G4,上海崇明荷花博览园,B0HKUHUT9I,崇明荷花博览园西门北停车点,150904,停车场,堡湖路367号上海崇明荷花博览园,"121.240433,31.730345",transport,exclude_non_attraction,amap_children,2026-09-19T21:59:34+00:00
B0FFG716G4,上海崇明荷花博览园,B0FFLFB796,崇明荷花博览园售票处,070306,售票处,堡湖路367号上海崇明荷花博览园,"121.240615,31.729904",service,exclude_non_attraction,amap_children,2026-09-19T21:59:34+00:00
B00154GA0T,高桥烈士陵园,B0FFFV8W65,高桥烈士陵园停车场,150904,停车场,高桥镇钟家弄78号高桥烈士陵园,"121.577027,31.357676",transport,exclude_non_attraction,amap_children,2026-09-19T21:59:39+00:00
B001508245,宝山区基督教大场堂,B00156O2DD,基督教大场堂停车场,150904,停车场,沪太支路1225号宝山区基督教大场堂,"121.419600,31.300284",transport,exclude_non_attraction,amap_children,2026-09-19T21:59:40+00:00
B001508216,邹容墓,B0FFG32IW0,邹容墓(西门),110200,门,邹容墓内(西侧),"121.445044,31.118436",attraction_candidate,review_candidate,amap_children,2026-09-19T21:59:40+00:00
B0HARL2CKS,宏宇崇林花海,B0L0T49DHP,宏宇·崇林花海停车场,150904,停车场,北沿公路2050号宏宇崇林花海,"121.488791,31.674129",transport,exclude_non_attraction,amap_children,2026-09-19T21:59:42+00:00
B0FFF9RR4H,其昌栈码头,B0FFHQ8DF8,其昌栈码头停车场,150904,停车场,陆家嘴街道滨江大道滨江茗园北,"121.521195,31.244019",transport,exclude_non_attraction,amap_children,2026-09-19T21:59:46+00:00
B00155LBNL,基督教堂,B0IBX7P0R7,基督教堂停车点,150904,停车场,南淀浦河路与青松路交叉口东180米,"121.119056,31.139087",transport,exclude_non_attraction,amap_children,2026-09-19T22:00:09+00:00
B00156EJAH,中华人民共和国名誉主席宋庆龄陵园,B0I6BCU8NR,上海宋庆龄陵园停车场,150905,停车场,宋园路21号中华人民共和国名誉主席宋庆龄陵园,"121.412046,31.194327",transport,exclude_non_attraction,amap_children,2026-09-19T22:00:17+00:00
B00156EJAH,中华人民共和国名誉主席宋庆龄陵园,B0I6BCXGCQ,上海宋庆龄陵园游客中心,070201,,宋园路21号中华人民共和国名誉主席宋庆龄陵园,"121.413425,31.194891",service,exclude_non_attraction,amap_children,2026-09-19T22:00:17+00:00
B0HRPH3TPV,徐行镇红色纪念馆,B0JB6HH88B,徐行镇红色纪念馆停车场,150904,停车场,徐行镇伏弄路118号徐行镇红色纪念馆内(东侧),"121.264522,31.421797",transport,exclude_non_attraction,amap_children,2026-09-19T22:00:28+00:00
B0HRPH3TPV,徐行镇红色纪念馆,B0JB6HHUYG,徐行镇红色纪念馆游客中心,070201,,徐行镇伏弄路118号徐行镇红色纪念馆内(西侧),"121.264014,31.421800",service,exclude_non_attraction,amap_children,2026-09-19T22:00:28+00:00
B0MBSADUP2,朱家角光影幻境服务中心,B0I6DZRZ03,朱家角光影幻境游客中心售票处,070306,售票处,朱家角课植园路555号,"121.050525,31.114275",service,exclude_non_attraction,amap_children,2026-09-19T22:00:34+00:00
B0M64UJD4R,花田野趣营地,B0M2BLA97O,花田野趣营地地上停车场,150904,停车场,川沙新镇六团储店村杨家路1号花田野趣营地,"121.731175,31.140625",transport,exclude_non_attraction,amap_children,2026-09-19T22:00:40+00:00
B0FFFDG9LV,放生桥码头,B0FFGRG245,放生桥码头售票处,070300,售票处,朱家角镇西井街127-129号(课植园旁)上海朱家角古镇旅游区内(东南角),"121.056379,31.111400",transport,exclude_non_attraction,amap_children,2026-09-19T22:01:09+00:00
B00156NVSE,上海万象城,B0LBDCQMLP,上海万象城地下停车场,150904,停车场,吴中路1599号上海万象城,"121.370140,31.170854",transport,exclude_non_attraction,amap_children,2026-09-19T22:01:43+00:00
B00156NVSE,上海万象城,B0GKHSYVDV,上海万象城立体停车场,150904,停车场,吴中路1599号上海万象城,"121.370451,31.170490",transport,exclude_non_attraction,amap_children,2026-09-19T22:01:43+00:00
B00156GS83,环贸iapm商场,B0H6MRHTMN,环贸iapm地下停车场,150904,停车场,淮海中路999号环贸iapm商场B4,"121.457260,31.214699",transport,exclude_non_attraction,amap_children,2026-09-19T22:01:43+00:00
B0FFGNSTVR,比斯特上海购物村,B0G0X50QOD,比斯特上海购物村P3B区地面停车场,150904,停车场,申迪东路88号P3停车场,"121.680159,31.141491",transport,exclude_non_attraction,amap_children,2026-09-19T22:01:43+00:00
B0FFGNSTVR,比斯特上海购物村,B0G0X51KR6,比斯特上海购物村P3A区地面停车场,150904,停车场,申迪东路88号比斯特上海购物村F1层,"121.678104,31.141085",transport,exclude_non_attraction,amap_children,2026-09-19T22:01:43+00:00
B0FFGNSTVR,比斯特上海购物村,B0G0X50QOE,比斯特上海购物村地面停车场,150904,停车场,申迪东路88号比斯特上海购物村F1层,"121.679218,31.136125",transport,exclude_non_attraction,amap_children,2026-09-19T22:01:43+00:00
B0FFGNSTVR,比斯特上海购物村,B0G0X51KR7,比斯特上海购物村P2A区地面停车场,150904,停车场,申迪东路88号比斯特上海购物村F1层,"121.676444,31.135896",transport,exclude_non_attraction,amap_children,2026-09-19T22:01:43+00:00
B0FFGNSTVR,比斯特上海购物村,B0H12U8KFE,比斯特上海购物村南地面停车场,150904,停车场,申迪东路88号比斯特上海购物村,"121.681852,31.136964",transport,exclude_non_attraction,amap_children,2026-09-19T22:01:43+00:00
B0FFG8S5RN,兴业太古汇,B0GK27K6QP,兴业太古汇地下停车场,150904,停车场,石门一路288号P2(南京西路地铁站6号口步行50米),"121.463351,31.228888",transport,exclude_non_attraction,amap_children,2026-09-19T22:01:45+00:00
B00155IVGK,上海恒隆广场,B0G0LCI1TB,上海恒隆广场地下停车场,150904,停车场,南京西路1266号恒隆广场B2,"121.453372,31.227562",transport,exclude_non_attraction,amap_children,2026-09-19T22:01:45+00:00
B0FFF3ATUI,上海七宝领展广场,B0GK6MQ8JP,上海七宝领展广场地下停车场,150904,停车场,漕宝路3366号上海七宝领展广场,"121.350653,31.154546",transport,exclude_non_attraction,amap_children,2026-09-19T22:01:45+00:00
B0FFIRXH9Z,前滩太古里,B0HU1ZB8MQ,前滩太古里停车场,150904,停车场,东育路500弄(东方体育中心地铁站2号口步行330米),"121.482630,31.151987",transport,exclude_non_attraction,amap_children,2026-09-19T22:01:45+00:00
B0FFIQXM00,上海荟聚Livat,B0K165VJ9M,上海荟聚停车场,150904,停车场,金钟路788号上海荟聚Livat,"121.357645,31.221973",transport,exclude_non_attraction,amap_children,2026-09-19T22:01:45+00:00
B0FFLOQL7S,上海国华广场,B0H6DZ5QM3,国华国际广场地下停车场,150904,停车场,三门路99号上海国华广场,"121.512751,31.312164",transport,exclude_non_attraction,amap_children,2026-09-19T22:01:45+00:00
B00155QNWL,万达广场(上海周浦店),B0GK1ZVWS7,万达广场上海周浦店地下停车场,150904,停车场,年家浜路518号万达广场B1,"121.569756,31.114419",transport,exclude_non_attraction,amap_children,2026-09-19T22:01:45+00:00
B00155QNWL,万达广场(上海周浦店),B0GK1ZY3JO,万达广场上海周浦店停车场,150904,停车场,康桥镇年家浜路518号万达广场C座,"121.568571,31.115652",transport,exclude_non_attraction,amap_children,2026-09-19T22:01:45+00:00
B001571JFR,百联奥特莱斯广场(青浦店),B0GKJ5YE67,百联奥特莱斯广场P1停车场,150904,停车场,沪青平公路2888号百联奥特莱斯广场(上海青浦),"121.228649,31.154006",transport,exclude_non_attraction,amap_children,2026-09-19T22:01:45+00:00
B001571JFR,百联奥特莱斯广场(青浦店),B0K2THT6A3,百联奥特莱斯广场P6临时停车场,150904,停车场,沪青平公路2888号百联奥特莱斯广场(上海·青浦),"121.227588,31.159139",transport,exclude_non_attraction,amap_children,2026-09-19T22:01:45+00:00
B001571JFR,百联奥特莱斯广场(青浦店),B0GKJ501S4,百联奥特莱斯广场P2地面停车场,150904,停车场,沪青平公路2888号奥特莱斯,"121.227391,31.158377",transport,exclude_non_attraction,amap_children,2026-09-19T22:01:45+00:00
B001571JFR,百联奥特莱斯广场(青浦店),B0I2JH55QF,百联奥特莱斯广场P4地面停车场,150904,停车场,沪青平公路2888号百联奥特莱斯广场(青浦店),"121.224512,31.153497",transport,exclude_non_attraction,amap_children,2026-09-19T22:01:45+00:00
B001571JFR,百联奥特莱斯广场(青浦店),B0GKJ5Z85O,青浦百联奥莱地下停车场,150904,停车场,沪青平公路2888号百联奥特莱斯广场(青浦店),"121.228504,31.154228",transport,exclude_non_attraction,amap_children,2026-09-19T22:01:45+00:00
B001571JFR,百联奥特莱斯广场(青浦店),B0G0LHG95Z,百联奥特莱斯广场地下停车场,150904,停车场,沪青平公路2888号奥特莱斯,"121.227875,31.157324",transport,exclude_non_attraction,amap_children,2026-09-19T22:01:45+00:00
B0FFF5SHH7,万达广场(上海松江店),B0G09ANAMV,万达广场上海松江店地下停车场,150904,停车场,广富林路658弄98号万达广场(上海松江店),"121.243164,31.057837",transport,exclude_non_attraction,amap_children,2026-09-19T22:01:45+00:00
B0FFGYMCF9,迪士尼小镇,B0FFJ86UUG,迪士尼小镇地面停车场,150904,停车场,申迪西路255弄638号,"121.660618,31.139752",transport,exclude_non_attraction,amap_children,2026-09-19T22:01:45+00:00
B0FFFR05MK,万达广场(上海五角场店),B0G0R7CSUR,万达广场上海五角场店地下停车场,150904,停车场,五角场街道国宾路3号万达广场B2,"121.513972,31.301090",transport,exclude_non_attraction,amap_children,2026-09-19T22:01:46+00:00
B0FFG7J555,浦江城市生活广场,B0H0PUG3FQ,浦江城市生活广场地下停车场,150904,停车场,南江洲路125号,"121.503503,31.083597",transport,exclude_non_attraction,amap_children,2026-09-19T22:01:46+00:00
B0FFG7J555,浦江城市生活广场,B0H0PUGXOU,浦江城市生活广场地面停车场,150904,停车场,江月路1850号浦江城市生活广场,"121.506447,31.084088",transport,exclude_non_attraction,amap_children,2026-09-19T22:01:46+00:00
B0FFKBDQDY,LCM置汇旭辉广场,B0H1ODQOY5,LCM置汇旭辉广场地下停车场,150904,停车场,张杨路2389弄LCM置汇旭辉广场B2,"121.555175,31.243021",transport,exclude_non_attraction,amap_children,2026-09-19T22:01:46+00:00
B00156NYWT,世纪汇广场,B0GKV54D9B,世纪汇广场地下停车场,150904,停车场,世纪大道1192号世纪汇广场B3,"121.528156,31.226863",transport,exclude_non_attraction,amap_children,2026-09-19T22:01:46+00:00
B00155IM05,上海文化广场,B00156YMUT,上海文化广场地下停车场,150904,停车场,瑞金二路街道陕西南路225号,"121.461422,31.212195",transport,exclude_non_attraction,amap_children,2026-09-19T22:01:46+00:00
B00155IM05,上海文化广场,B00156O8UQ,上汽·上海文化广场内部停车场,150905,停车场,复兴中路597号,"121.463047,31.211187",transport,exclude_non_attraction,amap_children,2026-09-19T22:01:46+00:00
B00150ABD3,华润时代广场,B0GKKCZGEC,华润时代广场地下停车场,150904,停车场,张杨路500号华润时代广场B2,"121.517669,31.226881",transport,exclude_non_attraction,amap_children,2026-09-19T22:01:46+00:00
B00155QYJW,万达广场(上海江桥店),B0GKKUYMBI,万达广场上海江桥店地下停车场,150904,停车场,万达广场(上海江桥店),"121.325875,31.239391",transport,exclude_non_attraction,amap_children,2026-09-19T22:01:46+00:00
B00155QYJW,万达广场(上海江桥店),B0IA5ZBYJ6,万达广场(上海江桥店)地面停车场,150904,停车场,万达广场(上海江桥店),"121.322978,31.238350",transport,exclude_non_attraction,amap_children,2026-09-19T22:01:46+00:00
B00155QYJW,万达广场(上海江桥店),B0GKKUY0ZK,万达广场(上海江桥店)东地面停车场,150904,停车场,万达广场(上海江桥店),"121.325483,31.238634",transport,exclude_non_attraction,amap_children,2026-09-19T22:01:46+00:00
B00155QYJW,万达广场(上海江桥店),B0IA5ZBYJ4,万达广场(上海江桥店)西地面停车场,150904,停车场,万达广场(上海江桥店),"121.322770,31.238308",transport,exclude_non_attraction,amap_children,2026-09-19T22:01:46+00:00
B0FFHOIGZF,虹桥新天地购物中心,B0H6P5OU1L,虹桥天地购物中心地下停车场,150904,停车场,申长路688号虹桥新天地购物中心,"121.315893,31.192536",transport,exclude_non_attraction,amap_children,2026-09-19T22:01:46+00:00
B0KD7HSTGI,徐汇万科广场,B0LRY5VZLR,徐汇万科广场地下停车场,150904,停车场,沪闵路9191号徐汇万科广场,"121.431588,31.157662",transport,exclude_non_attraction,amap_children,2026-09-19T22:01:46+00:00
B0FFGPTV65,龙湖虹桥天街购物中心,B0GKKCXML8,龙湖虹桥天街购物中心地下停车场,150904,停车场,申长路869号龙湖虹桥天街购物中心,"121.312109,31.191997",transport,exclude_non_attraction,amap_children,2026-09-19T22:01:46+00:00
B0I11K22OO,上海陆家嘴中心L+mall,B0LD3Z4HZK,陆家嘴中心L Mall地下停车场,150904,停车场,浦东南路899号上海陆家嘴中心B4,"121.516155,31.231429",transport,exclude_non_attraction,amap_children,2026-09-19T22:01:48+00:00
B0FFFRKA1J,金虹桥商场,B0GKXZDU1T,金虹桥商业广场地下停车场,150904,停车场,茅台路179号金虹桥商场(娄山关路地铁站3号口步行340米),"121.402860,31.208255",transport,exclude_non_attraction,amap_children,2026-09-19T22:01:48+00:00
B0FFFRKA1J,金虹桥商场,B0GKXZEW5L,金虹桥商业广场停车场,150904,停车场,茅台路金虹桥国际中心(娄山关路地铁站3号口步行200米),"121.403516,31.209221",transport,exclude_non_attraction,amap_children,2026-09-19T22:01:48+00:00
B0FFF002FC,万达广场(上海金山店),B0GKMRT32V,万达广场上海金山店地下停车场,150904,停车场,龙皓路1088号万达广场(上海金山店),"121.337961,30.754547",transport,exclude_non_attraction,amap_children,2026-09-19T22:01:48+00:00
B0FFF002FC,万达广场(上海金山店),B0IKSR2YN1,万达广场上海金山店内部地下停车场,150905,停车场,龙皓路1088号万达广场(上海金山店),"121.338242,30.755575",transport,exclude_non_attraction,amap_children,2026-09-19T22:01:48+00:00
B0KB4UWUO3,前滩公园巷,B0KKFCQN59,前滩公园巷停车场,150904,停车场,钱家滩路12号,"121.473886,31.153596",transport,exclude_non_attraction,amap_children,2026-09-19T22:01:48+00:00
B00151BEEE,上海来福士广场,B0GK7H0CAS,上海来福士广场地下停车场,150904,停车场,西藏中路268号B2/B3(汉口路进),"121.476511,31.232300",transport,exclude_non_attraction,amap_children,2026-09-19T22:01:48+00:00
B00155KZEH,中信泰富广场,B0G0XU1KYJ,中信泰富广场地下停车场,150904,停车场,南京西路1168号中信泰富广场b2层,"121.455239,31.228846",transport,exclude_non_attraction,amap_children,2026-09-19T22:01:48+00:00
B0FFFE9H63,百联川沙购物中心,B0GKKUYMAW,百联川沙购物中心地下停车场,150904,停车场,川沙路5398号百联川沙购物中心,"121.697268,31.185512",transport,exclude_non_attraction,amap_children,2026-09-19T22:01:48+00:00
B0FFFE9H63,百联川沙购物中心,B0GKKUYTU6,百联川沙购物中心地面停车场,150904,停车场,川沙路5398号百联川沙购物中心B2,"121.697461,31.185660",transport,exclude_non_attraction,amap_children,2026-09-19T22:01:48+00:00
B00155KUM0,上海新天地,B0FFGJO7F5,上海新天地南里地下停车场,150904,停车场,兴业路123弄1-7号新天地南里B1,"121.474978,31.219088",transport,exclude_non_attraction,amap_children,2026-09-19T22:01:48+00:00
B0FFGXJP9R,百联嘉定购物中心,B0G07C52DX,百联嘉定购物中心地下停车场,150904,停车场,澄浏中路3190号百联嘉定购物中心,"121.278189,31.388113",transport,exclude_non_attraction,amap_children,2026-09-19T22:01:50+00:00
B0FFGXJP9R,百联嘉定购物中心,B0G07C3EI9,百联嘉定购物中心停车场,150904,停车场,澄浏中路3172号百联嘉定购物中心F1,"121.277888,31.388016",transport,exclude_non_attraction,amap_children,2026-09-19T22:01:50+00:00
B0FFGXJP9R,百联嘉定购物中心,B0G07C2S4A,百联嘉定购物中心立体停车场,150904,停车场,澄浏中路3190号百联嘉定购物中心,"121.278122,31.387984",transport,exclude_non_attraction,amap_children,2026-09-19T22:01:50+00:00
B0FFKWS6RA,九亭金地广场,B0GKUHI37U,九亭金地广场地下停车场,150904,停车场,沪亭北路99弄上海九亭金地广场B1,"121.318118,31.139497",transport,exclude_non_attraction,amap_children,2026-09-19T22:01:50+00:00
B00155Q7CG,百联金山购物中心,B0G0C9ZN77,百联金山购物中心地下停车场,150904,停车场,卫清西路188号百联金山购物中心M,"121.348629,30.730626",transport,exclude_non_attraction,amap_children,2026-09-19T22:01:50+00:00
B00155Q7CG,百联金山购物中心,B0G0C9XPR5,百联金山购物中心停车场,150904,停车场,卫清西路188号百联金山购物中心B1,"121.347410,30.733177",transport,exclude_non_attraction,amap_children,2026-09-19T22:01:50+00:00
B0FFHCPUA5,信业购物中心,B0GKJUYMUF,信业购物中心地下停车场,150904,停车场,环城路762弄1号信业购物中心,"121.247869,31.397559",transport,exclude_non_attraction,amap_children,2026-09-19T22:01:50+00:00
B0FFKEKHQE,万达广场(上海马桥店),B0HB6ZMJ1S,上海马桥万达广场停车场,150904,停车场,马桥镇富岩路121号,"121.372580,31.022994",transport,exclude_non_attraction,amap_children,2026-09-19T22:01:50+00:00
B00155R0TZ,庙前街,B0IRBUWZ2A,庙前街地面停车场,150904,停车场,中山中路119号庙前街,"121.233143,31.004824",transport,exclude_non_attraction,amap_children,2026-09-19T22:01:50+00:00
B0G0XMZ7SU,青浦光明荟,B0H63U94ZS,光明逸荟北停车场,150904,停车场,新府中路1399弄173号青浦光明荟,"121.231818,31.229004",transport,exclude_non_attraction,amap_children,2026-09-19T22:01:50+00:00
B0G0XMZ7SU,青浦光明荟,B0H63U8Q81,光明逸荟南停车场,150904,停车场,新府中路1399弄173号青浦光明荟,"121.230795,31.227779",transport,exclude_non_attraction,amap_children,2026-09-19T22:01:50+00:00
B00155MZI6,文峰广场,B0G0T9G4TH,上海文峰广场停车场,150904,停车场,张扬北路801号文峰广场F1,"121.586764,31.271427",transport,exclude_non_attraction,amap_children,2026-09-19T22:01:50+00:00
B00155MZI6,文峰广场,B0G0T9G4TG,上海文峰广场地下停车场,150904,停车场,张杨北路801号文峰广场(五莲路地铁站2号口步行330米),"121.586897,31.270893",transport,exclude_non_attraction,amap_children,2026-09-19T22:01:50+00:00
B0FFGQ4BQB,东鼎购物中心,B0G0276WS4,东鼎购物中心地下停车场,150904,停车场,新松江路1255弄1-10号东鼎购物中心,"121.210961,31.037199",transport,exclude_non_attraction,amap_children,2026-09-19T22:01:50+00:00
B0FFGQ4BQB,东鼎购物中心,B0G0275M53,东鼎购物中心停车场,150904,停车场,新松江路与江学路交叉口西80米,"121.211348,31.038478",transport,exclude_non_attraction,amap_children,2026-09-19T22:01:50+00:00
B0FFGG8D12,宝龙广场,B0GKKCZGCZ,上海罗店宝龙广场停车场,150904,停车场,宝龙广场(罗南新村地铁站1号口步行210米),"121.359405,31.389010",transport,exclude_non_attraction,amap_children,2026-09-19T22:01:52+00:00
B0FFGG8D12,宝龙广场,B0GKKCY943,上海罗店宝龙广场地下停车场,150904,停车场,宝龙广场(罗南新村地铁站出入口旁),"121.358595,31.388790",transport,exclude_non_attraction,amap_children,2026-09-19T22:01:52+00:00
B00155NF1N,九六广场,B0GK7AYPGZ,九六广场地下停车场,150904,停车场,潍坊新村街道东方路796号九六广场B2,"121.523976,31.227662",transport,exclude_non_attraction,amap_children,2026-09-19T22:01:52+00:00
B0FFH7SROY,百联世纪购物中心,B0G0XU2E05,百联世纪购物中心地下停车场,150904,停车场,潍坊新村街道世纪大道1217号百联世纪购物中心B4,"121.527851,31.230044",transport,exclude_non_attraction,amap_children,2026-09-19T22:01:52+00:00
B0FFGH49T6,嘉定新城西云楼,B0IG7RSRC7,嘉定新城西云楼地下停车场,150904,停车场,嘉定新城西云楼,"121.258106,31.356760",transport,exclude_non_attraction,amap_children,2026-09-19T22:01:52+00:00
B00155826G,小上海步行街,B00156G9SK,小上海步行街地面停车场,150904,停车场,关岳西路67号,"121.577403,31.118101",transport,exclude_non_attraction,amap_children,2026-09-19T22:01:52+00:00
B00155826G,小上海步行街,B0FFGZTIFH,小上海步行街地面停车场,150904,停车场,康沈公路小上海步行街,"121.577407,31.114159",transport,exclude_non_attraction,amap_children,2026-09-19T22:01:52+00:00
B0FFFRXA3Z,久金广场,B0H6GL3OKQ,久金广场地下停车场,150904,停车场,张杨路3611号久金广场B2,"121.581710,31.255652",transport,exclude_non_attraction,amap_children,2026-09-19T22:01:52+00:00
B00155EOJC,罗宾森购物广场,B0GK7R3Q52,罗宾森购物广场地下停车场,150904,停车场,城中路138号罗宾森购物广场,"121.245178,31.385073",transport,exclude_non_attraction,amap_children,2026-09-19T22:01:52+00:00
B00155NBIC,万嘉商业广场,B0GK57AHFV,万嘉商业广场地下停车场,150904,停车场,高行镇东靖路1881号万嘉商业广场B1,"121.610107,31.294028",transport,exclude_non_attraction,amap_children,2026-09-19T22:01:53+00:00
B00155NBIC,万嘉商业广场,B0GK57C1W3,万嘉商业广场停车场,150904,停车场,高行镇东靖路1881号万嘉商业广场B1,"121.612181,31.293949",transport,exclude_non_attraction,amap_children,2026-09-19T22:01:53+00:00
B0FFGPG60H,夏都小镇步行街,B0GK5CBFHZ,夏都小镇停车场,150904,停车场,徐泾镇沪青平公路与高泾路交叉路口往东约50米(夏都小镇),"121.292297,31.172463",transport,exclude_non_attraction,amap_children,2026-09-19T22:01:53+00:00
B0FFGPG60H,夏都小镇步行街,B0GK5CC89U,夏都小镇地下停车场,150904,停车场,沪青平公路1583号夏都小镇步行街,"121.293790,31.172569",transport,exclude_non_attraction,amap_children,2026-09-19T22:01:53+00:00
B0FFF2LJB6,龙阳广场,B0GKCCU9R0,龙阳广场地下停车场,150904,停车场,龙阳路2000号龙阳广场(龙阳路地铁站6号出口旁),"121.558107,31.203185",transport,exclude_non_attraction,amap_children,2026-09-19T22:01:53+00:00
B0FFG3339P,爱琴海购物中心,B0G0OUVR2S,爱琴海购物中心地下停车场,150904,停车场,虹井路185号1楼(近龙柏新村地铁站)附近,"121.372990,31.175584",transport,exclude_non_attraction,amap_children,2026-09-19T22:01:53+00:00
B0H2UHPMJ4,南翔老街,B00156EGDB,南翔老街地面停车场,150904,停车场,南翔老街,"121.308185,31.290367",transport,exclude_non_attraction,amap_children,2026-09-19T22:01:53+00:00
B0HBKOTXCC,金桥国际商业广场,B0G0275M7V,金桥国际商业广场地下停车场,150904,停车场,张杨路3611号金桥国际商业广场B2,"121.577515,31.257598",transport,exclude_non_attraction,amap_children,2026-09-19T22:01:53+00:00
B0HBKOTXCC,金桥国际商业广场,B0G02761PU,金桥国际商业广场地面停车场,150904,停车场,张杨路金桥国际商业广场10座,"121.576680,31.253925",transport,exclude_non_attraction,amap_children,2026-09-19T22:01:53+00:00
B0HK5DJU0Q,龙光蓝鲸世界购物中心,B0LU1DDCOO,龙光蓝鲸世界购物中心-地下停车场,150904,停车场,南汇新城镇方竹路888弄1-4号龙光蓝鲸世界,"121.896601,30.895563",transport,exclude_non_attraction,amap_children,2026-09-19T22:01:53+00:00
B0FFKH3N1Z,上海新环广场,B0H2PUQ2XA,上海新环广场地下停车场,150904,停车场,新环西路1283号上海新环广场,"121.636382,31.029878",transport,exclude_non_attraction,amap_children,2026-09-19T22:01:53+00:00
B0FFHPNP7J,悠方购物中心,B0HG6SDNOP,上海市悠方购物中心地下停车场,150904,停车场,殷行路1388号悠方购物中心,"121.509733,31.330303",transport,exclude_non_attraction,amap_children,2026-09-19T22:01:55+00:00
B0FFKT7P74,恒越荣欣广场,B0H63U9CPZ,恒越荣欣广场地下停车场,150904,停车场,恒越荣欣广场,"121.676716,31.280092",transport,exclude_non_attraction,amap_children,2026-09-19T22:01:55+00:00
B0FFF4P3ME,百联滨江购物中心,B0GKCHS1Z1,百联滨江购物中心地下停车场,150904,停车场,大桥街道平凉路1399号百联滨江购物中心B2,"121.537227,31.264643",transport,exclude_non_attraction,amap_children,2026-09-19T22:01:55+00:00
B00155LJD2,开元地中海商业广场,B0G0FLANUI,开元地中海商业广场地下停车场,150904,停车场,新松江路925号-927号开元地中海商业广场,"121.219033,31.038354",transport,exclude_non_attraction,amap_children,2026-09-19T22:01:55+00:00
B00155LJD2,开元地中海商业广场,B0G0FLAUKK,开元地中海商业广场停车场,150904,停车场,新松江路925号-927号开元地中海商业广场,"121.221237,31.037474",transport,exclude_non_attraction,amap_children,2026-09-19T22:01:55+00:00
B00155LJD2,开元地中海商业广场,B0IRBUYF92,开元地中海商业广场地面停车场,150904,停车场,新松江路925号-927号开元地中海商业广场,"121.217923,31.036917",transport,exclude_non_attraction,amap_children,2026-09-19T22:01:55+00:00
B0LA2CMS21,爱琴海·缤纷里AEGEAN BINGO,B0LUU5LJ6H,爱琴海·缤纷里P1地下停车场,150904,停车场,乐纷路268号爱琴海·缤纷里AEGEAN BINGO,"121.095191,30.884555",transport,exclude_non_attraction,amap_children,2026-09-19T22:01:55+00:00
B0LA2CMS21,爱琴海·缤纷里AEGEAN BINGO,B0LUU5QLL9,爱琴海·缤纷里P2地面停车场,150904,停车场,乐纷路268号爱琴海·缤纷里AEGEAN BINGO,"121.099718,30.888718",transport,exclude_non_attraction,amap_children,2026-09-19T22:01:55+00:00
B00156DWX7,嘉亭荟城市生活广场,B0G0T9FXGM,嘉亭荟城市生活广场地下停车场,150904,停车场,安亭镇墨玉南路1055-1077号嘉亭荟城市生活广场西区F1层,"121.162312,31.287638",transport,exclude_non_attraction,amap_children,2026-09-19T22:01:55+00:00
B0FFKEPF3S,天和广场,B0IBZZZO1G,天和广场地面停车场,150904,停车场,天和广场,"121.762343,31.116744",transport,exclude_non_attraction,amap_children,2026-09-19T22:01:55+00:00
B00156O3L3,紫荆广场(江浦路),B0GKCCUP0O,紫荆广场地下停车场,150904,停车场,控江路1628号紫荆广场B2,"121.516073,31.275155",transport,exclude_non_attraction,amap_children,2026-09-19T22:01:55+00:00
B00156D3BX,吾悦生活广场(上海飞航店),B0G0R7EVUN,吾悦生活广场上海飞航店地面停车场,150904,停车场,玉树路2559号吾悦生活广场上海飞航店,"121.208782,31.009988",transport,exclude_non_attraction,amap_children,2026-09-19T22:01:55+00:00
B00156D3BX,吾悦生活广场(上海飞航店),B0G0R7D85M,吾悦生活广场上海飞航店地下停车场,150904,停车场,玉树路2559号吾悦生活广场上海飞航店,"121.208151,31.008667",transport,exclude_non_attraction,amap_children,2026-09-19T22:01:55+00:00
B0G1DSFV2Z,上海临港万达广场,B0I6JA0J2G,万达广场上海临港店地下停车场,150904,停车场,鸿音路2555号上海临港万达广场,"121.814795,30.891362",transport,exclude_non_attraction,amap_children,2026-09-19T22:01:55+00:00
B0G2AOD6NO,富荟商业广场,B0GK2AGGE0,富荟商业广场地下停车场,150904,停车场,浦建路1317号富荟商业广场,"121.545817,31.204533",transport,exclude_non_attraction,amap_children,2026-09-19T22:01:57+00:00
B0FFIZY1AQ,万达广场(上海中信泰富店),B0GKJZW59E,中信泰富万达广场嘉定新城地下停车场,150904,停车场,云谷路中信泰富万达广场(嘉定新城店),"121.254942,31.331412",transport,exclude_non_attraction,amap_children,2026-09-19T22:01:57+00:00
B0FFIZY1AQ,万达广场(上海中信泰富店),B0GKJZXV88,中信泰富万达广场上海嘉定新城店停车场,150904,停车场,云谷路中信泰富万达广场(嘉定新城店),"121.255996,31.329910",transport,exclude_non_attraction,amap_children,2026-09-19T22:01:57+00:00
B0FFFP74DR,嘉定宝龙广场,B0G07Z19P7,上海嘉定宝龙广场停车场,150904,停车场,阿克苏路1099号嘉定宝龙广场B2,"121.261314,31.344932",transport,exclude_non_attraction,amap_children,2026-09-19T22:01:57+00:00
B00155KDVJ,百联又一城购物中心,B0G0XL18PU,百联又一城购物中心地下停车场,150904,停车场,五角场街道淞沪路8号百联又一城购物中心B2(近江湾体育场地铁站),"121.514990,31.302135",transport,exclude_non_attraction,amap_children,2026-09-19T22:01:57+00:00
B0FFGBBNVA,青浦宝龙广场,B0HAF7VYQL,上海青浦宝龙广场停车场,150904,停车场,赵巷镇汇金路590号(汇金路地铁站1号口步行270米),"121.153227,31.162712",transport,exclude_non_attraction,amap_children,2026-09-19T22:01:57+00:00
B00156GEG7,丽居园建材家居广场,B0H0BC0R85,丽居园建材家居广场停车场,150904,停车场,唐黄路1号丽居园建材家居广场,"121.663617,31.193183",transport,exclude_non_attraction,amap_children,2026-09-19T22:01:57+00:00
B0H1BU1KHY,宝龙旭辉广场,B0H0F5O3N1,宝龙旭辉广场地下停车场,150904,停车场,周家嘴路3608号宝龙旭辉广场,"121.543879,31.278292",transport,exclude_non_attraction,amap_children,2026-09-19T22:01:57+00:00
B00156NS9Q,丰尚国际广场,B0G0XU0BNP,丰尚国际广场停车场,150904,停车场,丰尚国际广场内,"121.283215,31.203884",transport,exclude_non_attraction,amap_children,2026-09-19T22:01:57+00:00
B00156NS9Q,丰尚国际广场,B0G0XU0R13,丰尚国际广场地下停车场,150904,停车场,丰尚国际广场内,"121.283285,31.203609",transport,exclude_non_attraction,amap_children,2026-09-19T22:01:57+00:00
B00157I0E6,吾悦广场(上海青浦店),B0G0X50Y6D,吾悦广场上海青浦店地下停车场,150904,停车场,淀山湖大道218号吾悦广场(上海青浦店),"121.095291,31.144284",transport,exclude_non_attraction,amap_children,2026-09-19T22:01:58+00:00
B00157I0E6,吾悦广场(上海青浦店),B0IKHUJL04,上海青浦吾悦广场地面停车场,150904,停车场,淀山湖大道218号吾悦广场(上海青浦店),"121.095189,31.143327",transport,exclude_non_attraction,amap_children,2026-09-19T22:01:58+00:00
B00150B090,百联西郊购物中心,B0LB5C1ITW,百联西郊购物中心地下停车场,150904,停车场,仙霞西路88号百联西郊购物中心,"121.369935,31.209025",transport,exclude_non_attraction,amap_children,2026-09-19T22:01:58+00:00
B00150B090,百联西郊购物中心,B0GKAZ15YD,百联西郊购物中心立体停车场,150904,停车场,仙霞西路88号百联西郊购物中心F5,"121.369456,31.209455",transport,exclude_non_attraction,amap_children,2026-09-19T22:01:58+00:00
B0FFKE91Y7,金桥太茂商业广场,B0GK1ZXAIG,金桥太茂地下停车场,150904,停车场,金高路1882号金桥太茂商业广场,"121.608219,31.266248",transport,exclude_non_attraction,amap_children,2026-09-19T22:01:58+00:00
B0FFKE91Y7,金桥太茂商业广场,B0GK1ZXWZ2,金桥太茂地面停车场,150904,停车场,金高路1882号金桥太茂商业广场B2,"121.607472,31.266979",transport,exclude_non_attraction,amap_children,2026-09-19T22:01:58+00:00
B00155IVIY,上海迪美购物中心,B0H6SC25RZ,上海迪美购物中心地下停车场,150904,停车场,武胜路上海迪美购物中心(西南角),"121.472812,31.227704",transport,exclude_non_attraction,amap_children,2026-09-19T22:01:58+00:00
B00155IVIY,上海迪美购物中心,B0H6SC1K1A,上海迪美购物中心地面停车场,150904,停车场,武胜路218号上海迪美购物中心,"121.473216,31.227588",transport,exclude_non_attraction,amap_children,2026-09-19T22:01:58+00:00
B00155NEKV,中环广场,B0GKVU5LOZ,上海中环广场地下停车场,150904,停车场,淮海中路381号中环广场B2,"121.472726,31.221750",transport,exclude_non_attraction,amap_children,2026-09-19T22:01:58+00:00
B00155NEKV,中环广场,B0GKVU3IRE,中环广场停车场,150904,停车场,淮海中路381号中环广场B3,"121.473542,31.221918",transport,exclude_non_attraction,amap_children,2026-09-19T22:01:58+00:00
B00155QRGF,迪卡侬(顾戴店),B00156NV1E,迪卡侬顾戴店停车场,150904,停车场,顾戴路108号,"121.406083,31.146380",transport,exclude_non_attraction,amap_children,2026-09-19T22:01:58+00:00
B00155LZFI,818广场,B0G09MO4N7,818广场地下停车场,150904,停车场,南京西路818号818广场,"121.460546,31.231351",transport,exclude_non_attraction,amap_children,2026-09-19T22:01:58+00:00
B00155LZFI,818广场,B00157GJJK,818广场停车场,150904,停车场,南京西路818号818广场,"121.460636,31.231246",transport,exclude_non_attraction,amap_children,2026-09-19T22:01:58+00:00
B00155HPFQ,新天地广场,B0GKVU3BHW,新天地广场地下停车场,150904,停车场,淮海中路333号新天地广场,"121.474708,31.222384",transport,exclude_non_attraction,amap_children,2026-09-19T22:01:58+00:00
B00155HPFQ,新天地广场,B0HATC0GN4,新天地广场立体停车场,150904,停车场,淮海中路333号新天地广场,"121.474407,31.222522",transport,exclude_non_attraction,amap_children,2026-09-19T22:01:58+00:00
B00156YOU7,弘基广场,B0H6GCYPBB,弘基广场停车场,150904,停车场,聚丰园路与汇丰路交叉口西160米,"121.385822,31.315507",transport,exclude_non_attraction,amap_children,2026-09-19T22:01:58+00:00
B00155MRBK,中房金谊广场,B0G0X5262G,中房金谊广场停车场,150904,停车场,上南路4467号金谊广场B2楼(近永泰路),"121.512352,31.141885",transport,exclude_non_attraction,amap_children,2026-09-19T22:01:58+00:00
B00155MRBK,中房金谊广场,B0G0X51KC9,中房金谊广场地下停车场,150904,停车场,上南路4467号中房金谊广场B2层,"121.512979,31.141275",transport,exclude_non_attraction,amap_children,2026-09-19T22:01:58+00:00
B0FFF6OUKL,百盛优客城市广场,B0GK6RU876,百盛优客城市广场地下停车场,150904,停车场,天山路789号百盛优客城市广场B2,"121.403530,31.210546",transport,exclude_non_attraction,amap_children,2026-09-19T22:02:00+00:00
B0FFILEKEZ,上海长宁来福士广场-西区,B0HBO7LZBL,长宁来福士西区地下停车场,150904,停车场,长宁路1191号上海长宁来福士广场-西区,"121.413270,31.215804",transport,exclude_non_attraction,amap_children,2026-09-19T22:02:00+00:00
B0FFJ1CHYN,长宁来福士广场东区,B0H0FCM0O3,长宁来福士广场东区地下停车场,150904,停车场,长宁路1189号长宁来福士广场东区,"121.413791,31.215291",transport,exclude_non_attraction,amap_children,2026-09-19T22:02:00+00:00
B001556SOD,迪卡侬(莘庄店),B0H0BC0JCK,迪卡侬莘庄店停车场,150904,停车场,申北路与沪闵公路交叉口西80米,"121.387188,31.092609",transport,exclude_non_attraction,amap_children,2026-09-19T22:02:00+00:00
B001550C8Y,兆丰广场,B0GK7L24B1,兆丰广场停车场,150904,停车场,长宁路999号兆丰广场F1,"121.419402,31.217977",transport,exclude_non_attraction,amap_children,2026-09-19T22:02:00+00:00
B001550C8Y,兆丰广场,B0GK7L2B0Z,兆丰广场地下停车场,150904,停车场,长宁路999号兆丰广场B2,"121.418431,31.217565",transport,exclude_non_attraction,amap_children,2026-09-19T22:02:00+00:00
B001550C8Y,兆丰广场,B0GK7L1PJG,兆丰广场立体停车场,150904,停车场,兆丰广场(中山公园地铁站9号口步行200米),"121.419525,31.217756",transport,exclude_non_attraction,amap_children,2026-09-19T22:02:00+00:00
B0FFIX9QWJ,上海浦江万达广场,B0GK5CBTUZ,万达广场浦江店地下停车场,150904,停车场,永跃路360号上海浦江万达广场,"121.510440,31.028157",transport,exclude_non_attraction,amap_children,2026-09-19T22:02:00+00:00
B0FFIX9QWJ,上海浦江万达广场,B0GK5CB8B2,万达广场浦江店立体停车场,150904,停车场,永跃路360号上海浦江万达广场,"121.510278,31.027783",transport,exclude_non_attraction,amap_children,2026-09-19T22:02:00+00:00
B0FFL9ES83,万达广场(上海崇明店),B0GKV73KJI,上海崇明万达广场停车场,150904,停车场,崇明大道666号万达广场(上海崇明店),"121.417355,31.627530",transport,exclude_non_attraction,amap_children,2026-09-19T22:02:00+00:00
B0FFL9ES83,万达广场(上海崇明店),B0IRZ51P10,万达广场(崇明店)地下停车场,150904,停车场,崇明大道666号万达广场(上海崇明店),"121.419491,31.625346",transport,exclude_non_attraction,amap_children,2026-09-19T22:02:00+00:00
B0FFGWGY2S,绿地缤纷城(绿地中心国际广场店),B0H6ZUSDI2,绿地缤纷城徐汇店地下停车场,150904,停车场,斜土路街道东安路562号绿地缤纷城购物广场B3,"121.456618,31.183416",transport,exclude_non_attraction,amap_children,2026-09-19T22:02:02+00:00
B0FFHTSUEG,新田360广场(上海康桥店),B0H10UV8UG,新田360广场上海康桥店地下停车场,150904,停车场,秀浦路668号新田360广场(上海康桥店),"121.565396,31.124884",transport,exclude_non_attraction,amap_children,2026-09-19T22:02:02+00:00
B00156D4KK,百联南桥购物中心,B0G0RMBRFE,百联南桥购物中心地下停车场,150904,停车场,百齐路百联南桥购物中心(百齐路店),"121.485467,30.914144",transport,exclude_non_attraction,amap_children,2026-09-19T22:02:02+00:00
B00156D4KK,百联南桥购物中心,B0G0RMCVBF,百联南桥购物中心东侧停车场,150904,停车场,百齐路288号百联南桥购物中心,"121.486058,30.914337",transport,exclude_non_attraction,amap_children,2026-09-19T22:02:02+00:00
B00156D4KK,百联南桥购物中心,B0G0RMC6TK,百联南桥购物中心西侧停车场,150904,停车场,百齐路588号百联南桥购物中心,"121.484277,30.914183",transport,exclude_non_attraction,amap_children,2026-09-19T22:02:02+00:00
B0FFFRW5YX,佳源梦想广场,B0GK9UQ1YE,佳源梦想广场停车场,150904,停车场,金海公路99弄佳源梦想广场,"121.513206,30.848438",transport,exclude_non_attraction,amap_children,2026-09-19T22:02:02+00:00
B0FFFRW5YX,佳源梦想广场,B0GK9UQLJH,佳源梦想广场地下停车场,150904,停车场,金海公路与奉柘公路交叉口西140米,"121.512627,30.848444",transport,exclude_non_attraction,amap_children,2026-09-19T22:02:02+00:00
B00157917M,上海人民广场,B00156GMVW,上海人民广场武胜路地面停车场,150904,停车场,武胜路206(一大会址·黄陂南路地铁站5号口步行470米),"121.476636,31.228605",transport,exclude_non_attraction,amap_children,2026-09-19T22:02:02+00:00
B00157917M,上海人民广场,B0FFIPT71N,上海人民广场地面停车场,150904,停车场,人民大道185号上海人民广场(东南角),"121.476652,31.228184",transport,exclude_non_attraction,amap_children,2026-09-19T22:02:02+00:00
B00157917M,上海人民广场,B00152071E,上海人民广场黄陂北路地下停车场,150904,停车场,黄陂北路100号上海人民广场内(西侧),"121.472219,31.227993",transport,exclude_non_attraction,amap_children,2026-09-19T22:02:02+00:00
B001577EAC,万达广场(上海宝山店),B0GKAS0Y6B,万达广场上海宝山店地下停车场,150904,停车场,一二八纪念路956号万达广场(上海宝山店),"121.446815,31.324251",transport,exclude_non_attraction,amap_children,2026-09-19T22:02:02+00:00
B001577EAC,万达广场(上海宝山店),B0GKAS2F0K,万达广场上海宝山店南侧停车场,150904,停车场,一二八纪念路956号万达广场(上海宝山店),"121.448049,31.322948",transport,exclude_non_attraction,amap_children,2026-09-19T22:02:02+00:00
B001577EAC,万达广场(上海宝山店),B0GKAS27V3,万达广场上海宝山店东侧停车场,150904,停车场,一二八纪念路956号万达广场(上海宝山店),"121.449275,31.323594",transport,exclude_non_attraction,amap_children,2026-09-19T22:02:02+00:00
B001577EAC,万达广场(上海宝山店),B0GKAS0R3C,万达广场上海宝山店东北侧停车场,150904,停车场,一二八纪念路956号万达广场(上海宝山店),"121.449244,31.323560",transport,exclude_non_attraction,amap_children,2026-09-19T22:02:02+00:00
B0FFFAH0PD,百联南方购物中心,B0GKCRV5WY,百联南方购物中心地下停车场,150904,停车场,沪闵路7388号百联南方购物中心F4,"121.401604,31.133092",transport,exclude_non_attraction,amap_children,2026-09-19T22:02:03+00:00
B0FFFAH0PD,百联南方购物中心,B0GKCRV5WW,百联南方购物中心立体停车场,150904,停车场,沪闵路7388号百联南方购物中心F2,"121.401471,31.132522",transport,exclude_non_attraction,amap_children,2026-09-19T22:02:03+00:00
B00155QG1P,莲花国际广场,B0GKHU06PL,莲花国际广场停车场,150904,停车场,南方商城沪闵路7866号(南方休闲广场附近),"121.402426,31.134595",transport,exclude_non_attraction,amap_children,2026-09-19T22:02:03+00:00
B00155QG1P,莲花国际广场,B0GKHU1KG9,莲花国际广场地下停车场,150904,停车场,古方路与沪闵路交叉口北120米,"121.401996,31.132798",transport,exclude_non_attraction,amap_children,2026-09-19T22:02:03+00:00
B00155IVUY,大上海时代广场,B0G0FH8GBD,大上海时代广场地下停车场,150904,停车场,淮海中路99号大上海时代广场1层连卡佛,"121.479580,31.224707",transport,exclude_non_attraction,amap_children,2026-09-19T22:02:03+00:00
B00155CYS6,迪卡侬(中环百安居店),B0FFG1CWT5,迪卡侬停车场,150904,停车场,迪卡侬(中环百安居店),"121.382913,31.243060",transport,exclude_non_attraction,amap_children,2026-09-19T22:02:03+00:00
B00156F486,近铁城市广场,B0FFG2GRBB,近铁城市广场地下停车场,150904,停车场,真北路818号近铁城市广场北区B3层,"121.382414,31.233576",transport,exclude_non_attraction,amap_children,2026-09-19T22:02:03+00:00
B00155QUPM,BINGO缤谷广场,B0G0V5KBG9,缤谷广场停车场,150904,停车场,天山路341号缤谷文化休闲广场,"121.386816,31.214770",transport,exclude_non_attraction,amap_children,2026-09-19T22:02:03+00:00
B00155QUPM,BINGO缤谷广场,B0G0V5L5OF,缤谷广场地下停车场,150904,停车场,天山路341号、345号BINGO缤谷广场,"121.389630,31.213865",transport,exclude_non_attraction,amap_children,2026-09-19T22:02:03+00:00
B00155DLSA,大宁国际商业广场,B0GKCUT4RR,大宁国际商业广场地下停车场,150904,停车场,大宁路街道共和新路1878号大宁国际商业中心1座F1层,"121.451191,31.273803",transport,exclude_non_attraction,amap_children,2026-09-19T22:02:03+00:00
B00155DLSA,大宁国际商业广场,B0GKCUV32Q,大宁国际商业广场立体停车场,150904,停车场,共和新路1878-2008号大宁国际商业广场F1,"121.452244,31.273418",transport,exclude_non_attraction,amap_children,2026-09-19T22:02:03+00:00
B0FFIY2F3Y,万达广场(上海颛桥店),B0H1LRHB0N,万达广场颛桥店地下停车场,150904,停车场,颛兴东路1570号万达广场(上海颛桥店),"121.405926,31.071133",transport,exclude_non_attraction,amap_children,2026-09-19T22:02:03+00:00
B0FFIY2F3Y,万达广场(上海颛桥店),B0H1LRID8R,万达广场颛桥店立体停车场,150904,停车场,颛兴东路1570号万达广场(上海颛桥店),"121.407607,31.071397",transport,exclude_non_attraction,amap_children,2026-09-19T22:02:03+00:00
B00155L4P1,上海广场,B0G0254QJ4,上海广场停车场,150904,停车场,淮海中路138号无限度广场内,"121.477620,31.224726",transport,exclude_non_attraction,amap_children,2026-09-19T22:02:05+00:00
B00155L4P1,上海广场,B0G0257364,上海广场地下停车场,150904,停车场,淮海路东段中路138号上海广场,"121.477426,31.224905",transport,exclude_non_attraction,amap_children,2026-09-19T22:02:05+00:00
B00156E1IN,上海长风大悦城,B0GK4ANU29,长风大悦城地下停车场,150904,停车场,大渡河路196号上海长风大悦城,"121.394825,31.221944",transport,exclude_non_attraction,amap_children,2026-09-19T22:02:05+00:00
B0G3VZEL5Y,百联曲阳购物中心,B0H2NUE4LQ,百联曲阳购物中心地下停车场,150904,停车场,中山北二路1818号百联曲阳购物中心,"121.491416,31.286849",transport,exclude_non_attraction,amap_children,2026-09-19T22:02:05+00:00
B001577SKG,东方现代商业广场,B0H655NNHE,东方现代商业广场停车场,150904,停车场,东亭路513号,"121.753046,31.176777",transport,exclude_non_attraction,amap_children,2026-09-19T22:02:05+00:00
B001577SKG,东方现代商业广场,B0H655OAKU,东方现代商业广场地下停车场,150904,停车场,晨阳路225弄东方现代商业广场,"121.752466,31.176696",transport,exclude_non_attraction,amap_children,2026-09-19T22:02:05+00:00
B0FFG0XIOF,阳光天地购物中心(唐镇店),B0H6FM288B,阳光天地地下停车场,150904,停车场,高科东路777号1号阳光天地购物中心(唐镇店),"121.656974,31.213909",transport,exclude_non_attraction,amap_children,2026-09-19T22:02:05+00:00
B0KDTZC2K4,宝龙广场,B0L6NSGF3I,奉发宝龙广场停车场,150904,停车场,四团镇港佳路518弄宝龙广场,"121.731527,30.932865",transport,exclude_non_attraction,amap_children,2026-09-19T22:02:06+00:00
B0FFGH2T4O,一心玛特购物中心(合庆店),B0H62ZYEQH,一心玛特购物中心合庆店停车场,150904,停车场,东川公路5979号一心玛特购物中心(合庆店),"121.719778,31.234917",transport,exclude_non_attraction,amap_children,2026-09-19T22:02:06+00:00
B00156YKHU,曹路宝龙广场,B0FFHM9KJK,上海曹路宝龙广场地下停车场,150904,停车场,金海路2505弄宝龙城市广场,"121.654195,31.266607",transport,exclude_non_attraction,amap_children,2026-09-19T22:02:06+00:00
B0FFH319BD,三钢里,B0FFGFC8LB,三钢里停车场,150904,停车场,上南路1200弄6-20号三钢里,"121.495215,31.172788",transport,exclude_non_attraction,amap_children,2026-09-19T22:02:08+00:00
B00156YYAO,美加亿广场,B0H6RD6N1I,美加亿购物广场庆南店停车场,150904,停车场,庆南路与东川公路交叉口东北80米,"121.718900,31.237846",transport,exclude_non_attraction,amap_children,2026-09-19T22:02:08+00:00
B0FFH34SF5,江桥老街,B0H3M79YTU,江桥老街停车场,150906|150904,停车场,江桥老街,"121.343295,31.255658",transport,exclude_non_attraction,amap_children,2026-09-19T22:02:08+00:00
B0FFH34SF5,江桥老街,B0IU3DIG4J,江桥老街地面停车场,150904,停车场,江桥老街,"121.341715,31.256678",transport,exclude_non_attraction,amap_children,2026-09-19T22:02:08+00:00
B0FFH34SF5,江桥老街,B0IU3DJ38I,江桥老街地下停车场,150904,停车场,江桥老街,"121.341477,31.256470",transport,exclude_non_attraction,amap_children,2026-09-19T22:02:08+00:00
B0FFH34SF5,江桥老街,B0H3M7A6TA,江桥老街地下停车场,150904,停车场,江桥老街,"121.343255,31.256099",transport,exclude_non_attraction,amap_children,2026-09-19T22:02:08+00:00
B0FFF6XTM4,南京路世纪广场,B00155HPNU,世纪广场停车场,150904,停车场,九江路518号(进口靠近福建中路),"121.480288,31.235143",transport,exclude_non_attraction,amap_children,2026-09-19T22:02:08+00:00
B0GR66UUOU,上海蟠龙新天地,B0JAYHHZ3H,上海蟠龙新天地P1地下停车场,150904,停车场,蟠鼎路123弄8号(蟠龙路地铁站3号口步行390米),"121.276685,31.187311",transport,exclude_non_attraction,amap_children,2026-09-19T22:02:08+00:00
B0GR66UUOU,上海蟠龙新天地,B0JAB5UYMD,上海蟠龙新天地PL2地下停车场,150904,停车场,蟠鼎路123弄8号,"121.275159,31.187015",transport,exclude_non_attraction,amap_children,2026-09-19T22:02:08+00:00
B0GR66UUOU,上海蟠龙新天地,B0JATDT7HX,蟠龙新天地P5地下停车场,150904,停车场,蟠鼎路123弄8号,"121.277541,31.188878",transport,exclude_non_attraction,amap_children,2026-09-19T22:02:08+00:00
B0GR66UUOU,上海蟠龙新天地,B0JDY5UQZH,上海蟠龙新天地PL3地下停车场,150904,停车场,蟠鼎路123弄8号,"121.271756,31.190478",transport,exclude_non_attraction,amap_children,2026-09-19T22:02:08+00:00
B00157HXYL,疁城新天地,B0FFHC4BRF,疁城新天地停车场,150904,停车场,疁城新天地,"121.254971,31.382735",transport,exclude_non_attraction,amap_children,2026-09-19T22:02:10+00:00
B00157HXYL,疁城新天地,B0HGBSPE5L,疁城新天地机械停车场,150904,停车场,疁城新天地,"121.255320,31.382733",transport,exclude_non_attraction,amap_children,2026-09-19T22:02:10+00:00
B0GK6HRJLS,七宝夜市,B0I0H7VISB,七宝夜市地面停车场,150904,停车场,中谊路518号七宝夜市,"121.360154,31.142172",transport,exclude_non_attraction,amap_children,2026-09-19T22:02:10+00:00
B0FFFWZ4VU,上海临港宝龙广场,B0G0753KHX,上海临港宝龙广场停车场,150904,停车场,鸿音路3155弄128号临港宝龙广场1层底商,"121.816123,30.907160",transport,exclude_non_attraction,amap_children,2026-09-19T22:02:10+00:00
B00156F41B,名岛生活广场,B0H61SNROK,名岛生活广场停车场,150904,停车场,崇明区-陈彷公路1弄1号,"121.810106,31.496468",transport,exclude_non_attraction,amap_children,2026-09-19T22:02:10+00:00
B0FFGQJNTO,十尚坊,B0H2AC647Y,十尚坊停车场停车场,150904,停车场,龙茗路1001号十尚坊,"121.385988,31.138197",transport,exclude_non_attraction,amap_children,2026-09-19T22:02:11+00:00
B0FFGFBCH7,乐坊·羽山生活广场,B0G0TLGJFN,上海乐坊羽山生活广场停车场,150904,停车场,崮山路717号乐坊·羽山生活广场,"121.561065,31.238665",transport,exclude_non_attraction,amap_children,2026-09-19T22:02:11+00:00
B00156TH31,最家空间·亿丰时代广场,B0G0T9HD0G,亿丰时代广场地下停车场,150904,停车场,云台路800号最家空间·亿丰时代广场,"121.506623,31.163668",transport,exclude_non_attraction,amap_children,2026-09-19T22:02:11+00:00
B0FFFPWS71,三湘商业广场,B0H657OZRA,三湘商业广场地下停车场,150904,停车场,横港公路37-45号(近泗陈公路)三湘商业广场,"121.261322,31.117709",transport,exclude_non_attraction,amap_children,2026-09-19T22:02:11+00:00
B0FFFPWS71,三湘商业广场,B0H657OSDR,三湘商业广场顶楼停车场,150904,停车场,横港公路37-45号(近泗陈公路)三湘商业广场,"121.258363,31.117794",transport,exclude_non_attraction,amap_children,2026-09-19T22:02:11+00:00
B0FFGEQRZ8,苏宁生活广场(达政路),B0GKY9JHQ7,苏宁生活广场停车场,150904,停车场,南奉公路7500号苏宁生活广场,"121.489035,30.919038",transport,exclude_non_attraction,amap_children,2026-09-19T22:02:11+00:00
B0FFGEQRZ8,苏宁生活广场(达政路),B0K6JHTU3C,苏宁生活广场地面停车场,150904,停车场,南奉公路7500号苏宁生活广场,"121.488845,30.918918",transport,exclude_non_attraction,amap_children,2026-09-19T22:02:11+00:00
B001573BRE,红太阳商业广场,B0GKC7V4O8,红太阳商业广场地下停车场,150904,停车场,通河路535号红太阳商业广场B2,"121.445707,31.337968",transport,exclude_non_attraction,amap_children,2026-09-19T22:02:13+00:00
B0I30SLIDQ,上海TSF购物中心,B0J2352OKA,上海TSF购物中心停车场,150904,停车场,白银路223号上海TSF购物中心,"121.262644,31.352498",transport,exclude_non_attraction,amap_children,2026-09-19T22:02:13+00:00
B00151B309,证大大拇指广场,B0GKMRS9V7,证大·大拇指广场地下停车场,150904,停车场,芳甸路199弄证大大拇指广场,"121.560307,31.227626",transport,exclude_non_attraction,amap_children,2026-09-19T22:02:13+00:00
B0KDF5WRX2,D11生活广场,B0JUR7AF9S,D11生活广场地下停车场,150904,停车场,成山路1111号D11生活广场,"121.520332,31.175148",transport,exclude_non_attraction,amap_children,2026-09-19T22:02:13+00:00
B0FFG0THXM,同乐生活广场,B0H6TS5VWW,同乐生活广场地面停车场,150904,停车场,洞泾镇同乐路399号同乐生活广场,"121.269226,31.087731",transport,exclude_non_attraction,amap_children,2026-09-19T22:02:13+00:00
B00155MS14,森宏购物广场,B0G097QUOZ,森宏购物广场停车场,150904,停车场,三林镇长清路1200号森宏广场B1,"121.489898,31.149995",transport,exclude_non_attraction,amap_children,2026-09-19T22:02:13+00:00
B00155MS14,森宏购物广场,B0G097QFLB,森宏购物广场地下停车场,150904,停车场,长清路1200弄森宏购物广场,"121.492250,31.150030",transport,exclude_non_attraction,amap_children,2026-09-19T22:02:13+00:00
B00156NSWB,中原城市广场,B0GK7R1WU1,中原城市广场停车场,150904,停车场,国和路701号中原城市广场B2,"121.521368,31.314902",transport,exclude_non_attraction,amap_children,2026-09-19T22:02:13+00:00
B00156NSWB,中原城市广场,B0GK7R2PT2,中原城市广场地下停车场,150904,停车场,国和路709号,"121.522708,31.315032",transport,exclude_non_attraction,amap_children,2026-09-19T22:02:13+00:00
B00155MPIV,三号湾广场,B0GK7R34P6,三号湾广场地下停车场,150904,停车场,国定路333号三号湾广场B2,"121.509125,31.296722",transport,exclude_non_attraction,amap_children,2026-09-19T22:02:13+00:00
B0GRP5KWUA,马利来广场,B0HBK7T6KA,马利来广场停车场,150904,停车场,马利来广场,"121.239925,31.058347",transport,exclude_non_attraction,amap_children,2026-09-19T22:02:13+00:00
B0GRP5KWUA,马利来广场,B0HBK7SJKX,马利来广场地下停车场,150904,停车场,马利来广场,"121.240115,31.058269",transport,exclude_non_attraction,amap_children,2026-09-19T22:02:13+00:00
B00155FP7Y,万达广场C栋,B0H6SAZD66,五角场万达广场C栋地下停车场,150904,停车场,淞沪路77号五角场万达广场C栋F1,"121.512834,31.302428",transport,exclude_non_attraction,amap_children,2026-09-19T22:02:15+00:00
B0FFFR0PVM,夏威夷广场,B0H6G5ZNIB,夏威夷广场停车场,150904,停车场,浦江镇召楼路2370弄,"121.538786,31.061987",transport,exclude_non_attraction,amap_children,2026-09-19T22:02:15+00:00
B0FFFR0PVM,夏威夷广场,B0H6G5YM2Q,夏威夷广场地下停车场,150904,停车场,召楼路与江文路交叉口北160米,"121.537948,31.063040",transport,exclude_non_attraction,amap_children,2026-09-19T22:02:15+00:00
B0FFH8HEW5,乐尚天地生活广场,B0GK27JKS2,乐尚天地生活广场停车场,150904,停车场,南乐路456号,"121.296671,31.025363",transport,exclude_non_attraction,amap_children,2026-09-19T22:02:15+00:00
B0FFH8HEW5,乐尚天地生活广场,B0GK27JDAN,乐尚天地生活广场地下停车场,150904,停车场,南乐路与茸翔路交叉口西北240米,"121.296414,31.026033",transport,exclude_non_attraction,amap_children,2026-09-19T22:02:15+00:00
B0FFGY7V84,五龙商业广场,B0GKAS2N4S,五龙商业广场地下停车场,150904,停车场,光星路1399号五龙商业广场,"121.240825,31.055078",transport,exclude_non_attraction,amap_children,2026-09-19T22:02:15+00:00
B0FFGY7V84,五龙商业广场,B0GKAS16L2,五龙商业广场西停车场,150904,停车场,光星路1399号五龙商业广场,"121.240031,31.055480",transport,exclude_non_attraction,amap_children,2026-09-19T22:02:15+00:00
B0FFGY7V84,五龙商业广场,B0GKAS2N4T,五龙商业广场南停车场,150904,停车场,中山街道光星路1399号五龙·商业广场B1,"121.240802,31.054854",transport,exclude_non_attraction,amap_children,2026-09-19T22:02:15+00:00
B00155LDN2,鹿都国际购物广场,B0G0T1H635,鹿都国际购物广场停车场,150904,停车场,松汇中路568号鹿都国际购物广场,"121.235605,31.005051",transport,exclude_non_attraction,amap_children,2026-09-19T22:02:15+00:00
B00155LDN2,鹿都国际购物广场,B0G0T1GJM8,鹿都国际购物广场地下停车场,150904,停车场,松汇中路568号鹿都国际购物广场,"121.235543,31.004903",transport,exclude_non_attraction,amap_children,2026-09-19T22:02:15+00:00
B0FFIXD8PV,万辉国际广场,B0G03UFSWK,万辉国际广场立体停车场,150904,停车场,虹梅南路863号万辉国际广场,"121.422488,31.123836",transport,exclude_non_attraction,amap_children,2026-09-19T22:02:15+00:00
B0FFIXD8PV,万辉国际广场,B0G03UFSWL,万辉国际广场地下停车场,150904,停车场,虹梅南路863号万辉国际广场,"121.422396,31.124091",transport,exclude_non_attraction,amap_children,2026-09-19T22:02:15+00:00
B00156NUDW,建滔商业广场,B0G0XD1B4S,建滔商业广场地下停车场,150904,停车场,通协路269号,"121.356648,31.225532",transport,exclude_non_attraction,amap_children,2026-09-19T22:02:15+00:00
B0IK4MLWHP,舒也时代广场,B0M60GLG9Z,舒也时代广场门前停车场,150904,停车场,老沪闵路1388号舒也时代广场,"121.433736,31.110930",transport,exclude_non_attraction,amap_children,2026-09-19T22:02:15+00:00
B0015729BC,龙盛国际商业广场,B0G0OHVBHZ,龙盛国际商业广场地下停车场,150904,停车场,都市路3759号龙盛国际商业广场,"121.398162,31.084604",transport,exclude_non_attraction,amap_children,2026-09-19T22:02:15+00:00
B0015729BC,龙盛国际商业广场,B0G0OHVBI0,龙盛国际商业广场停车场,150904,停车场,都市路3759号龙盛国际商业广场B1,"121.398175,31.084837",transport,exclude_non_attraction,amap_children,2026-09-19T22:02:15+00:00
B00155KOGK,新大陆广场,B0G0X505U9,新大陆广场地下停车场,150904,停车场,南泉北路588号新大陆广场B1,"121.518328,31.229248",transport,exclude_non_attraction,amap_children,2026-09-19T22:02:15+00:00
B0FFHFTLMO,满天星生活广场(莲花南路),B0H2KU8BTG,满天星生活广场地下停车场,150904,停车场,曹家塘路与永德路交叉口南100米,"121.445722,31.039080",transport,exclude_non_attraction,amap_children,2026-09-19T22:02:16+00:00
B00157H8SA,连城商业广场,B0GK55AFKU,连城商业广场地下停车场,150904,停车场,南桥镇沪杭公路228号连城商业广场,"121.431703,30.988658",transport,exclude_non_attraction,amap_children,2026-09-19T22:02:16+00:00
B00157H8SA,连城商业广场,B0GK55BLPK,连城商业广场停车场,150904,停车场,南桥镇沪杭公路228号连城商业广场,"121.431239,30.988456",transport,exclude_non_attraction,amap_children,2026-09-19T22:02:16+00:00
B0FFH95A6W,富都广场,B0H6774SFL,富都广场地下停车场,150904,停车场,蓝村路529号富都广场(蓝村路地铁站1号口步行190米),"121.529449,31.212081",transport,exclude_non_attraction,amap_children,2026-09-19T22:02:16+00:00
B0FFH95A6W,富都广场,B0H6773J28,富都广场停车场,150904,停车场,东方路1367号富都广场F1层,"121.529682,31.212205",transport,exclude_non_attraction,amap_children,2026-09-19T22:02:16+00:00
B0FFFWOFFJ,天乐广场,B0H6YZ8XHO,天乐广场停车场,150904,停车场,虹桥镇银亭路68号天乐广场,"121.375389,31.172282",transport,exclude_non_attraction,amap_children,2026-09-19T22:02:16+00:00
B0FFFHAM43,1088广场,B0L6OUFG20,1088生活广场地下停车场,150904,停车场,浦东南路1088号1088生活广场B2,"121.515390,31.228426",transport,exclude_non_attraction,amap_children,2026-09-19T22:02:16+00:00
B00155HC6V,联洋广场,B0G09CRGDW,联洋广场停车场,150904,停车场,芳甸路208-232号,"121.557751,31.227169",transport,exclude_non_attraction,amap_children,2026-09-19T22:02:16+00:00
B00155HC6V,联洋广场,B0G09CQF9S,联洋广场地下停车场,150904,停车场,芳甸路300号联洋广场B2,"121.556784,31.226880",transport,exclude_non_attraction,amap_children,2026-09-19T22:02:16+00:00
B0H26C0N1Y,上海信泰中心商场,B0L1FCYW2E,上海信泰中心商场地下停车场,150904,停车场,大渡河路1428-1438号上海信泰中心商场,"121.395311,31.242428",transport,exclude_non_attraction,amap_children,2026-09-19T22:02:16+00:00
B001570E1K,恒生商业广场,B0G0XU16E5,恒生商业广场地下停车场,150904,停车场,恒生商业广场,"121.678941,31.240516",transport,exclude_non_attraction,amap_children,2026-09-19T22:02:16+00:00
B00155KVYR,118广场(金沙江路店),B0GK9RQBFP,118广场地下停车场,150904,停车场,金沙江路1685号118广场(金沙江路店),"121.376286,31.230563",transport,exclude_non_attraction,amap_children,2026-09-19T22:02:16+00:00
B0FFIQCA5U,明中广场,B0GKJUZ1RV,明中广场停车场,150904,停车场,新育路明中广场(南侧),"121.320700,31.072482",transport,exclude_non_attraction,amap_children,2026-09-19T22:02:18+00:00
B0FFIQCA5U,明中广场,B0GKJUZ1RW,明中广场立体停车场,150904,停车场,明中路1885号明中广场,"121.320826,31.072166",transport,exclude_non_attraction,amap_children,2026-09-19T22:02:18+00:00
B0G3RUBWTA,桃源π商业广场,B0H2NUFM3B,桃源π商业广场地下停车场,150904,停车场,泸定路388号(桃源派商业广场),"121.388169,31.226448",transport,exclude_non_attraction,amap_children,2026-09-19T22:02:18+00:00
B0G3RUBWTA,桃源π商业广场,B0H2NUFM3C,桃源π商业广场停车场,150904,停车场,泸定路与同普路交叉口南180米,"121.388521,31.226128",transport,exclude_non_attraction,amap_children,2026-09-19T22:02:18+00:00
B0FFJYROZU,乐坊·虹井生活广场,B0H125AJ2A,乐坊·虹井生活广场北地面停车场,150904,停车场,虹井路288号乐坊·虹井生活广场,"121.371877,31.176938",transport,exclude_non_attraction,amap_children,2026-09-19T22:02:18+00:00
B0FFJYROZU,乐坊·虹井生活广场,B0H125ABIF,乐坊虹井店南停车场,150904,停车场,虹井路288号乐坊·虹井生活广场,"121.371013,31.176281",transport,exclude_non_attraction,amap_children,2026-09-19T22:02:18+00:00
B0FFJYROZU,乐坊·虹井生活广场,B0KK05DWSD,乐坊·虹井生活广场地下停车场,150904,停车场,虹井路288号乐虹坊精致生活广场B1,"121.372187,31.176844",transport,exclude_non_attraction,amap_children,2026-09-19T22:02:18+00:00
B0FFGMXZ2U,友谊商城(百联南方购物中心店),B0FFLFI9F0,百联南方2区地下停车场,150904,停车场,友谊商城(百联南方购物中心店),"121.398968,31.131673",transport,exclude_non_attraction,amap_children,2026-09-19T22:02:18+00:00
B0FFKIZHXW,虹桥丽宝广场,B0HB2UXSRI,上海虹桥丽宝广场地下停车场,150904,停车场,锡虹路368号虹桥丽宝广场,"121.310692,31.195377",transport,exclude_non_attraction,amap_children,2026-09-19T22:02:18+00:00
B0K3OCSG96,中集美兰湖金地广场A馆,B0KKSCWTUJ,中集美兰湖金地广场A馆地下停车场,150904,停车场,沪太公路6942号中集美兰湖金地广场A馆,"121.348992,31.400877",transport,exclude_non_attraction,amap_children,2026-09-19T22:02:18+00:00
B0FFGFBBXM,金桥大拇指广场,B0GKC7TW5D,金桥大拇指广场停车场,150904,停车场,平度路258号维也纳酒店(金桥公园店)附近,"121.592168,31.254868",transport,exclude_non_attraction,amap_children,2026-09-19T22:02:18+00:00
B0FFH997UC,旭辉Mall,B0H65ZLEZ3,旭辉Mall停车场,150904,停车场,控江路2068号旭辉商业广场B1(鞍山新村地铁站4号口旁),"121.508740,31.273054",transport,exclude_non_attraction,amap_children,2026-09-19T22:02:18+00:00
B0FFH997UC,旭辉Mall,B0H6Z5RT4V,旭辉Mall地下停车场,150904,停车场,控江路2066号旭辉Mall,"121.509070,31.273984",transport,exclude_non_attraction,amap_children,2026-09-19T22:02:18+00:00
B00155L4JB,金鹰国际购物中心(上海店),B0GKC7V4LA,金鹰国际购物中心上海店地下停车场,150904,停车场,陕西北路278号金鹰国际购物中心B1,"121.454892,31.228760",transport,exclude_non_attraction,amap_children,2026-09-19T22:02:19+00:00
B00155L4JB,金鹰国际购物中心(上海店),B0GKC7UPSY,金鹰国际购物中心上海店停车场,150904,停车场,陕西北路278号金鹰国际购物中心B1,"121.454534,31.228932",transport,exclude_non_attraction,amap_children,2026-09-19T22:02:19+00:00
B0FFF68Z1J,上海绿地·缤纷广场,B0G0FLB9QM,上海绿地缤纷广场停车场,150904,停车场,年家浜路238号绿地·缤纷广场B1,"121.593785,31.112472",transport,exclude_non_attraction,amap_children,2026-09-19T22:02:19+00:00
B0FFF68Z1J,上海绿地·缤纷广场,B0G0FLCB9V,上海绿地缤纷广场地下停车场,150904,停车场,年家浜东路238号上海绿地缤纷广场B1,"121.593714,31.113054",transport,exclude_non_attraction,amap_children,2026-09-19T22:02:19+00:00
B0FFG7KRLT,湖滨道购物中心,B0H6P7QCVH,湖滨道地下停车场,150904,停车场,湖滨道购物中心,"121.478891,31.221536",transport,exclude_non_attraction,amap_children,2026-09-19T22:02:19+00:00
B0FFG7KRLT,湖滨道购物中心,B0H6P7QCVI,湖滨道停车场,150904,停车场,湖滨道购物中心,"121.478732,31.221005",transport,exclude_non_attraction,amap_children,2026-09-19T22:02:19+00:00
B0HGCAJ2WX,锦沧文华广场,B0L1TA2C8E,锦沧文华广场地下停车场,150904,停车场,南京西路1225号锦沧文华广场,"121.454650,31.226569",transport,exclude_non_attraction,amap_children,2026-09-19T22:02:19+00:00
B0FFHUFHQ3,上海苏航生活广场,B0H6MZFPHC,上海苏航生活广场停车场,150904,停车场,航头路与沪南公路交叉口西60米,"121.596455,31.033978",transport,exclude_non_attraction,amap_children,2026-09-19T22:02:19+00:00
B0H1KH2FYJ,万泰广场,B0H1L7IJZV,万泰广场地下停车场,150904,停车场,广灵二路265号万泰广场,"121.474803,31.283505",transport,exclude_non_attraction,amap_children,2026-09-19T22:02:19+00:00
B001571RQP,力宝广场,B0H65AN3KG,力宝广场地下停车场,150904,停车场,淮海中路222号力宝广场,"121.476110,31.224224",transport,exclude_non_attraction,amap_children,2026-09-19T22:02:19+00:00
B001571RQP,力宝广场,B0GKHSZ2TG,力宝广场停车场,150904,停车场,淮海中路222号力宝广场,"121.475816,31.224722",transport,exclude_non_attraction,amap_children,2026-09-19T22:02:19+00:00
B0L1TL4HXU,上海协信星光广场,B0HA1ADV6E,上海协信星光广场地下停车场,150904,停车场,寿阳路99号协信星光广场F1,"121.457737,31.297523",transport,exclude_non_attraction,amap_children,2026-09-19T22:02:19+00:00
B0FFL2KX4F,宝华商业广场(四川北路商业街店),B0I6BSOOL6,宝华商业广场地下停车场,150904,停车场,宝华商业广场(四川北路商业街店),"121.485001,31.263891",transport,exclude_non_attraction,amap_children,2026-09-19T22:02:19+00:00
B0FFHVP02T,无限极荟购物中心,B0GKX5FBRG,无限极荟购物中心地下停车场,150904,停车场,无限极荟购物中心,"121.477464,31.220685",transport,exclude_non_attraction,amap_children,2026-09-19T22:02:21+00:00
B0FFL9YQXU,荟品仓城市奥莱广场(青浦),B0H6HSHTLN,荟品仓青浦仓停车场,150904,停车场,沪青平公路5669弄地下一层,"121.101180,31.134755",transport,exclude_non_attraction,amap_children,2026-09-19T22:02:21+00:00
B0FFL9YQXU,荟品仓城市奥莱广场(青浦),B0H6HSH6EW,荟品仓青浦仓地下停车场,150904,停车场,沪青平公路5599号金域广场,"121.100625,31.134380",transport,exclude_non_attraction,amap_children,2026-09-19T22:02:21+00:00
B00155LCG4,樱花广场,B0H6R58MXE,樱花广场停车场,150904,停车场,松江大学城文汇路600弄到底左转入口,"121.205069,31.049751",transport,exclude_non_attraction,amap_children,2026-09-19T22:02:21+00:00
B00156GTHS,汇阳广场,B0G0FH7LJO,汇阳广场地下停车场,150904,停车场,田林东路75号汇阳广场,"121.432689,31.174167",transport,exclude_non_attraction,amap_children,2026-09-19T22:02:21+00:00
B0FFLF8AFI,上海桥梓湾购物中心(三元路店),B0H67C4RK9,上海桥梓湾购物中心三元路店地下停车场,150904,停车场,公园路700号上海桥梓湾购物中心(公园路)1层,"121.113016,31.150263",transport,exclude_non_attraction,amap_children,2026-09-19T22:02:21+00:00
B0FFF64PG6,同济联合广场,B0H627YV2M,同济联合广场地下停车场,150904,停车场,四平路1388-1398号,"121.508094,31.281171",transport,exclude_non_attraction,amap_children,2026-09-19T22:02:21+00:00
B0FFGWF0PQ,汇金奥特莱斯南商场,B0H6RU9OLD,汇金奥特莱斯南商场地下停车场,150904,停车场,石龙路750-3号B1层汇金奥特莱斯南商场,"121.431234,31.151144",transport,exclude_non_attraction,amap_children,2026-09-19T22:02:21+00:00
B0LAYUW7H2,近铁城市广场北区,B0M647KDDG,小哈换电上海市普陀区近铁城市广场商场北区(西北1门)换电柜,070000,门,金沙江路1518号近铁城市广场北区,"121.383475,31.232675",service,exclude_non_attraction,amap_children,2026-09-19T22:02:23+00:00
B0FFI73ZPU,满天星生活广场(马桥店),B0HB4UAE4H,满天星生活广场地下停车场,150904,停车场,银春路2276号满天星生活广场(马桥店),"121.385649,31.025021",transport,exclude_non_attraction,amap_children,2026-09-19T22:02:23+00:00
B0FFI73ZPU,满天星生活广场(马桥店),B0HB4U9K1U,满天星生活广场停车场(内部专用),150905,停车场,银春路2276号满天星生活广场(马桥店),"121.388213,31.026274",transport,exclude_non_attraction,amap_children,2026-09-19T22:02:23+00:00
B00155LGEU,好爱广场,B0IG7SQL7I,好爱广场地面停车场,150904,停车场,梅州路与都市路交叉口西南140米,"121.396916,31.088300",transport,exclude_non_attraction,amap_children,2026-09-19T22:02:23+00:00
B00156NZ1G,盛源生活广场,B0GK4ZM99O,盛源生活广场停车场,150904,停车场,柳营路777号盛源生活广场B2,"121.455724,31.264240",transport,exclude_non_attraction,amap_children,2026-09-19T22:02:23+00:00
B00156NZ1G,盛源生活广场,B0GK4ZM99M,盛源生活广场地下停车场,150904,停车场,柳营路777号盛源生活广场,"121.455797,31.263889",transport,exclude_non_attraction,amap_children,2026-09-19T22:02:23+00:00
B0FFL5LE2R,东苑米兰广场,B0I0OZ5UQS,东苑米兰广场地面停车场,150904,停车场,颛兴路188号东苑米兰广场,"121.395632,31.066460",transport,exclude_non_attraction,amap_children,2026-09-19T22:02:24+00:00
B0015733SL,祥腾生活广场,B0H6RU99PJ,祥腾生活广场地下停车场,150904,停车场,淞发路与淞肇路交叉口西200米,"121.480660,31.340707",transport,exclude_non_attraction,amap_children,2026-09-19T22:02:24+00:00
B0FFG95IEJ,上坤上街购物中心,B0G0RCE9BA,上坤上街购物中心地下停车场,150904,停车场,塘西街299弄5号楼上坤上街购物中心,"121.342491,31.417873",transport,exclude_non_attraction,amap_children,2026-09-19T22:02:24+00:00
B0FFG95IEJ,上坤上街购物中心,B0G0RCD7IB,上坤上街购物中心北侧停车场,150904,停车场,塘西街299弄5号楼上坤上街购物中心,"121.343000,31.419712",transport,exclude_non_attraction,amap_children,2026-09-19T22:02:24+00:00
B0FFG95IEJ,上坤上街购物中心,B0GKGRAI9J,上坤上街购物中心南侧停车场,150904,停车场,塘西街299弄5号楼上坤上街购物中心,"121.342854,31.417820",transport,exclude_non_attraction,amap_children,2026-09-19T22:02:24+00:00
B0FFK4T049,绚荟城(北建华清商业广场店),B0HBMSMBPA,绚荟城屋顶停车场,150904,停车场,莲花南路1388弄7号绚荟城(北建华清商业广场店),"121.410583,31.100844",transport,exclude_non_attraction,amap_children,2026-09-19T22:02:24+00:00
B0FFGZH8EM,上海协信星光广场北里,B0FFM89CG7,上海协信星光广场北里地下停车场,150904,停车场,江场路1288弄,"121.457623,31.297388",transport,exclude_non_attraction,amap_children,2026-09-19T22:02:26+00:00
B0G2AC6VJX,太平洋中环广场,B0J3MZFHLP,太平洋中环广场地下停车场,150904,停车场,太平洋中环广场,"121.579295,31.151949",transport,exclude_non_attraction,amap_children,2026-09-19T22:02:26+00:00
B00155MVT0,古美生活购物广场,B0GKMRSHG9,古美生活购物广场停车场,150904,停车场,龙茗路1300弄81号,"121.386494,31.143144",transport,exclude_non_attraction,amap_children,2026-09-19T22:02:26+00:00
B00155MVT0,古美生活购物广场,B0GKMRU8N4,古美生活购物广场地下停车场,150904,停车场,古龙路1065弄66号,"121.386618,31.142813",transport,exclude_non_attraction,amap_children,2026-09-19T22:02:26+00:00
B0FFHN3M26,高境文化广场,B0H6FA1U8A,高境文化广场停车场,150904,停车场,殷高西路与江杨南路交叉口东100米,"121.469180,31.319796",transport,exclude_non_attraction,amap_children,2026-09-19T22:02:26+00:00
B0FFHN3M26,高境文化广场,B0H6FA2N6E,高境文化广场地下停车场,150904,停车场,殷高西路与江杨南路交叉口东北80米,"121.468859,31.319861",transport,exclude_non_attraction,amap_children,2026-09-19T22:02:26+00:00
B0JKDH5UFH,夏园恒茂广场,B0KRAAB5GT,夏园恒茂广场地面停车场,150904,停车场,牡丹江路1081号夏园恒茂广场,"121.491228,31.390676",transport,exclude_non_attraction,amap_children,2026-09-19T22:02:27+00:00
B0G26KIN4N,宝山万渡广场,B0IG1AEUZ8,宝山万渡广场地面停车场,150904,停车场,宝山万渡广场(通河新村地铁站3号口步行430米),"121.442379,31.327162",transport,exclude_non_attraction,amap_children,2026-09-19T22:02:27+00:00
B0FFF49X49,东阔生活广场,B0H69DKC7C,东阔生活广场停车场,150904,停车场,华发路272号东阔生活广场B1,"121.449519,31.127030",transport,exclude_non_attraction,amap_children,2026-09-19T22:02:27+00:00
B0FFF49X49,东阔生活广场,B0H69DKC7B,东阔生活广场地下停车场,150904,停车场,华发路272号东阔生活广场B1,"121.450625,31.127436",transport,exclude_non_attraction,amap_children,2026-09-19T22:02:27+00:00
B0FFGCENS3,瓯盛购物广场(闵行店),B0H6FH3GVV,瓯盛购物广场闵行店停车场,150904,停车场,康华路与三鲁公路交叉口西160米,"121.523905,31.067952",transport,exclude_non_attraction,amap_children,2026-09-19T22:02:27+00:00
B0L6DZOTBZ,中集金地广场湖里,B0K24RHGBG,中集金地广场湖里地下停车场,150904,停车场,中集金地广场湖里(美兰湖地铁站2号口步行450米),"121.350316,31.398564",transport,exclude_non_attraction,amap_children,2026-09-19T22:02:27+00:00
B0FFIGGS8E,大骏百货(金汇商业广场),B0H6RUA3QC,大骏百货地面停车场,150904,停车场,大骏百货(金汇商业广场),"121.503278,30.989195",transport,exclude_non_attraction,amap_children,2026-09-19T22:02:28+00:00
B0FFIGGS8E,大骏百货(金汇商业广场),B0J29M5T92,大骏百货地下停车场,150904,停车场,大骏百货(金汇商业广场),"121.502549,30.989028",transport,exclude_non_attraction,amap_children,2026-09-19T22:02:28+00:00
B0FFFSFRHD,翼生活广场,B0H625XTLM,翼生活广场地下停车场,150904,停车场,竹韵路与水产路交口翼生活广场,"121.442623,31.366476",transport,exclude_non_attraction,amap_children,2026-09-19T22:02:28+00:00
B00156EQ02,南方休闲广场台湾风情街,B0FFHIY3Z5,南方休闲广场台湾风情街停车场,150904,停车场,古方路76号南方休闲广场台湾风情街,"121.401774,31.133271",transport,exclude_non_attraction,amap_children,2026-09-19T22:02:28+00:00
B00156EQ02,南方休闲广场台湾风情街,B0IG2A57F2,南方休闲广场台湾风情街地面停车场,150904,停车场,古方路76号南方休闲广场台湾风情街,"121.401699,31.133235",transport,exclude_non_attraction,amap_children,2026-09-19T22:02:28+00:00
B0J1VH8WSI,御桥九六广场,B0MAD1KKUC,御桥九六广场-地下停车场,150904,停车场,御桥路999号御桥九六广场,"121.553901,31.156226",transport,exclude_non_attraction,amap_children,2026-09-19T22:02:28+00:00
B00155KSKR,九号商场,B0H69CL91M,九号商场地下停车场,150904,停车场,崇德路与济南路交叉口西40米,"121.477734,31.221515",transport,exclude_non_attraction,amap_children,2026-09-19T22:02:28+00:00
B0FFH1X93A,乐坊精致生活广场(宝山大华店),B0H6T56Q9S,乐坊精致生活广场宝山大华店地下停车场,150904,停车场,大场镇真北路4288号乐坊精致生活广场(宝山大华店),"121.408659,31.291312",transport,exclude_non_attraction,amap_children,2026-09-19T22:02:30+00:00
B0FFH1X93A,乐坊精致生活广场(宝山大华店),B0H6T574A6,乐坊精致生活广场宝山大华店停车场,150904,停车场,大场镇真北路4288号乐坊精致生活广场(宝山大华店),"121.407730,31.291486",transport,exclude_non_attraction,amap_children,2026-09-19T22:02:30+00:00
B0FFGYXCDK,金铭文博水景苑商业楼,B0IU3ZGDJI,集颛桥地下停车场,150904,停车场,金铭文博水景苑商业楼,"121.405055,31.068452",transport,exclude_non_attraction,amap_children,2026-09-19T22:02:30+00:00
B0FFH186Z4,场北商业广场,B0H6F52CN1,场北商业广场地下停车场,150904,停车场,庙行镇场北路704号,"121.425873,31.331248",transport,exclude_non_attraction,amap_children,2026-09-19T22:02:30+00:00
B0FFGVY1EG,闿和阳光广场,B0HBYSFTXC,驿停车闿和阳光广场地下停车场,150904,停车场,镇东路与杨行东街交叉口东南40米,"121.444956,31.377680",transport,exclude_non_attraction,amap_children,2026-09-19T22:02:30+00:00
B0FFGVY1EG,闿和阳光广场,B0FFGLLU5Q,闿和阳光广场停车场,150904,停车场,闿和,"121.445185,31.378071",transport,exclude_non_attraction,amap_children,2026-09-19T22:02:30+00:00
B0JBD5YTEP,闵行宝龙广场(吴泾店),B0H1X74H0C,上海吴泾宝龙广场-地下停车场,150904,停车场,尚义路35号,"121.451665,31.038590",transport,exclude_non_attraction,amap_children,2026-09-19T22:02:30+00:00
B0FFJA57KY,紫叶广场,B0H6TA6OYP,紫叶广场地下停车场,150904,停车场,紫星路488弄129号紫叶广场,"121.463538,31.022061",transport,exclude_non_attraction,amap_children,2026-09-19T22:02:30+00:00
B0FFJA57KY,紫叶广场,B0H6TA5CPF,紫叶广场立体停车场,150904,停车场,紫星路488弄129号紫叶广场,"121.464172,31.022254",transport,exclude_non_attraction,amap_children,2026-09-19T22:02:30+00:00
B0LG553VDE,万莱广场,B0L1VABFKD,万莱广场停车场,150904,停车场,南桥运河路绿地方舟商务楼,"121.466346,30.926745",transport,exclude_non_attraction,amap_children,2026-09-19T22:02:31+00:00
B0FFKOZCLA,凌云一街坊美食,B0H125AQ5Q,1街坊地下停车场,150904,停车场,上中西路280号凌云一街坊美食,"121.425241,31.135503",transport,exclude_non_attraction,amap_children,2026-09-19T22:02:31+00:00
B0FFKOZCLA,凌云一街坊美食,B0H1259WT2,1街坊停车场,150904,停车场,上中西路280号凌云一街坊美食,"121.425646,31.135758",transport,exclude_non_attraction,amap_children,2026-09-19T22:02:31+00:00
B0FFKOZCLA,凌云一街坊美食,B0H1259WT3,1街坊立体停车场,150904,停车场,上中西路280号凌云一街坊美食,"121.425508,31.135744",transport,exclude_non_attraction,amap_children,2026-09-19T22:02:31+00:00
B0FFHR3FMH,星宝购物中心,B0HB65N03P,星宝购物中心地下停车场,150904,停车场,漕宝路1546号,"121.379238,31.157215",transport,exclude_non_attraction,amap_children,2026-09-19T22:02:31+00:00
B0FFHR3FMH,星宝购物中心,B0HB65M6AA,星宝购物中心东停车场,150904,停车场,古美路街道漕宝路1574号(近虹莘路)星宝购物中心,"121.379531,31.157385",transport,exclude_non_attraction,amap_children,2026-09-19T22:02:31+00:00
B0FFHR3FMH,星宝购物中心,B0HB65M6A9,星宝购物中心南停车场,150904,停车场,古美路街道漕宝路1574号(近虹莘路)星宝购物中心,"121.378715,31.156376",transport,exclude_non_attraction,amap_children,2026-09-19T22:02:31+00:00
B0HRJZNI9L,嘉亭荟城市生活广场2期,B0L26MEFVW,嘉亭荟城市生活广场2期地下停车场,150904,停车场,嘉亭荟城市生活广场2期(安亭地铁站3号口步行350米),"121.162287,31.286412",transport,exclude_non_attraction,amap_children,2026-09-19T22:02:31+00:00
B0HU6S1T1V,华寿商业广场,B0H2PUOMXZ,华寿商业广场停车场,150904,停车场,华志路559弄1号楼华寿商业广场营销中心,"121.231409,31.230542",transport,exclude_non_attraction,amap_children,2026-09-19T22:02:31+00:00
B0HU6S1T1V,华寿商业广场,B0H237Q52G,华寿商业广场停车场,150904,停车场,华志路559弄1号楼华寿商业广场营销中心,"121.231894,31.230801",transport,exclude_non_attraction,amap_children,2026-09-19T22:02:31+00:00
B0FFGJ9MPU,新尚生活广场,B0H69DI6EG,新尚生活广场停车场,150904,停车场,新凤中路与华志路交叉口南80米,"121.226390,31.231178",transport,exclude_non_attraction,amap_children,2026-09-19T22:02:31+00:00
B0FFGJ9MPU,新尚生活广场,B0H69DKC71,新尚生活广场地下停车场,150904,停车场,华志路与新凤中路交叉口西南120米,"121.225486,31.231429",transport,exclude_non_attraction,amap_children,2026-09-19T22:02:31+00:00
B0FFFZ070Q,绿地东海岸时代广场,B0H6DS85XW,施湾绿地新都会北侧停车场,150904,停车场,施新路802弄绿地东海岸时代广场,"121.756694,31.147553",transport,exclude_non_attraction,amap_children,2026-09-19T22:02:33+00:00
B0FFFZ070Q,绿地东海岸时代广场,B0H6DS6S0V,施湾绿地新都会西侧停车场,150904,停车场,施新路802弄绿地东海岸时代广场,"121.755643,31.147028",transport,exclude_non_attraction,amap_children,2026-09-19T22:02:33+00:00
B00156GF4Z,佘山湾生活购物广场,B0G0T9H609,佘山湾生活购物广场停车场,150904,停车场,古楼公路1876弄36号佘山湾生活购物广场F1,"121.233198,31.103574",transport,exclude_non_attraction,amap_children,2026-09-19T22:02:33+00:00
B00156GF4Z,佘山湾生活购物广场,B0G0T9GYLD,佘山湾生活购物广场地下停车场,150904,停车场,泗泾镇古楼公路1876弄36号佘山湾生活购物广场,"121.233027,31.103758",transport,exclude_non_attraction,amap_children,2026-09-19T22:02:33+00:00
B00155Q8E6,浦东商场(南汇店),B0H67Z0UBB,浦东商场南汇店地面停车场,150904,停车场,东门大街200号浦东商场(南汇店),"121.760450,31.047149",transport,exclude_non_attraction,amap_children,2026-09-19T22:02:33+00:00
B0FFGNOOI2,云间新天地广场,B0H6TH6IIV,云间新天地广场地下停车场,150904,停车场,云间路云间新天地广场(南侧),"121.244536,31.003083",transport,exclude_non_attraction,amap_children,2026-09-19T22:02:33+00:00
B0FFF2NIDZ,松江商业广场,B0HBYHHRMH,松江区商业广场停车场,150904,停车场,谷阳北路1425弄102号附近,"121.232579,31.033387",transport,exclude_non_attraction,amap_children,2026-09-19T22:02:33+00:00
B0FFF2NIDZ,松江商业广场,B0HBYHG27N,松江区商业广场地下停车场,150904,停车场,南青路松江商业广场,"121.233662,31.033531",transport,exclude_non_attraction,amap_children,2026-09-19T22:02:33+00:00
B0FFHP7LMI,启源生活广场,B0HB6ZL1HB,启源生活广场西侧停车场,150904,停车场,启源生活广场,"121.203401,31.049729",transport,exclude_non_attraction,amap_children,2026-09-19T22:02:33+00:00
B0FFHP7LMI,启源生活广场,B0HB6ZL90D,启源生活广场东侧停车场,150904,停车场,启源生活广场,"121.205018,31.049608",transport,exclude_non_attraction,amap_children,2026-09-19T22:02:33+00:00
B00156F5N2,鹤森生活广场(徐泾店),B0H615QSPI,鹤森生活广场徐泾店停车场,150904,停车场,徐泾镇明珠路258号1幢2层鹤森生活广场(徐泾店),"121.270646,31.169296",transport,exclude_non_attraction,amap_children,2026-09-19T22:02:33+00:00
B00156E2U4,汇泾商业广场,B0H697L1FK,汇泾商业广场停车场,150904,停车场,泗泾镇沪松公路2871弄69号汇泾商业广场,"121.275180,31.107952",transport,exclude_non_attraction,amap_children,2026-09-19T22:02:34+00:00
B00156DH3S,上海施惠特商业广场,B0H6DRA9KJ,施惠特·呈远商业广场停车场,150904,停车场,施惠特·呈远商业广场(茸梅路东),"121.247745,31.035659",transport,exclude_non_attraction,amap_children,2026-09-19T22:02:34+00:00
B00156DH3S,上海施惠特商业广场,B0H6DR97IL,施惠特·呈远商业广场地下停车场,150904,停车场,中山街道茸梅路518号上海施惠特商业广场,"121.247696,31.036680",transport,exclude_non_attraction,amap_children,2026-09-19T22:02:34+00:00
B0FFF00SWU,嘉实生活广场,B0G097QUL6,嘉实生活广场停车场,150904,停车场,嘉松北路6130弄,"121.222750,31.288170",transport,exclude_non_attraction,amap_children,2026-09-19T22:02:34+00:00
B0FFF00SWU,嘉实生活广场,B0G097R9AF,嘉实生活广场地下停车场,150904,停车场,安亭镇嘉松北路6130弄嘉实生活广场,"121.221950,31.287932",transport,exclude_non_attraction,amap_children,2026-09-19T22:02:34+00:00
B00154DRX9,嘉和休闲广场,B0H6DH9W3Y,嘉和休闲广场停车场,150904,停车场,文诚路358号嘉和休闲广场B1,"121.217550,31.033900",transport,exclude_non_attraction,amap_children,2026-09-19T22:02:34+00:00
B00154DRX9,嘉和休闲广场,B0H6DH9OEG,嘉和休闲广场地下停车场,150904,停车场,南青路与西林北路交叉口东南20米,"121.217726,31.034077",transport,exclude_non_attraction,amap_children,2026-09-19T22:02:34+00:00
B0FFG1NA4Y,新角里广场,B0G0VUKBY8,新角里广场地下停车场,150904,停车场,新风路160号,"121.058750,31.108727",transport,exclude_non_attraction,amap_children,2026-09-19T22:02:34+00:00
B0H0YAGHYT,上海金山方圆荟购物中心,B0LRNLMJMT,上海金山方圆荟购物中心地下停车场,150904,停车场,朱枫公路9000号上海金山方圆荟购物中心,"121.012377,30.899155",transport,exclude_non_attraction,amap_children,2026-09-19T22:02:34+00:00
B00157HKRZ,地纬生活广场,B0H6LSDSRU,地纬生活广场停车场,150904,停车场,新德西路地纬生活广场(南侧),"121.676136,31.193798",transport,exclude_non_attraction,amap_children,2026-09-19T22:02:36+00:00
B00157HKRZ,地纬生活广场,B0H6LSDKW1,地纬生活广场地下停车场,150904,停车场,地纬生活广场,"121.675865,31.193891",transport,exclude_non_attraction,amap_children,2026-09-19T22:02:36+00:00
B00155QO8P,川沙商业广场,B0H697LH2S,川沙商业广场停车场,150904,停车场,川沙新镇妙境路1118号川沙商业广场,"121.693434,31.180294",transport,exclude_non_attraction,amap_children,2026-09-19T22:02:36+00:00
B00155QO8P,川沙商业广场,B0GKJ70CAC,川沙商业广场停车场,150904,停车场,界龙一路与翔川路交叉口东南100米,"121.691435,31.180793",transport,exclude_non_attraction,amap_children,2026-09-19T22:02:36+00:00
B0H0M5JNVC,富绅时代广场,B0I657B9XX,富绅时代广场地下停车场,150904,停车场,富绅时代广场(漕盈路地铁站1号口步行240米),"121.097649,31.161913",transport,exclude_non_attraction,amap_children,2026-09-19T22:02:36+00:00
B0FFG74NOC,缤琦广场,B0H6LSEU12,缤琦广场停车场,150904,停车场,银亭路58-60、66号缤琦广场,"121.376083,31.171571",transport,exclude_non_attraction,amap_children,2026-09-19T22:02:36+00:00
B0FFG74NOC,缤琦广场,B0H6LSDDZ8,缤琦广场地下停车场,150904,停车场,银亭路58-60、66号缤琦广场,"121.375557,31.171119",transport,exclude_non_attraction,amap_children,2026-09-19T22:02:36+00:00
B0FFI57T0X,博览汇广场,B0H255NSN2,博览汇广场停车场,150904,停车场,上海拜博喆尔口腔门诊部梅花路1099号博览汇广场,"121.557694,31.210517",transport,exclude_non_attraction,amap_children,2026-09-19T22:02:36+00:00
B0FFHO29DV,龙湖虹桥天街购物中心A馆,B0KRL77KIQ,龙湖虹桥天街购物中心A馆地下停车场,150904,停车场,申长路邵虹路交叉口,"121.312967,31.193186",transport,exclude_non_attraction,amap_children,2026-09-19T22:02:36+00:00
B00156GDRN,顺恒国际商业广场,B0G0XL29QQ,顺恒国际商业广场停车场,150904,停车场,沪星路289弄18号顺恒国际商业广场B1,"121.337829,31.164445",transport,exclude_non_attraction,amap_children,2026-09-19T22:02:36+00:00
B00156GDRN,顺恒国际商业广场,B0G0XL2G0J,顺恒国际商业广场地下停车场,150904,停车场,沪星路289号顺恒广场32号,"121.339567,31.162888",transport,exclude_non_attraction,amap_children,2026-09-19T22:02:36+00:00
B0FFI6VNCX,佳预广场,B0HATSY17A,上海佳预广场停车场,150904,停车场,沪松公路1133号东南60米佳预广场,"121.329451,31.144755",transport,exclude_non_attraction,amap_children,2026-09-19T22:02:37+00:00
B0FFI6VNCX,佳预广场,B0HATSXE0F,上海佳预广场地下停车场,150904,停车场,沪松公路1133号东南60米佳预广场,"121.329399,31.144318",transport,exclude_non_attraction,amap_children,2026-09-19T22:02:37+00:00
B001572HSQ,东苑丽宝广场,B0H6GSZ64W,东苑丽宝广场地下停车场,150904,停车场,莘庄镇莘松路58号,"121.378226,31.109642",transport,exclude_non_attraction,amap_children,2026-09-19T22:02:37+00:00
B00156GQOH,弘基广场,B0HA2CQXFY,弘基广场停车场,150904,停车场,新桥镇明中路881弄弘基广场,"121.343266,31.078846",transport,exclude_non_attraction,amap_children,2026-09-19T22:02:37+00:00
B0FFFFLLWL,白丽生活广场,B0H6DS8DMK,白丽生活广场地下停车场,150904,停车场,白丽路380号(桃浦新村地铁站4号口步行150米),"121.348757,31.282148",transport,exclude_non_attraction,amap_children,2026-09-19T22:02:37+00:00
B0FFFFLLWL,白丽生活广场,B0H6DS6SEW,白丽生活广场停车场,150904,停车场,武威路1118号白丽生活广场,"121.349210,31.282187",transport,exclude_non_attraction,amap_children,2026-09-19T22:02:37+00:00
B0FFGR7W28,上海南翔太茂商业广场,B0H67U3AIJ,南翔太茂广场停车场,150904,停车场,丰翔路3168号上海南翔太茂商业广场,"121.326180,31.299225",transport,exclude_non_attraction,amap_children,2026-09-19T22:02:37+00:00
B0FFGR7W28,上海南翔太茂商业广场,B0H67U3PSL,上海南翔太茂商业广场地下停车场,150904,停车场,南翔镇丰翔路3168号,"121.325518,31.299477",transport,exclude_non_attraction,amap_children,2026-09-19T22:02:37+00:00
B00156O89O,福缘湾·九华商业广场,B0GK4AMFCM,福缘湾·九华商业广场停车场,150904,停车场,福缘湾·九华商业广场,"121.364573,31.204907",transport,exclude_non_attraction,amap_children,2026-09-19T22:02:37+00:00
B00156O89O,福缘湾·九华商业广场,B0GK4AO9FS,福缘湾·九华商业广场地下停车场,150904,停车场,淞虹路与新泾路交叉口北120米,"121.364532,31.204779",transport,exclude_non_attraction,amap_children,2026-09-19T22:02:37+00:00
B00155QXWQ,新世界休闲生活广场,B0H67S0UO7,新世界休闲生活广场停车场,150904,停车场,江桥曹安公路新世界休闲生活广场(东侧),"121.343426,31.261547",transport,exclude_non_attraction,amap_children,2026-09-19T22:02:37+00:00
B00155QXWQ,新世界休闲生活广场,B0H2C5T9TD,新世界休闲生活广场地下停车场,150904,停车场,新世界休闲生活广场(嘉怡路地铁站4号口步行340米),"121.342930,31.261661",transport,exclude_non_attraction,amap_children,2026-09-19T22:02:37+00:00
B001573D2D,金沙·和美广场,B0H6YD7VO8,金沙和美广场地下停车场,150904,停车场,金沙江路2239弄1号金沙·和美广场,"121.366602,31.236594",transport,exclude_non_attraction,amap_children,2026-09-19T22:02:39+00:00
B001573D2D,金沙·和美广场,B0H6YD7GZG,金沙和美广场停车场,150904,停车场,金沙江路2239弄1号金沙·和美广场,"121.365898,31.237601",transport,exclude_non_attraction,amap_children,2026-09-19T22:02:39+00:00
B0FFGCBRSI,嘉定上影广场,B0H6RU9O98,嘉定上影商业广场地下停车场,150904,停车场,依玛路嘉定上影商业广场,"121.249979,31.352125",transport,exclude_non_attraction,amap_children,2026-09-19T22:02:39+00:00
B0015729LA,绿地嘉尚国际广场,B0H617R995,绿地嘉尚国际广场地下停车场,150904,停车场,沪宜公路3150号,"121.261069,31.368122",transport,exclude_non_attraction,amap_children,2026-09-19T22:02:39+00:00
B0FFGC3EAW,太平洋生活广场,B0GKC7UCB8,太平洋生活广场停车场,150904,停车场,民星路太平洋生活广场(东侧),"121.539918,31.312499",transport,exclude_non_attraction,amap_children,2026-09-19T22:02:39+00:00
B0FFF00OGP,虹桥良华购物广场,B0H69DIE96,虹桥良华购物广场地下停车场,150904,停车场,申滨路960号虹桥良华购物广场B2,"121.308850,31.209792",transport,exclude_non_attraction,amap_children,2026-09-19T22:02:39+00:00
B0FFG7KZYK,品尚生活广场,B0H6TH6AT5,品尚生活广场停车场,150904,停车场,纪翟路品尚生活广场(东侧),"121.270059,31.240884",transport,exclude_non_attraction,amap_children,2026-09-19T22:02:39+00:00
B0FFMFARHS,金鑫生活广场,B0J3PH93I7,金鑫生活广场地下停车场,150904,停车场,凤强塘路与凤阁路交叉口西北80米,"121.235308,31.187294",transport,exclude_non_attraction,amap_children,2026-09-19T22:02:39+00:00
B0FFMFARHS,金鑫生活广场,B0KRAA4H5K,金鑫生活广场地面停车场,150904,停车场,,"121.235386,31.187448",transport,exclude_non_attraction,amap_children,2026-09-19T22:02:39+00:00
B0J0NS3WOW,永盛里商业街区,B0KDFH3SZX,永盛里商业街区地面停车场,150904,停车场,永盛路2761-2763号,"121.242704,31.369762",transport,exclude_non_attraction,amap_children,2026-09-19T22:02:39+00:00
B0FFGY2VTT,上海双高商务广场,B0H6D59PY8,上海双高商务广场停车场,150904,停车场,叶政路451弄39号上海双高商务广场,"121.317483,30.941242",transport,exclude_non_attraction,amap_children,2026-09-19T22:02:39+00:00
B0FFGY2VTT,上海双高商务广场,B0H6D59AIA,上海双高商务广场地下停车场,150904,停车场,叶政路451弄39号上海双高商务广场,"121.317779,30.941753",transport,exclude_non_attraction,amap_children,2026-09-19T22:02:39+00:00
B0HUUZQJIH,名悦商业广场,B0JK17H1E0,名悦商业广场停车场,150904,停车场,亭林镇林吉路717号名悦商业广场,"121.328941,30.898148",transport,exclude_non_attraction,amap_children,2026-09-19T22:02:40+00:00
B0FFI0JQNY,览海国际广场,B0HAJS6PLM,览海国际广场室内停车场,150904,停车场,世纪大道160号览海国际广场,"121.507901,31.233334",transport,exclude_non_attraction,amap_children,2026-09-19T22:02:42+00:00
B0FFI0JQNY,览海国际广场,B0HAJS74UW,览海国际广场内部停车场,150905,停车场,世纪大道160号览海国际广场,"121.507468,31.233459",transport,exclude_non_attraction,amap_children,2026-09-19T22:02:42+00:00
B0FFHFIZT1,锦绣坊,B0IG1ZDHVH,锦绣坊地面停车场,150904,停车场,花木街道锦延路346-350号锦绣坊,"121.542523,31.215663",transport,exclude_non_attraction,amap_children,2026-09-19T22:02:43+00:00
B0FFK4T7YO,乐嗨新天地,B0H625Z24G,乐嗨新天地停车场,150904,停车场,乐嗨新天地,"121.544465,31.064154",transport,exclude_non_attraction,amap_children,2026-09-19T22:02:45+00:00
B0FFJCTCOX,东方荟商业广场,B0L2B5JW07,东方荟商业广场地面停车场,150904,停车场,宝安公路3500号东方荟商业广场,"121.277366,31.330342",transport,exclude_non_attraction,amap_children,2026-09-19T22:02:45+00:00
B0FFJCTCOX,东方荟商业广场,B0L2B5KTFP,东方荟商业广场地下停车场,150904|060000,停车场,宝安公路3500号东方荟商业广场,"121.277288,31.329978",transport,exclude_non_attraction,amap_children,2026-09-19T22:02:45+00:00
B0GU4UUOD5,南翔558商业生活广场,B0HBK7SZY4,南翔558商业生活广场停车场,150904,停车场,南翔镇德华路558号南翔558商业生活广场,"121.308453,31.293314",transport,exclude_non_attraction,amap_children,2026-09-19T22:02:45+00:00
B0FFG87FM8,嘉乐广场(仓场路),B0H655OWOE,嘉乐广场停车场,150904,停车场,和政路与仓场路交叉口东南40米,"121.272252,31.382374",transport,exclude_non_attraction,amap_children,2026-09-19T22:02:46+00:00
B0FFIA8DSN,绿洲生活广场,B0H6LACEJT,绿洲生活广场停车场,150904,停车场,南翔镇沪宜公路339号绿洲生活广场,"121.314109,31.288072",transport,exclude_non_attraction,amap_children,2026-09-19T22:02:46+00:00
B0FFIA8DSN,绿洲生活广场,B0H6LADIQM,绿洲生活广场地下停车场,150904,停车场,南翔镇沪宜公路339号绿洲生活广场,"121.314083,31.288099",transport,exclude_non_attraction,amap_children,2026-09-19T22:02:46+00:00
B0FFF2J7E6,海尚·生活广场,B0FFM8M6O3,海尚·生活广场停车场,150904,停车场,海湾镇海泉路555弄海尚·生活广场,"121.507769,30.837722",transport,exclude_non_attraction,amap_children,2026-09-19T22:02:46+00:00
B0FFH2KO5I,新华联购物中心,B0G09CR1E7,新华联购物中心停车场,150904,停车场,申滨路473号新华联购物中心B3,"121.308420,31.200286",transport,exclude_non_attraction,amap_children,2026-09-19T22:02:46+00:00
B0FFGBBOLU,宝龙城市广场1期,B0HBFZ09MM,宝龙城市广场1期地下停车场,150904,停车场,金海路2505弄宝龙城市广场1期,"121.654453,31.266397",transport,exclude_non_attraction,amap_children,2026-09-19T22:02:46+00:00
B00157I3KP,东海岸商业广场,B0H6RU92AN,东海岸商业广场停车场,150904,停车场,新园路32弄东海岸商业广场,"121.629909,31.316975",transport,exclude_non_attraction,amap_children,2026-09-19T22:02:48+00:00
B00157I3KP,东海岸商业广场,B0H6RU9O86,东海岸商业广场停车场,150904,停车场,新园路32弄东海岸商业广场F1层,"121.630741,31.317066",transport,exclude_non_attraction,amap_children,2026-09-19T22:02:48+00:00
B0FFGYVK1F,平盛时尚生活广场,B0HGBSQ9BH,平盛时尚生活广场北停车场,150904,停车场,政通路平盛大厦(江湾体育场地铁站2号口步行90米),"121.514718,31.303192",transport,exclude_non_attraction,amap_children,2026-09-19T22:02:48+00:00
B0FFGYVK1F,平盛时尚生活广场,B00156O97D,平盛时尚生活广场地下停车场,150904,停车场,淞沪路98号平盛时尚生活广场,"121.515103,31.302773",transport,exclude_non_attraction,amap_children,2026-09-19T22:02:48+00:00
B0FFGYVK1F,平盛时尚生活广场,B0HGBSQH13,平盛时尚生活广场南停车场,150904,停车场,淞沪路98号平盛时尚生活广场,"121.515187,31.302664",transport,exclude_non_attraction,amap_children,2026-09-19T22:02:48+00:00
B0FFFE6CE0,虹顺商业广场,B0H6T7757E,虹顺商业广场停车场,150904,停车场,天山西路4086号虹顺商业广场,"121.310028,31.215078",transport,exclude_non_attraction,amap_children,2026-09-19T22:02:48+00:00
B0FFFE6CE0,虹顺商业广场,B0H6T75JTF,虹顺商业广场地下停车场,150904,停车场,天山西路4086号虹顺商业广场,"121.311337,31.215426",transport,exclude_non_attraction,amap_children,2026-09-19T22:02:48+00:00
B0FFHRAE0A,苏宁生活广场,B0HB6SL9IG,苏宁生活广场地下停车场,150904,停车场,邯郸路585号苏宁生活广场(五角场地铁站4号口步行90米),"121.514586,31.298599",transport,exclude_non_attraction,amap_children,2026-09-19T22:02:48+00:00
B0FFHRAE0A,苏宁生活广场,B0HB6SMBTF,苏宁生活广场内部停车场,150905,停车场,邯郸路585号苏宁生活广场(五角场地铁站4号口步行60米),"121.514616,31.298573",transport,exclude_non_attraction,amap_children,2026-09-19T22:02:48+00:00
B00156GCP1,摩立盛汇生活广场,B0H6VHHLGY,摩力盛汇生活广场南侧停车场,150904,停车场,涞寅路356号摩立盛汇生活广场,"121.315392,31.146680",transport,exclude_non_attraction,amap_children,2026-09-19T22:02:48+00:00
B00156GCP1,摩立盛汇生活广场,B0H6VHHSUC,摩力盛汇生活广场北侧停车场,150904,停车场,沪亭北路607弄12号摩立盛汇生活广场,"121.315322,31.148469",transport,exclude_non_attraction,amap_children,2026-09-19T22:02:48+00:00
B00155NMGN,天林商业广场,B0H6R58MX7,天林商业广场地面停车场,150904,停车场,沪宜公路2588号天林商业广场(南侧),"121.278418,31.342798",transport,exclude_non_attraction,amap_children,2026-09-19T22:02:48+00:00
B0FFF420PQ,恒越生活广场,B0H63S9AW9,恒越生活广场停车场,150904,停车场,妙境路与翔川路交叉口北60米,"121.693315,31.182858",transport,exclude_non_attraction,amap_children,2026-09-19T22:02:48+00:00
B0FFF661BT,风度国际生活广场,B0H69SJGV3,风度国际生活广场停车场,150904,停车场,虹泉路与虹莘路交叉口东40米,"121.372643,31.169174",transport,exclude_non_attraction,amap_children,2026-09-19T22:02:49+00:00
B00154DPVJ,宜嘉坊广场(天山西路),B0HBKSPNOT,宜嘉坊广场停车场,150904,停车场,北渔路82弄1-15号(北新泾地铁站3号口步行80米),"121.373111,31.216100",transport,exclude_non_attraction,amap_children,2026-09-19T22:02:49+00:00
B00154DPVJ,宜嘉坊广场(天山西路),B0HBKSOEO7,宜嘉坊广场地下停车场(内部专用),150905,停车场,北渔路82弄3号宜嘉坊广场(天山西路),"121.372724,31.216181",transport,exclude_non_attraction,amap_children,2026-09-19T22:02:49+00:00
B0FFFVDTUI,兆地生活广场,B0H67U43T8,兆地生活广场停车场,150904,停车场,新郁路835号兆地生活广场B1,"121.362431,31.252485",transport,exclude_non_attraction,amap_children,2026-09-19T22:02:49+00:00
B0HU4AJI3B,虹丰生活广场,B0H3MZ8HEY,虹丰商业广场停车场,150904,停车场,曹安公路2688号虹丰生活广场(临洮路地铁站1号口旁),"121.331569,31.263316",transport,exclude_non_attraction,amap_children,2026-09-19T22:02:51+00:00
B0G3SHVU4X,永和生活广场,B0H6DS5RUT,永和广场停车场,150904,停车场,服务区与G2京沪高速入口交叉口北200米,"121.334938,31.253342",transport,exclude_non_attraction,amap_children,2026-09-19T22:02:51+00:00
B0G3SHVU4X,永和生活广场,B0H6DS7LM7,永和广场地下停车场,150904,停车场,加油站永和生活广场(南侧),"121.335270,31.253175",transport,exclude_non_attraction,amap_children,2026-09-19T22:02:51+00:00
B00155QLR2,晋豪生活广场,B0H657NQ07,晋豪生活广场地下停车场,150904,停车场,航北路与航新路交叉口东80米,"121.348800,31.170208",transport,exclude_non_attraction,amap_children,2026-09-19T22:02:51+00:00
B0FFFEXXWN,金山红星国际广场,B0HA978WCW,金山红星国际广场停车场,150904,停车场,山阳镇杭州湾大道1908弄65号金山红星国际广场,"121.344164,30.749067",transport,exclude_non_attraction,amap_children,2026-09-19T22:02:51+00:00
B0FFF040Y1,绿地金御广场,B0H6DZ7Q92,绿地金御广场地下停车场,150904,停车场,新南路959号绿地金御广场,"121.340801,31.088830",transport,exclude_non_attraction,amap_children,2026-09-19T22:02:51+00:00
B0015706AD,思致商业广场,B0L6C5GQKS,思致广场地下停车场,150904,停车场,蒙山北路333弄52号思致广场停车场B1,"121.336807,30.745450",transport,exclude_non_attraction,amap_children,2026-09-19T22:02:52+00:00
B0015706AD,思致商业广场,B0GKJZVHBL,思致商业广场停车场,150904,停车场,龙翔路与蒙山北路交叉口西南140米,"121.335606,30.746114",transport,exclude_non_attraction,amap_children,2026-09-19T22:02:52+00:00
B0015706AD,思致商业广场,B0GKJZXF2R,思致商业广场顶楼停车场,150904,停车场,蒙山北路与龙翔路交叉口南160米,"121.337080,30.745366",transport,exclude_non_attraction,amap_children,2026-09-19T22:02:52+00:00
B0HA7SZGAX,金尊广场,B0KRA7DLBE,金尊广场地面停车场,150904,停车场,沪星路105号金尊广场,"121.338500,31.164480",transport,exclude_non_attraction,amap_children,2026-09-19T22:02:52+00:00
B0HA7SZGAX,金尊广场,B0KRA7DDKB,金尊广场地下停车场,150904,停车场,沪星路105号金尊广场,"121.338766,31.164589",transport,exclude_non_attraction,amap_children,2026-09-19T22:02:52+00:00
B0FFIB58UZ,东方商厦(百联川沙购物中心店),B0HB2HWHHG,东方商厦百联川沙购物中心店地下停车场,150904,停车场,华戴路与川环南路交叉口东南100米,"121.697215,31.185464",transport,exclude_non_attraction,amap_children,2026-09-19T22:02:52+00:00
B0FFIB58UZ,东方商厦(百联川沙购物中心店),B0HB2HW9TQ,东方商厦百联川沙购物中心店停车场,150904,停车场,华戴路与川环南路交叉口东南80米,"121.697333,31.185591",transport,exclude_non_attraction,amap_children,2026-09-19T22:02:52+00:00
B00155D75N,凯特利广场,B0H6774KW3,凯特利广场地下停车场,150904,停车场,公园路458号,"121.117561,31.148720",transport,exclude_non_attraction,amap_children,2026-09-19T22:02:52+00:00
B0FFLACGHK,中惠棠里商业广场,B0J09HWLEP,中惠棠里商业广场地下停车场,150904,停车场,中惠棠里商业广场,"121.136512,31.031005",transport,exclude_non_attraction,amap_children,2026-09-19T22:02:52+00:00
B0FFHHO5BH,三铭广场,B0H6LSE00I,三铭广场停车场,150904,停车场,松江工业区松卫北路888号三铭广场,"121.261292,31.021005",transport,exclude_non_attraction,amap_children,2026-09-19T22:02:54+00:00
B00156ZHC4,汇港国际商务广场,B0HUKC8FQX,汇港国际商务广场地下停车场,150904,停车场,拱极路2626弄38号,"121.773110,31.055388",transport,exclude_non_attraction,amap_children,2026-09-19T22:02:54+00:00
B00156ZHC4,汇港国际商务广场,B0HUKC8N67,汇港国际商务广场南2侧停车场,150904,停车场,双子楼东路与华钜南路交叉口西南120米,"121.772387,31.054636",transport,exclude_non_attraction,amap_children,2026-09-19T22:02:54+00:00
B00156ZHC4,汇港国际商务广场,B0HUKC99E1,汇港国际商务广场南1侧停车场,150904,停车场,华钜南路与双子楼东路交叉口西60米,"121.772770,31.055226",transport,exclude_non_attraction,amap_children,2026-09-19T22:02:54+00:00
B0FFIIEN1L,399广场,B0H63S9HJC,399广场地下停车场,150904,停车场,淀山湖大道399号399广场,"121.095872,31.141861",transport,exclude_non_attraction,amap_children,2026-09-19T22:02:54+00:00
B00155N8OS,弘基商业休闲广场,B0H67745F6,弘基商业休闲广场停车场,150904,停车场,川南奉公路6113号(惠南地铁站1号口步行340米),"121.764665,31.055308",transport,exclude_non_attraction,amap_children,2026-09-19T22:02:54+00:00
B00155N8OS,弘基商业休闲广场,B0H6774KW5,弘基商业休闲广场地下停车场,150904,停车场,南祝路与文益街交叉口东北40米,"121.764336,31.055696",transport,exclude_non_attraction,amap_children,2026-09-19T22:02:54+00:00
B0J2SRNUAO,芈城T3科创街,B0J3SZ0PHS,芈城T3科创街停车场,150900,停车场,上大路670号B1层,"121.396351,31.311260",transport,exclude_non_attraction,amap_children,2026-09-19T22:02:54+00:00
B0FFFS4BAO,欧亚玛特购物广场(曹路店),B0IDG5U8AO,欧亚玛特购物广场曹路店地面停车场,150904,停车场,上川路1775号欧亚玛特购物广场(曹路店),"121.669629,31.280043",transport,exclude_non_attraction,amap_children,2026-09-19T22:02:54+00:00
B0FFFAGRJG,证大西镇大拇指广场,B0FFGQ3F8C,证大西镇大拇指广场停车场,150904,停车场,沙淀中路证大·大拇指广场,"121.048744,31.114090",transport,exclude_non_attraction,amap_children,2026-09-19T22:02:55+00:00
B0FFFAGRJG,证大西镇大拇指广场,B0MRV9E9T4,青浦大拇指广场-地下停车场,150904,停车场,朱家角课植园路599弄证大西镇大拇指广场,"121.049146,31.113274",transport,exclude_non_attraction,amap_children,2026-09-19T22:02:55+00:00
B00156CZ31,张江商业广场,B0H61SO6C7,张江商业广场停车场,150904,停车场,建中路与古桐路交叉口西60米,"121.613272,31.202603",transport,exclude_non_attraction,amap_children,2026-09-19T22:02:55+00:00
B0FFFCOVDB,锦秋新天地,B0IR4M0SFZ,锦秋新天地东地面停车场,150904,停车场,锦秋新天地(上海大学地铁站1号口步行100米),"121.389984,31.321271",transport,exclude_non_attraction,amap_children,2026-09-19T22:02:55+00:00
B0FFFCOVDB,锦秋新天地,B0IR4M05AK,锦秋新天地西地面停车场,150904,停车场,锦秋新天地(上海大学地铁站3号口步行320米),"121.384706,31.320089",transport,exclude_non_attraction,amap_children,2026-09-19T22:02:55+00:00
B0FFFDZK41,万科红生活广场,B0H6TH6PXJ,万科红生活广场东侧停车场,150904,停车场,福泉山路虹桥万科红生活广场(东侧),"121.190143,31.199981",transport,exclude_non_attraction,amap_children,2026-09-19T22:02:55+00:00
B0FFFDZK41,万科红生活广场,B0H6TH6IIX,万科红生活广场地下停车场,150904,停车场,福泉山路与福滨路交叉口西南60米,"121.189916,31.199666",transport,exclude_non_attraction,amap_children,2026-09-19T22:02:55+00:00
B0FFFDZK41,万科红生活广场,B0H6TH5IHR,万科红生活广场西侧停车场,150904,停车场,福泉山路111号万科红生活广场,"121.187481,31.199555",transport,exclude_non_attraction,amap_children,2026-09-19T22:02:55+00:00
B0GK7R2VCX,园区生活广场,B0HB4C9CW7,园区生活广场停车场,150904,停车场,胜利路188号园区之家东南50米(东胜路西),"121.689288,31.243731",transport,exclude_non_attraction,amap_children,2026-09-19T22:02:55+00:00
B001576MRO,朋联国际购物中心,B0H617QMMY,朋联国际购物中心停车场,150904,停车场,赵重公路与赵华路交叉口西20米,"121.193090,31.150745",transport,exclude_non_attraction,amap_children,2026-09-19T22:02:55+00:00
B00155LCNK,玩酷天地美食广场,B0H6HADA00,玩酷天地美食广场停车场,150904,停车场,玩酷天地美食广场,"121.253579,31.010423",transport,exclude_non_attraction,amap_children,2026-09-19T22:02:57+00:00
B0FFFDD8AY,三湘财富广场,B0H6FC4BW2,三湘财富广场地下停车场,150904,停车场,梅湘路与梅家浜路交叉口北220米,"121.230346,31.054174",transport,exclude_non_attraction,amap_children,2026-09-19T22:02:57+00:00
B0FFGXSMO1,绿地新都会·东海岸时代广场南区,B0H1P5RWPE,绿地新都会·东海岸时代广场南区停车场,150904,停车场,施镇路396弄1-4号绿地新都会·东海岸时代广场南区,"121.755235,31.143002",transport,exclude_non_attraction,amap_children,2026-09-19T22:02:57+00:00
B0FFG8UDVI,韩国城(近虹泉路),B0IG7SPSXN,韩国城地面停车场,150904,停车场,亲水花街韩国城,"121.380937,31.172026",transport,exclude_non_attraction,amap_children,2026-09-19T22:02:57+00:00
B0FFHUZHNV,骏丰国际商业广场,B0H6V7H7WD,骏丰国际商业广场地下停车场,150904,停车场,大连路1599号骏丰国际商业广场,"121.501343,31.273959",transport,exclude_non_attraction,amap_children,2026-09-19T22:02:58+00:00
B0FFFPM16H,新江湾城生活广场,B0H6RD8KO1,新江湾城生活广场地下停车场,150904,停车场,新江湾城生活广场(国浩路南),"121.517491,31.335366",transport,exclude_non_attraction,amap_children,2026-09-19T22:02:58+00:00
B00156F3GX,戴家浜生活广场,B0H61RS39U,戴家浜生活广场地下停车场,150904,停车场,松汇中路与松汇西路交叉口东南80米,"121.219411,31.003051",transport,exclude_non_attraction,amap_children,2026-09-19T22:02:58+00:00
B0015726WC,亲水花街,B0FFM8LZ8J,亲水花街停车场,150904,停车场,合川路2885号(近亲水花街),"121.382810,31.171875",transport,exclude_non_attraction,amap_children,2026-09-19T22:02:58+00:00
B0FFHD51LA,华亮商业广场,B0H69DITSK,华亮商业广场停车场,150904,停车场,云汉路华亮商业广场(西南角),"121.817041,30.905615",transport,exclude_non_attraction,amap_children,2026-09-19T22:02:58+00:00
B0FFHD51LA,华亮商业广场,B0H69DHZ0H,华亮商业广场地下停车场,150904,停车场,临港产业区鸿音路3388弄华亮商业广场,"121.818160,30.906296",transport,exclude_non_attraction,amap_children,2026-09-19T22:02:58+00:00
B001572972,鸿音广场,B0H61RQU3J,鸿音广场立体停车场,150904,停车场,南芦公路1755弄60、76号鸿音广场,"121.820785,30.908765",transport,exclude_non_attraction,amap_children,2026-09-19T22:02:58+00:00
B001572972,鸿音广场,B0H61RR9KP,鸿音广场地下停车场,150904,停车场,南芦公路1755弄60、76号鸿音广场,"121.819676,30.911347",transport,exclude_non_attraction,amap_children,2026-09-19T22:02:58+00:00
B001572972,鸿音广场,B0H61RQ0ZW,鸿音广场停车场,150904,停车场,南芦公路1755弄60、76号鸿音广场,"121.820969,30.910021",transport,exclude_non_attraction,amap_children,2026-09-19T22:02:58+00:00
B00155DBPP,申越广场,B0H61SNC75,申越广场停车场,150904,停车场,人民南路97号,"121.227894,31.006543",transport,exclude_non_attraction,amap_children,2026-09-19T22:02:58+00:00
B00155DBPP,申越广场,B0H61SOLX9,申越广场地下停车场,150904,停车场,缸甏巷与松江人民南路交叉口西北20米,"121.228910,31.006025",transport,exclude_non_attraction,amap_children,2026-09-19T22:02:58+00:00
B0FFG8TS9W,平高广场,B0H6YZ7UC4,平高企业集团·平高广场停车场,150904,停车场,九峰路118号平高广场(松江体育中心地铁站2号口旁),"121.231202,31.015519",transport,exclude_non_attraction,amap_children,2026-09-19T22:02:58+00:00
B00155D9ZU,欧风新天地,B0IALUZE7A,欧风新天地地面停车场,150904,停车场,古美路街道龙茗路1658-1680号欧风新天地,"121.383289,31.152957",transport,exclude_non_attraction,amap_children,2026-09-19T22:03:00+00:00
B00155NLOV,方舟休闲广场,B0H6SR0TP1,方舟休闲广场地面停车场,150904,停车场,方舟休闲广场,"121.239477,31.017770",transport,exclude_non_attraction,amap_children,2026-09-19T22:03:00+00:00
B0FFIIGIOG,吴泾火星一号商业广场,B0IA1HXGA3,吴泾火星一号商业广场地下停车场,150904,停车场,龙吴路与紫龙路交叉口西北260米,"121.467804,31.035581",transport,exclude_non_attraction,amap_children,2026-09-19T22:03:00+00:00
B0FFIIGIOG,吴泾火星一号商业广场,B0IA1HU7CG,吴泾火星一号商业广场地面停车场,150904,停车场,龙吴路5891号吴泾火星一号商业广场,"121.467581,31.035629",transport,exclude_non_attraction,amap_children,2026-09-19T22:03:00+00:00
B0FFGCERD9,海印.哈邻里,B0H0BC0R9F,海印.哈邻里停车场,150904,停车场,周浦镇沈梅东路275号海印哈邻里,"121.588957,31.093374",transport,exclude_non_attraction,amap_children,2026-09-19T22:03:00+00:00
B0FFGCERD9,海印.哈邻里,B0H0BC1TLE,海印.哈邻里内部地下停车场,150904,停车场,周浦镇沈梅东路275号海印哈邻里,"121.589762,31.093663",transport,exclude_non_attraction,amap_children,2026-09-19T22:03:00+00:00
B0FFGCERD9,海印.哈邻里,B0H0BCZ1SM,海印.哈邻里2号地下停车场,150904,停车场,沈梅东路239号,"121.588430,31.093396",transport,exclude_non_attraction,amap_children,2026-09-19T22:03:00+00:00
B0FFGCERD9,海印.哈邻里,B0H0BCZ1SK,海印.哈邻里1号地下停车场,150904,停车场,周浦镇沈梅东路275号海印哈邻里,"121.586064,31.093190",transport,exclude_non_attraction,amap_children,2026-09-19T22:03:00+00:00
B0FFGCERD9,海印.哈邻里,B0H0BC1TLD,海印.哈邻里西停车场,150904,停车场,周浦镇沈梅东路275号海印哈邻里,"121.586190,31.093040",transport,exclude_non_attraction,amap_children,2026-09-19T22:03:00+00:00
B0FFFRWX57,欧士通时尚广场,B0H6FA2NLB,欧士通时尚广场停车场,150904,停车场,扶港路与肖玻路交叉口北60米,"121.449611,30.972319",transport,exclude_non_attraction,amap_children,2026-09-19T22:03:00+00:00
B0FFHYGD3X,恒龙金尊广场,B0HB6ZLW26,恒龙金尊广场地下停车场,150904,停车场,金海街道望园南路2288弄恒龙金尊广场,"121.484988,30.927859",transport,exclude_non_attraction,amap_children,2026-09-19T22:03:01+00:00
B0G1S59T0E,美谷美购广场,B0J0LCQXAJ,美谷美购广场地下停车场,150904,停车场,美谷美购广场,"121.484671,30.929909",transport,exclude_non_attraction,amap_children,2026-09-19T22:03:01+00:00
B0HACRWIPU,圆心汇生活广场,B0H1FAEN7I,圆心汇生活广场地面停车场,150904,停车场,南桥镇南奉公路8589号圆心汇生活广场,"121.483508,30.915385",transport,exclude_non_attraction,amap_children,2026-09-19T22:03:01+00:00
B0FFG83W05,三弦·海上金街商业广场,B0H62C030M,三弦·海上金街商业广场地下停车场,150904,停车场,三鲁公路与联川路交叉口西100米,"121.522685,31.075433",transport,exclude_non_attraction,amap_children,2026-09-19T22:03:01+00:00
B0FFFPIMPD,富客斯豪布斯卡名品村,B0FFG7HD8B,富客斯豪布斯卡名品村地下停车场,150904,停车场,人民东路2579号富客斯豪布斯卡名品村,"121.772984,31.048658",transport,exclude_non_attraction,amap_children,2026-09-19T22:03:03+00:00
B0FFFPIMPD,富客斯豪布斯卡名品村,B0H26SYWFI,富客斯豪布斯卡名品村B区北停车场,150904,停车场,政海路与人民东路交叉口东南40米,"121.772534,31.048953",transport,exclude_non_attraction,amap_children,2026-09-19T22:03:03+00:00
B0FFFPIMPD,富客斯豪布斯卡名品村,B0H26SZP4B,富客斯豪布斯卡名品村A区南停车场,150904,停车场,华源路与靖海路交叉口东20米,"121.768659,31.048218",transport,exclude_non_attraction,amap_children,2026-09-19T22:03:03+00:00
B0FFFPIMPD,富客斯豪布斯卡名品村,B0H26SZ491,富客斯豪布斯卡名品村A区北停车场,150904,停车场,人民东路与政海路交叉口西南40米,"121.772017,31.048979",transport,exclude_non_attraction,amap_children,2026-09-19T22:03:03+00:00
B0FFFPIMPD,富客斯豪布斯卡名品村,B0H26SYI0Y,富客斯豪布斯卡名品村B区西停车场,150904,停车场,政海路与人民东路交叉口东南60米,"121.772566,31.048666",transport,exclude_non_attraction,amap_children,2026-09-19T22:03:03+00:00
B0FFLJT8S4,南大尚优马特生活广场,B0FFM894RC,南大尚优马特生活广场地下停车场,150904,停车场,鄂尔多斯路与环镇南路交叉口东北120米,"121.391015,31.295156",transport,exclude_non_attraction,amap_children,2026-09-19T22:03:03+00:00
B0FFLJT8S4,南大尚优马特生活广场,B0FFM89FCX,南大尚优马特生活广场停车场,150904,停车场,鄂尔多斯路与环镇南路交叉口东北120米,"121.391201,31.295086",transport,exclude_non_attraction,amap_children,2026-09-19T22:03:03+00:00
B00155HF5K,澳洲广场,B0FFFX6XQ0,澳洲广场地下停车场,150904,停车场,大华路538号澳洲广场B1,"121.413503,31.272726",transport,exclude_non_attraction,amap_children,2026-09-19T22:03:03+00:00
B00157HRR4,西庭商业广场,B0H6R591NR,新普荟商业广场西侧停车场,150904,停车场,灵石路839号西庭商业广场,"121.434027,31.278883",transport,exclude_non_attraction,amap_children,2026-09-19T22:03:03+00:00
B00157HRR4,西庭商业广场,B0H6R591NS,新普荟商业广场东侧停车场,150904,停车场,灵石路839号新普荟商业广场,"121.433957,31.279722",transport,exclude_non_attraction,amap_children,2026-09-19T22:03:03+00:00
B0IKTUONXG,凯铄生活广场,B0KRZS8NWE,凯铄生活广场地面停车场,150904,停车场,涵青路138号凯铄生活广场,"121.401998,31.330411",transport,exclude_non_attraction,amap_children,2026-09-19T22:03:03+00:00
B0IKTUONXG,凯铄生活广场,B0KRZSBUZN,凯铄生活广场地下停车场,150904,停车场,涵青路138号凯铄生活广场,"121.401585,31.331231",transport,exclude_non_attraction,amap_children,2026-09-19T22:03:03+00:00
B0HKOUHIUX,金博生活广场,B0FFGCHKVU,金博生活广场地面停车场,150904,停车场,金博生活广场,"121.530680,31.166998",transport,exclude_non_attraction,amap_children,2026-09-19T22:03:04+00:00
B0FFHF1P0V,聚丰购物广场,B0H69DKJXP,聚丰购物广场停车场,150904,停车场,聚丰园路135号(锦秋路地铁站3号口步行490米),"121.382247,31.315854",transport,exclude_non_attraction,amap_children,2026-09-19T22:03:04+00:00
B0FFHF1P0V,聚丰购物广场,B0IDG5TCGC,聚丰购物广场地下停车场,150904,停车场,大场镇聚丰园路205号聚丰购物广场,"121.381840,31.315673",transport,exclude_non_attraction,amap_children,2026-09-19T22:03:04+00:00
B0FFFCSSQI,上坤城市广场,B0H6R59H2E,上坤城市广场地面停车场,150904,停车场,聚丰园路91弄上坤城市广场,"121.384633,31.315705",transport,exclude_non_attraction,amap_children,2026-09-19T22:03:04+00:00
B0GKKAWREM,大华秦森广场,B0HB6CM7BN,大华秦森广场停车场,150904,停车场,华灵路1581弄4号大华秦森广场,"121.411503,31.278348",transport,exclude_non_attraction,amap_children,2026-09-19T22:03:04+00:00
B0FFJUFYX8,幕天商业广场,B0IA2785SP,幕天商业广场地面停车场,150904,停车场,博华路与陈春路交叉口南80米,"121.550472,31.171691",transport,exclude_non_attraction,amap_children,2026-09-19T22:03:04+00:00
B0FFJUFYX8,幕天商业广场,B0IA275RLH,幕天商业广场地下停车场,150904,停车场,陈春路与绿林路交叉口东120米,"121.549626,31.171428",transport,exclude_non_attraction,amap_children,2026-09-19T22:03:04+00:00
B0FFGZE5YE,丽都广场,B0H6DS8KV2,丽都广场停车场,150904,停车场,友谊西路2858号,"121.435774,31.385002",transport,exclude_non_attraction,amap_children,2026-09-19T22:03:04+00:00
B00155Q3VS,金悦生活广场,B0H6RU88GB,金悦生活广场停车场,150904,停车场,德都路与富锦路交叉口西北80米,"121.428626,31.402321",transport,exclude_non_attraction,amap_children,2026-09-19T22:03:04+00:00
B0FFIXRQLK,新天地湖滨购物中心,B0G0XD099P,新天地时尚II期地下停车场,150904,停车场,马当路与复兴中路交叉口北80米,"121.475309,31.217303",transport,exclude_non_attraction,amap_children,2026-09-19T22:03:05+00:00
B0FFF05113,浦发·尚优里,B0H6L5FNHA,盛世财富广场地下停车场,150904,停车场,淞南镇淞塘路111弄浦发·尚优里,"121.491017,31.334215",transport,exclude_non_attraction,amap_children,2026-09-19T22:03:05+00:00
B00155L2M0,香港广场购物中心,B0H6H7HC4T,香港广场购物中心地下停车场,150904,停车场,淮海中路282-283号香港广场B3,"121.475469,31.222929",transport,exclude_non_attraction,amap_children,2026-09-19T22:03:07+00:00
B0FFMGE5SZ,莘荟购物中心,B0H0X76WT5,百联莘荟购物中心停车场,150904,停车场,北宝兴路624号莘荟购物中心,"121.461438,31.277990",transport,exclude_non_attraction,amap_children,2026-09-19T22:03:07+00:00
B0FFFA214M,海伦精致生活广场,B0H69DJPL4,海伦精致生活广场停车场,150904,停车场,淞南镇长逸路258号海伦精致生活广场,"121.491236,31.337162",transport,exclude_non_attraction,amap_children,2026-09-19T22:03:07+00:00
B0FFGDT92X,长江国际商业购物中心,B0H6DS6RUQ,长江国际商业购物中心停车场,150904,停车场,殷高西路333号长江国际商业购物中心,"121.472026,31.321286",transport,exclude_non_attraction,amap_children,2026-09-19T22:03:08+00:00
B0FFGDT92X,长江国际商业购物中心,B0H6DS85NO,长江国际商业购物中心立体停车场,150904,停车场,殷高西路与高跃路交叉口西北100米,"121.472565,31.321241",transport,exclude_non_attraction,amap_children,2026-09-19T22:03:08+00:00
B0FFJYZHKV,凯旋丽都广场,B0HBKUQLLX,凯旋丽都停车场,150904,停车场,长江西路凯旋丽都,"121.440745,31.329639",transport,exclude_non_attraction,amap_children,2026-09-19T22:03:08+00:00
B0FFGJPDWB,金汇商业街(盛龙路),B0FFFTMW9B,金汇商业街(西门),061000,门,九亭金汇商业街西门(同利路),"121.310305,31.106962",commercial,exclude_non_attraction,amap_children,2026-09-19T22:03:08+00:00
B0FFF61ZY8,乐汇购物广场,B0H61ZOD5B,乐汇购物广场停车场,150904,停车场,奉炮公路与人民塘路交叉口西北120米,"121.525894,30.833139",transport,exclude_non_attraction,amap_children,2026-09-19T22:03:08+00:00
B0FFKV48P6,宝华帝华商业广场,B0H6JZA9FL,宝华帝华商业广场地下停车场,150904,停车场,青村镇南奉公路3111号宝华帝华商业广场,"121.574965,30.922343",transport,exclude_non_attraction,amap_children,2026-09-19T22:03:10+00:00
B0FFICGZ79,汇腾广场,B0HA9C9QCR,汇腾广场地下停车场,150904,停车场,漕溪路280号汇腾广场(漕宝路地铁站6号口步行110米),"121.433838,31.169119",transport,exclude_non_attraction,amap_children,2026-09-19T22:03:10+00:00
B0FFGCEUQU,北斗星商业广场,B0H6SC1RT3,北斗星商业广场停车场,150904,停车场,庙行镇长临路913号北斗星商业广场B1,"121.435019,31.325909",transport,exclude_non_attraction,amap_children,2026-09-19T22:03:10+00:00
B0FFGCEUQU,北斗星商业广场,B0H6SC1K96,北斗星商业广场地下停车场,150904,停车场,共康公寓32号对面,"121.436270,31.324330",transport,exclude_non_attraction,amap_children,2026-09-19T22:03:10+00:00
B0FFGCEUQU,北斗星商业广场,B0H6SC1DHP,北斗星商业广场南侧停车场,150904,停车场,泉临路与长临路交叉口东20米,"121.436059,31.323693",transport,exclude_non_attraction,amap_children,2026-09-19T22:03:10+00:00
B0FFK9O0QG,魔贸580商场,B0HBXRQPPM,魔贸580商场地下停车场,150904,停车场,魔贸580商场,"121.465559,31.231958",transport,exclude_non_attraction,amap_children,2026-09-19T22:03:10+00:00
B0FFK9O0QG,魔贸580商场,B0HBXRSBAO,魔贸580商场停车场,150904,停车场,魔贸580商场(南京西路地铁站11号口步行490米),"121.465848,31.232176",transport,exclude_non_attraction,amap_children,2026-09-19T22:03:10+00:00
B00156GQ1V,满天星广场(装修中),B0H6Y7ASWE,鑫都商业广场地下停车场,150904,停车场,鑫都路2536号,"121.395882,31.057428",transport,exclude_non_attraction,amap_children,2026-09-19T22:03:12+00:00
B00156GQ1V,满天星广场(装修中),B0H6Y7AL87,鑫都商业广场北地面停车场,150904,停车场,鑫都路2538号鑫都商业广场B1,"121.396722,31.057076",transport,exclude_non_attraction,amap_children,2026-09-19T22:03:12+00:00
B0FFF2Q1T0,滨江生活广场,B0H6TS5OA1,滨江生活广场地下停车场,150904,停车场,滨江生活广场(江川路地铁站2号口步行440米),"121.424249,31.001262",transport,exclude_non_attraction,amap_children,2026-09-19T22:03:12+00:00
B0FFF2Q1T0,滨江生活广场,B0H6TS62R7,滨江生活广场停车场,150904,停车场,滨江生活广场(江川路地铁站2号口步行320米),"121.424251,31.002093",transport,exclude_non_attraction,amap_children,2026-09-19T22:03:12+00:00
B00155MYH4,华城广场,B0H67A2OGT,华城广场停车场,150904,停车场,古美路与漕宝路交叉口南80米,"121.399036,31.159972",transport,exclude_non_attraction,amap_children,2026-09-19T22:03:12+00:00
B0015798HC,昊元生活广场,B0H69LMC3Z,昊元生活广场停车场,150904,停车场,菊联路90号,"121.366379,31.348261",transport,exclude_non_attraction,amap_children,2026-09-19T22:03:12+00:00
B0FFGHPIJA,缤谷广场2期,B0H6RU8U27,缤谷广场2期地下停车场,150904,停车场,天山路345号缤谷广场2期(威宁路地铁站2号口步行190米),"121.389605,31.213918",transport,exclude_non_attraction,amap_children,2026-09-19T22:03:12+00:00
B0FFLDY6E4,虹桥盛世莲花广场,B0H63Z9AFY,虹桥盛世莲花广场停车场,150904,停车场,吴中路1050号虹桥盛世莲花广场,"121.387924,31.178839",transport,exclude_non_attraction,amap_children,2026-09-19T22:03:13+00:00
B0FFLDY6E4,虹桥盛世莲花广场,B0H63Z8USR,虹桥盛世莲花广场地下停车场,150904,停车场,吴中路1050号虹桥盛世莲花广场,"121.387834,31.178556",transport,exclude_non_attraction,amap_children,2026-09-19T22:03:13+00:00
B00157GT2B,北蔡休闲广场,B0HBKCPZX3,北蔡休闲广场停车场,150904,停车场,北中路187弄15号北蔡休闲广场B1,"121.556250,31.184172",transport,exclude_non_attraction,amap_children,2026-09-19T22:03:13+00:00
B00157GT2B,北蔡休闲广场,B0HB6ZMQAY,北蔡休闲广场地下停车场,150904,停车场,北中路187弄北蔡休闲广场,"121.556332,31.183995",transport,exclude_non_attraction,amap_children,2026-09-19T22:03:13+00:00
B0K6SZ4B8K,乐恒广场,B0KRZ5FNXF,乐恒广场地面停车场,150904,停车场,吴中路588号乐恒广场,"121.401111,31.183681",transport,exclude_non_attraction,amap_children,2026-09-19T22:03:13+00:00
B0FFMESZG2,上海中欧街,B0H6JZC15D,上海中欧街停车场,150904,停车场,浦星公路567号上海中欧街(芦恒路地铁站5号口步行190米),"121.498387,31.119382",transport,exclude_non_attraction,amap_children,2026-09-19T22:03:14+00:00
B0FFG527NA,乐坊精致生活广场,B0H6DH9G4N,乐坊精致生活广场停车场,150904,停车场,金鼎路2218号(定边路)乐坊精致生活广场,"121.365820,31.259468",transport,exclude_non_attraction,amap_children,2026-09-19T22:03:16+00:00
B00155QKWN,玛雅·现代生活广场,B0H6UAUFT7,玛雅·现代生活广场停车场,150904,停车场,西市街188号玛雅·现代生活广场,"121.699181,31.196139",transport,exclude_non_attraction,amap_children,2026-09-19T22:03:17+00:00
B00155QKWN,玛雅·现代生活广场,B0H6UAT5UU,玛雅·现代生活广场地下停车场,150904,停车场,西市街188号玛雅·现代生活广场,"121.699029,31.196188",transport,exclude_non_attraction,amap_children,2026-09-19T22:03:17+00:00
B0FFFP7042,星河湾商业街,B0IG7RRD2H,星河湾商业街地面停车场,150904,停车场,星河湾商业街,"121.538564,31.192794",transport,exclude_non_attraction,amap_children,2026-09-19T22:03:20+00:00
B001558EBV,中山广场,B0FFG8TYBO,中山广场停车场,150904,停车场,中山广场,"121.247899,31.032796",transport,exclude_non_attraction,amap_children,2026-09-19T22:03:20+00:00
B0FFI1VQ81,泰宸·新e街,B0HBN7Y41G,泰宸新e街停车场,150904,停车场,胜竹路泰宸·新e街(南侧),"121.250232,31.401649",transport,exclude_non_attraction,amap_children,2026-09-19T22:03:22+00:00
B0FFI1VQ81,泰宸·新e街,B0HBN7XW7B,泰宸新e街地下停车场,150904,停车场,胜竹路2050号泰宸·新e街,"121.249656,31.402480",transport,exclude_non_attraction,amap_children,2026-09-19T22:03:22+00:00
B0FFFA22PY,百金汉广场,B0H67R3Z9N,百金汉广场停车场,150904,停车场,宝安公路3635号百金汉广场,"121.273927,31.327535",transport,exclude_non_attraction,amap_children,2026-09-19T22:03:23+00:00
B0FFFA22PY,百金汉广场,B0H67R34QX,百金汉广场地下停车场,150904,停车场,宝安公路3635号百金汉广场,"121.274221,31.327496",transport,exclude_non_attraction,amap_children,2026-09-19T22:03:23+00:00
B0FFKQLQ1I,天大文化娱乐广场,B0H6JUEEHK,天大文化娱乐广场停车场,150904,停车场,鹤林新路与古莲路交叉口东南80米,"121.405622,31.449837",transport,exclude_non_attraction,amap_children,2026-09-19T22:03:23+00:00
B00156DBP1,上海如海生活购物中心,B0H6RUA3TE,上海如海生活购物中心停车场,150904,停车场,鹤旋路上海如海生活购物中心(北侧),"121.313499,31.238947",transport,exclude_non_attraction,amap_children,2026-09-19T22:03:23+00:00
B0015700E5,东上海乐活广场,B0H6LRGQE6,东上海乐活广场停车场,150904,停车场,黄兴路与国顺东路交叉口北160米,"121.519464,31.293126",transport,exclude_non_attraction,amap_children,2026-09-19T22:03:23+00:00
B0FFG960UJ,三角地商业广场,B0H62HZNED,三角地商业广场停车场,150904,停车场,叶榭镇大叶公路138号三角地商业广场,"121.323650,30.947969",transport,exclude_non_attraction,amap_children,2026-09-19T22:03:23+00:00
B0FFLJ3992,瀚丰商业广场,B0H63S9B92,瀚丰商业广场停车场,150904,停车场,水产西路与富长路交叉口东北120米,"121.420942,31.357922",transport,exclude_non_attraction,amap_children,2026-09-19T22:03:23+00:00
B00156GXJW,咸塘小镇商业步行街,B0IAZR0IY6,咸塘小镇商业步行街地下停车场,150904,停车场,沪南路5469弄-1-219号咸塘小镇商业步行街,"121.596542,31.037035",transport,exclude_non_attraction,amap_children,2026-09-19T22:03:25+00:00
B0FFF9SULH,朋联国际购物中心,B0H6DC9JJC,朋联国际购物中心停车场,150904,停车场,华强街237号朋联国际购物中心F1,"121.230529,31.241140",transport,exclude_non_attraction,amap_children,2026-09-19T22:03:25+00:00
B0FFF9SULH,朋联国际购物中心,B0H6DC9CEA,朋联国际购物中心地下停车场,150904,停车场,华新镇华强街237号朋联国际购物中心,"121.231360,31.241229",transport,exclude_non_attraction,amap_children,2026-09-19T22:03:25+00:00
B0FFKEECCF,北城广场,B0KRAA4OOY,徐泾北城广场商业中心地面停车场,150904,停车场,崧泽大道2619号北城广场,"121.238994,31.175287",transport,exclude_non_attraction,amap_children,2026-09-19T22:03:25+00:00
B00156GBYJ,金来源广场,B0H6RD8SDP,金来源广场停车场,150904,停车场,松金公路与东贤路交叉口西南60米,"121.289688,30.803378",transport,exclude_non_attraction,amap_children,2026-09-19T22:03:25+00:00
B00157306L,颐思殿广场,B0H695KKOV,颐思殿广场停车场,150904,停车场,松东路219弄33号,"121.255737,31.016058",transport,exclude_non_attraction,amap_children,2026-09-19T22:03:26+00:00
B00157306L,颐思殿广场,B0H695I760,颐思殿广场地下停车场,150904,停车场,松东路颐思殿广场(西南角),"121.255183,31.015700",transport,exclude_non_attraction,amap_children,2026-09-19T22:03:26+00:00
B0FFK7AIHS,富客斯豪布斯卡名品村A区,B0HA2RQQ6G,富客斯豪布斯卡名品村A区地下停车场,150904,停车场,人民东路与政海路交叉口西160米,"121.770723,31.049044",transport,exclude_non_attraction,amap_children,2026-09-19T22:03:26+00:00
B0FFK7AIHS,富客斯豪布斯卡名品村A区,B0HA2RRKFW,富客斯豪布斯卡名品村A区停车场,150904,停车场,惠南镇人民东路2535号,"121.771995,31.048896",transport,exclude_non_attraction,amap_children,2026-09-19T22:03:26+00:00
B0FFG4HBLY,圣诺亚广场,B0H6L5FIM4,圣诺亚广场停车场,150904,停车场,柳州路588号圣诺亚广场,"121.420296,31.177861",transport,exclude_non_attraction,amap_children,2026-09-19T22:03:26+00:00
B0FFLEM5MQ,瓯盛美罗生活广场,B0H63A98HC,瓯盛美罗生活广场停车场,150904,停车场,年喜路737-9号瓯盛美罗生活广场,"121.334077,31.397431",transport,exclude_non_attraction,amap_children,2026-09-19T22:03:28+00:00
B0HU4CKPH0,吉宇广场,B0KRBMVIGY,吉宇广场地面停车场,150904,停车场,颛桥镇沧源路595号吉宇广场,"121.431371,31.012126",transport,exclude_non_attraction,amap_children,2026-09-19T22:03:28+00:00
B001525C7C,康健亮都新时代商场,B0H0FDMTAG,康健亮都新时代商场停车场,150904,停车场,康健亮都新时代商场,"121.411775,31.150852",transport,exclude_non_attraction,amap_children,2026-09-19T22:03:28+00:00
B0FFIB26BU,虹泉生活广场,B0HAFRYXST,虹泉生活广场停车场,150904,停车场,虹泉路与金汇南路交叉口西南60米,"121.377077,31.170487",transport,exclude_non_attraction,amap_children,2026-09-19T22:03:29+00:00
B001577IAR,九亭文化广场,B00156CZ7U,九亭文化广场停车场,150904,停车场,九亭大街473弄1-49号,"121.330937,31.129974",transport,exclude_non_attraction,amap_children,2026-09-19T22:03:29+00:00
B00155QYS7,嘉莲华国际商业广场,B0GK9RQBFJ,嘉莲华国际商业广场停车场,150904,停车场,海蓝路嘉莲华国际商业广场(嘉怡路地铁站1号口步行340米),"121.345511,31.260934",transport,exclude_non_attraction,amap_children,2026-09-19T22:03:29+00:00
B0FFGOE4EZ,盈嘉生活广场,B0H65HOW5N,盈嘉生活广场停车场,150904,停车场,曹安公路盈嘉生活广场(定边路地铁站2号口步行370米),"121.364178,31.253798",transport,exclude_non_attraction,amap_children,2026-09-19T22:03:31+00:00
B0FFIC0B04,嘉购生活广场,B0HB4S8MC1,嘉购生活广场停车场,150904,停车场,嘉购生活广场,"121.236357,31.179356",transport,exclude_non_attraction,amap_children,2026-09-19T22:03:31+00:00
B0015747G1,太阳城时代广场,B0H697LW51,太阳城时代广场南停车场,150904,停车场,城大路199号太阳城时代广场,"121.647614,30.906366",transport,exclude_non_attraction,amap_children,2026-09-19T22:03:31+00:00
B0015747G1,太阳城时代广场,B0H697KU6X,太阳城时代广场西停车场,150904,停车场,城大路199号太阳城时代广场,"121.646979,30.906118",transport,exclude_non_attraction,amap_children,2026-09-19T22:03:31+00:00
B00155IJPG,水景广场,B0FFHDFNKJ,水景广场停车场,150904,停车场,伊宁路2074号水景广场(西南角),"121.224706,31.330546",transport,exclude_non_attraction,amap_children,2026-09-19T22:03:31+00:00
B00155IJPG,水景广场,B0MBKUQT4G,水景广场地上停车场,150904,停车场,伊宁路2074号水景广场,"121.222907,31.330702",transport,exclude_non_attraction,amap_children,2026-09-19T22:03:31+00:00
B001507C88,博乐广场,B00156F2DT,博乐广场地下停车场,150904,停车场,南下塘街14号博乐广场内(东侧),"121.253032,31.383862",transport,exclude_non_attraction,amap_children,2026-09-19T22:03:31+00:00
B00156EETA,汇海广场,B0FFM7KH5O,汇海文化广场停车场,150900,停车场,汇海广场,"121.902095,30.881200",transport,exclude_non_attraction,amap_children,2026-09-19T22:03:32+00:00
B001556M4E,安亭市民广场,B0I6ZZE7W9,安亭市民广场停车点,150904,停车场,墨玉路328号安亭市民广场(西南角),"121.163868,31.298556",transport,exclude_non_attraction,amap_children,2026-09-19T22:03:32+00:00
B00156GG7C,秦安商业广场,B0H1LRHB07,秦安商业广场停车场,150904,停车场,昆港公路易家缘购物中心,"121.140175,31.033183",transport,exclude_non_attraction,amap_children,2026-09-19T22:03:34+00:00
B00156XREO,华信广场,B0H6SR0LV9,华信广场停车场,150904,停车场,文汇路1028-14临附近,"121.198187,31.049917",transport,exclude_non_attraction,amap_children,2026-09-19T22:03:35+00:00
B00156GQP0,浦江中心休闲广场,B0JBDRZ1S5,上海浦江中心休闲广场地面停车场,150904,停车场,浦江中心休闲广场,"121.537376,31.060775",transport,exclude_non_attraction,amap_children,2026-09-19T22:03:35+00:00
B00156GQP0,浦江中心休闲广场,B0KRKM4Z5A,上海浦江中心休闲广场地下停车场,150904,停车场,浦江中心休闲广场,"121.534917,31.060496",transport,exclude_non_attraction,amap_children,2026-09-19T22:03:35+00:00
B00156R5U6,衡辰商业广场,B0H615OUM5,衡辰商业广场地下停车场,150904,停车场,天山路338弄1衡辰商业广场(威宁路地铁站1号口旁),"121.388172,31.215191",transport,exclude_non_attraction,amap_children,2026-09-19T22:03:37+00:00
B0FFF3CSYT,美林商业休闲广场,B0H62SYTCS,美林商业休闲广场停车场,150904,停车场,沪南公路3468弄1支弄美林商业休闲广场,"121.566981,31.114485",transport,exclude_non_attraction,amap_children,2026-09-19T22:03:38+00:00
B0FFHGPXVN,东街休闲广场,B0H69DJPL6,东街休闲广场停车场,150904,停车场,杨行镇杨泰路539号东街休闲广场,"121.439242,31.379195",transport,exclude_non_attraction,amap_children,2026-09-19T22:03:41+00:00
B00155LJEM,安信生活广场,B0H61SOM2D,安信生活广场停车场,150904,停车场,安信生活广场,"121.214622,31.032677",transport,exclude_non_attraction,amap_children,2026-09-19T22:03:41+00:00
B001574FDY,乐坊松汇生活广场,B0HB2UVOQX,乐坊松汇生活广场停车场,150904,停车场,乐坊松汇生活广场,"121.235679,31.005076",transport,exclude_non_attraction,amap_children,2026-09-19T22:03:43+00:00
B001574FDY,乐坊松汇生活广场,B0HB2UX6KU,乐坊松汇生活广场地下停车场,150904,停车场,乐坊松汇生活广场,"121.235664,31.004686",transport,exclude_non_attraction,amap_children,2026-09-19T22:03:43+00:00
B0H3HL0U2A,宝华生活广场,B0KRN7QDLQ,宝华生活广场地面停车场,150904,停车场,重固镇赵重公路2777弄宝华生活广场,"121.185295,31.194679",transport,exclude_non_attraction,amap_children,2026-09-19T22:03:43+00:00
B0FFIPGRYK,平高商业广场(环城路),B0H6SR1F4N,平高广场停车场,150904,停车场,松江工业区环城路976弄1-58号平高商业广场,"121.243802,31.013969",transport,exclude_non_attraction,amap_children,2026-09-19T22:03:43+00:00
B00155Q9Y2,绿港购物广场,B0H617QMP7,绿港购物广场地下停车场,150904,停车场,城中北路与三元路交叉路口南侧(绿港购物广场),"121.111952,31.149075",transport,exclude_non_attraction,amap_children,2026-09-19T22:03:44+00:00
B0FFFEAC2R,金龙新世界广场,B0H6R58468,金龙新世界广场北停车场,150904,停车场,金龙新街与罗星南路交叉口东北180米,"121.171131,30.886814",transport,exclude_non_attraction,amap_children,2026-09-19T22:03:44+00:00
B0FFFEAC2R,金龙新世界广场,B0H6R599AL,金龙新世界广场南停车场,150904,停车场,金龙新街金龙新世界广场(西南角),"121.170790,30.886343",transport,exclude_non_attraction,amap_children,2026-09-19T22:03:44+00:00
B00152CFCD,鼎基商业广场,B0HBK5PYUZ,鼎基商业广场停车场,150904,停车场,卫星东路与工农南路交叉口西南100米,"121.756609,31.042568",transport,exclude_non_attraction,amap_children,2026-09-19T22:03:44+00:00
B00152CFCD,鼎基商业广场,B0HBK5P2HH,鼎基商业广场地下停车场,150904,停车场,乐购(南汇店),"121.755917,31.041247",transport,exclude_non_attraction,amap_children,2026-09-19T22:03:44+00:00
B0FFJ7NEC0,申亚·珺悦18广场,B0HB47AFH5,申亚·珺悦18广场地下停车场,150904,停车场,申亚·珺悦18广场(北新泾地铁站出入口步行190米),"121.375470,31.217697",transport,exclude_non_attraction,amap_children,2026-09-19T22:03:44+00:00
B0FFG6VVRA,鑫佳休闲生活广场,B0H625Y1FB,鑫佳休闲生活广场停车场,150904,停车场,鑫佳休闲生活广场,"121.411825,31.080666",transport,exclude_non_attraction,amap_children,2026-09-19T22:03:45+00:00
B00155QG3M,燎升城市生活广场(金平路步行街店),B0H67C3PZX,燎升城市生活广场停车场,150904,停车场,东川路2325号燎升城市生活广场(金平路步行街店),"121.411709,31.010943",transport,exclude_non_attraction,amap_children,2026-09-19T22:03:45+00:00
B0GKJSXFMV,海鸥广场,B0H6DS7SCY,海鸥广场停车场,150904,停车场,卫清西路上海金山锦江海鸥大厦,"121.351373,30.730480",transport,exclude_non_attraction,amap_children,2026-09-19T22:03:48+00:00
B00155KI8E,音乐广场,B0FFHK1HNW,音乐广场南停车场,150904,停车场,延安东路523号音乐广场(大世界地铁站3号口步行140米),"121.478043,31.226098",transport,exclude_non_attraction,amap_children,2026-09-19T22:03:50+00:00
B00155KI8E,音乐广场,B0IGU94Z22,音乐广场西地下停车场,150904,停车场,延安东路523号音乐广场(大世界地铁站3号口步行400米),"121.476465,31.226672",transport,exclude_non_attraction,amap_children,2026-09-19T22:03:50+00:00
B00157HLRO,漫城商业街,B0FFK7HN2I,漫城商业街停车场,150900,停车场,浦申路与芦恒路交叉口北80米,"121.492540,31.114990",transport,exclude_non_attraction,amap_children,2026-09-19T22:03:54+00:00
B00156TH4Z,延中广场公园春之园,B0FFG6D3T2,延中广场公园春之园停车场,150904,停车场,巨鹿路158号大同坊(淮海中路地铁站3号口步行390米),"121.464670,31.222972",transport,exclude_non_attraction,amap_children,2026-09-19T22:03:55+00:00
B0FFG59ZGO,如海购物中心(吴泾店),B0H6F74IJR,如海购物中心剑川路店停车场,150904,停车场,吴泾镇剑川路99号2楼如海购物中心(吴泾店),"121.472312,31.042754",transport,exclude_non_attraction,amap_children,2026-09-19T22:03:57+00:00
B0FFIB3Q0U,华阳步行新街,B0FFGCI5VZ,华阳步行新街停车场,150904,停车场,车香路99弄28号华阳步行新街,"121.284372,31.003512",transport,exclude_non_attraction,amap_children,2026-09-19T22:03:57+00:00
B00156GCTD,绿庭汇四季休闲广场,B0H69DJX1P,绿庭汇四季休闲广场停车场,150904,停车场,绿庭汇四季休闲广场,"121.470667,30.932207",transport,exclude_non_attraction,amap_children,2026-09-19T22:03:58+00:00
B0FFK12SCA,前卫生活广场,B0H69SK4F5,前卫生活广场内部停车场,150905,停车场,长兴镇潘园公路667-669号前卫生活广场,"121.723029,31.387426",transport,exclude_non_attraction,amap_children,2026-09-19T22:03:58+00:00
B0FFG9UEEP,绿地·乐和城·壹天地时尚广场,B0H6FC2S0Y,绿地·乐和城·壹天地时尚广场地下停车场,150904,停车场,秋雨路与塘秋路交叉口北100米,"121.816443,30.910208",transport,exclude_non_attraction,amap_children,2026-09-19T22:04:01+00:00
B0FFG9UEEP,绿地·乐和城·壹天地时尚广场,B0H6FC2KID,绿地·乐和城·壹天地时尚广场停车场,150904,停车场,南芦公路绿地·乐和城·壹天地时尚广场,"121.816847,30.910914",transport,exclude_non_attraction,amap_children,2026-09-19T22:04:01+00:00
B0FFIHJ2MV,万尚生活广场(美平路店),B0HB4Z8TFM,万尚生活广场停车场,150904,停车场,美平路与罗贤路交叉口西南20米,"121.349795,31.390264",transport,exclude_non_attraction,amap_children,2026-09-19T22:04:03+00:00
B0FFIHJ2MV,万尚生活广场(美平路店),B0HBNCY3XU,万尚生活广场内部停车场,150905,停车场,罗店镇美平路239弄6-10号万尚生活广场(美平路店),"121.349872,31.390190",transport,exclude_non_attraction,amap_children,2026-09-19T22:04:03+00:00
B0FFGYVXBR,牌楼休闲广场,B0FFK2PU2X,牌楼休闲广场停车场,150900,停车场,东兰路288号牌楼休闲广场(虹梅路地铁站2号口步行410米),"121.399555,31.157557",transport,exclude_non_attraction,amap_children,2026-09-19T22:04:03+00:00
B00155R1CU,文化广场(南桥路),B0FFG1349L,文化广场地下停车场,150904,停车场,解放西路000号文化广场(南桥路)(西南角),"121.456390,30.913225",transport,exclude_non_attraction,amap_children,2026-09-19T22:04:04+00:00
B0FFF9ZWDA,亲水湾生活广场,B0HGOZW6WO,亲水湾生活广场停车场,150904,停车场,御水路与康桥路交叉口东南40米,"121.576675,31.149640",transport,exclude_non_attraction,amap_children,2026-09-19T22:04:04+00:00
B0FFF9ZWDA,亲水湾生活广场,B0HGOZV4OL,亲水湾生活广场地下停车场,150904,停车场,康桥路与御水路交叉口东南60米,"121.577023,31.149714",transport,exclude_non_attraction,amap_children,2026-09-19T22:04:04+00:00
B00155MSX9,国歌纪念广场,B00156COCU,国歌纪念广场停车场,150904,停车场,荆州路143附近国歌纪念广场,"121.515053,31.257437",transport,exclude_non_attraction,amap_children,2026-09-19T22:04:07+00:00
B0HU4OLL8I,乐生活广场(龙轩路店),B0H6VZFFRF,乐生活广场停车场,150904,停车场,山阳镇海汇街338号乐生活广场(龙轩路店),"121.338487,30.750669",transport,exclude_non_attraction,amap_children,2026-09-19T22:04:09+00:00
B00156F3C2,欧富商业广场,B0H6HCHB95,欧富商业广场地下停车场,150904,停车场,蒙山北路515号欧富商业广场,"121.336264,30.747293",transport,exclude_non_attraction,amap_children,2026-09-19T22:04:09+00:00
B00156F3C2,欧富商业广场,B0H6HCHR7U,欧富商业广场停车场,150904,停车场,蒙山北路515号欧富商业广场,"121.336083,30.746651",transport,exclude_non_attraction,amap_children,2026-09-19T22:04:09+00:00
B0FFJVBS8H,清控科创嘉定双创街,B0H3ZUG5S1,清控科创嘉定双创街停车场,150904,停车场,陈家山路与平城路交叉口东100米,"121.241768,31.392721",transport,exclude_non_attraction,amap_children,2026-09-19T22:04:09+00:00
B0FFJVBS8H,清控科创嘉定双创街,B0H3ZUEGH7,清控科创嘉定双创街地下停车场,150904,停车场,陈家山路与平城路交叉口东40米,"121.241335,31.392908",transport,exclude_non_attraction,amap_children,2026-09-19T22:04:09+00:00
B0015702MN,中邦·秀食街,B0IAF58BI2,中邦·秀食街地面停车场,150904,停车场,康桥镇秀沿路883弄36号中邦·秀食街,"121.572987,31.135420",transport,exclude_non_attraction,amap_children,2026-09-19T22:04:10+00:00
B0FFI1ANZA,古美爵士文化广场,B0G3DS25SM,古美爵士文化广场停车场,150904,停车场,顾戴路1196号,"121.386230,31.139368",transport,exclude_non_attraction,amap_children,2026-09-19T22:04:12+00:00
B0FFLGA44M,幕天·乐街坊,B0G3DS14DN,幕天乐街坊停车场,150905,停车场,下南路311号,"121.541952,31.169282",transport,exclude_non_attraction,amap_children,2026-09-19T22:04:13+00:00
B0FFHZSZ1U,阳辉广场,B0L6C76VV0,阳辉广场地下停车场,150900,停车场,沪南公路7688弄1号东北方向120米中优城市广场停车场B1,"121.663955,31.030413",transport,exclude_non_attraction,amap_children,2026-09-19T22:04:18+00:00
B00155NEVY,新虹桥广场,B0FFFZHPDH,新虹桥广场停车场,150904,停车场,娄山关路100号新虹桥广场内(西侧),"121.403434,31.203928",transport,exclude_non_attraction,amap_children,2026-09-19T22:04:18+00:00
B00155NEVY,新虹桥广场,B0IG7SPT2P,新虹桥广场地面停车场,150904,停车场,娄山关路100号,"121.403066,31.203925",transport,exclude_non_attraction,amap_children,2026-09-19T22:04:18+00:00
B0FFFYGMT5,好家福广场,B0H2F5KFJO,好家福广场停车场,150904,停车场,好家福广场,"121.276804,31.166651",transport,exclude_non_attraction,amap_children,2026-09-19T22:04:20+00:00
B0FFG4HKF5,玉兰购物广场,B0H6TS62UT,玉兰购物广场地下停车场,150904,停车场,阜康西路与墨玉路交叉口西80米,"121.162353,31.298266",transport,exclude_non_attraction,amap_children,2026-09-19T22:04:20+00:00
B0FFG4HKF5,玉兰购物广场,B0H6TS5VYA,玉兰购物广场停车场,150904,停车场,阜康西路玉兰四村,"121.162298,31.298039",transport,exclude_non_attraction,amap_children,2026-09-19T22:04:20+00:00
B0FFHWL2CE,安达曼广场,B0H6VHH69F,安达曼广场停车场,150904,停车场,安达曼广场,"121.429153,31.388755",transport,exclude_non_attraction,amap_children,2026-09-19T22:04:23+00:00
B0FFMB680Y,嘉宏商业广场,B0KRAA75HL,嘉宏商业广场地面停车场,150904,停车场,合川路3125号嘉宏商业广场,"121.380426,31.179862",transport,exclude_non_attraction,amap_children,2026-09-19T22:04:26+00:00
B0FFM6QGLP,凉城购物中心,B0H63ZA2PY,凉城购物中心地下停车场,150904,停车场,车站南路330号凉城购物中心,"121.473999,31.295387",transport,exclude_non_attraction,amap_children,2026-09-19T22:04:26+00:00
B00156GAHN,小上海旅游文化城时尚休闲街,B0FFHGHL15,小上海旅游文化城停车场,150904,停车场,康沈公路1611弄1号小上海旅游文化城时尚休闲街,"121.578445,31.115868",transport,exclude_non_attraction,amap_children,2026-09-19T22:04:29+00:00
B00156EJDU,旺族商业广场,B0H61RR1VS,旺族商业广场停车场,150904,停车场,旺族商业广场(华夏东路地铁站4号口步行130米),"121.679974,31.197116",transport,exclude_non_attraction,amap_children,2026-09-19T22:04:34+00:00
B00156EJDU,旺族商业广场,B0H61RQU1V,旺族商业广场地下停车场,150904,停车场,旺族商业广场(华夏东路地铁站4号口步行130米),"121.680119,31.196980",transport,exclude_non_attraction,amap_children,2026-09-19T22:04:34+00:00
B0FFHOW7M8,宝松广场,B0L6CCJMVZ,宝松广场地下停车场,150904,停车场,盘古路732号宝松广场停车场B1,"121.469145,31.402556",transport,exclude_non_attraction,amap_children,2026-09-19T22:04:34+00:00
B0FFGW61T6,中锐悦立方商业广场,B0H65CNHXX,中锐悦立方商业广场地面停车场,150904,停车场,海芙路186弄中锐悦立方商业广场,"121.347026,30.750817",transport,exclude_non_attraction,amap_children,2026-09-19T22:04:34+00:00
B00155MRCQ,金桥生活广场,B0HA9794KF,金桥生活广场停车场,150904,停车场,金高路1296弄金桥生活广场,"121.609155,31.278196",transport,exclude_non_attraction,amap_children,2026-09-19T22:04:34+00:00
B00155KVRX,宝业购物广场,B0H6DZ7JR8,宝业购物广场停车场,150904,停车场,共康三泉路1128号(宝业购物广场内),"121.441162,31.320227",transport,exclude_non_attraction,amap_children,2026-09-19T22:04:35+00:00
B00156TIL9,欢乐汇广场,B0H6DS77B1,欢乐汇广场地下停车场,150904,停车场,紫衣路79号(洲海路地铁站2号口步行480米),"121.585716,31.311535",transport,exclude_non_attraction,amap_children,2026-09-19T22:04:35+00:00
B0FFFZ9MN5,汇暻宝山广场,B0HBN5VXK4,汇暻宝山广场停车场,150904,停车场,纬地路与沪太路交叉口东40米,"121.407326,31.326451",transport,exclude_non_attraction,amap_children,2026-09-19T22:04:35+00:00
B0FFGHDK2O,荣融生活广场,B0H3GH4V56,荣融生活广场停车场,150904,停车场,顾唐路与创新路交叉口西北40米,"121.668113,31.209410",transport,exclude_non_attraction,amap_children,2026-09-19T22:04:35+00:00
B0FFKEC7HP,宝都广场,B0IK6ZIXDE,宝都广场地下停车场,150904,停车场,宝都广场,"121.414304,31.058932",transport,exclude_non_attraction,amap_children,2026-09-19T22:04:37+00:00
B0FFH6SINN,闵行市民文化广场,B0I3XC6YOS,闵行市民文化广场停车点,150904,停车场,闵行市民文化广场,"121.391441,31.128892",transport,exclude_non_attraction,amap_children,2026-09-19T22:04:41+00:00
B0K2PHKTZQ,兰亭坊购物广场,B0M2MBBBYC,兰亭坊购物广场-地下停车场,150904,停车场,兰亭坊购物广场,"121.232528,31.097904",transport,exclude_non_attraction,amap_children,2026-09-19T22:04:41+00:00
B001511181,金山广场,B0HKOSG9FA,金山广场龙海路东停车点,150904,停车场,海凌路与龙海路交叉口南60米,"121.343691,30.741636",transport,exclude_non_attraction,amap_children,2026-09-19T22:04:43+00:00
B001511181,金山广场,B0HKOSG9F9,金山广场龙海路西停车点,150904,停车场,海云路与龙海路交叉口东南40米,"121.341293,30.740809",transport,exclude_non_attraction,amap_children,2026-09-19T22:04:43+00:00
B0FFF9E7QI,平安广场,B0IRFRAYH4,平安广场停车点,150904,停车场,恒康路平安广场(西北角),"121.341451,30.857181",transport,exclude_non_attraction,amap_children,2026-09-19T22:04:44+00:00
B0FFF9E7QI,平安广场,B0MUD1LV7S,平安广场东南侧停车场,150904,停车场,恒康路平安广场,"121.343825,30.856025",transport,exclude_non_attraction,amap_children,2026-09-19T22:04:44+00:00
B0FFG1XUSL,置天一号广场,B0HBG7FJDF,置天一号广场停车场,150904,停车场,环庆中路与庆利路交叉口东北80米,"121.725416,31.234469",transport,exclude_non_attraction,amap_children,2026-09-19T22:04:47+00:00
B00155D6G3,欧洲商业广场(欧洲城小区店),B0FFLICC0K,金山欧洲商业广场停车场,150904,停车场,卫零路,"121.335587,30.729431",transport,exclude_non_attraction,amap_children,2026-09-19T22:04:54+00:00
B0G07A1GKH,新周浦壹号街,B0HBN5XEN8,壹号街地下停车场,150904,停车场,新周浦壹号街(繁荣路地铁站4号口步行480米),"121.570599,31.106484",transport,exclude_non_attraction,amap_children,2026-09-19T22:04:54+00:00
B0G07A1GKH,新周浦壹号街,B0HBN5XGKW,壹号街停车场,150904,停车场,横桥路与沪南公路交叉口东100米,"121.570544,31.106668",transport,exclude_non_attraction,amap_children,2026-09-19T22:04:54+00:00
B0FFL0JVLU,433商业广场,B0H6DZ6F50,433商业广场停车场,150904,停车场,433商业广场,"121.713362,31.061963",transport,exclude_non_attraction,amap_children,2026-09-19T22:04:56+00:00
B0IB2SU8F0,阳光滨江天地·尚湾里,B0IBZH63ZE,阳光滨江天地尚湾里地下停车场,150904,停车场,凯滨路38号阳光滨江天地·尚湾里,"121.461820,31.181574",transport,exclude_non_attraction,amap_children,2026-09-19T22:04:57+00:00
B00155MUIK,花木玉兰广场,B00155L83C,花木玉兰广场地下停车场,150905,停车场,玉兰路232号,"121.547410,31.206619",transport,exclude_non_attraction,amap_children,2026-09-19T22:04:59+00:00
B0FFG001US,印象生活广场,B0G0X50BDD,印象生活广场停车场,150904,停车场,年家浜东路与小沥港路交叉口东240米,"121.592157,31.114968",transport,exclude_non_attraction,amap_children,2026-09-19T22:05:07+00:00
B0FFG001US,印象生活广场,B0G0X51SMT,印象生活广场地下停车场,150904,停车场,年家浜东路与周园路交叉口西北240米,"121.592517,31.115368",transport,exclude_non_attraction,amap_children,2026-09-19T22:05:07+00:00
B0FFFS8M5M,荣丰生活广场,B0H6DR9TXP,荣丰生活广场停车场,150904,停车场,玉树路与乐都西路交叉口西南40米,"121.208570,31.012836",transport,exclude_non_attraction,amap_children,2026-09-19T22:05:09+00:00
B0FFFS8M5M,荣丰生活广场,B0H6DRBB2I,荣丰生活广场地下停车场,150904,停车场,乐都西路与玉树路交叉口西南60米,"121.208378,31.012784",transport,exclude_non_attraction,amap_children,2026-09-19T22:05:09+00:00
B0FFGNYJ1R,崧泽广场,B0FFGNYDT7,崧泽广场停车场,150904,停车场,青舟路青浦博物馆,"121.135486,31.151402",transport,exclude_non_attraction,amap_children,2026-09-19T22:05:13+00:00
B00156D2PO,保利西子湾风情街,B0H045CAHE,保利西子湾风情街停车场,150904,停车场,广富林路1188号保利西子湾风情街,"121.234786,31.058069",transport,exclude_non_attraction,amap_children,2026-09-19T22:05:14+00:00
B00156D2PO,保利西子湾风情街,B0H0459QSB,保利西子湾风情街地下停车场,150904,停车场,广富林路1188号保利西子湾风情街,"121.236277,31.058211",transport,exclude_non_attraction,amap_children,2026-09-19T22:05:14+00:00
B0KAO5ZEC7,华阳湖商业广场,B0KRZ5F10I,华阳湖商业广场地面停车场,150904,停车场,大官塘路248弄华阳湖商业广场,"121.257401,30.986202",transport,exclude_non_attraction,amap_children,2026-09-19T22:05:16+00:00
B0FFF07WSA,强劲都市生活广场,B0H6DU9RLI,强劲都市生活广场停车场,150904,停车场,伟都路与都市路交叉口东80米,"121.412439,31.058249",transport,exclude_non_attraction,amap_children,2026-09-19T22:05:16+00:00
B0IBHSEYRR,浦锦明星汇商业广场(竹园路店),B0KRYC1Q88,浦锦明星荟商业广场竹园路店地面停车场,150904,停车场,竹园路960号浦锦明星汇商业广场(竹园路店),"121.504305,31.069812",transport,exclude_non_attraction,amap_children,2026-09-19T22:05:17+00:00
B0IBHSEYRR,浦锦明星汇商业广场(竹园路店),B0KRYC0Z8D,浦锦明星荟商业广场竹园路店地下停车场,150904,停车场,竹园路960号浦锦明星汇商业广场(竹园路店),"121.504129,31.069888",transport,exclude_non_attraction,amap_children,2026-09-19T22:05:17+00:00
B0HRX5T6V3,金山城市沙滩8号码头美食街广场,B0HRTS5XKM,城市沙滩8号码头美食街P2停车场,150904,停车场,荔浦路与大堤路交叉口东南120米,"121.339181,30.707224",transport,exclude_non_attraction,amap_children,2026-09-19T22:05:17+00:00
B0J0XHJ32I,松岳商业广场,B0K2ZUYVAP,松岳商业广场地下停车场,150904,停车场,乐都路188弄松岳商业广场,"121.234257,31.014205",transport,exclude_non_attraction,amap_children,2026-09-19T22:05:17+00:00
B00155HJGY,长阳商务休闲广场,B0IAD7YASJ,长阳商务休闲广场地面停车场,150904,停车场,大桥街道大桥街道大桥街道长阳路1681号长阳商务休闲广场,"121.535714,31.270540",transport,exclude_non_attraction,amap_children,2026-09-19T22:05:29+00:00
B00155Q4OQ,禹洲·奇摩生活广场,B0H6RU9O7V,禹洲·奇摩生活广场停车场,150904,停车场,金港路与新金桥路交叉口北80米,"121.612644,31.254448",transport,exclude_non_attraction,amap_children,2026-09-19T22:05:34+00:00
B00155Q4OQ,禹洲·奇摩生活广场,B0H6RU881N,禹洲·奇摩生活广场地下停车场,150904,停车场,金湘路与金港路交叉口东80米,"121.612137,31.255582",transport,exclude_non_attraction,amap_children,2026-09-19T22:05:34+00:00
B0FFGLG086,普光路商业街,B00155JV7J,普光路商业街停车场,150904,停车场,北青公路9221西北方向30米普光路商业街,"121.133556,31.185965",transport,exclude_non_attraction,amap_children,2026-09-19T22:05:35+00:00
B001570A46,康桥半岛商业街,B0I0SMDVS9,康桥半岛商业街地面停车场,150904,停车场,康桥半岛商业街,"121.581223,31.135524",transport,exclude_non_attraction,amap_children,2026-09-19T22:05:35+00:00
B00156ZJVX,新木桥村文化广场,B0M61RIF0P,新木桥村文化广场北侧停车场,150904,停车场,华新镇新凤南路233弄72号新木桥村文化广场(西北角),"121.235775,31.202075",transport,exclude_non_attraction,amap_children,2026-09-19T22:05:35+00:00
B0FFFPWWK5,万尚生活广场(沈巷店),B0H65ZN47K,万尚生活广场沈巷店停车场,150904,停车场,月罗公路与富乐支路交叉口东北60米,"121.414338,31.419237",transport,exclude_non_attraction,amap_children,2026-09-19T22:05:35+00:00
B00155Q8D7,城东商业广场,B0HBKZP8NT,城东商业广场停车场,150904,停车场,松江环城路与松汇东路交叉口南80米,"121.252131,31.001134",transport,exclude_non_attraction,amap_children,2026-09-19T22:05:35+00:00
B0FFLG4NPL,星波购物广场,B0H6J5D3P6,星波广场停车场,150904,停车场,塔秀路88号星波购物广场,"121.262347,31.351271",transport,exclude_non_attraction,amap_children,2026-09-19T22:05:35+00:00
B0FFLG4NPL,星波购物广场,B0H6J5DYMN,星波广场地下停车场,150904,停车场,塔秀路88号星波购物广场,"121.262033,31.351435",transport,exclude_non_attraction,amap_children,2026-09-19T22:05:35+00:00
B0FFLFL01P,壹号街(晨阳路店),B0H2F5LOOT,壹号街停车场,150904,停车场,壹号街(晨阳路店),"121.752955,31.176755",transport,exclude_non_attraction,amap_children,2026-09-19T22:05:37+00:00
B00156F2U8,悦舜959创意生活广场,B0H69LLPK7,悦舜959创意生活广场停车场,150904,停车场,万荣路959号悦舜959创意生活广场,"121.442291,31.287903",transport,exclude_non_attraction,amap_children,2026-09-19T22:05:37+00:00
B0FFLEPJ0L,罗店大居中心广场,B0H63D8A3F,罗店大居中心广场停车场,150904,停车场,美文路与罗南路交叉口东北100米,"121.343187,31.383485",transport,exclude_non_attraction,amap_children,2026-09-19T22:05:38+00:00
B00156Z02E,三悦广场,B0HA955S52,三悦广场停车场,150904,停车场,三鲁公路与东城一路交叉口东南40米,"121.532543,31.029464",transport,exclude_non_attraction,amap_children,2026-09-19T22:05:38+00:00
B0FFK5VWHK,西云楼深夜食街(嘉定新城西云楼店),B0G0VLMOGG,西云楼海派CITY LIFE停车场,150904,停车场,马陆镇洪德路228号西云楼深夜食街(嘉定新城西云楼店),"121.258099,31.356862",transport,exclude_non_attraction,amap_children,2026-09-19T22:05:43+00:00
B0FFK8FMY2,广场公园(音乐广场地块),B0FFINMN3C,广场公园(音乐广场地块)-停车场,150900,停车场,金陵中路凯迪拉克上海音乐厅(大世界地铁站3号口步行140米),"121.478325,31.226570",transport,exclude_non_attraction,amap_children,2026-09-19T22:05:48+00:00
B0FFJIG1DJ,番喜町生活广场,B0H6FA1FGB,番喜町生活广场地下停车场,150904,停车场,涞清路玉兰清苑-二期,"121.297622,31.195409",transport,exclude_non_attraction,amap_children,2026-09-19T22:05:50+00:00
B0FFGW149O,昊元生活广场,B0H6R57WB2,昊元生活广场停车场,150904,停车场,昊元生活广场,"121.305407,31.296080",transport,exclude_non_attraction,amap_children,2026-09-19T22:05:50+00:00
B0FFF0FP1G,金榜广场,B0H0PCGBG0,金榜广场西北门东停车场,150904,停车场,精勤路与南洋南路交叉口南180米,"121.433554,31.017835",transport,exclude_non_attraction,amap_children,2026-09-19T22:05:51+00:00
B0FFF0FP1G,金榜广场,B0HRFU21KZ,金榜广场西北门南停车场,150904,停车场,东川路与永平路交叉口东220米,"121.433330,31.017473",transport,exclude_non_attraction,amap_children,2026-09-19T22:05:51+00:00
B0FFGPQTS5,金桥阳光花苑商业中心,B0FFHWNZND,金桥阳光花苑商业中心停车场,150905,停车场,利川路421弄1-6号金桥阳光花苑,"121.684520,31.204300",transport,exclude_non_attraction,amap_children,2026-09-19T22:05:51+00:00
B0FFFGQDNK,红金源广场,B0H6LADXQI,红金源广场停车场,150904,停车场,金山卫镇卫零路147号红金源广场,"121.339165,30.714968",transport,exclude_non_attraction,amap_children,2026-09-19T22:05:53+00:00
B001579BNU,正阳南港商业街,B0H0PZDJ2B,正阳南港商业街停车场,150904,停车场,南桥南港路正阳世纪星城3期丽骏湾,"121.476510,30.907346",transport,exclude_non_attraction,amap_children,2026-09-19T22:05:53+00:00
B0FFG9JOWL,虹梅新尚街,B0JUV56JED,虹梅新尚街地面停车场,150904,停车场,永德路365号二楼虹梅新尚街,"121.455834,31.041480",transport,exclude_non_attraction,amap_children,2026-09-19T22:05:53+00:00
B0FFID3ZIF,上海嘉定双创街,B0L2MCYHPV,上海嘉定双创街地面停车场,150904,停车场,陈家山路355号上海嘉定双创街,"121.241839,31.392770",transport,exclude_non_attraction,amap_children,2026-09-19T22:05:54+00:00
B00156DZ3A,时代联华购物中心(徐行店),B0FFGPNQ1H,时代联华购物中心徐行店停车场,150904,停车场,澄浏公路与新建二路交叉口西北60米,"121.273790,31.416088",transport,exclude_non_attraction,amap_children,2026-09-19T22:06:05+00:00
B0FFH2XYIO,友谊百货(百联嘉定购物中心店),B0HA374TD3,友谊百货地下停车场,150904,停车场,友谊百货(百联嘉定购物中心店),"121.278194,31.388222",transport,exclude_non_attraction,amap_children,2026-09-19T22:06:07+00:00
B0FFH2XYIO,友谊百货(百联嘉定购物中心店),B0HA374TD2,友谊百货立体停车场,150904,停车场,友谊百货(百联嘉定购物中心店),"121.278303,31.387805",transport,exclude_non_attraction,amap_children,2026-09-19T22:06:07+00:00
B00156GUPA,招商·海德坊商业步行街,B0FFI87641,海德坊停车场,150904,停车场,蕰川路2336号(富锦路地铁站1号口步行270米),"121.423682,31.393613",transport,exclude_non_attraction,amap_children,2026-09-19T22:06:09+00:00
B00156ZLW9,山龙绿地广场,B0LKBKS5NI,山龙绿地广场停车场,150904,停车场,山龙绿地广场,"121.338381,30.731295",transport,exclude_non_attraction,amap_children,2026-09-19T22:06:10+00:00
B0G30BH5I8,不夜城广场,B0H2GRVNP8,不夜城广场地下停车场,150904,停车场,不夜城广场(大世界地铁站6号口步行220米),"121.479876,31.224990",transport,exclude_non_attraction,amap_children,2026-09-19T22:06:12+00:00
B0FFH28D07,中闵·莘庄商业广场,B0HD1Z3HVZ,中闵·莘庄商业广场停车场,150904,停车场,七莘路200号中闵·莘庄商业广场,"121.377753,31.112649",transport,exclude_non_attraction,amap_children,2026-09-19T22:06:13+00:00
B0FFG20J23,硕和生活广场,B0G07C52KR,硕和生活广场地下停车场,150904,停车场,安波路521号硕和生活广场,"121.529510,31.301523",transport,exclude_non_attraction,amap_children,2026-09-19T22:06:15+00:00
B0FFGCEW2I,梧桐广场,B0H65ALTL7,梧桐广场停车场,150904,停车场,真华路与华和路交叉口东40米,"121.411708,31.291254",transport,exclude_non_attraction,amap_children,2026-09-19T22:06:16+00:00
B00156GOXL,祥腾假日风情商业广场,B0H61UPHI9,祥腾假日风情商业广场停车场,150904,停车场,新桥路与久远路交叉口西180米,"121.106187,31.213108",transport,exclude_non_attraction,amap_children,2026-09-19T22:06:18+00:00
B0FFHMB1EW,圆方时代广场,B0H6LRGQEC,圆方时代广场地下停车场,150904,停车场,新村路与真华路交叉口东240米,"121.412878,31.268134",transport,exclude_non_attraction,amap_children,2026-09-19T22:06:18+00:00
B0FFHMB1EW,圆方时代广场,B0H6LRGQEB,圆方时代广场停车场,150904,停车场,新村路万里美食休闲广场,"121.412856,31.268305",transport,exclude_non_attraction,amap_children,2026-09-19T22:06:18+00:00
B00156DZD2,都灵广场,B0FFGCER4A,都灵广场停车场,150904,停车场,浦申路1888号都灵广场,"121.495092,31.105128",transport,exclude_non_attraction,amap_children,2026-09-19T22:06:18+00:00
B0FFG0PVWW,申源广场,B0H0T7PLYQ,申源广场停车场,150904,停车场,重固镇现代华庭二期南门,"121.187735,31.191756",transport,exclude_non_attraction,amap_children,2026-09-19T22:06:19+00:00
B0FFHGHVFK,万安生活园(万安街店),B00156GBCC,万安生活园地面停车场,150904,停车场,朱泾万安街709-E附近,"121.164597,30.897336",transport,exclude_non_attraction,amap_children,2026-09-19T22:06:27+00:00
B0FFHWG18E,嘉实生活广场北区,B0FFHITPQN,嘉实生活广场北区停车场,150904,停车场,嘉松北路6130弄嘉实生活广场北区B1层,"121.222127,31.287917",transport,exclude_non_attraction,amap_children,2026-09-19T22:06:27+00:00
B00156PCM7,8壹广场,B0H69DJX3I,8壹广场东南停车场,150904,停车场,8壹广场,"121.396816,31.620668",transport,exclude_non_attraction,amap_children,2026-09-19T22:06:28+00:00
B00156PCM7,8壹广场,B0H69DJ1E1,8壹广场东停车场,150904,停车场,8壹广场,"121.397040,31.620993",transport,exclude_non_attraction,amap_children,2026-09-19T22:06:28+00:00
B00156Z4CR,汇连广场,B0H67A1872,汇连广场停车场,150904,停车场,解放街55号汇连广场,"121.309608,31.288339",transport,exclude_non_attraction,amap_children,2026-09-19T22:06:30+00:00
B0I2DHR7PF,上海南橡商业广场,B0KRZS5J6Q,上海南橡商业广场地面停车场,150904,停车场,南翔镇德园路565号上海南橡商业广场,"121.306890,31.296367",transport,exclude_non_attraction,amap_children,2026-09-19T22:06:30+00:00
B0FFGOC89Q,大风车曹路中心广场,B0IUXSE1RW,大风车曹路中心广场地面停车场,150904,停车场,民春路与民雨路交叉口东北100米,"121.664434,31.274753",transport,exclude_non_attraction,amap_children,2026-09-19T22:06:30+00:00
B0FFL0XJNB,堡镇商业广场,B0H27UVELU,堡镇商业广场停车场,150904,停车场,达山路与石岛路交叉口西北60米,"121.624991,31.538359",transport,exclude_non_attraction,amap_children,2026-09-19T22:06:31+00:00
B0HR6Z8SXH,七七广场潮酷空间,B0H3MZ8HKN,七七广场潮酷空间地下停车场,150904,停车场,七七广场潮酷空间,"121.210706,31.038231",transport,exclude_non_attraction,amap_children,2026-09-19T22:06:39+00:00
B00156ZJ1Y,东苑新天地广场,B0H67R3JNI,东苑新天地广场停车场,150904,停车场,七莘路765弄17号,"121.371505,31.120197",transport,exclude_non_attraction,amap_children,2026-09-19T22:06:40+00:00
B00156ZJ1Y,东苑新天地广场,B0H67R4LIU,东苑新天地广场地下停车场,150904,停车场,疏影路与七莘路交叉口西南100米,"121.370581,31.120386",transport,exclude_non_attraction,amap_children,2026-09-19T22:06:40+00:00
B00156GCDS,兴兴商场,B0FFKJ4ESY,兴兴商场停车场,150904,停车场,西环路381号,"121.365753,31.108130",transport,exclude_non_attraction,amap_children,2026-09-19T22:06:40+00:00
B00156NWV5,弘基诚建广场,B0H69UKM2P,弘基诚建广场停车场,150904,停车场,沪宜公路与封周路交叉口东南60米,"121.282054,31.335879",transport,exclude_non_attraction,amap_children,2026-09-19T22:06:40+00:00
B00156NWV5,弘基诚建广场,B0H69UIN1K,弘基诚建广场地下停车场,150904,停车场,沪宜公路天马新村,"121.282327,31.335522",transport,exclude_non_attraction,amap_children,2026-09-19T22:06:40+00:00
B0FFI6VWFF,竞衡八八广场,B0FFJGFCKT,竞衡八八广场停车场,150904,停车场,志伟路808号,"121.310477,30.835972",transport,exclude_non_attraction,amap_children,2026-09-19T22:06:40+00:00
B0FFG8UCGU,兴梅路尚乐坊,B0HATDXLTU,兴梅路尚乐坊地下停车场,150904,停车场,莲花南路1251-111号,"121.411364,31.104355",transport,exclude_non_attraction,amap_children,2026-09-19T22:06:42+00:00
B00156DZIH,舜川生活广场,B0HBN7YQOQ,舜川生活广场停车场,150904,停车场,凌空路与华夏东路交叉口东南120米,"121.716132,31.202524",transport,exclude_non_attraction,amap_children,2026-09-19T22:06:42+00:00
B0FFH1Y767,高东商业广场,B0HD3DQSXR,高东商业广场地面停车场,150904,停车场,高东镇光明路635号高东商业广场,"121.624482,31.326582",transport,exclude_non_attraction,amap_children,2026-09-19T22:06:42+00:00
B00155L97D,安信商业广场E区,B0H1G5UC4E,安信商业广场E区地下停车场,150904,停车场,牡丹江路1233号安信商业广场E区,"121.489172,31.393843",transport,exclude_non_attraction,amap_children,2026-09-19T22:06:42+00:00
B00156LUPM,福泉山广场,B0FFGO2YQQ,福泉山广场停车场,150904,停车场,福泉山路658号,"121.177427,31.200382",transport,exclude_non_attraction,amap_children,2026-09-19T22:06:45+00:00
B0FFG2RI98,通跃商业广场,B0HBGSDZWY,通跃商业广场停车场,150904,停车场,南青路与通跃路交叉口东100米,"121.233037,31.034306",transport,exclude_non_attraction,amap_children,2026-09-19T22:06:52+00:00
B00155MRN2,云山休闲广场,B0H25ZMM8M,云山休闲广场停车场,150904,停车场,云山路886号云山休闲广场,"121.570722,31.250634",transport,exclude_non_attraction,amap_children,2026-09-19T22:06:52+00:00
B0FFG8B2QY,留溪广场,B0HKGSBKE2,留溪广场停车场,150904,停车场,新建路与新华路交叉口东南20米,"121.285510,30.801345",transport,exclude_non_attraction,amap_children,2026-09-19T22:06:57+00:00
B0FFFPK5SR,临港滨河商业街,B0HBN7YJCB,临港滨河商业街地下停车场,150904,停车场,老芦公路临港滨河商业街(东南角),"121.849963,30.865980",transport,exclude_non_attraction,amap_children,2026-09-19T22:06:58+00:00
B0FFFPK5SR,临港滨河商业街,B0HBN7YJCC,临港滨河商业街停车场,150904,停车场,老芦公路与芦安路交叉口西北140米,"121.849462,30.866125",transport,exclude_non_attraction,amap_children,2026-09-19T22:06:58+00:00
B00155MLLM,梅陇城广场,B0MAA684EX,梅陇城广场地上停车场,150904,停车场,梅陇镇梅陇城广场(莲花路地铁站6号口步行340米),"121.405288,31.130363",transport,exclude_non_attraction,amap_children,2026-09-19T22:06:58+00:00
B0FFHG8T5X,涌金广场东区,B0FFHGAKN4,涌金广场东区地下停车场,150904,停车场,海汇街118号涌金广场东区,"121.340583,30.747598",transport,exclude_non_attraction,amap_children,2026-09-19T22:07:00+00:00
B00155R1FJ,2010金桥嘉年华广场,B0IBMHTSRQ,2010金桥嘉年华广场地面停车场,150904,停车场,东陆路1757号2010金桥嘉年华广场,"121.608928,31.264627",transport,exclude_non_attraction,amap_children,2026-09-19T22:07:01+00:00
B00155L9WI,上海美术馆(中华艺术宫),B00156NWPG,中华艺术宫地面停车场,150904,停车场,上南路153号上海美术馆(中华艺术宫),"121.490856,31.180608",transport,exclude_non_attraction,amap_children,2026-09-19T22:07:10+00:00
B00155L9WI,上海美术馆(中华艺术宫),B0FFFWVJZ3,中华艺术宫内部地下停车场,150905,停车场,上南路205号(中华艺术宫内),"121.495580,31.183908",transport,exclude_non_attraction,amap_children,2026-09-19T22:07:10+00:00
B001575WDA,上海世博会博物馆,B00156F45T,上海世博会博物馆停车点,150904,停车场,局门路735号(世博会博物馆地铁站2号口步行460米),"121.483020,31.192823",transport,exclude_non_attraction,amap_children,2026-09-19T22:07:10+00:00
B001575WDA,上海世博会博物馆,B0FFM4KY9T,上海世博会博物馆内部地下停车场,150905,停车场,龙华东路世博会博物馆(世博会博物馆地铁站2号口步行430米),"121.481289,31.195411",transport,exclude_non_attraction,amap_children,2026-09-19T22:07:10+00:00
B001575WDA,上海世博会博物馆,B0HRPC4VQV,上海世博会博物馆游客中心,070201,,蒙自路818号上海世博会博物馆,"121.482330,31.194277",service,exclude_non_attraction,amap_children,2026-09-19T22:07:10+00:00
B00156F7CP,上海当代艺术博物馆,B0FFF00FSD,上海当代艺术博物馆地面停车场,150904,停车场,花园港路200号上海当代艺术博物馆内,"121.497779,31.201667",transport,exclude_non_attraction,amap_children,2026-09-19T22:07:10+00:00
B00156F7CP,上海当代艺术博物馆,B0FFJJFNNG,上海当代艺术博物馆停车点(内部专用),150904,停车场,望达路与苗江路交叉口东北150米,"121.498300,31.200148",transport,exclude_non_attraction,amap_children,2026-09-19T22:07:10+00:00
B00156F7CP,上海当代艺术博物馆,B0HRGM7E5T,上海当代艺术博物馆游客中心,070201,,花园港路与苗江路交叉口西120米,"121.498406,31.201041",service,exclude_non_attraction,amap_children,2026-09-19T22:07:10+00:00
B0FFI2885X,上海市历史博物馆,B0HRGS7EYL,上海市历史博物馆游客中心,070201,,南京西路325号上海市历史博物馆,"121.470867,31.231123",service,exclude_non_attraction,amap_children,2026-09-19T22:07:10+00:00
B0JAXS5ONF,上海潜艇展览馆(中国航海博物馆黄浦分馆),B0L3AUVEOG,上海潜艇展览馆停车场,150904,停车场,龙华东路50弄1号上海潜艇展览馆(中国航海博物馆黄浦分馆),"121.488253,31.195501",transport,exclude_non_attraction,amap_children,2026-09-19T22:07:10+00:00
B00156DD2R,中国航海博物馆,B0FFK21SI5,环湖西二路停车场,150904,停车场,南汇新城镇申港大道197号中国航海博物馆内,"121.921225,30.896149",transport,exclude_non_attraction,amap_children,2026-09-19T22:07:10+00:00
B00156DD2R,中国航海博物馆,B0FFK7EO4Z,中国航海博物馆售票处,070306,售票处,中国航海博物馆2层,"121.919401,30.896091",service,exclude_non_attraction,amap_children,2026-09-19T22:07:10+00:00
B00156DD2R,中国航海博物馆,B0FFJRX1BR,中国航海博物馆游客中心,070201,,中国航海博物馆2层,"121.919554,30.896060",service,exclude_non_attraction,amap_children,2026-09-19T22:07:10+00:00
B0G25CUBHQ,上海世界技能博物馆,B0LGNCSZTY,上海世界技能博物馆地下停车场,150904,停车场,安浦路389号上海世界技能博物馆,"121.540612,31.255454",transport,exclude_non_attraction,amap_children,2026-09-19T22:07:12+00:00
B0FFIW090Q,国际乒联博物馆,B0H0ASSH2B,中国乒乓球博物馆停车场(内部专用),150905,停车场,局门路796号国际乒联博物馆,"121.480955,31.193212",transport,exclude_non_attraction,amap_children,2026-09-19T22:07:12+00:00
B0FFIW090Q,国际乒联博物馆,B0H0ASR043,中国乒乓球博物馆地下停车场,150905,停车场,局门路796号国际乒联博物馆,"121.481020,31.193086",transport,exclude_non_attraction,amap_children,2026-09-19T22:07:12+00:00
B0FFJVB04S,奉贤博物馆,B0FFMEHHOQ,奉贤博物馆地下停车场,150904,停车场,湖畔路333号奉贤博物馆,"121.503068,30.933536",transport,exclude_non_attraction,amap_children,2026-09-19T22:07:12+00:00
B001575OGK,上海电影博物馆,B0FFHG97X3,上海电影博物馆停车场,150904,停车场,漕溪北路595号上海电影广场,"121.438772,31.186206",transport,exclude_non_attraction,amap_children,2026-09-19T22:07:12+00:00
B001575OGK,上海电影博物馆,B0HRPC530Q,上海电影博物馆售票处,070306,售票处,漕溪北路595号上海电影博物馆,"121.438242,31.186124",service,exclude_non_attraction,amap_children,2026-09-19T22:07:12+00:00
B0FFK6SGQJ,闵行博物馆,B0LU1S70H5,闵行博物馆停车场,150904,停车场,新镇路1538号闵行博物馆,"121.357413,31.159825",transport,exclude_non_attraction,amap_children,2026-09-19T22:07:12+00:00
B00155IK5A,上海汽车博物馆,B0HRPC59ZL,上海汽车博物馆售票处,070306,售票处,博园路7565号上海汽车博物馆,"121.170179,31.278701",service,exclude_non_attraction,amap_children,2026-09-19T22:07:12+00:00
B00156EJCZ,上海消防博物馆,B0KKU7L37M,上海消防博物馆地面停车场(内部专用),150905,停车场,中山西路229号上海消防博物馆,"121.410996,31.218182",transport,exclude_non_attraction,amap_children,2026-09-19T22:07:14+00:00
B00155LL5X,上海工艺美术博物馆,B0MUBR869Q,上海市工艺美术博物馆-内部专用地上停车场,150905,停车场,汾阳路79号上海工艺美术博物馆,"121.454225,31.210425",transport,exclude_non_attraction,amap_children,2026-09-19T22:07:14+00:00
B0FFFPQ7R0,嘉定博物馆,B0FFGL0ZXR,博物馆停车场,150905,停车场,博乐路215号嘉定博物馆,"121.251984,31.387346",transport,exclude_non_attraction,amap_children,2026-09-19T22:07:15+00:00
B0FFFPQ7R0,嘉定博物馆,B0FFHRPDQI,嘉定博物馆停车场,150905,停车场,博乐路215号嘉定博物馆,"121.252035,31.387223",transport,exclude_non_attraction,amap_children,2026-09-19T22:07:15+00:00
B0FFFPQ7R0,嘉定博物馆,B0M2PRP4AJ,嘉定博物馆-内部专用地下停车场,150905,停车场,博乐路215号嘉定博物馆,"121.251925,31.387275",transport,exclude_non_attraction,amap_children,2026-09-19T22:07:15+00:00
B0FFFPQ7R0,嘉定博物馆,B0G0CHVYKJ,博物馆停车场,150905,停车场,博乐路215号嘉定博物馆,"121.251932,31.386582",transport,exclude_non_attraction,amap_children,2026-09-19T22:07:15+00:00
B001506F1C,青浦博物馆,B0H0MZKHEK,青浦博物馆停车场,150904,停车场,青舟路与华浦南路交叉口西100米,"121.135448,31.151109",transport,exclude_non_attraction,amap_children,2026-09-19T22:07:15+00:00
B0015228EE,上海天文博物馆,B0FFFCM1GV,上海天文博物馆售票处,070306,售票处,外青松公路9279号佘山国家森林公园内,"121.193485,31.094130",service,exclude_non_attraction,amap_children,2026-09-19T22:07:15+00:00
B00156EC23,上海动漫博物馆,B0KUZSHEF4,上海动漫博物馆停车点,150904,停车场,张江路69号上海动漫博物馆,"121.611301,31.212876",transport,exclude_non_attraction,amap_children,2026-09-19T22:07:17+00:00
B0FFGW67JN,金山博物馆,B0HKVU8JL8,金山博物馆南侧停车场,150904,停车场,龙展路与海芙路交叉口西南200米,"121.347657,30.745086",transport,exclude_non_attraction,amap_children,2026-09-19T22:07:17+00:00
B0FFGW67JN,金山博物馆,B0HKVUAAJC,金山博物馆北侧停车场,150905,停车场,龙展路与海芙路交叉口西南80米,"121.349007,30.745567",transport,exclude_non_attraction,amap_children,2026-09-19T22:07:17+00:00
B00157GBT6,上海凝聚力工程博物馆,B0H1X6ZLRF,上海凝聚力工程博物馆停车场,150900,停车场,长宁路878号上海凝聚力工程博物馆,"121.419541,31.220024",transport,exclude_non_attraction,amap_children,2026-09-19T22:07:18+00:00
B0FFFV3AB5,上海木文化博物馆,B0FFGQKSMO,上海尊木汇木文化博物馆停车场,150904,停车场,沪太路2751号上海木文化博物馆,"121.412678,31.310508",transport,exclude_non_attraction,amap_children,2026-09-19T22:07:18+00:00
B00155L2K0,上海中国烟草博物馆,B0FFG7U20H,中国烟草博物馆停车场(内部专用),150905,停车场,长阳路733号(近通北路),"121.518185,31.262093",transport,exclude_non_attraction,amap_children,2026-09-19T22:07:18+00:00
B0FFFQLG0R,上海中国工业设计博物馆,B0H0MSHQ6D,中国工业设计博物馆停车场,150904,停车场,逸仙路3000号3号楼2层上海中国工业设计博物馆,"121.496635,31.340323",transport,exclude_non_attraction,amap_children,2026-09-19T22:07:20+00:00
B0FFFQLG0R,上海中国工业设计博物馆,B0H0MSJ0AI,中国工业设计博物馆立体停车场,150904,停车场,逸仙路3000号3号楼2层上海中国工业设计博物馆,"121.496924,31.340535",transport,exclude_non_attraction,amap_children,2026-09-19T22:07:20+00:00
B0FFK2VR4T,上海造币博物馆,B0I6JA261D,上海造币博物馆地面停车场,150904,停车场,光复西路17号上海造币博物馆,"121.434526,31.249896",transport,exclude_non_attraction,amap_children,2026-09-19T22:07:20+00:00
B00155G0CP,上海东方地质博物馆,B0HUUAQCG6,上海地质科普馆停车场,150904,停车场,江镇路100号上海东方地质博物馆,"121.783691,31.177348",transport,exclude_non_attraction,amap_children,2026-09-19T22:07:22+00:00
B00155G0CP,上海东方地质博物馆,B0HUUAPXIR,上海地质科普馆售票处,070306,售票处,江镇路100号上海东方地质博物馆,"121.783278,31.177396",service,exclude_non_attraction,amap_children,2026-09-19T22:07:22+00:00
B00155G0CP,上海东方地质博物馆,B0HUUAQJ1X,上海地质科普馆游客中心,070201,,江镇路100号上海东方地质博物馆,"121.783257,31.177387",service,exclude_non_attraction,amap_children,2026-09-19T22:07:22+00:00
B0FFG4TP2T,红色泥城主题馆,B0MRUKJRVU,红色泥城主题馆地上停车场,150904,停车场,南芦公路1887号红色泥城主题馆,"121.834575,30.894675",transport,exclude_non_attraction,amap_children,2026-09-19T22:07:22+00:00
B00154DUN4,松江博物馆,B0H0MSHXUT,松江博物馆停车场,150904,停车场,中山东路233号松江博物馆,"121.246475,31.006859",transport,exclude_non_attraction,amap_children,2026-09-19T22:07:22+00:00
B001573FMW,上海中国留学生博物馆,B0H0MSKA60,上海中国留学生博物馆停车场,150904,停车场,大塔路678号上海中国留学生博物馆,"121.244386,31.049180",transport,exclude_non_attraction,amap_children,2026-09-19T22:07:22+00:00
B00154F1KO,崇明学宫-崇明区博物馆,B0FFG69T20,崇明区博物馆停车场,150904,停车场,鳌山路696号(近南门码头)崇明博物馆内,"121.401857,31.618320",transport,exclude_non_attraction,amap_children,2026-09-19T22:07:24+00:00
B00156R4GP,新场历史文化陈列馆,B0H121C2YC,新场历史文化陈列馆售票处,070306,售票处,新场大街与牌楼西路交叉口西北100米,"121.646158,31.025323",service,exclude_non_attraction,amap_children,2026-09-19T22:07:28+00:00
B00157HMLB,上海立信会计学院中国会计博物馆,B0FFHQ7N18,中国会计博物馆停车场,150900,停车场,文翔路2800号上海立信会计金融学院松江校区,"121.199872,31.047902",transport,exclude_non_attraction,amap_children,2026-09-19T22:07:32+00:00
B00156GHHI,上海市嘉定武科举博物馆,B0H0Y5JR7C,上海市嘉定武科举博物馆停车场,150904,停车场,新建一路与武乡路交叉口东160米,"121.268369,31.414902",transport,exclude_non_attraction,amap_children,2026-09-19T22:07:37+00:00
B001552NYO,龙之梦城市生活中心(长宁店),B0G0RCEOTN,龙之梦城市生活中心地下停车场,150904,停车场,长宁路1018号(中山公园地铁站1号口步行150米),"121.415858,31.218927",transport,exclude_non_attraction,amap_children,2026-09-19T22:07:37+00:00
B0FFFZBN19,长宁来福士,B0H6M7HAX9,长宁来福士地下停车场,150904,停车场,周家桥街道长宁路1139号长宁来福士,"121.414155,31.215375",transport,exclude_non_attraction,amap_children,2026-09-19T22:07:37+00:00
B0FFF00NQV,上海月星环球港,B0G0T1G507,环球港地下停车场,150904,停车场,中山北路3300号上海环球港B3,"121.411997,31.233192",transport,exclude_non_attraction,amap_children,2026-09-19T22:07:37+00:00
B0FFHN0XRK,合生汇,B0GKHSZAUA,上海合生汇地下停车场,150904,停车场,翔殷路1099号合生汇综合广场B2,"121.518721,31.299872",transport,exclude_non_attraction,amap_children,2026-09-19T22:07:39+00:00
B0FFHN0XRK,合生汇,B0H2UUQFYM,上海合生汇停车场,150904,停车场,五角场街道翔殷路1099号合生汇B3-B4层,"121.518619,31.299530",transport,exclude_non_attraction,amap_children,2026-09-19T22:07:39+00:00
B0FFK8KCHM,上海南翔印象城MEGA,B0G0FLBX6Y,上海南翔印象城MEGA地下停车场,150904,停车场,南翔镇陈翔路2299号上海南翔印象城MEGAB3,"121.305635,31.304408",transport,exclude_non_attraction,amap_children,2026-09-19T22:07:39+00:00
B0FFK8KCHM,上海南翔印象城MEGA,B0G0FLCBED,上海南翔印象城MEGA立体停车场,150904,停车场,南翔镇陈翔路2299号上海南翔印象城MEGAF3,"121.306036,31.304170",transport,exclude_non_attraction,amap_children,2026-09-19T22:07:39+00:00
B0H0OSXDUD,Gate M西岸梦中心,B0K11COEQ0,Gate M西岸梦中心地下停车场,150904,停车场,龙腾大道2266号Gate M西岸梦中心,"121.465366,31.160932",transport,exclude_non_attraction,amap_children,2026-09-19T22:07:39+00:00
B0GD75AL5O,上海松江印象城,B0IBAH5WU1,松江印象城地下停车场,150904,停车场,广富林路1788弄上海松江印象城,"121.222111,31.062325",transport,exclude_non_attraction,amap_children,2026-09-19T22:07:39+00:00
B0FFIQZ6WD,百联zx造趣场,B0HB25WI50,百联zx造趣场杨浦店停车场,150904,停车场,四平路2500号UMAX百联ZX造趣场B3,"121.515971,31.297749",transport,exclude_non_attraction,amap_children,2026-09-19T22:07:39+00:00
B0JBCMFDFK,上海虹桥前湾印象城MEGA,B0LK754DAF,上海虹桥前湾印象城MEGA地下停车场,150904,停车场,联友路388号上海虹桥前湾印象城MEGA,"121.277456,31.215637",transport,exclude_non_attraction,amap_children,2026-09-19T22:07:39+00:00
B0GUJ5P2CZ,龙湖·上海奉贤天街,B0J6MAGQZG,龙湖·上海奉贤天街地下停车场,150904,停车场,金海公路3800号龙湖·上海奉贤天街,"121.498235,30.912445",transport,exclude_non_attraction,amap_children,2026-09-19T22:07:39+00:00
B0FFFRZIGT,上海佛罗伦萨小镇(上海名品奥特莱斯),B0I6TZO9EL,佛罗伦萨小镇南地面停车场,150904,停车场,卓耀路58弄1-365号上海佛罗伦萨小镇(上海名品奥特莱斯),"121.767075,31.194611",transport,exclude_non_attraction,amap_children,2026-09-19T22:07:39+00:00
B0FFFRZIGT,上海佛罗伦萨小镇(上海名品奥特莱斯),B0H26U06HD,佛罗伦萨小镇上海名品奥特莱斯地下停车场,150904,停车场,卓耀路58弄1-365号佛罗伦萨小镇(上海名品奥特莱斯),"121.765801,31.193872",transport,exclude_non_attraction,amap_children,2026-09-19T22:07:39+00:00
B0FFFRZIGT,上海佛罗伦萨小镇(上海名品奥特莱斯),B0L2BHIUT7,上海佛罗伦萨小镇上海名品奥特莱斯西停车场,150904,停车场,卓耀路58弄1-365号上海佛罗伦萨小镇(上海名品奥特莱斯),"121.762765,31.195950",transport,exclude_non_attraction,amap_children,2026-09-19T22:07:39+00:00
B0FFHR3DEP,晶耀前滩Crystal Plaza,B0M24RHYPT,晶耀前滩CrystalPlaza南区-T7地下停车场,150904,停车场,耀体路308号晶耀前滩Crystal Plaza,"121.477675,31.151675",transport,exclude_non_attraction,amap_children,2026-09-19T22:07:39+00:00
B0G3VHE8BE,漕河泾印象城,B0IALSTOST,漕河泾印象城地下停车场,150904,停车场,漕宝路1011号漕河泾印象城,"121.400732,31.162934",transport,exclude_non_attraction,amap_children,2026-09-19T22:07:40+00:00
B0FFIQXMC1,中庚漫游城,B0H2K56TYK,中庚·漫游城地下停车场,150904,停车场,闵虹路8号中庚漫游城,"121.397577,31.131357",transport,exclude_non_attraction,amap_children,2026-09-19T22:07:40+00:00
B0FFK4VJA3,莘庄维璟印象城,B0GKMRS9I2,莘庄维璟印象城地下停车场,150904,停车场,莘庄镇七莘路1507号维璟广场B1,"121.363706,31.130315",transport,exclude_non_attraction,amap_children,2026-09-19T22:07:40+00:00
B00153A673,上海第一八佰伴,B0GKCCV3VX,上海第一八佰伴地下停车场,150904,停车场,张杨路501号上海第一八佰伴,"121.516391,31.228393",transport,exclude_non_attraction,amap_children,2026-09-19T22:07:40+00:00
B0FFHWH6SA,陆家嘴中心,B0G0OCU7O2,陆家嘴中心地下停车场,150904,停车场,浦东南路899号陆家嘴中心,"121.515372,31.231862",transport,exclude_non_attraction,amap_children,2026-09-19T22:07:40+00:00
B0FFLJY7Z3,复地活力城,B0G0V5MEF5,复地活力城地下停车场,150904,停车场,沪南路2229号复地活力城,"121.564849,31.158853",transport,exclude_non_attraction,amap_children,2026-09-19T22:07:40+00:00
B001550RQU,虹桥南丰城,B0G09UPDLF,虹桥南丰城地下停车场,150904,停车场,遵义路100号虹桥南丰城,"121.408159,31.206792",transport,exclude_non_attraction,amap_children,2026-09-19T22:07:40+00:00
B001550RQU,虹桥南丰城,B0G09UPDLG,虹桥南丰城地面停车场,150904,停车场,天山路街道茅台社区遵义路100号虹桥南丰城B2,"121.407930,31.206664",transport,exclude_non_attraction,amap_children,2026-09-19T22:07:40+00:00
B00156O7KU,尚嘉中心,B0GKMRTHDC,尚嘉中心地下停车场,150904,停车场,仙霞路99号(近紫云西路)尚嘉中心B3,"121.407635,31.205694",transport,exclude_non_attraction,amap_children,2026-09-19T22:07:40+00:00
B0FFHRCH1C,静安大融城,B0G0VMJ2GW,静安大融城地下停车场,150904,停车场,沪太路1111号静安大融城,"121.426876,31.280683",transport,exclude_non_attraction,amap_children,2026-09-19T22:07:40+00:00
B0FFHRCH1C,静安大融城,B0G0VMK6PA,静安大融城地面停车场,150904,停车场,高平路上海行健职业学院西区,"121.429350,31.279729",transport,exclude_non_attraction,amap_children,2026-09-19T22:07:40+00:00
B0FFJEZKPX,龙湖上海闵行天街,B0GKAZ2T9E,龙湖上海闵行天街地下停车场,150904,停车场,剑川路1000号龙湖上海闵行天街,"121.413825,31.025649",transport,exclude_non_attraction,amap_children,2026-09-19T22:07:40+00:00
B00156EIR7,凯德虹口商业中心,B0G0XH04MF,凯德虹口商业中心地下停车场,150904,停车场,西江湾路388号凯德虹口商业中心(虹口足球场地铁站出入口旁),"121.478368,31.270247",transport,exclude_non_attraction,amap_children,2026-09-19T22:07:42+00:00
B0FFIQXLNJ,上海久光中心,B0IBZS3QC3,上海久光中心地下停车场,150904,停车场,共和新路2188号上海久光中心,"121.450243,31.277031",transport,exclude_non_attraction,amap_children,2026-09-19T22:07:42+00:00
B0HB4U9JVP,LaLaport上海金桥,B0HG6UF10A,LaLaport金桥店地面停车场,150904,停车场,新金桥路738号LaLaport上海金桥,"121.604132,31.253029",transport,exclude_non_attraction,amap_children,2026-09-19T22:07:42+00:00
B0HB4U9JVP,LaLaport上海金桥,B0HG6UF8NC,LaLaport金桥店地下停车场,150904,停车场,新金桥路738号LaLaport上海金桥,"121.604411,31.253239",transport,exclude_non_attraction,amap_children,2026-09-19T22:07:42+00:00
B00156EKCV,上海k11购物艺术中心,B0GK7L3DB7,上海k11购物艺术中心立体停车场,150904,停车场,淮海中路街道淮海中路300号K11购物艺术中心F9层,"121.473757,31.223731",transport,exclude_non_attraction,amap_children,2026-09-19T22:07:42+00:00
B00156EKCV,上海k11购物艺术中心,B0HDP5KEC8,k11大厦地下停车场,150904,停车场,淮海中路300号上海k11购物艺术中心,"121.473698,31.223850",transport,exclude_non_attraction,amap_children,2026-09-19T22:07:42+00:00
B001539A1D,新世界城,B0G0FD9OV5,新世界城地下停车场,150904,停车场,南京西路2-68号新世界城B1,"121.473458,31.235488",transport,exclude_non_attraction,amap_children,2026-09-19T22:07:42+00:00
B001539A1D,新世界城,B0G0FD9HIR,新世界城立体停车场,150904,停车场,南京西路2号-68号新世界城,"121.472474,31.234413",transport,exclude_non_attraction,amap_children,2026-09-19T22:07:42+00:00
B00155QIPB,张园,B0M2M9PYA7,张园-东区地上停车场,150904,停车场,茂名北路258号张园(南京西路地铁站4号口步行250米),"121.460816,31.228906",transport,exclude_non_attraction,amap_children,2026-09-19T22:07:42+00:00
B0I1Y56U0T,招商花园城,B0JKR7YR4F,曹路招商花园城停车场,150904,停车场,曹路镇顾唐路99号曹路招商花园城,"121.659328,31.263209",transport,exclude_non_attraction,amap_children,2026-09-19T22:07:42+00:00
B0H6PSPCNY,亚繁亚乐城,B0H0OU14A2,亚繁亚乐城地下停车场,150904,停车场,莘桥镇莘松路1266号亚繁亚乐城,"121.349175,31.097030",transport,exclude_non_attraction,amap_children,2026-09-19T22:07:42+00:00
B00155Q7EO,凯德闵行商业中心,B0G07Z19KM,凯德闵行商业中心地下停车场,150904,停车场,沪闵路6088号凯德龙之梦B3,"121.378942,31.107653",transport,exclude_non_attraction,amap_children,2026-09-19T22:07:44+00:00
B0FFLGKFQZ,森兰花园城,B0GKFSNBKN,森兰花园城地下停车场,150904,停车场,启帆路517号森兰花园城(洲海路地铁站1号口步行470米),"121.592153,31.315032",transport,exclude_non_attraction,amap_children,2026-09-19T22:07:44+00:00
B0FFLGKFQZ,森兰花园城,B0GKFSL5EQ,森兰花园城地面停车场,150904,停车场,启帆路517号森兰花园城(洲海路地铁站1号口步行470米),"121.591992,31.315611",transport,exclude_non_attraction,amap_children,2026-09-19T22:07:44+00:00
B00155G5JB,巴黎春天(浦建店),B0G0XL2SS9,巴黎春天浦建店地下停车场,150904,停车场,浦建路118号巴黎春天(浦建店),"121.520347,31.207890",transport,exclude_non_attraction,amap_children,2026-09-19T22:07:44+00:00
B00155G5JB,巴黎春天(浦建店),B0G0XL0TGB,巴黎春天浦建店停车场,150904,停车场,浦建路118号巴黎春天B2(塘桥地铁站2号口步行230米),"121.520344,31.207791",transport,exclude_non_attraction,amap_children,2026-09-19T22:07:44+00:00
B0FFHIIGXG,宝龙城,B0H2KS82XH,宝龙城-西区地下停车场,150904,停车场,漕宝路3299弄15号宝龙城,"121.355073,31.157687",transport,exclude_non_attraction,amap_children,2026-09-19T22:07:44+00:00
B0FFHIIGXG,宝龙城,B0H61UR0Q9,宝龙城地面停车场,150904,停车场,漕宝路3299弄15号宝龙城,"121.356232,31.157344",transport,exclude_non_attraction,amap_children,2026-09-19T22:07:44+00:00
B0FFHIIGXG,宝龙城,B0M6O1N8T8,宝龙城-东区地下停车场,150904,停车场,漕宝路3299弄15号宝龙城,"121.356643,31.157318",transport,exclude_non_attraction,amap_children,2026-09-19T22:07:44+00:00
B0H1U10IGR,长宁Art Park大融城,B0IRF76F9C,长宁Art Park大融城地下停车场,150904,停车场,淞虹路377号长宁Art Park大融城,"121.359818,31.217299",transport,exclude_non_attraction,amap_children,2026-09-19T22:07:44+00:00
B00156TJ6S,上海丁香国际商业中心,B0G0X5ZSG4,上海丁香国际商业中心地下停车场,150904,停车场,丁香路858号上海丁香国际商业中心,"121.551921,31.225181",transport,exclude_non_attraction,amap_children,2026-09-19T22:07:44+00:00
B0G04K53E8,龙湖上海宝山天街,B0HA17GC5B,龙湖上海宝山天街地下停车场,150904,停车场,上海宝山天街(刘行地铁站出入口步行300米),"121.363522,31.357930",transport,exclude_non_attraction,amap_children,2026-09-19T22:07:44+00:00
B00157HU6V,森兰商都,B0G0XL29SR,森兰商都停车场,150904,停车场,启帆路628号森兰商都(近张扬北路),"121.590793,31.312228",transport,exclude_non_attraction,amap_children,2026-09-19T22:07:44+00:00
B00157HU6V,森兰商都,B0G0XL2SVX,森兰商都地下停车场,150904,停车场,洲海路地铁站1号口步行190米,"121.590587,31.312081",transport,exclude_non_attraction,amap_children,2026-09-19T22:07:44+00:00
B0K04HTY0H,浦发唐镇印象汇,B0L2UMEEAC,浦发唐镇印象汇地下停车场,150904,停车场,德淳路288号浦发唐镇印象汇,"121.669768,31.227614",transport,exclude_non_attraction,amap_children,2026-09-19T22:07:44+00:00
B0FFF00202,港城新天地,B0H2N5FZD3,港城新天地停车场,150904,停车场,南汇新城镇茉莉路225弄港城新天地,"121.905749,30.896232",transport,exclude_non_attraction,amap_children,2026-09-19T22:07:46+00:00
B00156ECF7,上海国际时尚中心,B0G0TLGYDO,上海国际时尚中心7号楼停车场,150904,停车场,杨树浦路2866号上海国际时尚中心,"121.557276,31.273463",transport,exclude_non_attraction,amap_children,2026-09-19T22:07:46+00:00
B00156ECF7,上海国际时尚中心,B0G0TLFHNO,上海国际时尚中心南立体停车场,150904,停车场,杨树浦路2866号上海国际时尚中心,"121.557428,31.270484",transport,exclude_non_attraction,amap_children,2026-09-19T22:07:46+00:00
B0H64LKNQD,宝乐汇,B0HA2RRKGA,宝乐汇地下停车场,150904,停车场,佘月路27号宝乐汇(佘山地铁站2号出口步行220米),"121.230799,31.104632",transport,exclude_non_attraction,amap_children,2026-09-19T22:07:46+00:00
B0FFG6P1CM,嘉定大融城IMIX PARK,B0G0FLBPDL,大融城地下停车场,150904,停车场,马陆镇宝安公路3386号嘉定大融城IMIX PARK,"121.280620,31.331721",transport,exclude_non_attraction,amap_children,2026-09-19T22:07:46+00:00
B0FFG6P1CM,嘉定大融城IMIX PARK,B0G0FLBHQX,大融城停车场,150904,停车场,马陆镇宝安公路3386号嘉定大融城IMIX PARK,"121.280557,31.331360",transport,exclude_non_attraction,amap_children,2026-09-19T22:07:46+00:00
B0K2AUZNE1,陆悦天地,B0L0F776Q5,陆悦天地停车场,150904,停车场,中科路1600号陆悦天地(学林路地铁站2号口步行340米),"121.616451,31.182432",transport,exclude_non_attraction,amap_children,2026-09-19T22:07:46+00:00
B0FFF00G4B,汇智国际商业中心,B0GKMRT36C,汇智国际商业中心地下停车场,150904,停车场,金科路3057号汇智国际商业中心B2,"121.602277,31.202842",transport,exclude_non_attraction,amap_children,2026-09-19T22:07:46+00:00
B0FFF00G4B,汇智国际商业中心,B0FFG7H85H,汇智国际商业中心N3、N5地面停车场,150904,停车场,亮景路89号汇智国际商业中心(金科路地铁站2号口步行300米),"121.603424,31.203513",transport,exclude_non_attraction,amap_children,2026-09-19T22:07:46+00:00
B0FFJJ6O7C,西郊码头,B0H2N5FZFD,西郊码头停车场,150904,停车场,繁兴路与北青公路交叉口南80米,"121.291890,31.212753",transport,exclude_non_attraction,amap_children,2026-09-19T22:07:46+00:00
B0G3R7BXT2,UNI-MALL天空之城,B0I2TMVJEV,天空万科广场地下停车场,150904,停车场,徐盈路(徐盈路地铁站出入口步行80米),"121.254270,31.177022",transport,exclude_non_attraction,amap_children,2026-09-19T22:07:46+00:00
B0FFFF1EYQ,第一坊,B0H67U4R4O,大华第一坊地下停车场,150904,停车场,真华路950号大华第一坊,"121.411496,31.272396",transport,exclude_non_attraction,amap_children,2026-09-19T22:07:46+00:00
B00155MZB0,巴黎春天(宝山店),B0G0T9F3YG,巴黎春天宝山店地下停车场,150904,停车场,真华路888号巴黎春天B2,"121.412715,31.270682",transport,exclude_non_attraction,amap_children,2026-09-19T22:07:46+00:00
B0FFGNOBD2,经纬汇,B0H6PCQ4T4,经纬汇地下停车场,150904,停车场,经纬汇(南陈路地铁站1号口步行330米),"121.399202,31.324257",transport,exclude_non_attraction,amap_children,2026-09-19T22:07:47+00:00
B00156EI94,大华虎城嘉年华,B0GKNA6XJB,大华虎城嘉年华地下停车场,150904,停车场,大华路352号大华虎城嘉年华,"121.412691,31.270737",transport,exclude_non_attraction,amap_children,2026-09-19T22:07:47+00:00
B0GUG717MT,新达汇·三林,B0GKF7LFFI,新达汇·三林地下停车场,150904,停车场,永泰路1058弄1-26号新达汇·三林,"121.525476,31.141632",transport,exclude_non_attraction,amap_children,2026-09-19T22:07:47+00:00
B0GUG717MT,新达汇·三林,B0GKF7ONH4,新达汇·三林地面停车场,150904,停车场,永泰路1058弄1-26号新达汇·三林B2,"121.525350,31.141395",transport,exclude_non_attraction,amap_children,2026-09-19T22:07:47+00:00
B0FFH0ZNSS,淮海755,B0H6FA2FFT,淮海755地下停车场,150904,停车场,淮海755(淮海中路地铁站2号口步行150米),"121.464405,31.218231",transport,exclude_non_attraction,amap_children,2026-09-19T22:07:47+00:00
B0FFH0ZNSS,淮海755,B0H6FA1U6C,淮海755停车场,150904,停车场,淮海中路755号淮海755B1,"121.464529,31.218225",transport,exclude_non_attraction,amap_children,2026-09-19T22:07:47+00:00
B0FFLI93PE,宝山花园城,B0H6YUB6CJ,宝山花园城地下停车场,150904,停车场,水产路2069号宝山花园城,"121.447762,31.367992",transport,exclude_non_attraction,amap_children,2026-09-19T22:07:47+00:00
B0FFF65E8N,巴黎春天(成山店),B0G07U48IB,巴黎春天成山店地下停车场,150904,停车场,成山路1993号巴黎春天(成山店),"121.533156,31.180264",transport,exclude_non_attraction,amap_children,2026-09-19T22:07:47+00:00
B001573A26,宝乐汇印象城,B0GKC7TPY7,宝乐汇地下停车场,150904,停车场,友谊路街道牡丹江路1569号宝乐汇B2,"121.485270,31.400449",transport,exclude_non_attraction,amap_children,2026-09-19T22:07:47+00:00
B001573A26,宝乐汇印象城,B0GKC7UXRM,宝乐汇停车场,150904,停车场,友谊路街道牡丹江路1569号宝乐汇B2,"121.485817,31.399869",transport,exclude_non_attraction,amap_children,2026-09-19T22:07:47+00:00
B0FFF65Z6M,日月光中心(宝山店),B0IGOHIWK9,日月光中心宝山店地下停车场,150904,停车场,日月光中心(宝山店)(大场镇地铁站出入口步行380米),"121.418497,31.294929",transport,exclude_non_attraction,amap_children,2026-09-19T22:07:47+00:00
B0FFF65Z6M,日月光中心(宝山店),B0IGOHHVRF,日月光中心宝山店立体停车场,150904,停车场,日月光中心(宝山店),"121.419041,31.295500",transport,exclude_non_attraction,amap_children,2026-09-19T22:07:47+00:00
B0FFL59SEZ,海上世界,B0K2VUBLJI,上海海上世界P2地下停车场,150904,停车场,吴淞口路58号海上世界,"121.501350,31.405516",transport,exclude_non_attraction,amap_children,2026-09-19T22:07:47+00:00
B0FFL59SEZ,海上世界,B0K2VU9K6H,海上世界P1地下停车场,150904,停车场,吴淞口路58号海上世界,"121.503325,31.403932",transport,exclude_non_attraction,amap_children,2026-09-19T22:07:47+00:00
B0FFJHKGV7,龙湖上海华泾天街,B0GK35THO0,龙湖上海华泾天街地下停车场,150904,停车场,华泾路459号,"121.455076,31.119277",transport,exclude_non_attraction,amap_children,2026-09-19T22:07:49+00:00
B0IUO56CFN,上海龙华会,B0J22ZO2GA,龙华会地下停车场,150904,停车场,龙华路2778号龙华会(龙华地铁站出入口旁),"121.452513,31.172452",transport,exclude_non_attraction,amap_children,2026-09-19T22:07:49+00:00
B0J21RI246,三林印象汇,B0KRZU8GFR,三林印象汇地下停车场,150904,停车场,懿行路188号三林印象汇(芦恒路地铁站5号口步行260米),"121.497623,31.121975",transport,exclude_non_attraction,amap_children,2026-09-19T22:07:49+00:00
B0GKX5DOBT,GATE M 西岸凤巢,B0H27SVDO9,GATE M 西岸凤巢停车场,150904,停车场,云锦路683号GATE M西岸凤巢,"121.459814,31.162629",transport,exclude_non_attraction,amap_children,2026-09-19T22:07:49+00:00
B0IR2C1GD4,前滩L+PLAZA,B0K2FM4NL2,前滩L+PLAZA地下停车场,150904,停车场,东育路345号前滩L+PLAZA,"121.482979,31.156444",transport,exclude_non_attraction,amap_children,2026-09-19T22:07:49+00:00
B0FFI123GJ,保利时光里,B0G0XL2SS7,保利.时光里地下停车场,150904,停车场,瑞平路230号保利·时光里B3,"121.454837,31.181952",transport,exclude_non_attraction,amap_children,2026-09-19T22:07:49+00:00
B0G0ARWNX4,龙湖·上海金汇天街,B0I3TA7NJ2,龙湖·上海金汇天街-地下停车场,150904,停车场,南行港路388号龙湖·上海金汇天街,"121.512088,30.968460",transport,exclude_non_attraction,amap_children,2026-09-19T22:07:49+00:00
B0FFK5OBL5,东方懿德城,B0HA9CADBF,东方懿德城地下停车场,150904,停车场,林展路东方康安家园,"121.507133,31.127029",transport,exclude_non_attraction,amap_children,2026-09-19T22:07:49+00:00
B00156O55W,徐汇日月光中心,B0GKHR3A78,徐汇日月光中心地下停车场,150904,停车场,漕宝路33号徐汇日月光中心B3(漕宝路地铁站出入口旁),"121.432941,31.169099",transport,exclude_non_attraction,amap_children,2026-09-19T22:07:50+00:00
B0H0HUEFUP,海梦一方,B0J3TAKDFT,海梦一方地下停车场,150904,停车场,莲花南路1389号海梦一方,"121.413824,31.100839",transport,exclude_non_attraction,amap_children,2026-09-19T22:07:50+00:00
B00155L3VZ,上海商城,B0G095QLJQ,上海商城停车场,150904,停车场,南京西路1376号上海商城B2室,"121.451694,31.226739",transport,exclude_non_attraction,amap_children,2026-09-19T22:07:50+00:00
B00155L3VZ,上海商城,B0G095PCVA,上海商城内部地下停车场,150905,停车场,南京西路1376号上海商城,"121.452402,31.227225",transport,exclude_non_attraction,amap_children,2026-09-19T22:07:50+00:00
B0JAKUONGR,鑫耀·光环Live,B0JURS8MBV,鑫耀·光环Live(光里)地下停车场,150904,停车场,苍梧路6-12号鑫耀·光环Live,"121.413635,31.169075",transport,exclude_non_attraction,amap_children,2026-09-19T22:07:50+00:00
B00155LJ5C,仲盛世界商城,B0G0RCCSM0,仲盛世界商城地下停车场,150904,停车场,都市路5001号仲盛世界商城B3,"121.385487,31.106680",transport,exclude_non_attraction,amap_children,2026-09-19T22:07:50+00:00
B0JKGAQZSN,花木时光里,B0KKM7EMOU,花木时光里地面停车场,150904,停车场,花木时光里,"121.537052,31.218663",transport,exclude_non_attraction,amap_children,2026-09-19T22:07:50+00:00
B0FFGJ9LPS,虹口今雨荟,B0HGJDIC2X,虹口今雨荟停车场,150904,停车场,广粤路辅路与广灵四路交叉口西北220米,"121.464985,31.287919",transport,exclude_non_attraction,amap_children,2026-09-19T22:07:50+00:00
B0FFG957EO,上海浦东禹悦汇,B0GK9SPSKC,上海浦东禹悦汇停车场,150904,停车场,沪南公路9868号禹洲商业广场B1,"121.738742,31.038623",transport,exclude_non_attraction,amap_children,2026-09-19T22:07:50+00:00
B0FFG957EO,上海浦东禹悦汇,B0GK9SPSKB,上海浦东禹悦汇地下停车场,150904,停车场,沪南公路9968号上海浦东禹悦汇,"121.737891,31.038871",transport,exclude_non_attraction,amap_children,2026-09-19T22:07:50+00:00
B0FFG6YH0Y,江镇新都汇,B0H67A1NRC,江镇新都汇地下停车场,150904,停车场,江晖路409号江镇新都汇,"121.740853,31.171308",transport,exclude_non_attraction,amap_children,2026-09-19T22:07:50+00:00
B0FFKYFJM7,盈丰天地,B0H265057J,盈丰天地地下停车场,150904,停车场,兰花路308号盈丰天地,"121.561638,31.204784",transport,exclude_non_attraction,amap_children,2026-09-19T22:07:52+00:00
B00155MVR4,浦乐汇(川沙店),B0HBO7L6RH,浦商百货地下停车场,150904,停车场,川沙华夏东路2255号浦乐汇(川沙店),"121.694343,31.200235",transport,exclude_non_attraction,amap_children,2026-09-19T22:07:52+00:00
B00155MVR4,浦乐汇(川沙店),B0HBO7LK2H,浦商百货停车场,150904,停车场,川沙华夏东路2255号浦乐汇(川沙店),"121.693951,31.200760",transport,exclude_non_attraction,amap_children,2026-09-19T22:07:52+00:00
B0FFM0MP1T,266新天地,B0H6JUEEL4,266新天地停车场,150904,停车场,界龙一路与华东路交叉口西北60米,"121.684746,31.175623",transport,exclude_non_attraction,amap_children,2026-09-19T22:07:52+00:00
B0KARH9L9B,长兴阳光天地,B0LBRLKN9I,长兴阳光天地地面停车场,150904,停车场,兴坤路18号长兴阳光天地,"121.761646,31.354320",transport,exclude_non_attraction,amap_children,2026-09-19T22:07:52+00:00
B0G33CZ8TP,百联临港生活中心,B0H2BDLKJK,百联临港生活中心地下停车场,150904,停车场,南汇新城镇竹柏路228号百联临港生活中心,"121.910436,30.901060",transport,exclude_non_attraction,amap_children,2026-09-19T22:07:52+00:00
B0FFLH6UOZ,山钢和润荟,B0J1H7F925,山钢和润荟停车场,150904,停车场,鲁南路538号山钢和润荟,"121.520637,31.027588",transport,exclude_non_attraction,amap_children,2026-09-19T22:07:52+00:00
B0FFLF0J53,食尚天地,B0HAFRXVGE,食尚天地地下停车场,150904,停车场,沪青平公路1899号食尚天地,"121.280563,31.167723",transport,exclude_non_attraction,amap_children,2026-09-19T22:07:52+00:00
B0FFLF0J53,食尚天地,B0GKHUZSI5,食尚天地停车场,150904,停车场,沪青平公路1899号食尚天地,"121.279769,31.167809",transport,exclude_non_attraction,amap_children,2026-09-19T22:07:52+00:00
B0FFLF0J53,食尚天地,B0HAFRXVGF,食尚天地立体停车场,150904,停车场,沪青平公路与西徐联路交叉口西南60米,"121.280727,31.167910",transport,exclude_non_attraction,amap_children,2026-09-19T22:07:52+00:00
B0FFHNWWNU,弘基时尚生活中心,B0H6FH2JNZ,弘基时尚生活中心停车场,150904,停车场,永德路419号弘基时尚生活中心,"121.456395,31.039905",transport,exclude_non_attraction,amap_children,2026-09-19T22:07:52+00:00
B0JBUHCO5Z,嘉园坊JoyFun,B0LKXUO3ON,嘉园坊JoyFun停车场,150904,停车场,嘉园路279号嘉园坊JoyFun,"121.493832,30.958076",transport,exclude_non_attraction,amap_children,2026-09-19T22:07:52+00:00
B0FFHRD6TH,传悦坊,B0K2FADKBQ,传悦坊地下停车场,150904,停车场,传悦坊,"121.486783,30.919013",transport,exclude_non_attraction,amap_children,2026-09-19T22:07:54+00:00
B0HK953PA4,浦乐汇(航头店),B0L1T544DB,浦乐汇航头店地下停车场,150904,停车场,鹤驰路235号,"121.591275,31.078425",transport,exclude_non_attraction,amap_children,2026-09-19T22:07:54+00:00
B0HK953PA4,浦乐汇(航头店),B0MB271I8J,浦乐汇航头店2号停车场,150904,停车场,鹤韵路423号,"121.594963,31.077191",transport,exclude_non_attraction,amap_children,2026-09-19T22:07:54+00:00
B0FFKZPMG2,花都荟,B0H63S9WBD,花都荟北停车场,150904,停车场,城中路2号花都荟,"121.252381,31.374241",transport,exclude_non_attraction,amap_children,2026-09-19T22:07:54+00:00
B0FFKZPMG2,花都荟,B0H63S9HTL,花都荟地下停车场,150904,停车场,沪宜公路与群裕路交叉口东北80米,"121.252396,31.374096",transport,exclude_non_attraction,amap_children,2026-09-19T22:07:54+00:00
B0FFKZPMG2,花都荟,B0H63SA3GC,花都荟东停车场,150904,停车场,城中路与沪宜公路交叉口西60米,"121.253818,31.373409",transport,exclude_non_attraction,amap_children,2026-09-19T22:07:54+00:00
B0IKFC9P4N,浦乐汇(长青店),B0FFHGHHJ5,浦乐汇长青店地面停车场,150904,停车场,浦乐汇(长青店),"121.538061,31.163966",transport,exclude_non_attraction,amap_children,2026-09-19T22:07:54+00:00
B0FFJDS1N7,荟品仓·城市奥莱(嘉定新城店),B0H3TDFSFU,荟品仓嘉定仓地下停车场,150904,停车场,荟品仓·城市奥莱(嘉定新城店),"121.258420,31.352815",transport,exclude_non_attraction,amap_children,2026-09-19T22:07:54+00:00
B0FFJDS1N7,荟品仓·城市奥莱(嘉定新城店),B0H3TDGVC0,荟品仓嘉定仓停车场,150904,停车场,荟品仓·城市奥莱(嘉定新城店),"121.258297,31.352529",transport,exclude_non_attraction,amap_children,2026-09-19T22:07:54+00:00
B00156O4FW,上海复悦荟,B0G0L7IAVZ,上海复悦荟地下停车场,150904,停车场,礼尚路复悦荟,"121.407363,31.257644",transport,exclude_non_attraction,amap_children,2026-09-19T22:07:54+00:00
B00156O4FW,上海复悦荟,B0G0L7IAW0,上海复悦荟地面停车场,150904,停车场,真如镇街道曹杨路1888号b2层,"121.407140,31.258171",transport,exclude_non_attraction,amap_children,2026-09-19T22:07:54+00:00
B0FFF9SUF4,现厂,B0FFG7TZUF,现厂地面停车场,150904,停车场,博乐路70号现厂,"121.255813,31.380000",transport,exclude_non_attraction,amap_children,2026-09-19T22:07:54+00:00
B0FFF9SUF4,现厂,B0H6RU8NLA,现厂北地面停车场,150904,停车场,博乐路70号现厂,"121.256152,31.379020",transport,exclude_non_attraction,amap_children,2026-09-19T22:07:54+00:00
B00151DDDD,嘉定商城(清河路),B0H69UIUY3,嘉定商城停车场,150904,停车场,清河路34弄14号,"121.247656,31.384679",transport,exclude_non_attraction,amap_children,2026-09-19T22:07:54+00:00
B0FFI753TS,嘉宏·大橘印象荟(泗泾店),B0H69ULVAY,嘉宏大橘·印象荟地下停车场,150904,停车场,泗宝路41号嘉宏大橘·印象荟,"121.260479,31.115758",transport,exclude_non_attraction,amap_children,2026-09-19T22:07:54+00:00
B0FFGNFK18,嘉定日月光中心,B0H6DS6RYG,日月光中心地下停车场,150904,停车场,城北路358号嘉定日月光中心,"121.238431,31.390435",transport,exclude_non_attraction,amap_children,2026-09-19T22:07:55+00:00
B0FFGNFK18,嘉定日月光中心,B0IG27C1WU,日月光中心B地下停车场,150904,停车场,城北路378号鼎固商业中心,"121.236507,31.391303",transport,exclude_non_attraction,amap_children,2026-09-19T22:07:55+00:00
B0FFGNFK18,嘉定日月光中心,B0HKTZ55PM,日月光中心地下停车场(公交专用),150905,停车场,城北路358号嘉定日月光中心,"121.239720,31.390050",transport,exclude_non_attraction,amap_children,2026-09-19T22:07:55+00:00
B00156ZP87,正大乐城,B0GKKCY2D1,正大乐城地下停车场,150904,停车场,斜土路街道船厂路183-12号西南50米,"121.458986,31.186804",transport,exclude_non_attraction,amap_children,2026-09-19T22:07:55+00:00
B00156ZP87,正大乐城,B0GKKCX7MI,正大乐城停车场,150904,停车场,龙华中路上海绿地中心(龙华中路地铁站1号口步行230米),"121.459027,31.185973",transport,exclude_non_attraction,amap_children,2026-09-19T22:07:55+00:00
B0J3FU6L6O,佘山·旭辉里,B0LBHMF5S1,佘山·旭辉里地下停车场,150904,停车场,陆宝山路155号佘山·旭辉里,"121.213676,31.115813",transport,exclude_non_attraction,amap_children,2026-09-19T22:07:55+00:00
B0FFJCVG17,国和1000,B0H6RU87ZR,国和1000地下停车场,150904,停车场,国和路1000号国和1000,"121.526739,31.318505",transport,exclude_non_attraction,amap_children,2026-09-19T22:07:55+00:00
B0FFIJ7SE4,太平洋森活天地,B0L13A5OB7,太平洋森活天地地下停车场,150904,停车场,太平洋森活天地(江湾体育场地铁站6号口步行50米),"121.513262,31.303124",transport,exclude_non_attraction,amap_children,2026-09-19T22:07:55+00:00
B0HKKSIWL5,嘉定大橘邻里,B0M2P7OBUI,大橘邻里社区商业中心-门前停车场,150904,停车场,胜竹路2188号(柳湖路口)嘉定大橘邻里,"121.249025,31.401375",transport,exclude_non_attraction,amap_children,2026-09-19T22:07:55+00:00
B00155FU1K,玫瑰坊,B0H6Y57PRC,玫瑰坊停车场,150904,停车场,长宁路890号玫瑰坊(中山公园地铁站6号口步行110米),"121.418157,31.219153",transport,exclude_non_attraction,amap_children,2026-09-19T22:07:57+00:00
B0HK1Z6YPW,SH Metro Mall,B0JB27XLG9,LaLa station上海莲花路地下停车场,150904,停车场,梅陇西路583号(莲花路地铁站1号口步行80米),"121.403669,31.132033",transport,exclude_non_attraction,amap_children,2026-09-19T22:07:57+00:00
B0FFG953YQ,五彩城,B0G0XU1ZXS,五彩城地下停车场,150904,停车场,南翔镇宝翔路801号五彩城B2,"121.317204,31.310932",transport,exclude_non_attraction,amap_children,2026-09-19T22:07:57+00:00
B0FFGIFKZT,新邻天地,B0HBK7U8T8,新邻天地地下停车场,150904,停车场,武威路新邻天地(桃浦新村地铁站4号口步行150米),"121.347694,31.281293",transport,exclude_non_attraction,amap_children,2026-09-19T22:07:57+00:00
B0FFJFG5T6,龙湖上海闵行欢肆,B0HBG5DLOF,龙湖星悦荟地下停车场,150904,停车场,马桥镇银春路2221号龙湖上海闵行欢肆,"121.386950,31.024130",transport,exclude_non_attraction,amap_children,2026-09-19T22:07:57+00:00
B0J3CDELND,金悦乐方,B0HBT52RZW,金悦乐方地面停车场,150904,停车场,鹤庆路900号金悦乐方,"121.403637,31.007458",transport,exclude_non_attraction,amap_children,2026-09-19T22:07:57+00:00
B0L6PUC70R,TOP金光汇,B0L2ZU3YVN,TOP金光汇停车场,150904,停车场,连亮路368号TOP金光汇(祁安路地铁站1号口旁),"121.385814,31.292178",transport,exclude_non_attraction,amap_children,2026-09-19T22:07:57+00:00
B0FFFA25ZX,正大乐城(宝山店),B0H65SO87E,绿地正大缤纷城地下停车场,150904,停车场,陆翔路111号正大乐城(宝山店),"121.370797,31.346578",transport,exclude_non_attraction,amap_children,2026-09-19T22:07:57+00:00
B0FFFA25ZX,正大乐城(宝山店),B0H65SM2J7,绿地正大缤纷城停车场,150904,停车场,陆翔路111号正大乐城(宝山店),"121.369982,31.345346",transport,exclude_non_attraction,amap_children,2026-09-19T22:07:57+00:00
B0FFHPR51B,阿拉城,B0G0FC9W5N,阿拉城地下停车场,150904,停车场,先锋街66号阿拉城(龙柏新村地铁站2号口步行380米),"121.373753,31.177393",transport,exclude_non_attraction,amap_children,2026-09-19T22:07:59+00:00
B0FFHPR51B,阿拉城,B0G0FCB5QS,阿拉城停车场,150904,停车场,先锋街66号阿拉城(龙柏新村地铁站2号口步行400米),"121.374038,31.177544",transport,exclude_non_attraction,amap_children,2026-09-19T22:07:59+00:00
B0FFL002MB,虹桥南丰城南区,B0L1376KA6,虹桥南丰城南区地下停车场,150904,停车场,遵义路100号虹桥南丰城南区,"121.407797,31.207013",transport,exclude_non_attraction,amap_children,2026-09-19T22:07:59+00:00
B0FFJXOAJV,老佛爷百货(上海店),B0J0KU6NFX,上海老佛爷百货地下停车场,150904,停车场,老佛爷百货(上海店),"121.515669,31.231930",transport,exclude_non_attraction,amap_children,2026-09-19T22:07:59+00:00
B0JAOHSWR2,叁宸里生活中心,B0H3GZ41KF,叁宸里生活中心地面停车场,150904,停车场,锦绣路3218号叁宸里生活中心,"121.540941,31.179968",transport,exclude_non_attraction,amap_children,2026-09-19T22:07:59+00:00
B0H6X5VO6L,龙湖上海云廊天街,B0HD35Q7QG,龙湖上海云廊天街地下停车场,150904,停车场,千帆路g60号,"121.325293,31.089125",transport,exclude_non_attraction,amap_children,2026-09-19T22:07:59+00:00
B0H6X5VO6L,龙湖上海云廊天街,B0KRBUWEEO,龙湖上海云廊天街P4停车场,150904,停车场,新桥镇千帆路288号龙湖上海云廊天街,"121.324106,31.089115",transport,exclude_non_attraction,amap_children,2026-09-19T22:07:59+00:00
B0FFG8DH0Q,巴黎春天·悦汇天山,B0H6Z5SQRS,巴黎春天·悦汇天山地下停车场,150904,停车场,天山路762号巴黎春天·悦汇天山,"121.402762,31.211769",transport,exclude_non_attraction,amap_children,2026-09-19T22:07:59+00:00
B0G0TPCQYY,THE hood开新里,B0HBFZZ7LR,THE hood开新里地下停车场,150904,停车场,御桥路1949号THE hood开新里,"121.571834,31.159479",transport,exclude_non_attraction,amap_children,2026-09-19T22:07:59+00:00
B0JUJHSMUU,力波·九坊,B0KAJMVR0J,力波·九坊停车场,150904,停车场,虹梅南路379弄力波·九坊,"121.414676,31.133724",transport,exclude_non_attraction,amap_children,2026-09-19T22:07:59+00:00
B0FFKM5DCF,花木陆悦坊,B0IGR7ZELT,陆悦坊地下停车场,150904,停车场,东绣路与浦建路交叉口西北100米,"121.536424,31.208339",transport,exclude_non_attraction,amap_children,2026-09-19T22:07:59+00:00
B0HG3AE08N,上海漫乐城,B0H1XZ58PA,上海漫乐城立体停车场,150904,停车场,齐河路258号上海漫乐城,"121.503739,31.179078",transport,exclude_non_attraction,amap_children,2026-09-19T22:07:59+00:00
B0IB7C6KRL,红象汇,B0J2353JF1,红象汇地下停车场,150904,停车场,虹莘路2077号红象汇(虹莘路地铁站4号口步行70米),"121.379603,31.137992",transport,exclude_non_attraction,amap_children,2026-09-19T22:08:00+00:00
B0G1D5GZ36,金谷里G·MALL,B0HUGSR34Z,金谷里G·MALL地下停车场,150904,停车场,桂平路188号金谷里G·MALL,"121.411203,31.151985",transport,exclude_non_attraction,amap_children,2026-09-19T22:08:00+00:00
B0G1D5GZ36,金谷里G·MALL,B0H6LRE4MS,金地·喜悦荟地下停车场,150904,停车场,桂平路188号金谷里G·MALL,"121.411169,31.151957",transport,exclude_non_attraction,amap_children,2026-09-19T22:08:00+00:00
B00155QRWB,井亭天地,B0H6G5Z1I2,井亭天地地下停车场,150904,停车场,虹泉路1078号井亭天地生活广场B1,"121.372998,31.169646",transport,exclude_non_attraction,amap_children,2026-09-19T22:08:00+00:00
B00155QRWB,井亭天地,B0H0RSCW86,井亭天地生活广场地下停车场,150904,停车场,虹泉路1078号井亭天地生活广场B1,"121.372987,31.169608",transport,exclude_non_attraction,amap_children,2026-09-19T22:08:00+00:00
B0K15739LS,大橘邻里(岳阳店),B0L2NAHFXL,大橘邻里岳阳店地面停车场,150904,停车场,荣乐中路8号大橘邻里(岳阳店),"121.241781,31.018460",transport,exclude_non_attraction,amap_children,2026-09-19T22:08:00+00:00
B0FFGCEJEY,上海周浦绿地乐和城,B0H6RU88GM,上海周浦绿地乐和城地下停车场,150904,停车场,周祝公路268号上海周浦绿地乐和城,"121.608666,31.102010",transport,exclude_non_attraction,amap_children,2026-09-19T22:08:00+00:00
B0FFGCEJEY,上海周浦绿地乐和城,B0GKVC5MG6,绿地乐和城周浦店西停车场,150904,停车场,周祝公路与周秀路交叉口东280米,"121.608494,31.102330",transport,exclude_non_attraction,amap_children,2026-09-19T22:08:00+00:00
B0FFGCEJEY,上海周浦绿地乐和城,B0GKVC3JS0,绿地乐和城周浦店东停车场,150904,停车场,周祝公路绿地乐和城(上海周浦店),"121.611049,31.102514",transport,exclude_non_attraction,amap_children,2026-09-19T22:08:00+00:00
B0I1BCY8RI,金航城,B0I025H3XW,金航城地面停车场,150904,停车场,鹤雷路与鹤恒路金航城,"121.599258,31.077942",transport,exclude_non_attraction,amap_children,2026-09-19T22:08:00+00:00
B0I1BCY8RI,金航城,B0I025HJBE,金航城地下停车场,150904,停车场,鹤雷路与鹤恒路金航城,"121.599268,31.077938",transport,exclude_non_attraction,amap_children,2026-09-19T22:08:00+00:00
B0FFG78LNQ,塞纳新天地,B0JUFZM0OO,塞纳新天地地下停车场,150904,停车场,文诚路500弄1号塞纳新天地B1层,"121.216312,31.032855",transport,exclude_non_attraction,amap_children,2026-09-19T22:08:00+00:00
B0FFF3TX1B,文汇新天地,B0H6TH7IW1,文汇新天地停车场,150904,停车场,文汇路955号文汇新天地B1,"121.200746,31.049056",transport,exclude_non_attraction,amap_children,2026-09-19T22:08:00+00:00
B0JUHLWGJU,江湾里MEET678,B0K62Z6W5E,江湾里MEET678地下停车场,150904,停车场,民府路678号江湾里MEET678,"121.509528,31.315215",transport,exclude_non_attraction,amap_children,2026-09-19T22:08:00+00:00
B0FFLJY5B2,想飞天地,B0HBNZV1I9,想飞天地停车场,150904,停车场,文汇路与序伦东路交叉口东北80米,"121.199997,31.049949",transport,exclude_non_attraction,amap_children,2026-09-19T22:08:00+00:00
B0H3J754UU,新天地时尚(装修中),B0KK7SOPL3,新天地时尚地下停车场,150904,停车场,马当路245号新天地时尚,"121.475250,31.217169",transport,exclude_non_attraction,amap_children,2026-09-19T22:08:02+00:00
B0015784XU,淮海百盛,B0H2KU9NGC,淮海百盛地下停车场,150904,停车场,淮海中路与陕西南路交叉口东北60米,"121.459570,31.217214",transport,exclude_non_attraction,amap_children,2026-09-19T22:08:02+00:00
B0015784XU,淮海百盛,B0H2KU9V1H,淮海百盛停车场,150904,停车场,陕西南路与淮海中路交叉口北120米,"121.459465,31.217897",transport,exclude_non_attraction,amap_children,2026-09-19T22:08:02+00:00
B00155QXV5,天之骄子生活新天地,B0G0L5I0GY,天之骄子生活新天地停车场,150904,停车场,祖冲之路2305号(盛夏路祖冲之路)天之骄子生活新天地,"121.628636,31.212524",transport,exclude_non_attraction,amap_children,2026-09-19T22:08:02+00:00
B00155QXV5,天之骄子生活新天地,B0G0L5GX45,天之骄子生活新天地地下停车场,150904,停车场,祖冲之路2305号(盛夏路祖冲之路)天之骄子生活新天地,"121.627823,31.212380",transport,exclude_non_attraction,amap_children,2026-09-19T22:08:02+00:00
B0FFJZIY0R,JULU758,B0IK1AFPQK,JULU758地面停车场,150904,停车场,巨鹿路758号JULU758,"121.451111,31.220282",transport,exclude_non_attraction,amap_children,2026-09-19T22:08:02+00:00
B0K2LRN7AY,西岸中环,B0MA1SDNOX,西岸中環地下停车场,150904,停车场,瑞宁路288号西岸中环,"121.468758,31.188233",transport,exclude_non_attraction,amap_children,2026-09-19T22:08:02+00:00
B0FFFFKZ76,富绅商业中心,B0H6HCGA0I,富绅商业中心地下停车场,150904,停车场,公园东路1289号富绅商业中心,"121.137737,31.152577",transport,exclude_non_attraction,amap_children,2026-09-19T22:08:02+00:00
B00155MEFX,云锦中心,B0G2TS5CXI,云瑞邻里中心立体停车场,150904,停车场,共和新路5219号云瑞邻里中心,"121.444824,31.326339",transport,exclude_non_attraction,amap_children,2026-09-19T22:08:02+00:00
B00150AE6A,新虹桥商厦,B0H6RU9O7T,新虹桥商厦停车场,150904,停车场,仙霞路158号新虹桥商厦,"121.402244,31.205828",transport,exclude_non_attraction,amap_children,2026-09-19T22:08:03+00:00
B0FFHIDJ5R,汇金奥特莱斯,B0H6RU9OLC,汇金奥特莱斯北广场地下停车场,150904,停车场,沪闵路9001-3号汇金奥特莱斯,"121.426709,31.152896",transport,exclude_non_attraction,amap_children,2026-09-19T22:08:03+00:00
B0FFF4ACHZ,88铜仁路(上海X88店),B0H6TZ735T,88铜仁路铜仁路店停车场,150904,停车场,铜仁路88号88铜仁路(上海X88店),"121.451548,31.222926",transport,exclude_non_attraction,amap_children,2026-09-19T22:08:03+00:00
B00155KLMD,汇金百货(虹桥店),B0G0TREKMW,汇金百货虹桥店地下停车场,150904,停车场,娄山关路900号汇金百货F1,"121.405014,31.211782",transport,exclude_non_attraction,amap_children,2026-09-19T22:08:03+00:00
B00155KLMD,汇金百货(虹桥店),B0G0TRFHM1,汇金百货虹桥店停车场,150904,停车场,天山路900号汇金百货B3(娄山关路地铁站1号口步行70米),"121.405507,31.211432",transport,exclude_non_attraction,amap_children,2026-09-19T22:08:03+00:00
B0FFMD2GQA,风尚天地,B0HBXRQWSL,吾品田风尚天地地下停车场,150904,停车场,共和新路5000弄风尚天地,"121.443455,31.322401",transport,exclude_non_attraction,amap_children,2026-09-19T22:08:05+00:00
B00155M18R,置业梦享家,B0H6LCEQ0F,置业广场停车场,150904,停车场,石屏路285号置业梦享家(东川路地铁站4号口步行390米),"121.420364,31.014570",transport,exclude_non_attraction,amap_children,2026-09-19T22:08:05+00:00
B00155M18R,置业梦享家,B0H6LCEIHF,置业广场地下停车场,150904,停车场,石屏路285号置业梦享家(东川路地铁站4号口步行270米),"121.420169,31.015532",transport,exclude_non_attraction,amap_children,2026-09-19T22:08:05+00:00
B0JRG5038C,宏慧·新里,B0H3PR4SVM,宏慧·新里停车场,150904,停车场,东宝兴路777号宏慧·新里,"121.475591,31.263570",transport,exclude_non_attraction,amap_children,2026-09-19T22:08:05+00:00
B0G3JK20BS,吉浦湾,B0IR9RT5OO,吉浦湾地面停车场,150904,停车场,吉浦路319号旁,"121.490527,31.305164",transport,exclude_non_attraction,amap_children,2026-09-19T22:08:05+00:00
B0HBMNKAIR,利邻荟,B0HRCHMQN8,利邻荟停车场,150904,停车场,合川路2880号,"121.381931,31.173184",transport,exclude_non_attraction,amap_children,2026-09-19T22:08:05+00:00
B0HBMNKAIR,利邻荟,B0KUTS8FLM,利邻荟地下停车场,150904,停车场,合川路2900-2928号利邻荟,"121.382499,31.173051",transport,exclude_non_attraction,amap_children,2026-09-19T22:08:05+00:00
B0K0TMMZ1P,金泽元拾光里,B0KKKCOI43,金泽元拾光里地下停车场,150904,停车场,虹湾路99弄金泽元拾光里,"121.473470,31.312405",transport,exclude_non_attraction,amap_children,2026-09-19T22:08:05+00:00
B0K2ARTC8D,丰盛商业中心,B0L65ZNHPH,丰盛商业中心停车场,150904,停车场,威海路727弄15号(南京西路地铁站8号口步行200米),"121.461525,31.227245",transport,exclude_non_attraction,amap_children,2026-09-19T22:08:06+00:00
B0FFFE4PIW,世博源5区,B0H0F5KWLY,世博源5区地下停车场,150904,停车场,世博源5区(耀华路地铁站4号口步行400米),"121.492998,31.179436",transport,exclude_non_attraction,amap_children,2026-09-19T22:08:06+00:00
B0FFFE4PIW,世博源5区,B0H0F5N9FN,世博源5区停车场,150904,停车场,世博源5区(耀华路地铁站4号口步行340米),"121.493034,31.178912",transport,exclude_non_attraction,amap_children,2026-09-19T22:08:06+00:00
B0K675751O,凌云天地,B0KAJSVSSO,凌云天地立体停车场,150904,停车场,凌云路街道老沪闵路809号凌云天地,"121.431388,31.136897",transport,exclude_non_attraction,amap_children,2026-09-19T22:08:06+00:00
B0FFMGPIKS,召楼星天地,B0KRNSIW0A,召楼星天地地面停车场,150904,停车场,浦江镇召楼路1966号召楼星天地,"121.539778,31.053721",transport,exclude_non_attraction,amap_children,2026-09-19T22:08:06+00:00
B0FFMGPIKS,召楼星天地,B0L6C7HE1C,召楼星天地地下停车场,150904,停车场,浦连路300号召楼·星天地停车场B1,"121.540137,31.054218",transport,exclude_non_attraction,amap_children,2026-09-19T22:08:06+00:00
B0FFL7CKPV,陆悦汇,B0H0FSLYIA,陆悦汇地下停车场,150904,停车场,陆悦汇,"121.481457,31.158780",transport,exclude_non_attraction,amap_children,2026-09-19T22:08:06+00:00
B0FFJ19QTB,云锦天地,B0H6MRHTLG,云锦天地地下停车场,150904,停车场,龙兰路277号云锦天地(云锦路地铁站5号口步行210米),"121.456728,31.164988",transport,exclude_non_attraction,amap_children,2026-09-19T22:08:06+00:00
B0015024F2,东方国贸新城,B0G0VZK4TY,东方国贸新城停车场,150904,停车场,沪太路3999号东方国贸新城,"121.406602,31.330385",transport,exclude_non_attraction,amap_children,2026-09-19T22:08:06+00:00
B0FFFROBRE,上海大华虎城中心,B0L67C1VM7,大华虎城中心地面停车场,150904,停车场,大华路518号上海大华虎城中心,"121.414720,31.271277",transport,exclude_non_attraction,amap_children,2026-09-19T22:08:08+00:00
B0FFK6VFUT,新达汇·三林东区,B0HBKUR1AC,三林印象城东区地下停车场,150904,停车场,泰环路与居安路交叉口西40米,"121.527970,31.142230",transport,exclude_non_attraction,amap_children,2026-09-19T22:08:08+00:00
B0FFIEE6BY,永乐汇亲子购物运动中心,B0LBLCPAJD,领丰汇地下停车场,150904,停车场,上南路6717号永乐汇亲子购物运动中心,"121.560484,31.120543",transport,exclude_non_attraction,amap_children,2026-09-19T22:08:08+00:00
B0FFIEE6BY,永乐汇亲子购物运动中心,B0H6BSE9G9,永乐汇亲子购物运动中心停车场,150904,停车场,上南路6717号永乐汇亲子购物运动中心,"121.559869,31.120692",transport,exclude_non_attraction,amap_children,2026-09-19T22:08:08+00:00
B0FFIEE6BY,永乐汇亲子购物运动中心,B0H6BSE9GB,领丰汇停车场,150904,停车场,上南路6717号永乐汇亲子购物运动中心,"121.559895,31.120559",transport,exclude_non_attraction,amap_children,2026-09-19T22:08:08+00:00
B0FFGHCOR6,卓越优淘城,B0HA2HRPD9,卓越优淘城地下停车场,150904,停车场,百富路388弄11幢3号卓越优淘城,"121.492396,30.912023",transport,exclude_non_attraction,amap_children,2026-09-19T22:08:08+00:00
B0FFGHCOR6,卓越优淘城,B0HA2HQ7ZH,卓越优淘城停车场,150904,停车场,百富路388弄11幢3号卓越优淘城,"121.492498,30.912251",transport,exclude_non_attraction,amap_children,2026-09-19T22:08:08+00:00
B0HU3ZXSPK,万渡汇(庙行店),B0H0PSDGZ7,百渠广场停车场,150904,停车场,"长江西路2221号,纪蕰路38号万渡汇(庙行店)","121.440316,31.331349",transport,exclude_non_attraction,amap_children,2026-09-19T22:08:08+00:00
B00156DXH3,绿地乐和城商业中心,B0H65AM0UD,绿地乐和城商业中心地下停车场,150904,停车场,南江燕路与浦锦路交叉口西南100米,"121.496710,31.077427",transport,exclude_non_attraction,amap_children,2026-09-19T22:08:08+00:00
B00156DXH3,绿地乐和城商业中心,B0H65AMGKC,绿地乐和城商业中心停车场,150904,停车场,浦锦街道浦锦路309弄绿地乐和城商业中心,"121.498038,31.075284",transport,exclude_non_attraction,amap_children,2026-09-19T22:08:08+00:00
B0FFJEZK4X,合生新天地,B0H6HCIFPL,合生新天地停车场,150904,停车场,赵巷镇嘉松中路5999号合生新天地,"121.230282,31.150710",transport,exclude_non_attraction,amap_children,2026-09-19T22:08:10+00:00
B0FFJEZK4X,合生新天地,B0H6HCHJ1M,合生新天地地下停车场,150904,停车场,赵巷镇嘉松中路5999号合生新天地,"121.230125,31.149831",transport,exclude_non_attraction,amap_children,2026-09-19T22:08:10+00:00
B0IKTZGDEF,绿洲智谷花园里(北区),B0KKX5KBSP,绿洲智谷花园里北区地下停车场,150904,停车场,绿洲智谷花园里(北区)(嘉松中路地铁站1号口步行60米),"121.223307,31.164546",transport,exclude_non_attraction,amap_children,2026-09-19T22:08:10+00:00
B0FFHUFNZJ,上海海港商贸城,B0H1FDE9AF,海港国际商贸城停车场,150904,停车场,四团镇新四平公路468弄上海海港商贸城,"121.741670,30.892130",transport,exclude_non_attraction,amap_children,2026-09-19T22:08:10+00:00
B0GR35JUCP,蓝湾天地,B0HBYZHR4Z,蓝湾天地地下停车场,150904,停车场,海湾镇云樱路268弄1-3号蓝湾天地,"121.741999,30.877137",transport,exclude_non_attraction,amap_children,2026-09-19T22:08:10+00:00
B0FFG2MPFP,上海松江商城,B0FFGCI8SH,上海松江商城地面停车场,150904,停车场,中山中路168-188号(近庙前街),"121.234262,31.007754",transport,exclude_non_attraction,amap_children,2026-09-19T22:08:10+00:00
B0LR7ZIH53,凤起汇,B0MDH7SO0S,凤起汇停车场,150904,停车场,凤阁路55号凤起汇,"121.236967,31.186328",transport,exclude_non_attraction,amap_children,2026-09-19T22:08:10+00:00
B0JRHUE3S2,PRISMA新嘉中心,B00156D7XN,PRISMA新嘉中心-地下停车场,150904,停车场,张杨北路与巨峰路交叉口东北80米,"121.589782,31.280754",transport,exclude_non_attraction,amap_children,2026-09-19T22:08:10+00:00
B00157I3KQ,月亮湾商业中心,B0H3G96NV7,月亮湾商业中心停车场,150904,停车场,园恒路与新园路交叉口西南100米,"121.629789,31.317700",transport,exclude_non_attraction,amap_children,2026-09-19T22:08:10+00:00
B0I15CTZHA,金杨陆悦坊,B0JGOHY65I,金杨陆悦坊地面停车场,150904,停车场,云山路1212号金杨陆悦坊,"121.574344,31.245844",transport,exclude_non_attraction,amap_children,2026-09-19T22:08:10+00:00
B0I15CTZHA,金杨陆悦坊,B0JGOHTGHA,金杨陆悦坊立体停车场,150904,停车场,云山路1212号金杨陆悦坊,"121.573852,31.245582",transport,exclude_non_attraction,amap_children,2026-09-19T22:08:10+00:00
B00156TIAN,金桥翡翠坊,B0H6HZGIG4,金桥翡翠坊停车场,150904,停车场,长岛路1156-1158号金桥翡翠坊,"121.592494,31.260484",transport,exclude_non_attraction,amap_children,2026-09-19T22:08:10+00:00
B00156TIAN,金桥翡翠坊,B0H6HZGIG3,金桥翡翠坊立体停车场,150904,停车场,长岛路1156-1158号金桥翡翠坊,"121.592313,31.260467",transport,exclude_non_attraction,amap_children,2026-09-19T22:08:10+00:00
B0L1R5C1AX,金桥日月光中心,B0L0TOBGXU,金桥日月光中心地上停车场,150904,停车场,金高路1256号金桥日月光中心,"121.607393,31.279234",transport,exclude_non_attraction,amap_children,2026-09-19T22:08:11+00:00
B0H1NN8DVR,浦商百货(博山店),B0L2HN9R8E,浦商百货(博山店)地上停车场,150904,停车场,博山东路66号浦商百货(博山店),"121.560525,31.247175",transport,exclude_non_attraction,amap_children,2026-09-19T22:08:11+00:00
B0KDUSXZ1S,浦发唐城印象天地,B0LAOUBWX4,浦发唐城印象天地停车场,150900,停车场,玉盘南路与创新中路交叉口西北100米浦发唐城印象天地,"121.673460,31.212688",transport,exclude_non_attraction,amap_children,2026-09-19T22:08:11+00:00
B0FFM9OWFZ,绿地缤纷城(青浦店),B0HBG5FIG9,绿地缤纷城地下停车场,150904,停车场,外青松公路5999号绿地缤纷城(青浦店),"121.125229,31.160001",transport,exclude_non_attraction,amap_children,2026-09-19T22:08:11+00:00
B0HBR55K1J,壹品仓(南汇仓),B0HBTS1NJB,壹品仓停车场,150904,停车场,宣桥镇南六公路689号壹品仓(南汇仓),"121.712326,31.071247",transport,exclude_non_attraction,amap_children,2026-09-19T22:08:11+00:00
B00155KX1U,LU1885陆里,B0H6GL3IOJ,陆家嘴1885广场地下停车场,150904,停车场,商城路665号LU1885陆里,"121.518674,31.231350",transport,exclude_non_attraction,amap_children,2026-09-19T22:08:11+00:00
B0HA3H2H81,先番城,B0H26S0C6Y,先番城地下停车场,150904,停车场,号文路与上坤路交叉口东南120米,"121.355058,31.163316",transport,exclude_non_attraction,amap_children,2026-09-19T22:08:11+00:00
B0FFL79FDL,上海七宝宝龙城西区,B0HA9794FL,宝龙城西区地下停车场,150904,停车场,新镇路宝龙总部大厦,"121.355417,31.157681",transport,exclude_non_attraction,amap_children,2026-09-19T22:08:13+00:00
B00155DBIJ,上海湾,B0H6SZZE2G,上海湾地下停车场,150904,停车场,浦东南路1138号上海湾,"121.513371,31.226639",transport,exclude_non_attraction,amap_children,2026-09-19T22:08:13+00:00
B0FFI9DV04,创视界文创创业空间,B0J2OZEGZS,星天地广场地面停车场,150904,停车场,九亭镇中心路1158号创视界文创创业空间,"121.329945,31.101788",transport,exclude_non_attraction,amap_children,2026-09-19T22:08:13+00:00
B0IKOH1LEB,脉悦时光,B0KRZA6ZUO,脉悦时光地下停车场,150904,停车场,脉悦时光,"121.317093,31.244440",transport,exclude_non_attraction,amap_children,2026-09-19T22:08:13+00:00
B0IKOH1LEB,脉悦时光,B0KRZA8882,脉悦时光地面停车场,150904,停车场,脉悦时光,"121.317487,31.244420",transport,exclude_non_attraction,amap_children,2026-09-19T22:08:13+00:00
B0FFKEK94W,宝山U天地3期,B0JGXS2V8Q,宝山U天地地面停车场,150904,停车场,美健路829号、979号宝山U天地3期,"121.335386,31.390273",transport,exclude_non_attraction,amap_children,2026-09-19T22:08:13+00:00
B0FFGB6HSM,悦乐坊,B0H3MA8W7R,乐坊商城停车场,150904,停车场,悦乐坊(定边路地铁站1号口步行470米),"121.365834,31.259476",transport,exclude_non_attraction,amap_children,2026-09-19T22:08:13+00:00
B0FFGB6HSM,悦乐坊,B0H3MA8OB0,乐坊商城地下停车场,150904,停车场,悦乐坊(定边路地铁站1号口步行410米),"121.365211,31.259489",transport,exclude_non_attraction,amap_children,2026-09-19T22:08:13+00:00
B0FFIVR1CC,光年汇,B0H2N5EPPW,MORE MEE时尚生活中心地下停车场,150904,停车场,张杨路588号光年汇(商城路地铁站2号口步行470米),"121.518930,31.227243",transport,exclude_non_attraction,amap_children,2026-09-19T22:08:13+00:00
B0H1Y5WI56,八润幻月城,B0MRM6S4P9,八润幻月城停车场,150905,停车场,芳礼路159弄八润幻月城,"121.313779,31.311826",transport,exclude_non_attraction,amap_children,2026-09-19T22:08:13+00:00
B0FFG8OCCK,嘉尚坊时尚生活中心,B0HBT73X6S,嘉尚坊地下停车场,150904,停车场,嘉怡路233号嘉尚坊时尚生活中心,"121.347836,31.264831",transport,exclude_non_attraction,amap_children,2026-09-19T22:08:13+00:00
B0FFG8OCCK,嘉尚坊时尚生活中心,B0HBT74C90,嘉尚坊停车场,150904,停车场,嘉怡路233号嘉尚坊B1,"121.348005,31.264558",transport,exclude_non_attraction,amap_children,2026-09-19T22:08:13+00:00
B0KRB7KZP1,龙湖上海江桥欢肆,B0LKX4IW3Y,龙湖上海江桥欢肆-地下停车场,150904,停车场,金园二路218号龙湖上海江桥欢肆,"121.315050,31.262934",transport,exclude_non_attraction,amap_children,2026-09-19T22:08:14+00:00
B0015115B9,三鑫世界商厦,B0H655NG4Q,三鑫世界商厦地下停车场,150904,停车场,张杨路579号三鑫世界商厦B1,"121.518580,31.228348",transport,exclude_non_attraction,amap_children,2026-09-19T22:08:14+00:00
B00155EK3N,九隆坊,B0H6RU92L3,九隆坊地下停车场,150904,停车场,黄兴路1737号九隆坊生活广场B2,"121.518555,31.291182",transport,exclude_non_attraction,amap_children,2026-09-19T22:08:14+00:00
B00155EK3N,九隆坊,B0H6RU8G6L,九隆坊停车场,150904,停车场,黄兴路与国顺路交叉口南140米,"121.519377,31.290319",transport,exclude_non_attraction,amap_children,2026-09-19T22:08:14+00:00
B0HRKSA14G,吉嘉K-PLAZA,B0H12S7WAN,吉宝绿地缤纷城停车场,150904,停车场,崇教路19号吉嘉K-PLAZA,"121.276164,31.321321",transport,exclude_non_attraction,amap_children,2026-09-19T22:08:14+00:00
B0FFJPI2EI,绿地控股全球商品贸易港,B0GK3CTXJW,绿地全球商品贸易港地下停车场,150904,停车场,诸光路1588弄14幢绿地全球商品贸易港,"121.301787,31.183341",transport,exclude_non_attraction,amap_children,2026-09-19T22:08:14+00:00
B0FFGPM63J,夏都小镇新舍汇,B0H6HCI867,夏都小镇新舍汇-东1门地面停车场,150904,停车场,沪青平公路1583号夏都小镇新舍汇,"121.299579,31.172648",transport,exclude_non_attraction,amap_children,2026-09-19T22:08:14+00:00
B0FFGPM63J,夏都小镇新舍汇,B0H6HCH3JH,夏都小镇新舍汇东2门停车场,150904,停车场,沪青平公路1583号夏都小镇新舍汇,"121.298965,31.172585",transport,exclude_non_attraction,amap_children,2026-09-19T22:08:14+00:00
B0LR6MFC3V,徐行天地,B0LKX7ODSC,徐行天地停车场,150904,停车场,徐浦路1499号,"121.278589,31.412803",transport,exclude_non_attraction,amap_children,2026-09-19T22:08:14+00:00
B0FFF0064J,诺亚新天地,B0H6GZY32C,诺亚新天地立体停车场,150904,停车场,牡丹江路318号诺亚新天地广场G层,"121.494731,31.381520",transport,exclude_non_attraction,amap_children,2026-09-19T22:08:14+00:00
B0FFFQ2QB2,绿地嘉域生活中心,B0H6FZ38KG,绿地嘉域生活中心停车场,150904,停车场,绿地嘉域生活中心(嘉定新城地铁站2号口步行360米),"121.256664,31.327571",transport,exclude_non_attraction,amap_children,2026-09-19T22:08:16+00:00
B0FFFQ2QB2,绿地嘉域生活中心,B0H6FZ129Z,绿地嘉域生活中心地下停车场,150904,停车场,绿地嘉域生活中心(嘉定新城地铁站2号口步行340米),"121.256779,31.328100",transport,exclude_non_attraction,amap_children,2026-09-19T22:08:16+00:00
B00155HA2K,嘉里巷,B0LAO5PXQ9,东方商厦地面停车场,150904,停车场,城中路66号嘉里巷,"121.248869,31.380580",transport,exclude_non_attraction,amap_children,2026-09-19T22:08:16+00:00
B00155LBHD,名门坊,B0KR2CJ6QI,名门坊地下停车场,150904,停车场,博山路230号,"121.553143,31.243778",transport,exclude_non_attraction,amap_children,2026-09-19T22:08:16+00:00
B00155LBHD,名门坊,B0HBNMVO2H,名门休闲购物中心内部商铺停车场,150905,停车场,博山路202弄1号名门坊,"121.553860,31.243865",transport,exclude_non_attraction,amap_children,2026-09-19T22:08:16+00:00
B0J1KCC95E,金地方邻,B0J2SCNQW1,金地方邻地下停车场,150904,停车场,泗宝路399号金地方邻,"121.252635,31.114313",transport,exclude_non_attraction,amap_children,2026-09-19T22:08:16+00:00
B0HDJCUD4C,金地·方邻,B0K1TMUO6D,金地·方邻地下停车场,150904,停车场,影佳路455弄金地·方邻,"121.309431,31.006948",transport,exclude_non_attraction,amap_children,2026-09-19T22:08:16+00:00
B0HDJCUD4C,金地·方邻,B0J09MVAV7,金地·方邻地面停车场,150904,停车场,影佳路455弄金地·方邻,"121.309742,31.006695",transport,exclude_non_attraction,amap_children,2026-09-19T22:08:16+00:00
B0HDZC16OQ,欣虹汇,B0LKKLP5FD,城开优享+欣虹汇地上停车场,150904,停车场,华涞路35弄1-8号欣虹汇,"121.302825,31.197825",transport,exclude_non_attraction,amap_children,2026-09-19T22:08:16+00:00
B0FFH8QIB2,华漕·生活馆,B0H2P5OM2T,华漕·生活馆立体停车场,150904,停车场,华漕·生活馆,"121.291754,31.209955",transport,exclude_non_attraction,amap_children,2026-09-19T22:08:17+00:00
B0IKFC5JDA,维乐城,B0JRRST1XU,上海江桥南山维乐城停车场,150904,停车场,乐秀路118号维乐城(乐秀路地铁站1号口步行310米),"121.314742,31.267688",transport,exclude_non_attraction,amap_children,2026-09-19T22:08:17+00:00
B0FFFHASRP,贝尚坊,B0H6TZ6WD7,贝尚坊地下停车场,150904,停车场,沪亭北路350弄贝尚坊,"121.317430,31.146702",transport,exclude_non_attraction,amap_children,2026-09-19T22:08:17+00:00
B0FFFHASRP,贝尚坊,B0H6TZ7B2B,贝尚坊停车场,150904,停车场,沪亭北路与涞寅路交叉口东南140米,"121.317206,31.145481",transport,exclude_non_attraction,amap_children,2026-09-19T22:08:17+00:00
B00155AXOW,上海七宝商城,B0H61SNCLM,上海七宝商城停车场,150904,停车场,七宝镇七莘路3011号上海七宝商城(七宝地铁站5号口旁),"121.347671,31.154884",transport,exclude_non_attraction,amap_children,2026-09-19T22:08:17+00:00
B00155AXOW,上海七宝商城,B0H61SO6D3,上海七宝商城A库立体停车场,150904,停车场,七宝镇七莘路3011号上海七宝商城,"121.347621,31.155088",transport,exclude_non_attraction,amap_children,2026-09-19T22:08:17+00:00
B0FFK932XT,世茂52+,B0H0F5LZH6,世茂52+地下停车场,150905,停车场,浦城路680号世茂52,"121.514538,31.224202",transport,exclude_non_attraction,amap_children,2026-09-19T22:08:19+00:00
B0FFHR9I6Z,新启汇camplus,B0GKKCY8WR,绿地·缤纷广场地面停车场,150904,停车场,中科路800号绿地·缤纷广场B1(中科路地铁站3号口旁),"121.603097,31.177048",transport,exclude_non_attraction,amap_children,2026-09-19T22:08:19+00:00
B0FFITHRGV,新世界.欢乐城,B0H3G75E0T,新世界.欢乐城停车场,150904,停车场,祝桥镇百熙路与航亭环路交汇225号新世界欢乐城,"121.765814,31.099870",transport,exclude_non_attraction,amap_children,2026-09-19T22:08:19+00:00
B0FFIQXMC0,东渡蛙城,B0HATU1XK1,东渡蛙城地下停车场,150904,停车场,黄泥娄路326号(淀山湖大道地铁站1号口步行240米),"121.083352,31.136304",transport,exclude_non_attraction,amap_children,2026-09-19T22:08:19+00:00
B0FFH8QI8J,融创精彩天地,B0G0O5UWLH,融创精彩天地B座地下停车场,150904,停车场,五莲路1389弄31号融创精彩天地,"121.598359,31.276809",transport,exclude_non_attraction,amap_children,2026-09-19T22:08:19+00:00
B0FFH8QI8J,融创精彩天地,B0G0O5W5O1,融创精彩天地C座地下停车场,150904,停车场,五莲路1389弄31号融创精彩天地,"121.596798,31.276878",transport,exclude_non_attraction,amap_children,2026-09-19T22:08:19+00:00
B0H2K1EL3K,荟盒,B0H3MZ8WHQ,荟盒地下停车场,150904,停车场,荟盒,"121.610573,31.179192",transport,exclude_non_attraction,amap_children,2026-09-19T22:08:19+00:00
B0FFI23UV6,2049翡翠公园,B0HA2RS01U,2049翡翠公园地下停车场,150904,停车场,荣科路280号2049翡翠公园B1,"121.610217,31.179027",transport,exclude_non_attraction,amap_children,2026-09-19T22:08:19+00:00
B0FFJDCS55,悦天地,B0FFJWEJRT,悦天地停车场,150904,停车场,川沙路795弄,"121.673552,31.272148",transport,exclude_non_attraction,amap_children,2026-09-19T22:08:19+00:00
B00155NLVI,证大喜玛拉雅中心,B0G0TREKKS,证大喜玛拉雅中心地下停车场,150904,停车场,樱花路869号证大喜玛拉雅中心,"121.561638,31.208138",transport,exclude_non_attraction,amap_children,2026-09-19T22:08:19+00:00
B00155NLVI,证大喜玛拉雅中心,B0G0TRFHIQ,证大喜玛拉雅中心停车场,150904,停车场,芳甸路1188弄证大喜玛拉雅中心B3楼(近梅花路),"121.561407,31.210339",transport,exclude_non_attraction,amap_children,2026-09-19T22:08:19+00:00
B0FFGNYK4L,Plus乐坊,B0L13Z63W2,Plus乐坊地下停车场,150904,停车场,芳甸路1384号Plus乐坊,"121.562363,31.206518",transport,exclude_non_attraction,amap_children,2026-09-19T22:08:20+00:00
B0FFGNYK4L,Plus乐坊,B0L13Z5WIT,Plus乐坊地面停车场,150904,停车场,芳甸路1384号Plus乐坊,"121.563275,31.206293",transport,exclude_non_attraction,amap_children,2026-09-19T22:08:20+00:00
B00155A94J,金杨第一商城,B0HA3A30X3,金杨第一商城停车场,150904,停车场,枣庄路与金杨路交叉口东80米,"121.581598,31.250067",transport,exclude_non_attraction,amap_children,2026-09-19T22:08:20+00:00
B0FFGWR5PJ,金桥佳邻坊,B0HD3CQ9DP,金桥佳邻坊地下停车场,150904,停车场,金高路1757号金桥·佳邻坊B1层,"121.610504,31.269070",transport,exclude_non_attraction,amap_children,2026-09-19T22:08:20+00:00
B0FFFA115U,阳光天地,B0G0FH88G5,阳光天地停车场,150904,停车场,启帆路430号阳光天地(洲海路地铁站2号口步行200米),"121.587645,31.312422",transport,exclude_non_attraction,amap_children,2026-09-19T22:08:20+00:00
B0FFFA115U,阳光天地,B0G0FH9PBV,阳光天地立体停车场,150904,停车场,启帆路430号阳光天地(洲海路地铁站2号口步行210米),"121.587635,31.311991",transport,exclude_non_attraction,amap_children,2026-09-19T22:08:20+00:00
B0IA6HEEEV,临港·碧云,B0KRM738QM,临港·碧云地下停车场,150904,停车场,南汇新城镇竹柏路758弄临港·碧云,"121.898405,30.900805",transport,exclude_non_attraction,amap_children,2026-09-19T22:08:20+00:00
B0FFKF4HOE,崇恒新天地,B0LAXZ3NIM,崇恒新天地地下停车场,150904,停车场,汇源路333弄崇恒新天地,"121.204672,31.413466",transport,exclude_non_attraction,amap_children,2026-09-19T22:08:20+00:00
B0FFKF4HOE,崇恒新天地,B0LAXZYR9F,崇恒新天地地面停车场,150904,停车场,汇源路333弄崇恒新天地,"121.205391,31.413571",transport,exclude_non_attraction,amap_children,2026-09-19T22:08:20+00:00
B0GUB9OTJX,川沙大橘邻里,B0HA9C9IJ9,晶朵汇商厦地下停车场,150904,停车场,新德路372、376号,"121.697724,31.197687",transport,exclude_non_attraction,amap_children,2026-09-19T22:08:20+00:00
B0FFFFAVCY,新乐坊生活馆,B0HB4U8WJW,泰晤士新乐坊停车场,150904,停车场,文诚路1480号新乐坊生活馆,"121.197323,31.029422",transport,exclude_non_attraction,amap_children,2026-09-19T22:08:20+00:00
B0FFFFAVCY,新乐坊生活馆,B0HBG5FIA3,泰晤士新乐坊地下停车场,150904,停车场,文诚路1480号新乐坊生活馆,"121.196499,31.029645",transport,exclude_non_attraction,amap_children,2026-09-19T22:08:20+00:00
B0I1KCYO6Z,三新汇开元里,B0JRGAPW1A,三新汇开元里地面停车场,150904,停车场,三新路333号三新汇开元里,"121.194128,31.003001",transport,exclude_non_attraction,amap_children,2026-09-19T22:08:20+00:00
B0I1KCYO6Z,三新汇开元里,B0JRGAULKC,三新汇开元里地下停车场,150904,停车场,三新路333号三新汇开元里,"121.193889,31.003356",transport,exclude_non_attraction,amap_children,2026-09-19T22:08:20+00:00
B0HDRDT0BQ,乐都·旭辉里,B0H21A5YUA,乐都商业广场地下停车场,150904,停车场,乐都路481弄1-4号乐都·旭辉里,"121.217286,31.012299",transport,exclude_non_attraction,amap_children,2026-09-19T22:08:22+00:00
B0FFK8BANY,新世界,B0HAFRXVGM,上海新世界休闲生活广场奉贤店停车场,150904,停车场,新世界(奉贤新城地铁站4号口步行360米),"121.492871,30.913771",transport,exclude_non_attraction,amap_children,2026-09-19T22:08:22+00:00
B0KKNS3X5F,漕河泾M+商业中心,B0MDLNFHB8,漕河泾M+商业中心地下停车场,150904,停车场,漕河泾M商业中心(朱梅路地铁站连通道A口旁),"121.438803,31.124927",transport,exclude_non_attraction,amap_children,2026-09-19T22:08:22+00:00
B0FFFRWHK6,幸福港湾(浦驰路店),B0H655PK7I,幸福港湾浦驰路店停车场,150904,停车场,浦驰路1528号,"121.495249,31.097428",transport,exclude_non_attraction,amap_children,2026-09-19T22:08:22+00:00
B0FFIGWIBB,五玠坊,B0HATSXEKH,五玠坊地下停车场,150904,停车场,三林镇东明路2000号五玠坊,"121.516810,31.155583",transport,exclude_non_attraction,amap_children,2026-09-19T22:08:22+00:00
B0FFGFBRIE,大华锦绣嘉年华,B0H6TS6ABO,大华锦绣嘉年华Carnival地下停车场,150904,停车场,成山路1961号大华锦绣嘉年华,"121.533220,31.180242",transport,exclude_non_attraction,amap_children,2026-09-19T22:08:22+00:00
B0G19S88QQ,绿地缤纷城(普陀店),B0H63U8Q34,绿地缤纷城地下停车场,150904,停车场,兰溪路900弄15号103号,"121.403237,31.256810",transport,exclude_non_attraction,amap_children,2026-09-19T22:08:22+00:00
B0J32AB5RN,龙凤PRSCO,B0MUGLNK3G,龙凤PRSCO-地下停车场,150904,停车场,瑞金一路177号,"121.463858,31.219552",transport,exclude_non_attraction,amap_children,2026-09-19T22:08:22+00:00
B0FFH0A3V5,939红街坊,B0HAFRYAO6,上坤·红街停车场,150904,停车场,长江南路与郁江巷路交叉口东北100米,"121.478891,31.339827",transport,exclude_non_attraction,amap_children,2026-09-19T22:08:23+00:00
B0FFG4GBQU,大宁小城,B0H67R4TI4,大宁小城停车场,150904,停车场,广中西路666号大宁小城,"121.438143,31.275823",transport,exclude_non_attraction,amap_children,2026-09-19T22:08:23+00:00
B0MA1ZDMTG,西岸中环2期,B0MA1SDG9C,西岸中環2期地下停车场,150904,停车场,瑞宁路350号西岸中环2期,"121.467839,31.187617",transport,exclude_non_attraction,amap_children,2026-09-19T22:08:23+00:00
B00155IRGZ,锦江迪生商厦,B0H61ZNK9C,锦江迪生商厦室内停车场,150904,停车场,长乐路400号锦江迪生商厦,"121.459358,31.220673",transport,exclude_non_attraction,amap_children,2026-09-19T22:08:23+00:00
B0FFIKIQIG,宝燕商城(周浦店),B0H0K7RFW4,宝燕到家会员店周浦店停车场,150904,停车场,川周公路与文康路交叉口西北120米,"121.579444,31.120640",transport,exclude_non_attraction,amap_children,2026-09-19T22:08:23+00:00
B0FFIKIQIG,宝燕商城(周浦店),B0H0K7R88B,宝燕到家会员店周浦店地下停车场,150904,停车场,川周公路与文康路交叉口西北100米,"121.579737,31.120605",transport,exclude_non_attraction,amap_children,2026-09-19T22:08:23+00:00
B0FFFLFXMC,万源城·乐斯生活会馆,B0FFG8U9QS,万源城·乐斯生活会馆地下停车场,150904,停车场,万源路916号万源城·乐斯生活会馆,"121.394468,31.149145",transport,exclude_non_attraction,amap_children,2026-09-19T22:08:23+00:00
B0FFFLFXMC,万源城·乐斯生活会馆,B0HB458O1T,万源城·乐斯生活会馆地面停车场,150904,停车场,万源路986弄1-41号,"121.394038,31.149182",transport,exclude_non_attraction,amap_children,2026-09-19T22:08:23+00:00
B0FFM6IJ1I,西南商城,B0HAFLXGSM,上海西南商城停车场,150904,停车场,沪闵路131号西南商城(江川路地铁站2号口步行330米),"121.425588,31.001822",transport,exclude_non_attraction,amap_children,2026-09-19T22:08:23+00:00
B0HRD5WUOR,沁和坊-PARK11,B0H3L5LJCM,沁和坊商业广场地下停车场,150904,停车场,丹巴路382号沁和坊-PARK11,"121.383624,31.227465",transport,exclude_non_attraction,amap_children,2026-09-19T22:08:23+00:00
B0HU57PIE3,城开优享+,B0H26DZ4HI,城开优享+地下停车场,150904,停车场,万源路575弄1-3、7号城开优享,"121.395111,31.143241",transport,exclude_non_attraction,amap_children,2026-09-19T22:08:24+00:00
B0FFIM1GYC,乐荟天地,B0HB2UWY7M,乐荟天地地下停车场,150904,停车场,高科西路899号乐荟天地,"121.507023,31.185283",transport,exclude_non_attraction,amap_children,2026-09-19T22:08:24+00:00
B0FFI9PSTA,翼生活睦邻小镇,B0HB459WUE,翼生活睦邻小镇北停车场,150904,停车场,萧月路与潘新路交叉口西北100米,"121.330111,31.486414",transport,exclude_non_attraction,amap_children,2026-09-19T22:08:24+00:00
B0FFI9PSTA,翼生活睦邻小镇,B0HB6UM6QA,翼生活睦邻小镇停车场,150904,停车场,潘新路与萧月路交叉口西40米,"121.330226,31.485555",transport,exclude_non_attraction,amap_children,2026-09-19T22:08:24+00:00
B0FFI9PSTA,翼生活睦邻小镇,B0HB458NKK,翼生活睦邻小镇地下停车场,150904,停车场,萧月路与潘新路交叉口西北100米,"121.330072,31.486269",transport,exclude_non_attraction,amap_children,2026-09-19T22:08:24+00:00
B0FFI9PSTA,翼生活睦邻小镇,B0HB4587X4,翼生活睦邻小镇南停车场,150904,停车场,萧月路与潘新路交叉口西40米,"121.330232,31.485596",transport,exclude_non_attraction,amap_children,2026-09-19T22:08:24+00:00
B0FFLJ7MZJ,宝山U天地,B0H6HHGEAS,U天地停车场,150904,停车场,宝山U天地,"121.338942,31.391005",transport,exclude_non_attraction,amap_children,2026-09-19T22:08:24+00:00
B0FFLJ7MZJ,宝山U天地,B0H6HHHOFE,U天地地下停车场,150904,停车场,美健路宝山U天地,"121.338731,31.391067",transport,exclude_non_attraction,amap_children,2026-09-19T22:08:24+00:00
B00155KSIC,万都商城,B0HGB5P02Y,万都商城停车场,150904,停车场,兴义路与遵义南路交叉口西100米,"121.404855,31.204410",transport,exclude_non_attraction,amap_children,2026-09-19T22:08:24+00:00
B00155KSIC,万都商城,B0FFFQ9286,万都商城地下停车场,150904,停车场,兴义路8号万都商城,"121.405318,31.204522",transport,exclude_non_attraction,amap_children,2026-09-19T22:08:24+00:00
B00156YKF9,S.C.Plaza,B0H65ALL8B,亚太盛汇停车场,150904,停车场,迎春路301号,"121.544850,31.219447",transport,exclude_non_attraction,amap_children,2026-09-19T22:08:24+00:00
B0FFJPF2KC,畹町坊,B0H6H5H96W,集畹町坊地下停车场,150904,停车场,畹町路479号,"121.399881,31.108656",transport,exclude_non_attraction,amap_children,2026-09-19T22:08:24+00:00
B0GUA7AGCF,中惠·棠里,B0HD3CR3RL,中惠·棠里停车场,150904,停车场,海鹏路与金钻路交叉口东120米,"121.671701,31.287826",transport,exclude_non_attraction,amap_children,2026-09-19T22:08:26+00:00
B0GUA7AGCF,中惠·棠里,B0HD3CPTZU,中惠·棠里地下停车场,150904,停车场,海鹏路中惠·棠里(东侧),"121.672391,31.287395",transport,exclude_non_attraction,amap_children,2026-09-19T22:08:26+00:00
B0GRUR671V,宜浩·晶萃,B0HRCHLXPD,宜浩晶萃商场地下停车场,150904,停车场,南汇新城镇竹柏路215弄宜浩·晶萃,"121.911496,30.900386",transport,exclude_non_attraction,amap_children,2026-09-19T22:08:26+00:00
B0GRUR671V,宜浩·晶萃,B0HRCHLXPE,宜浩晶萃商场停车场,150904,停车场,南汇新城镇竹柏路215弄宜浩·晶萃,"121.911383,30.900371",transport,exclude_non_attraction,amap_children,2026-09-19T22:08:26+00:00
B0FFGKAQBW,上蔬永辉(马陆店),B0H2PCT84A,金汇莲花生活购物中心停车场,150904,停车场,马陆镇樱花街111弄上蔬永辉(马陆店),"121.281781,31.327182",transport,exclude_non_attraction,amap_children,2026-09-19T22:08:26+00:00
B0FFHZOSA2,金山光明荟,B0H6TC5PKJ,光明·koko都乐汇地下停车场,150904,停车场,海汇街500号金山光明荟,"121.337085,30.752781",transport,exclude_non_attraction,amap_children,2026-09-19T22:08:26+00:00
B0FFHZOSA2,金山光明荟,B0HGBUQIEZ,光明·koko都乐汇地面停车场,150904,停车场,海汇街500号金山光明荟,"121.338395,30.750689",transport,exclude_non_attraction,amap_children,2026-09-19T22:08:26+00:00
B0FFM45NGV,绿地乐和城,B0H63U9J84,绿地乐和城地下停车场(北),150904,停车场,绿地乐和城,"121.315760,30.747846",transport,exclude_non_attraction,amap_children,2026-09-19T22:08:26+00:00
B0FFIRR269,宝越邻里中心,B0HALC5DRE,宝越邻里中心停车场,150904,停车场,涞坊路583号宝越邻里中心,"121.312915,31.151833",transport,exclude_non_attraction,amap_children,2026-09-19T22:08:26+00:00
B0IKRAFN9N,淮海·星璨299,B0KUKMESOH,淮海·星璨299地面停车场,150904,停车场,在上实·海上菁英附近:邻里中心,"121.346761,31.354450",transport,exclude_non_attraction,amap_children,2026-09-19T22:08:28+00:00
B0IK1COCMG,桃浦湾TOP ONE,B0L13S64J0,桃浦湾TOP ONE地下停车场,150904,停车场,桃浦湾TOP ONE(祁连山路地铁站3号口步行90米),"121.374593,31.271198",transport,exclude_non_attraction,amap_children,2026-09-19T22:08:28+00:00
B0FFKCCRM6,大华老镇嘉年华,B0I025HYGY,大华老镇嘉年华地面停车场,150904,停车场,场中路4048号大华老镇嘉年华,"121.417385,31.302644",transport,exclude_non_attraction,amap_children,2026-09-19T22:08:28+00:00
B0FFKCCRM6,大华老镇嘉年华,B0G3AGAPYS,大华老镇嘉年华立体停车场,150904,停车场,场中路4048号大华老镇嘉年华,"121.417555,31.302140",transport,exclude_non_attraction,amap_children,2026-09-19T22:08:28+00:00
B00155GE1X,井亭Seoul Plaza,B0HG6ZCE5R,井亭Seoul Plaza停车场,150904,停车场,虹泉路与银亭路交叉口西80米,"121.374766,31.170143",transport,exclude_non_attraction,amap_children,2026-09-19T22:08:28+00:00
B00155GE1X,井亭Seoul Plaza,B0HG6ZCSY5,井亭Seoul Plazad地下停车场,150904,停车场,银亭路与虹泉路交叉口西北80米,"121.375245,31.170703",transport,exclude_non_attraction,amap_children,2026-09-19T22:08:28+00:00
B0FFIVOVAS,天御商厦,B0H6LSDSPR,天御商厦停车场,150904,停车场,御北路456号天御商厦,"121.559194,31.157808",transport,exclude_non_attraction,amap_children,2026-09-19T22:08:28+00:00
B0H2AZ5SWS,桃浦星品荟,B0H3G7686I,桃浦星品荟地下停车场,150904,停车场,古浪路406-412号1-3层桃浦星品荟,"121.385291,31.283892",transport,exclude_non_attraction,amap_children,2026-09-19T22:08:28+00:00
B0FFIKY2ZK,兆城·馥邦汇,B0HB478B57,兆城·馥邦汇停车场,150904,停车场,天山西路138号3楼兆城·馥邦汇,"121.373586,31.217423",transport,exclude_non_attraction,amap_children,2026-09-19T22:08:29+00:00
B00156COQW,沪东百货,B0H6LRGQE3,沪东百货地下停车场,150904,停车场,柳埠路与博兴路交叉口南60米,"121.584465,31.264302",transport,exclude_non_attraction,amap_children,2026-09-19T22:08:29+00:00
B00156COQW,沪东百货,B0H6LRGXXC,沪东百货停车场,150904,停车场,柳埠路沪东百货(博兴路地铁站2号口步行300米),"121.584781,31.264245",transport,exclude_non_attraction,amap_children,2026-09-19T22:08:29+00:00
B0H2HUHXQG,融创精彩天地A座,B0H2HUIJWN,融创精彩天地A座地下停车场,150904,停车场,融创精彩天地A座,"121.598364,31.275803",transport,exclude_non_attraction,amap_children,2026-09-19T22:08:29+00:00
B00155LXO8,通利商厦,B0FFGM5R1U,通利商厦地下停车场,150904,停车场,南京西路969号通利商厦(南京西路地铁站4号口步行80米),"121.459167,31.229484",transport,exclude_non_attraction,amap_children,2026-09-19T22:08:29+00:00
B0FFFZKQ2Y,黄金钫商业中心,B0H6DA7BB7,黄金钫商业中心停车场,150904,停车场,博山东路560弄2-20号黄金钫B1,"121.573120,31.255305",transport,exclude_non_attraction,amap_children,2026-09-19T22:08:31+00:00
B0FFFZKQ2Y,黄金钫商业中心,B0H6DA64XR,黄金钫商业中心地下停车场,150904,停车场,枣庄路与博山东路交叉口南100米,"121.573500,31.254800",transport,exclude_non_attraction,amap_children,2026-09-19T22:08:31+00:00
B00156F62W,平高世贸中心商城,B0H61SO6DQ,平高世贸中心商城地下停车场,150904,停车场,中山中路79弄1号平高世贸中心商城,"121.235010,31.006368",transport,exclude_non_attraction,amap_children,2026-09-19T22:08:31+00:00
B0FFFEPKO5,佘山商业中心,B0H6FS2VAE,佘山商业中心地下停车场,150904,停车场,香水路6号附近1层,"121.188331,31.099967",transport,exclude_non_attraction,amap_children,2026-09-19T22:08:31+00:00
B0FFKM4HSS,GRC绿地滨江CLUB,B0J0C7E1O2,GRC绿地滨江CLUB地下停车场,150904,停车场,云锦路500号GRC绿地滨江CLUB,"121.457416,31.164961",transport,exclude_non_attraction,amap_children,2026-09-19T22:08:31+00:00
B0FFHGFMBD,保利·悦活荟,B0H627Z9Z8,保利·悦活荟停车场,150904,停车场,长江西路398弄保利·悦活荟,"121.475893,31.341816",transport,exclude_non_attraction,amap_children,2026-09-19T22:08:31+00:00
B0FFHGFMBD,保利·悦活荟,B0H627ZHE3,保利·悦活荟地下停车场,150904,停车场,郁江巷路与长江西路交叉口南280米,"121.475938,31.341966",transport,exclude_non_attraction,amap_children,2026-09-19T22:08:31+00:00
B00155QISU,悦初百货(小上海旅游文化城时尚休闲街店),B0H2NUG0OJ,悦初百货停车场,150904,停车场,康沈路1707号悦初百货(小上海旅游文化城时尚休闲街店),"121.578034,31.115481",transport,exclude_non_attraction,amap_children,2026-09-19T22:08:32+00:00
B0FFLJ6SN9,星街口,B0H6JSESJ3,星街口停车场,150904,停车场,昌林路与三鲁公路交叉口西160米,"121.524392,31.065874",transport,exclude_non_attraction,amap_children,2026-09-19T22:08:32+00:00
B001524C2C,假日百货(装修中),B0HA3U4LQG,假日百货地下停车场,150904,停车场,鞍山路1号假日百货(鞍山新村地铁站2号出口步行320米),"121.513165,31.274167",transport,exclude_non_attraction,amap_children,2026-09-19T22:08:32+00:00
B00157H28T,1号玛特,B0HBNRXP4V,1号玛特停车场,150904,停车场,慈桥路与川周公路交叉口西北40米,"121.617751,31.142930",transport,exclude_non_attraction,amap_children,2026-09-19T22:08:32+00:00
B0FFILDSZP,鎏园商业城,B0H6FA2TK7,鎏园商业城停车场,150904,停车场,泾波路与新泾路交叉口北60米,"121.012939,30.889353",transport,exclude_non_attraction,amap_children,2026-09-19T22:08:34+00:00
B0FFGJ97KL,大骏百货,B0H2ULQ34C,大骏百货地下停车场,150904,停车场,南桥镇西渡镇沪杭公路299号大骏百货,"121.431789,30.988715",transport,exclude_non_attraction,amap_children,2026-09-19T22:08:34+00:00
B0FFGJ97KL,大骏百货,B0H2ULPOD5,大骏百货停车场,150904,停车场,南桥镇西渡镇沪杭公路299号大骏百货,"121.431226,30.988414",transport,exclude_non_attraction,amap_children,2026-09-19T22:08:34+00:00
B00156ECB2,东方商厦(金山店),B0H0FULS9X,东方商厦金山店地下停车场,150904,停车场,东方商厦(金山店),"121.348454,30.730945",transport,exclude_non_attraction,amap_children,2026-09-19T22:08:34+00:00
B00156ECB2,东方商厦(金山店),B0H0FULCWV,东方商厦金山店停车场,150904,停车场,板桥西路与前京大道交叉口东60米,"121.347098,30.733309",transport,exclude_non_attraction,amap_children,2026-09-19T22:08:34+00:00
B0FFHJB1KA,宝燕到家(大宁店),B0H6DS8KOT,宝燕到家地下停车场,150904,停车场,灵石路与宁盛路交叉口西南100米,"121.438773,31.281769",transport,exclude_non_attraction,amap_children,2026-09-19T22:08:34+00:00
B0FFHJB1KA,宝燕到家(大宁店),B0H6DS705S,宝燕到家停车场,150904,停车场,灵石路与宁盛路交叉口西南80米,"121.438794,31.282017",transport,exclude_non_attraction,amap_children,2026-09-19T22:08:34+00:00
B00156TIEO,亿家美南新街坊,B0HA3C2PTV,亿家美南新街坊停车场,150904,停车场,邻家厨房下南路398号亿家美南新街坊,"121.540764,31.170491",transport,exclude_non_attraction,amap_children,2026-09-19T22:08:34+00:00
B0JR1CWDTP,昆溏里,B0J2SRJE2X,昆溏里停车场,150904,停车场,金汇金碧路1980弄32号昆溏里,"121.508437,30.971332",transport,exclude_non_attraction,amap_children,2026-09-19T22:08:35+00:00
B0FFK9D1N2,轧花记忆,B0H6TZ555W,轧花记忆地下停车场,150904,停车场,罗迎路与月罗公路交叉口东南180米,"121.350689,31.407731",transport,exclude_non_attraction,amap_children,2026-09-19T22:08:35+00:00
B0FFM69P0D,塘桥商城,B0L2BAJIXT,塘桥商城地面停车场,150904,停车场,塘桥商城(塘桥地铁站出入口旁),"121.518029,31.210463",transport,exclude_non_attraction,amap_children,2026-09-19T22:08:35+00:00
B0FFM69P0D,塘桥商城,B0L2BAJIXU,塘桥商城地下停车场,150904,停车场,塘桥商城(塘桥地铁站出入口旁),"121.518517,31.210611",transport,exclude_non_attraction,amap_children,2026-09-19T22:08:35+00:00
B0G0NCXQM9,City花园城(森兰花园城店),B0HBT54AFL,City花园城停车场,150904,停车场,City花园城(森兰花园城店),"121.591420,31.315706",transport,exclude_non_attraction,amap_children,2026-09-19T22:08:35+00:00
B0G0NCXQM9,City花园城(森兰花园城店),B0HBT51PNP,City花园城地下停车场,150904,停车场,City花园城(森兰花园城店),"121.592833,31.315486",transport,exclude_non_attraction,amap_children,2026-09-19T22:08:35+00:00
B0FFF00F93,北翼生活馆,B0L265FA3C,北翼生活馆地下停车场,150904,停车场,永清路700号北翼生活馆,"121.489919,31.395448",transport,exclude_non_attraction,amap_children,2026-09-19T22:08:37+00:00
B00156YKF0,旭惠·海江新天地A区(装修中),B0H62HZNDW,安信商业广场A区地下停车场进口,150904,停车场,旭惠·海江新天地A区,"121.487095,31.393773",transport,exclude_non_attraction,amap_children,2026-09-19T22:08:37+00:00
B00156YKF0,旭惠·海江新天地A区(装修中),B0H62HYN2K,安信商业广场A区停车场,150904,停车场,旭惠·海江新天地A区,"121.486598,31.394343",transport,exclude_non_attraction,amap_children,2026-09-19T22:08:37+00:00
B0JBOZKUBX,浦商邻里荟(孙桥店),B0KA3MKP3T,浦商邻里荟孙桥店地面停车场,150904,停车场,孙桥路293-299号浦商邻里荟(孙桥店),"121.632279,31.180685",transport,exclude_non_attraction,amap_children,2026-09-19T22:08:37+00:00
B0FFGX7AYX,小上海旅游文化城,B0H6TC7JJ5,小上海旅游文化城停车场,150904,停车场,周浦镇康沈路1611弄52号3室小上海旅游文化城,"121.578197,31.116548",transport,exclude_non_attraction,amap_children,2026-09-19T22:08:38+00:00
B0G22RVMKP,晶耀前滩北区,B0GKVA33AO,晶耀前滩北区地下停车场,150904,停车场,平家桥路50弄(东方体育中心地铁站4号口步行180米),"121.477955,31.152673",transport,exclude_non_attraction,amap_children,2026-09-19T22:08:38+00:00
B00155C49D,永翔商业,B0H61RR9J5,永翔商业南停车场,150904,停车场,绿城路与谷阳北路交叉口东40米,"121.235541,31.032491",transport,exclude_non_attraction,amap_children,2026-09-19T22:08:38+00:00
B00155C49D,永翔商业,B0H61RQ7H5,永翔商业北停车场,150904,停车场,谷阳北路与南青路交叉口东南80米,"121.235585,31.033654",transport,exclude_non_attraction,amap_children,2026-09-19T22:08:38+00:00
B00157HXZ3,微生活购物天地,B0HAF7V56G,微生活购物天地停车场,150904,停车场,塔城路295号微生活购物天地,"121.255408,31.383044",transport,exclude_non_attraction,amap_children,2026-09-19T22:08:38+00:00
B00157HXZ3,微生活购物天地,B0HAF7V236,微生活购物天地立体停车场,150904,停车场,塔城路295号微生活购物天地,"121.255585,31.382896",transport,exclude_non_attraction,amap_children,2026-09-19T22:08:38+00:00
B0IR7C7FSP,金富门PARK1287,B0L0TSASCB,金富门PARK1287地下停车场,150904,停车场,牡丹江路1287号金富门PARK1287,"121.488767,31.395578",transport,exclude_non_attraction,amap_children,2026-09-19T22:08:41+00:00
B0FFL209SR,浦锦新天地,B0HDYUQXGA,浦锦新天地地下停车场,150904,停车场,浦锦街道浦锦路1275号浦锦新天地,"121.492262,31.093150",transport,exclude_non_attraction,amap_children,2026-09-19T22:08:41+00:00
B0FFHRRFGZ,月亮湾壹号街,B0H6SR2ERU,超市停车场,150904,停车场,新园路与园恒路交叉口西20米,"121.630145,31.318509",transport,exclude_non_attraction,amap_children,2026-09-19T22:08:42+00:00
B0FFMC10HA,火星1号,B0M2SA4I07,火星一号(竹园西路店)-地下停车场,150904,停车场,火星1号,"121.504075,31.069975",transport,exclude_non_attraction,amap_children,2026-09-19T22:08:42+00:00
B0FFGO3A58,万紫千红商城,B0HB2ZXA2F,万紫千红商城地下停车场,150904,停车场,公园路700号上海桥梓湾购物中心(公园路)1层,"121.113009,31.150297",transport,exclude_non_attraction,amap_children,2026-09-19T22:08:44+00:00
B00155L979,旭惠·海江新天地B区,B0H15ASWEC,安信商业广场B区地下停车场,150908,停车场,旭惠·海江新天地B区,"121.488059,31.392871",transport,exclude_non_attraction,amap_children,2026-09-19T22:08:44+00:00
B0FFGTJUNV,虹霞商城,B0H6FZ1PEI,上海虹桥机场漕河泾希尔顿惠庭酒店停车场,150904,停车场,虹霞商城,"121.385099,31.175877",transport,exclude_non_attraction,amap_children,2026-09-19T22:08:44+00:00
