poi_id,name,city,category_name,poi_type_en,popularity,rating,photos,district,gcj_lng,gcj_lat,wgs_lng,wgs_lat,parent_site,is_main_site,type,typecode,address,tel,cost,opentime,tag,biz_type,indoor_map,cultural_score,nature_score,commercial_score,scenic_score,indoor_score,edu_score,admin_code,admin_scope,scope_exclusion_reason
B0FFGJCT8O,天镜湖公园,上海,公园,park,0.958,4.7,3,太仓市,121.130407,31.43017,121.135022,31.428381,,False,风景名胜;公园广场;公园,110101,高新区文治路8-1号(太平新路与文治路交叉口南50米),[],,太仓,[],tour,0.0,0.0,1.0,0.0,0.7,0.0,0.0,,nearby_city_phase2,outside_shanghai_municipality
B0201068US,滨江公园,上海,公园,park,0.958,4.7,3,崇川区,120.871789,31.960514,120.876021,31.958366,,False,风景名胜;公园广场;公园,110101,滨江公园路,[],,狼山,[],tour,0.0,0.0,1.0,0.0,0.7,0.0,0.0,,nearby_city_phase2,outside_shanghai_municipality
B0FFGMFKF1,钟埭樱花小镇,上海,景点,attraction,0.958,4.7,3,平湖市,120.99151,30.763053,120.995824,30.76074,,False,风景名胜;公园广场;公园,110101,和盎路,[],,[],[],tour,0.0,0.0,0.0,0.0,0.2,0.0,0.0,,nearby_city_phase2,outside_shanghai_municipality
B0L11MKE4N,南通长江体育公园,上海,公园,park,0.958,4.7,3,崇川区,120.867043,31.965184,120.871282,31.96304,,False,风景名胜;公园广场;公园,110101,长江南路253号,0513-89000611,,[],[],tour,0.0,0.0,1.0,0.0,0.7,0.0,0.0,,nearby_city_phase2,outside_shanghai_municipality
B0FFL7URPB,滨江体育公园,上海,公园,park,0.958,4.7,3,崇川区,120.89295,31.935215,120.897162,31.933056,,False,风景名胜;公园广场;公园,110101,狼山镇街道山水路3号,[],,[],[],tour,0.0,0.0,1.0,0.0,0.7,0.0,0.0,,nearby_city_phase2,outside_shanghai_municipality
B0HAR72SWU,太仓塘滨水公园,上海,公园,park,0.944,4.6,3,昆山市,121.02378,31.397279,121.028263,31.395386,,False,风景名胜;公园广场;公园,110101,昆山经济技术开发区吴淞江北路与杨树路交叉口西北角,[],,[],[],tour,0.0,0.0,1.0,0.0,0.2,0.0,0.0,,nearby_city_phase2,outside_shanghai_municipality
B020007XE8,花溪公园,上海,公园,park,0.944,4.6,3,昆山市,121.092777,31.295759,121.097398,31.293947,,False,风景名胜;公园广场;公园,110101,花园路1附近,15850350693,,花桥,[],tour,0.0,0.0,1.0,0.0,0.2,0.0,0.0,,nearby_city_phase2,outside_shanghai_municipality
B02000K26Y,郑和公园,上海,公园,park,0.944,4.6,3,太仓市,121.248647,31.598411,121.253104,31.596482,,False,风景名胜;公园广场;公园,110101,南环路1号,0512-53232222,,[],[],tour,0.0,0.0,1.0,0.0,0.2,0.0,0.0,,nearby_city_phase2,outside_shanghai_municipality
B020017RSE,菉葭生态园,上海,景点,attraction,0.944,4.6,3,昆山市,121.040543,31.307751,121.045072,31.305872,,False,风景名胜;公园广场;公园,110101,陆家镇南圩路166号,13564304629,94.0,陆家,[],tour,0.0,0.0,0.0,0.0,0.2,0.0,0.0,,nearby_city_phase2,outside_shanghai_municipality
B0FFLLXGSD,市民公园,上海,公园,park,0.944,4.6,3,太仓市,121.134681,31.453993,121.139292,31.452204,,False,风景名胜;公园广场;公园,110101,高新区上海东路123号,0512-53508008,,太仓,[],tour,0.0,0.0,1.0,0.0,0.2,0.0,0.0,,nearby_city_phase2,outside_shanghai_municipality
B02000JJFH,金仓湖,上海,景点,attraction,0.944,4.6,3,太仓市,121.100658,31.514096,121.1053,31.512343,,False,风景名胜;公园广场;公园,110101,太沙线,0512-82706002,,[],[],tour,0.0,0.0,0.3,0.0,0.7,0.0,0.0,,nearby_city_phase2,outside_shanghai_municipality
B0FFJ2E0DL,南通植物园,上海,公园,park,0.944,4.6,3,崇川区,120.89948,31.953925,120.903693,31.95176,,False,风景名胜;公园广场;植物园|风景名胜;风景名胜;风景名胜,110103|110200,工农南路19号,0513-85700126,,狼山,[],tour,0.0,0.0,1.0,0.0,0.2,0.0,0.6,,nearby_city_phase2,outside_shanghai_municipality
B020007LML,巴解园,上海,景点,attraction,0.944,4.6,3,昆山市,120.857734,31.450613,120.861945,31.448513,,False,风景名胜;公园广场;公园,110101,巴城镇巴解路巴解园内(西北角),0512-36901108;0512-57656058,,巴城,[],tour,0.0,0.0,0.0,0.0,0.2,0.0,0.0,,nearby_city_phase2,outside_shanghai_municipality
B0201068LW,南通海底世界,上海,景点,attraction,0.944,4.6,3,崇川区,120.898553,31.967376,120.902767,31.965208,,False,风景名胜;公园广场;水族馆,110104,崇川区桃园路7号南通体育会展中心今世缘·国缘体育馆,0513-81586000,,[],[],tour,0.0,0.0,0.0,0.0,0.2,0.0,0.0,,nearby_city_phase2,outside_shanghai_municipality
B0FFHEXJ2A,昆山体育生态公园,上海,公园,park,0.944,4.6,3,昆山市,120.986373,31.449669,120.990725,31.447677,,False,风景名胜;公园广场;公园,110101,周市镇永共路与迎宾东路交汇处附近,13616260918,,周市,[],tour,0.0,0.0,1.0,0.0,0.7,0.0,0.0,,nearby_city_phase2,outside_shanghai_municipality
B0FFFWACZ8,江滩湿地公园,上海,公园,park,0.93,4.5,3,太仓市,121.300102,31.527872,121.30461,31.525983,,False,风景名胜;公园广场;公园,110101,浏河镇,[],,[],[],tour,0.0,0.0,1.0,0.0,0.7,0.0,0.0,,nearby_city_phase2,outside_shanghai_municipality
B0FFGZJIBI,蝶湖公园,上海,公园,park,0.93,4.5,3,启东市,121.644085,31.780346,121.64837,31.778268,,False,风景名胜;公园广场;公园,110101,庙角一组,0513-83408888,,[],[],tour,0.0,0.0,1.0,0.0,0.7,0.0,0.0,,nearby_city_phase2,outside_shanghai_municipality
B0LBHX1QCC,时代公园相亲角,上海,公园,park,0.93,4.5,3,昆山市,121.036588,31.382378,121.041112,31.380515,,False,风景名胜;公园广场;公园广场,110100,太湖中路与前进东路交界(时代大厦西边走廊),[],,[],[],tour,0.0,0.0,1.0,0.0,0.2,0.0,0.0,,nearby_city_phase2,outside_shanghai_municipality
B0FFGBBET3,阳澄东湖湿地公园,上海,公园,park,0.93,4.5,3,昆山市,120.838409,31.479789,120.84266,31.477728,,False,风景名胜;公园广场;公园,110101,巴城镇学院路与环湖路交叉路口往北约100米,[],,[],[],tour,0.0,0.0,1.0,0.0,0.7,0.0,0.0,,nearby_city_phase2,outside_shanghai_municipality
B0FFF6X4VG,太仓湿地公园,上海,公园,park,0.93,4.5,3,太仓市,121.0907,31.464066,121.095334,31.462304,,False,风景名胜;公园广场;公园,110101,人民北路35号,[],,太仓,[],tour,0.0,0.0,1.0,0.0,0.2,0.0,0.0,,nearby_city_phase2,outside_shanghai_municipality
B0FFGAJOOK,太仓市民篮球公园,上海,公园,park,0.93,4.5,3,太仓市,121.116301,31.472215,121.120934,31.470449,,False,风景名胜;公园广场;公园,110101,苏州中路与半泾北路交叉口东南140米,0512-53508008,,太仓,[],tour,0.0,0.0,1.0,0.0,0.2,0.0,0.0,,nearby_city_phase2,outside_shanghai_municipality
B02001AJ3O,草鞋山考古遗址公园,上海,公园,park,0.93,4.5,3,吴中区,120.799163,31.372421,120.803486,31.370405,,False,风景名胜;公园广场;公园,110101,阳澄湖大道,0512-62601866,,苏州工业园区,[],tour,0.0,0.15,1.0,0.0,0.7,0.0,0.0,,nearby_city_phase2,outside_shanghai_municipality
B0FFFW89Y0,樱花园,上海,景点,attraction,0.93,4.5,3,昆山市,120.985322,31.447018,120.98967,31.445023,,False,风景名胜;公园广场;公园,110101,周市医院对面,[],,周市,[],tour,0.0,0.0,0.3,0.0,0.2,0.0,0.0,,nearby_city_phase2,outside_shanghai_municipality
B023D02S5A,柳洲公园,上海,公园,park,0.93,4.5,3,嘉善县,120.942991,30.82907,120.94716,30.82667,,False,风景名胜;公园广场;公园,110101,晋阳东路775号,[],,[],[],tour,0.0,0.0,1.0,0.0,0.2,0.0,0.0,,nearby_city_phase2,outside_shanghai_municipality
B023D02TLI,泗洲公园,上海,公园,park,0.93,4.5,3,嘉善县,120.933594,30.849337,120.937746,30.846934,,False,风景名胜;公园广场;公园,110101,谈公北路333号,0573-84128440,,魏塘,[],tour,0.0,0.0,1.0,0.0,0.2,0.0,0.0,,nearby_city_phase2,outside_shanghai_municipality
B0FFFYOXEB,花桥中央公园,上海,公园,park,0.93,4.5,3,昆山市,121.11622,31.29208,121.120837,31.29026,,False,风景名胜;公园广场;公园,110101,花桥镇商务大道与彩桥路交汇处,[],,花桥,[],tour,0.0,0.0,1.0,0.0,0.2,0.0,0.0,,nearby_city_phase2,outside_shanghai_municipality
B020001EAH,聚沙园,上海,景点,attraction,0.93,4.5,3,常熟市,120.877969,31.705597,120.882173,31.703487,,False,风景名胜;公园广场;公园,110101,梅李镇梅东路1号,[],,[],[],tour,0.0,0.0,0.0,0.0,0.2,0.0,0.0,,nearby_city_phase2,outside_shanghai_municipality
B0LKSZI5QP,UNION PARK优能公园,上海,公园,park,0.93,4.5,3,昆山市,121.062779,31.296589,121.067363,31.29475,,False,风景名胜;公园广场;公园,110101,绿地大道1777号10栋3层,19942080015,565.0,[],[],tour,0.0,0.0,1.0,0.0,0.2,0.0,0.0,,nearby_city_phase2,outside_shanghai_municipality
B02001ITAY,石浦公园,上海,公园,park,0.93,4.5,3,昆山市,121.047668,31.256008,121.052213,31.254124,,False,风景名胜;公园广场;公园,110101,石泉大街638号,[],,千灯,[],tour,0.0,0.0,1.0,0.0,0.2,0.0,0.0,,nearby_city_phase2,outside_shanghai_municipality
B0FFGRV5F2,南通航母主题公园,上海,公园,park,0.93,4.5,3,崇川区,120.992069,31.801421,120.996472,31.79945,,False,风景名胜;公园广场;公园,110101,苏通乐园内(南侧),0513-85099210,,[],[],tour,0.0,0.0,1.0,0.0,0.2,0.0,0.0,,nearby_city_phase2,outside_shanghai_municipality
B0LBYSSL1X,OFF-CITY野营度假公园,上海,公园,park,0.916,4.4,3,崇川区,120.987779,31.807188,120.992166,31.805203,,False,风景名胜;公园广场;公园广场,110100,苏通乐园(西南角),[],46.0,[],[],tour,0.0,0.0,1.0,0.0,0.2,0.0,0.0,,nearby_city_phase2,outside_shanghai_municipality
B0HG1SSZ6G,常熟滨江生态公园,上海,公园,park,0.916,4.4,3,常熟市,120.938295,31.760662,120.942531,31.758564,,False,风景名胜;公园广场;公园,110101,生态园路与江鲜街交叉口东北460米,13816080476,,[],[],tour,0.0,0.0,1.0,0.0,0.7,0.0,0.0,,nearby_city_phase2,outside_shanghai_municipality
B02010X0N2,能达中央公园,上海,公园,park,0.916,4.4,3,崇川区,120.952921,31.936323,120.957206,31.93422,,False,风景名胜;公园广场;公园,110101,南通经济技术开发区宏兴路,0513-85961111,,[],[],tour,0.0,0.0,1.0,0.0,0.2,0.0,0.0,,nearby_city_phase2,outside_shanghai_municipality
B0FFHFQA72,玉湖公园,上海,公园,park,0.916,4.4,3,昆山市,120.926861,31.419456,120.931049,31.417326,,False,风景名胜;公园广场;公园,110101,小河岸东路,[],,[],[],tour,0.0,0.0,1.0,0.0,0.7,0.0,0.0,,nearby_city_phase2,outside_shanghai_municipality
B0FFHCVSP5,花桥生态湿地净水公园,上海,公园,park,0.916,4.4,3,昆山市,121.045162,31.286244,121.049703,31.284367,,False,风景名胜;公园广场;公园,110101,金融大道,[],,[],[],tour,0.0,0.0,1.0,0.0,0.2,0.0,0.0,,nearby_city_phase2,outside_shanghai_municipality
B0200089TV,昆山城市公园,上海,公园,park,0.916,4.4,3,昆山市,120.980285,31.380083,120.98461,31.378056,,False,风景名胜;公园广场;公园,110101,长江中路与震川中路交汇处,[],,震川路,[],tour,0.0,0.0,1.0,0.0,0.7,0.0,0.0,,nearby_city_phase2,outside_shanghai_municipality
B0GUNMGM3B,淀山湖花海公园,上海,公园,park,0.916,4.4,3,昆山市,121.009335,31.144441,121.013746,31.1424,,False,风景名胜;公园广场;公园|风景名胜;风景名胜;风景名胜,110101|110200,环湖大道,[],,[],[],tour,0.0,0.0,1.0,0.0,0.7,0.0,0.0,,nearby_city_phase2,outside_shanghai_municipality
B02000K8LQ,阳澄湖公园(环城西路),上海,公园,park,0.916,4.4,3,昆山市,120.83945,31.386829,120.843691,31.384744,,False,风景名胜;公园广场;公园,110101,环城西路,13806266887,,[],[],tour,0.0,0.0,1.0,0.0,0.7,0.0,0.0,,nearby_city_phase2,outside_shanghai_municipality
B0IDS5JLC7,謇公湖生态公园,上海,公园,park,0.916,4.4,3,海门区,121.153452,31.83339,121.158065,31.831568,,False,风景名胜;公园广场;公园,110101,[],[],,[],[],tour,0.0,0.0,1.0,0.0,0.7,0.0,0.0,,nearby_city_phase2,outside_shanghai_municipality
B020104ZTV,东洲公园,上海,公园,park,0.916,4.4,3,海门区,121.179233,31.891608,121.183799,31.889726,,False,风景名胜;公园广场;公园,110101,公园巷1号,0513-82212208,,[],[],tour,0.0,0.0,1.0,0.0,0.2,0.0,0.0,,nearby_city_phase2,outside_shanghai_municipality
B0FFKBUAJ9,秦湖公园,上海,公园,park,0.916,4.4,3,南湖区,120.79818,30.694886,120.802449,30.692521,,False,风景名胜;公园广场;公园,110101,百川路与庆丰路交叉口西320米,[],,[],[],tour,0.0,0.0,1.0,0.0,0.7,0.0,0.0,,nearby_city_phase2,outside_shanghai_municipality
B02000IDNQ,大渠荡生态公园,上海,公园,park,0.916,4.4,3,吴江区,120.852208,31.028415,120.856394,31.026141,,False,风景名胜;公园广场;公园,110101,芦墟镇芦莘大道大渠荡法治文化园,[],,汾湖,[],tour,0.0,0.0,1.0,0.0,0.2,0.0,0.0,,nearby_city_phase2,outside_shanghai_municipality
B0FFMHCU6A,白水塘公园,上海,公园,park,0.916,4.4,3,嘉善县,120.916205,30.811913,120.920331,30.809471,,False,风景名胜;公园广场;公园,110101,白水塘西路(滨湖绿洲南侧),[],,[],[],tour,0.0,0.0,1.0,0.0,0.2,0.0,0.0,,nearby_city_phase2,outside_shanghai_municipality
B020106KNV,儿童乐园,上海,景点,attraction,0.916,4.4,3,启东市,121.648009,31.817349,121.652304,31.815271,,False,风景名胜;公园广场;公园|体育休闲服务;休闲场所;游乐场,110101|080501,汇龙镇公园中路,0513-85051111,55.0,[],[],tour,0.0,0.0,0.0,0.0,0.2,0.0,0.0,,nearby_city_phase2,outside_shanghai_municipality
B0201068FW,紫薇公园,上海,公园,park,0.902,4.3,3,启东市,121.673395,31.818704,121.677738,31.816673,,False,风景名胜;公园广场;公园,110101,公园北路1185号,[],,[],[],tour,0.0,0.0,1.0,0.0,0.2,0.0,0.0,,nearby_city_phase2,outside_shanghai_municipality
B02000JZ60,水之韵城市休闲文化公园,上海,公园,park,0.902,4.3,3,昆山市,121.048707,31.387982,121.053266,31.386148,,False,风景名胜;公园广场;公园,110101,前进东路水之韵附近(昆山世茂广场西),[],,[],[],tour,0.0,0.15,1.0,0.0,0.2,0.0,0.0,,nearby_city_phase2,outside_shanghai_municipality
B0200184NO,时代公园,上海,公园,park,0.902,4.3,3,昆山市,121.040045,31.38229,121.044579,31.380435,,False,风景名胜;公园广场;公园,110101,震川东路太湖路,[],,[],[],tour,0.0,0.0,1.0,0.0,0.2,0.0,0.0,,nearby_city_phase2,outside_shanghai_municipality
B0KGJU9NBR,长江林场探险公园,上海,公园,park,0.902,4.3,3,太仓市,121.124143,31.692978,121.128788,31.691216,,False,风景名胜;公园广场;公园,110101,友谊路13号,19500966519,,[],[],tour,0.0,0.0,1.0,0.0,0.7,0.0,0.0,,nearby_city_phase2,outside_shanghai_municipality
B0FFGZW9B8,夏驾河生态公园,上海,公园,park,0.902,4.3,3,昆山市,121.045191,31.366569,121.049739,31.364721,,False,风景名胜;公园广场;公园,110101,昆嘉路,[],,[],[],tour,0.0,0.0,1.0,0.0,0.7,0.0,0.0,,nearby_city_phase2,outside_shanghai_municipality
B0G3DA13OL,东布洲长滩公园,上海,公园,park,0.902,4.3,3,海门区,121.37536,31.846009,121.380048,31.84423,,False,风景名胜;公园广场;公园,110101,临江新区洞庭湖路(近灵甸大道),[],,[],[],tour,0.0,0.0,1.0,0.0,0.2,0.0,0.0,,nearby_city_phase2,outside_shanghai_municipality
B0FFIANXKS,老洪港湿地公园,上海,公园,park,0.902,4.3,3,崇川区,120.944692,31.874902,120.948951,31.872795,,False,风景名胜;公园广场;公园,110101,老洪港湿地公园(通盛南路西),[],,[],[],tour,0.0,0.0,1.0,0.0,0.2,0.0,0.0,,nearby_city_phase2,outside_shanghai_municipality
B0HDYCQCPW,钟埭樱花小镇·茶花公园,上海,公园,park,0.902,4.3,3,平湖市,120.991338,30.759803,120.995651,30.757488,,False,风景名胜;公园广场;公园,110101,钟溪路钟埭樱花公园,[],,[],[],tour,0.0,0.0,1.0,0.0,0.2,0.0,0.0,,nearby_city_phase2,outside_shanghai_municipality
B0FFM4QWTZ,正仪生态湿地公园,上海,公园,park,0.902,4.3,3,昆山市,120.834563,31.385018,120.838814,31.382942,,False,风景名胜;公园广场;公园,110101,巴城镇环湖路,[],,[],[],tour,0.0,0.0,1.0,0.0,0.2,0.0,0.0,,nearby_city_phase2,outside_shanghai_municipality
B0FFFS7UM8,江海文化公园,上海,公园,park,0.902,4.3,3,海门区,121.183479,31.865024,121.188034,31.86314,,False,风景名胜;公园广场;公园,110101,南京中路与长江南路交叉口西南角,[],,[],[],tour,0.0,0.15,1.0,0.0,0.7,0.0,0.0,,nearby_city_phase2,outside_shanghai_municipality
B0FFH1HSOK,云湖公园,上海,公园,park,0.902,4.3,3,嘉善县,120.925967,30.795983,120.930103,30.79354,,False,风景名胜;公园广场;公园,110101,嘉善大道辅路与环湖路交叉口北280米,[],,[],[],tour,0.0,0.0,1.0,0.0,0.7,0.0,0.0,,nearby_city_phase2,outside_shanghai_municipality
B0L0XDKRP7,欧亚马单车运动公园,上海,公园,park,0.902,4.3,3,崇川区,120.987961,31.808331,120.992349,31.806346,,False,风景名胜;公园广场;公园,110101,苏通乐园p6停车场对面,[],,[],[],tour,0.0,0.0,1.0,0.0,0.2,0.0,0.0,,nearby_city_phase2,outside_shanghai_municipality
B0FFK855YM,七天七夜阻击战纪念公园,上海,公园,park,0.902,4.3,3,嘉善县,120.975491,30.867911,120.979757,30.86561,,False,风景名胜;公园广场;公园,110101,黄河路与永胜路交叉口西北140米,[],,[],[],tour,0.0,0.15,1.0,0.0,0.2,0.0,0.0,,nearby_city_phase2,outside_shanghai_municipality
B0FFKEB7TT,当湖十局,上海,景点,attraction,0.902,4.3,3,平湖市,121.024854,30.692595,121.029282,30.690346,,False,风景名胜;公园广场;公园,110101,望湖路与宝塔路交叉口东南120米,[],,平湖,[],tour,0.0,0.0,0.3,0.0,0.7,0.0,0.0,,nearby_city_phase2,outside_shanghai_municipality
B0LRYKUJQ0,明镜荡湿地亲子公园,上海,公园,park,0.902,4.3,3,昆山市,120.866312,31.185424,120.870487,31.183215,,False,风景名胜;公园广场;公园,110101,夕辉路与老锦周路交叉口西200米,[],,[],[],tour,0.0,0.0,1.0,0.0,0.2,0.0,0.0,,nearby_city_phase2,outside_shanghai_municipality
B0FFH23GRH,嘉兴可持续发展公园,上海,公园,park,0.888,4.2,3,南湖区,120.797879,30.745692,120.802153,30.743353,,False,风景名胜;公园广场;公园,110101,凌公塘路1994号,[],,东栅,[],tour,0.0,0.0,1.0,0.0,0.2,0.0,0.0,,nearby_city_phase2,outside_shanghai_municipality
B0FFIHFV6B,江南红豆园,上海,景点,attraction,0.888,4.2,3,常熟市,120.831542,31.756791,120.83583,31.754747,,False,风景名胜;公园广场;植物园|公司企业;农林牧渔基地;其它农林牧渔基地,110103|170400,梅李镇圩港村福缘禅寺旁,0512-52380089;0512-52669878;13915633831,,[],[],tour,0.0,0.0,0.0,0.0,0.7,0.0,0.0,,nearby_city_phase2,outside_shanghai_municipality
B02000JXS6,莲湖公园,上海,公园,park,0.888,4.2,3,昆山市,120.885503,31.380328,120.889673,31.378178,,False,风景名胜;公园广场;公园,110101,巴城镇前进西路1800号,[],,[],[],tour,0.0,0.0,1.0,0.0,0.7,0.0,0.0,,nearby_city_phase2,outside_shanghai_municipality
B020005N9E,汾湖公园,上海,公园,park,0.888,4.2,3,吴江区,120.833018,31.009082,120.837241,31.006831,,False,风景名胜;公园广场;公园,110101,芦墟镇汾湖园路301号,[],,汾湖,[],tour,0.0,0.0,1.0,0.0,0.7,0.0,0.0,,nearby_city_phase2,outside_shanghai_municipality
B0FFLG5JVQ,千灯浦生态运动公园,上海,公园,park,0.888,4.2,3,昆山市,121.000846,31.246071,121.005234,31.244054,,False,风景名胜;公园广场;公园,110101,秦峰南路19号大唐村委会往南400米,[],,千灯,[],tour,0.0,0.0,1.0,0.0,0.2,0.0,0.0,,nearby_city_phase2,outside_shanghai_municipality
B02001AIAV,顾炎武公园,上海,公园,park,0.888,4.2,3,昆山市,121.021627,31.249754,121.02609,31.247801,,False,风景名胜;公园广场;公园,110101,新虹路与汉昆路交汇处西侧,0512-57462067,,千灯,[],tour,0.0,0.0,1.0,0.0,0.2,0.0,0.0,,nearby_city_phase2,outside_shanghai_municipality
B0FFKH54CI,黑龙江路体育公园,上海,公园,park,0.888,4.2,3,昆山市,120.982291,31.367364,120.986621,31.365338,,False,风景名胜;公园广场;公园,110101,黑龙江中路与赵浦路交叉口西北80米,[],,玉山,[],tour,0.0,0.0,1.0,0.0,0.7,0.0,0.0,,nearby_city_phase2,outside_shanghai_municipality
B0FFKZXVOM,盈湖公园,上海,公园,park,0.888,4.2,3,昆山市,121.003635,31.162635,121.008026,31.160587,,False,风景名胜;公园广场;公园,110101,盈湖路和黄浦江南路交叉口,[],,[],[],tour,0.0,0.0,1.0,0.0,0.7,0.0,0.0,,nearby_city_phase2,outside_shanghai_municipality
B023D03VHG,叔同公园,上海,公园,park,0.888,4.2,3,平湖市,121.026194,30.69837,121.030627,30.696127,,False,风景名胜;公园广场;公园,110101,叔同路29号,[],,平湖,[],tour,0.0,0.0,1.0,0.0,0.2,0.0,0.0,,nearby_city_phase2,outside_shanghai_municipality
B0FFM6HRPT,邹浦河湿地公园,上海,公园,park,0.888,4.2,3,昆山市,121.067333,31.282294,121.071924,31.280456,,False,风景名胜;公园广场;公园,110101,远政路与金峰路交叉口西北220米,[],,[],[],tour,0.0,0.0,1.0,0.0,0.7,0.0,0.0,,nearby_city_phase2,outside_shanghai_municipality
B02000IRBL,滨江公园,上海,公园,park,0.888,4.2,3,昆山市,120.968122,31.390688,120.972406,31.38863,,False,风景名胜;公园广场;公园,110101,昆太路744号,[],,玉山,[],tour,0.0,0.0,1.0,0.0,0.7,0.0,0.0,,nearby_city_phase2,outside_shanghai_municipality
B0GKGLB5ZD,城市运动公园,上海,公园,park,0.888,4.2,3,昆山市,120.995619,31.412697,121.000002,31.410724,,False,风景名胜;公园广场;公园|体育休闲服务;运动场馆;运动场所,110101|080100,中国石化青阳加油站东(新纬路北),[],,周市,[],tour,0.0,0.0,1.0,0.0,0.2,0.0,0.0,,nearby_city_phase2,outside_shanghai_municipality
B020001SDF,儿童公园,上海,公园,park,0.888,4.2,3,昆山市,120.966882,31.384376,120.971162,31.382313,,False,风景名胜;公园广场;公园,110101,同丰西路837-2号,[],,玉山,[],tour,0.0,0.0,1.0,0.0,0.2,0.0,0.0,,nearby_city_phase2,outside_shanghai_municipality
B0H1KU3VR3,时尚公园,上海,公园,park,0.888,4.2,3,平湖市,121.019622,30.714479,121.024033,30.712226,,False,风景名胜;公园广场;公园|商务住宅;产业园区;产业园区,110101|120100,新华北路666号,18145671010,,新华北路,[],tour,0.0,0.0,1.0,0.0,0.2,0.0,0.0,,nearby_city_phase2,outside_shanghai_municipality
B0FFG7GKTS,丁仓港滨河体育公园,上海,公园,park,0.888,4.2,3,启东市,121.693092,31.792756,121.697469,31.790765,,False,风景名胜;公园广场;公园,110101,汇龙镇丁仓港路,[],,[],[],tour,0.0,0.0,1.0,0.0,0.7,0.0,0.0,,nearby_city_phase2,outside_shanghai_municipality
B0FFKP4JVB,南通江滨滑板公园,上海,公园,park,0.888,4.2,3,崇川区,120.88967,31.938442,120.893884,31.936284,,False,风景名胜;公园广场;公园,110101,山水路南通青年驾校总部西南,[],,狼山,[],tour,0.0,0.0,1.0,0.0,0.7,0.0,0.0,,nearby_city_phase2,outside_shanghai_municipality
B0I62CFZYE,望山公园,上海,公园,park,0.888,4.2,3,崇川区,120.929001,31.961697,120.933237,31.959547,,False,风景名胜;公园广场;公园,110101,崇州大道与朝阳路交叉口西北侧,[],,[],[],tour,0.0,0.0,1.0,0.0,0.7,0.0,0.0,,nearby_city_phase2,outside_shanghai_municipality
B02010X0WB,南通中央公园(崇川路),上海,公园,park,0.888,4.2,3,崇川区,120.896702,31.971477,120.900916,31.969309,,False,风景名胜;公园广场;公园,110101,海风街与江淮路交叉口西北160米,[],,中南·世纪城,[],tour,0.0,0.0,1.0,0.0,0.2,0.0,0.0,,nearby_city_phase2,outside_shanghai_municipality
B0H3TUL82Q,能达滨江生态公园,上海,公园,park,0.888,4.2,3,崇川区,120.934954,31.872429,120.939193,31.870306,,False,风景名胜;公园广场;公园,110101,江韵路老洪港湿地公园西侧,[],,[],[],tour,0.0,0.0,1.0,0.0,0.7,0.0,0.0,,nearby_city_phase2,outside_shanghai_municipality
B02000K1AD,中心湖公园,上海,公园,park,0.888,4.2,3,昆山市,120.901018,31.410043,120.905186,31.407896,,False,风景名胜;公园广场;公园,110101,苇城中路与萧林西路交叉口北,[],,[],[],tour,0.0,0.0,1.0,0.0,0.7,0.0,0.0,,nearby_city_phase2,outside_shanghai_municipality
B0HUKH8M8W,震川好人公园,上海,公园,park,0.888,4.2,3,昆山市,120.959435,31.354461,120.96369,31.35237,,False,风景名胜;公园广场;公园,110101,柏庐南路与中华园路交叉口,[],,玉山,[],tour,0.0,0.0,1.0,0.0,0.2,0.0,0.0,,nearby_city_phase2,outside_shanghai_municipality
B0FFJON9JR,留晖园,上海,景点,attraction,0.888,4.2,3,昆山市,120.94521,31.38854,120.94943,31.386429,,False,风景名胜;公园广场;公园,110101,马鞍山东路与白马泾路交叉口东北360米,[],,玉山,[],tour,0.0,0.0,0.0,0.0,0.2,0.0,0.0,,nearby_city_phase2,outside_shanghai_municipality
B020006IMX,中山堂,上海,景点,attraction,0.888,4.2,3,昆山市,120.959137,31.379225,120.963393,31.377141,,False,风景名胜;公园广场;公园,110101,南后街下塘18号,[],,玉山,[],tour,0.0,0.0,0.3,0.0,0.7,0.0,0.0,,nearby_city_phase2,outside_shanghai_municipality
B0HK05DCHD,海门彩虹公园,上海,公园,park,0.888,4.2,3,海门区,121.208422,31.87015,121.212933,31.868224,,False,风景名胜;公园广场;公园,110101,大桥新村东侧,[],,[],[],tour,0.0,0.0,1.0,0.0,0.2,0.0,0.0,,nearby_city_phase2,outside_shanghai_municipality
B0FFL71ZR1,七丫口郊野湿地,上海,公园,park,0.888,4.2,3,太仓市,121.235602,31.603447,121.240062,31.601522,,False,风景名胜;公园广场;公园,110101,滨江大道,[],,[],[],tour,0.0,0.0,1.0,0.0,0.2,0.0,0.0,,nearby_city_phase2,outside_shanghai_municipality
B0FFIJUPV8,浏河公园,上海,公园,park,0.888,4.2,3,太仓市,121.267634,31.502155,121.272092,31.500224,,False,风景名胜;公园广场;公园,110101,浏河镇郑和南路36号,[],,[],[],tour,0.0,0.0,1.0,0.0,0.7,0.0,0.0,,nearby_city_phase2,outside_shanghai_municipality
B0FFGA5MH1,七浦塘生态公园,上海,公园,park,0.888,4.2,3,太仓市,121.226631,31.605403,121.231098,31.603484,,False,风景名胜;公园广场;公园,110101,浮宅路与龙江路交叉口东北340米,[],,[],[],tour,0.0,0.0,1.0,0.0,0.2,0.0,0.0,,nearby_city_phase2,outside_shanghai_municipality
B0J2VAD791,丝竹滑板公园,上海,公园,park,0.874,4.1,3,昆山市,121.127145,31.290747,121.131752,31.288916,,False,风景名胜;公园广场;公园,110101,"商务大道北侧,徐公桥路东侧",[],,[],[],tour,0.0,0.0,1.0,0.0,0.2,0.0,0.0,,nearby_city_phase2,outside_shanghai_municipality
B0FFKLFHOV,花桥曹安公园,上海,公园,park,0.874,4.1,3,昆山市,121.141881,31.291099,121.146467,31.289249,,False,风景名胜;公园广场;公园广场,110100,外青松公路与312国道交汇口西南侧,[],,花桥,[],tour,0.0,0.0,1.0,0.0,0.2,0.0,0.0,,nearby_city_phase2,outside_shanghai_municipality
B0FFF9NU4M,滨江体育公园,上海,公园,park,0.874,4.1,3,常熟市,120.926765,31.741373,120.930979,31.739261,,False,风景名胜;公园广场;公园,110101,扬子江大道与江南大道交叉口西180米,[],,[],[],tour,0.0,0.0,1.0,0.0,0.7,0.0,0.0,,nearby_city_phase2,outside_shanghai_municipality
B0FFGKX7Q8,星溪公园,上海,公园,park,0.874,4.1,3,昆山市,120.83769,31.377721,120.841934,31.375637,,False,风景名胜;公园广场;公园,110101,巴城镇环湖支路与前进西路交叉路口往东南约180米,[],,[],[],tour,0.0,0.0,1.0,0.0,0.2,0.0,0.0,,nearby_city_phase2,outside_shanghai_municipality
B0KKM5HMGT,三江公园,上海,公园,park,0.874,4.1,3,昆山市,121.047861,31.287885,121.052409,31.286014,,False,风景名胜;公园广场;公园,110101,金融大道花桥生态湿地净水公园(东北角),[],,[],[],tour,0.0,0.0,1.0,0.0,0.7,0.0,0.0,,nearby_city_phase2,outside_shanghai_municipality
B02000JHPD,碧溪公园,上海,公园,park,0.874,4.1,3,常熟市,120.935838,31.733769,120.940067,31.73167,,False,风景名胜;公园广场;公园,110101,[],[],,[],[],tour,0.0,0.0,1.0,0.0,0.2,0.0,0.0,,nearby_city_phase2,outside_shanghai_municipality
B0FFH4ALOJ,和合园,上海,景点,attraction,0.874,4.1,3,昆山市,120.94283,31.279901,120.947036,31.277747,,False,风景名胜;公园广场;公园,110101,张浦镇商鞅路与海虹路交汇处,[],,张浦,[],tour,0.0,0.0,0.0,0.0,0.2,0.0,0.0,,nearby_city_phase2,outside_shanghai_municipality
B0GDU75ZQE,中央公园,上海,公园,park,0.874,4.1,3,嘉善县,120.92344,30.820047,120.927575,30.817615,,False,风景名胜;公园广场;公园,110101,白水潭路,[],,嘉善大道,[],tour,0.0,0.0,1.0,0.0,0.2,0.0,0.0,,nearby_city_phase2,outside_shanghai_municipality
B0FFG7JI5T,灵秀公园,上海,公园,park,0.874,4.1,3,启东市,121.670917,31.795298,121.675253,31.793266,,False,风景名胜;公园广场;公园,110101,春华排档附近,[],,[],[],tour,0.0,0.0,1.0,0.0,0.2,0.0,0.0,,nearby_city_phase2,outside_shanghai_municipality
B020005YF4,乐荫园,上海,景点,attraction,0.874,4.1,3,太仓市,121.066241,31.566842,121.070855,31.565072,,False,风景名胜;公园广场;公园,110101,西市街61-63号沙溪古镇(东北角),0512-53221815,,[],[],tour,0.0,0.0,0.0,0.0,0.2,0.0,0.0,,nearby_city_phase2,outside_shanghai_municipality
B0FFKVRN4A,乐成公园,上海,公园,park,0.874,4.1,3,崇川区,121.006923,31.839381,121.011384,31.837448,,False,风景名胜;公园广场;公园,110101,乐成公园(苏通路东),[],,[],[],tour,0.0,0.0,1.0,0.0,0.2,0.0,0.0,,nearby_city_phase2,outside_shanghai_municipality
B0HAHRJY1W,生态湿地公园,上海,公园,park,0.874,4.1,3,南湖区,120.808769,30.795864,120.813026,30.793533,,False,风景名胜;公园广场;公园,110101,灵湖南路与玉衡路交叉口北260米,[],,[],[],tour,0.0,0.0,1.0,0.0,0.2,0.0,0.0,,nearby_city_phase2,outside_shanghai_municipality
B0FFFVFOOE,五姑娘主题公园,上海,公园,park,0.874,4.1,3,嘉善县,120.888126,30.940831,120.892259,30.938463,,False,风景名胜;公园广场;公园,110101,南苑路258号西塘古镇景区,0573-84564161,,西塘,[],tour,0.0,0.0,1.0,0.0,0.2,0.0,0.0,,nearby_city_phase2,outside_shanghai_municipality
B0FFMAKPF7,小海公园,上海,公园,park,0.874,4.1,3,崇川区,120.973906,31.946539,120.978256,31.944485,,False,风景名胜;公园广场;公园,110101,源兴路与新长路交叉口东南200米,[],,[],[],tour,0.0,0.0,1.0,0.0,0.2,0.0,0.0,,nearby_city_phase2,outside_shanghai_municipality
B0FFL9ED6Z,永平湿地公园,上海,公园,park,0.874,4.1,3,昆山市,120.983188,31.430233,120.987527,31.428228,,False,风景名胜;公园广场;公园,110101,城北路辅路与白塔路交叉口西南380米,[],,周市,[],tour,0.0,0.0,1.0,0.0,0.2,0.0,0.0,,nearby_city_phase2,outside_shanghai_municipality
B0MG3HA5JS,神奇动物在哪里,上海,景点,attraction,0.874,4.1,3,南湖区,120.813949,30.733513,120.81819,30.73114,,False,风景名胜;公园广场;动物园,110102,紫荆路60号,17757389527,,[],[],tour,0.0,0.0,0.0,0.0,0.2,0.0,0.0,,nearby_city_phase2,outside_shanghai_municipality
B020016BH5,滨河公园,上海,公园,park,0.874,4.1,3,太仓市,121.13246,31.440939,121.137073,31.43915,,False,风景名胜;公园广场;公园,110101,经济开发区城厢镇柳州路1号,[],,太仓,[],tour,0.0,0.0,1.0,0.0,0.7,0.0,0.0,,nearby_city_phase2,outside_shanghai_municipality
B0KGFM3OLA,海洋奇遇街心公园,上海,公园,park,0.874,4.1,3,平湖市,121.171384,30.686823,121.175863,30.684595,,False,风景名胜;公园广场;公园,110101,独山港镇创业路北侧,[],,[],[],tour,0.0,0.0,1.0,0.0,0.2,0.0,0.0,,nearby_city_phase2,outside_shanghai_municipality
B0H2C5RZ4L,水乡郊野公园,上海,公园,park,0.874,4.1,3,昆山市,120.958683,31.189085,120.962922,31.186923,,False,风景名胜;公园广场;公园,110101,周同公路与正崴东路交叉口西160米,[],,[],[],tour,0.0,0.0,1.0,0.0,0.2,0.0,0.0,,nearby_city_phase2,outside_shanghai_municipality
B0GRMRZRGA,江苏省常熟泥仓溇省级湿地公园,上海,公园,park,0.874,4.1,3,常熟市,120.893532,31.625383,120.897718,31.623266,,False,风景名胜;公园广场;公园,110101,红沙路,[],,[],[],tour,0.0,0.0,1.0,0.0,0.7,0.0,0.0,,nearby_city_phase2,outside_shanghai_municipality
B0J3YCDPZP,度城村渡城生态公园,上海,公园,park,0.874,4.1,3,昆山市,120.998158,31.164539,121.002529,31.162475,,False,风景名胜;公园广场;公园,110101,万园路与清水路交叉口东200米,[],,[],[],tour,0.0,0.0,1.0,0.0,0.2,0.0,0.0,,nearby_city_phase2,outside_shanghai_municipality
B0FFFF6618,城北湿地公园,上海,公园,park,0.874,4.1,3,太仓市,121.112805,31.469022,121.11744,31.467257,,False,风景名胜;公园广场;公园,110101,太平北路93号附近,[],,太仓,[],tour,0.0,0.0,1.0,0.0,0.2,0.0,0.0,,nearby_city_phase2,outside_shanghai_municipality
B0FFHGRKNN,龙湫桂香,上海,景点,attraction,0.874,4.1,3,平湖市,121.028446,30.687941,121.032885,30.685699,,False,风景名胜;公园广场;公园广场|商务住宅;商务住宅相关;商务住宅相关,110100|120000,东湖大道辅路与文涛路交叉口西北60米,[],,平湖,[],tour,0.0,0.0,0.0,0.0,0.2,0.0,0.0,,nearby_city_phase2,outside_shanghai_municipality
B0FFGA4YA4,印溪生态湿地公园,上海,公园,park,0.86,4.0,3,太仓市,121.073523,31.554387,121.078148,31.552625,,False,风景名胜;公园广场;公园,110101,沙溪镇白云南路,[],,[],[],tour,0.0,0.0,1.0,0.0,0.2,0.0,0.0,,nearby_city_phase2,outside_shanghai_municipality
B0FFJHO0RZ,嘉兴科技城人才公园,上海,公园,park,0.86,4.0,3,南湖区,120.828912,30.735464,120.833122,30.733064,,False,风景名胜;公园广场;公园,110101,广益路亚太路路口,[],,[],[],tour,0.0,0.0,1.0,0.0,0.2,0.0,0.0,,nearby_city_phase2,outside_shanghai_municipality
B0LGHDNZBV,门球场公园,上海,公园,park,0.86,4.0,3,昆山市,121.012805,31.265814,121.017238,31.263842,,False,风景名胜;公园广场;公园,110101,千灯镇尚书路8号大润发(千灯店),[],,千灯,[],tour,0.0,0.0,1.0,0.0,0.2,0.0,0.0,,nearby_city_phase2,outside_shanghai_municipality
B0JDVZSKOH,昆山吴淞江生态廊道,上海,景点,attraction,0.86,4.0,3,昆山市,120.958448,31.326169,120.962698,31.324066,,False,风景名胜;公园广场;公园,110101,长江南路36号,[],,[],[],tour,0.0,0.0,0.3,0.0,0.7,0.0,0.0,,nearby_city_phase2,outside_shanghai_municipality
B0FFF9OD8W,淀山湖体育公园,上海,公园,park,0.86,4.0,3,昆山市,121.024941,31.176306,121.02941,31.174327,,False,风景名胜;公园广场;公园,110101,中市路,[],,[],[],tour,0.0,0.0,1.0,0.0,0.7,0.0,0.0,,nearby_city_phase2,outside_shanghai_municipality
B0G0YHM2VV,长江路人防公园,上海,公园,park,0.86,4.0,3,昆山市,120.973897,31.350568,120.978197,31.348513,,False,风景名胜;公园广场;公园,110101,中华园路北侧、长江路西侧,[],,[],[],tour,0.0,0.0,1.0,0.0,0.7,0.0,0.0,,nearby_city_phase2,outside_shanghai_municipality
B02000K4QD,娄苑公园,上海,公园,park,0.86,4.0,3,昆山市,120.960566,31.39542,120.964828,31.393344,,False,风景名胜;公园广场;公园,110101,娄苑路娄苑公园(西北角),[],,玉山,[],tour,0.0,0.0,1.0,0.0,0.2,0.0,0.0,,nearby_city_phase2,outside_shanghai_municipality
B02000K8K1,黄浦公园,上海,公园,park,0.86,4.0,3,昆山市,121.009385,31.382287,121.013816,31.380347,,False,风景名胜;公园广场;公园,110101,前进东路777号,[],,[],[],tour,0.0,0.0,1.0,0.0,0.2,0.0,0.0,,nearby_city_phase2,outside_shanghai_municipality
B020016DU7,景枫公园,上海,公园,park,0.86,4.0,3,昆山市,120.996995,31.353664,121.001378,31.351678,,False,风景名胜;公园广场;公园,110101,昆山经济技术开发区庆丰东路333号东南方向150米,[],,玉山,[],tour,0.0,0.0,1.0,0.0,0.2,0.0,0.0,,nearby_city_phase2,outside_shanghai_municipality
B02010XHIT,海伦公园,上海,公园,park,0.86,4.0,3,崇川区,120.985283,31.831971,120.989663,31.829974,,False,风景名胜;公园广场;公园,110101,海伦路与江达路交叉口东220米,[],,[],[],tour,0.0,0.0,1.0,0.0,0.2,0.0,0.0,,nearby_city_phase2,outside_shanghai_municipality
B0FFKKSO0O,鸡鸣塘公园,上海,公园,park,0.86,4.0,3,昆山市,121.086125,31.300108,121.090742,31.298295,,False,风景名胜;公园广场;公园,110101,花溪路511号,[],,花桥,[],tour,0.0,0.0,1.0,0.0,0.2,0.0,0.0,,nearby_city_phase2,outside_shanghai_municipality
B023D040I3,白马湖公园,上海,公园,park,0.86,4.0,3,平湖市,120.995677,30.699984,121.000001,30.697652,,False,风景名胜;公园广场;公园,110101,城南西路812号,[],,当湖,[],tour,0.0,0.0,1.0,0.0,0.7,0.0,0.0,,nearby_city_phase2,outside_shanghai_municipality
B0FFGAHMI6,菉溪公园,上海,公园,park,0.86,4.0,3,昆山市,121.045308,31.311902,121.049851,31.310035,,False,风景名胜;公园广场;公园,110101,菉溪路66-1号,[],,陆家,[],tour,0.0,0.0,1.0,0.0,0.2,0.0,0.0,,nearby_city_phase2,outside_shanghai_municipality
B0HKYZPV12,南通植物园-蔷薇园,上海,公园,park,0.86,4.0,3,崇川区,120.903281,31.950927,120.907494,31.948763,,False,风景名胜;公园广场;植物园,110103,工农南路19号南通植物园(东南角),0513-85700126,,狼山,[],tour,0.0,0.0,1.0,0.0,0.2,0.0,0.6,,nearby_city_phase2,outside_shanghai_municipality
B0201068EN,南通狼山森林公园,上海,公园,park,0.86,4.0,3,崇川区,120.888433,31.948952,120.892648,31.946792,,False,风景名胜;公园广场;公园,110101,狼山镇临港路18号,[],,狼山,[],tour,0.0,0.0,1.0,0.0,0.7,0.0,0.0,,nearby_city_phase2,outside_shanghai_municipality
B0K6VZS2O6,金淞田趣园,上海,景点,attraction,0.86,4.0,3,昆山市,121.075646,31.270676,121.080249,31.268843,,False,风景名胜;公园广场;公园,110101,万科魅力花园南区西南侧300米,[],,[],[],tour,0.0,0.0,0.0,0.0,0.2,0.0,0.0,,nearby_city_phase2,outside_shanghai_municipality
B0FFKR7WLH,花桥经济开发区金中路体育公园,上海,公园,park,0.86,4.0,3,昆山市,121.05309,31.287314,121.057652,31.285454,,False,风景名胜;公园广场;公园,110101,金中路与金星路交叉口东200米,[],,[],[],tour,0.0,0.0,1.0,0.0,0.2,0.0,0.0,,nearby_city_phase2,outside_shanghai_municipality
B0FFL6YCQN,工会主题公园,上海,公园,park,0.86,4.0,3,南湖区,120.820385,30.74204,120.824614,30.73966,,False,风景名胜;公园广场;公园,110101,凌公塘路与亚欧路交叉口东南140米,[],,[],[],tour,0.0,0.0,1.0,0.0,0.2,0.0,0.0,,nearby_city_phase2,outside_shanghai_municipality
B02001AJA4,净心花园,上海,景点,attraction,0.86,4.0,3,常熟市,120.81654,31.67908,120.820854,31.677071,,False,风景名胜;公园广场;公园,110101,古里镇淼泉三大队,[],,[],[],tour,0.0,0.0,0.3,0.0,0.2,0.0,0.0,,nearby_city_phase2,outside_shanghai_municipality
B020015XDF,银塘公园,上海,公园,park,0.86,4.0,3,常熟市,120.878341,31.714835,120.882545,31.712724,,False,风景名胜;公园广场;公园,110101,人民路(梅李医院往东500米),[],,[],[],tour,0.0,0.0,1.0,0.0,0.2,0.0,0.0,,nearby_city_phase2,outside_shanghai_municipality
B02000K0A0,小康公园,上海,公园,park,0.86,4.0,3,常熟市,120.824493,31.613281,120.828785,31.611259,,False,风景名胜;公园广场;公园,110101,古里镇小康村,[],,[],[],tour,0.0,0.0,1.0,0.0,0.2,0.0,0.0,,nearby_city_phase2,outside_shanghai_municipality
B02000KAGG,桥苑,上海,景点,attraction,0.86,4.0,3,昆山市,121.101802,31.331436,121.106428,31.329638,,False,风景名胜;公园广场;公园,110101,沿沪大道,[],,[],[],tour,0.0,0.0,0.3,0.0,0.2,0.0,0.0,,nearby_city_phase2,outside_shanghai_municipality
B0FFLJYD6B,花桥青年城市公园,上海,公园,park,0.86,4.0,3,昆山市,121.140603,31.281592,121.145191,31.27974,,False,风景名胜;公园广场;公园,110101,绿地大道外青松公路东南侧,[],,[],[],tour,0.0,0.0,1.0,0.0,0.2,0.0,0.0,,nearby_city_phase2,outside_shanghai_municipality
B0LRJBGRTB,启红公园,上海,公园,park,0.86,4.0,3,南湖区,120.795893,30.758098,120.800171,30.755768,,False,风景名胜;公园广场;公园,110101,甪里街与吴泾路交叉口西南160米,[],,东栅,[],tour,0.0,0.0,1.0,0.0,0.2,0.0,0.0,,nearby_city_phase2,outside_shanghai_municipality
B0FFIB10LU,謇公湖植物园,上海,公园,park,0.86,4.0,3,海门区,121.159002,31.819928,121.163603,31.818098,,False,风景名胜;公园广场;植物园,110103,广州路与漓江路交叉口南200米,[],,[],[],tour,0.0,0.0,1.0,0.0,0.7,0.0,0.6,,nearby_city_phase2,outside_shanghai_municipality
B023D0R4MU,大桥中心公园,上海,公园,park,0.86,4.0,3,南湖区,120.857651,30.743592,120.861804,30.741146,,False,风景名胜;公园广场;公园,110101,天全路与天平路交叉口西南100米,[],,[],[],tour,0.0,0.0,1.0,0.0,0.2,0.0,0.0,,nearby_city_phase2,outside_shanghai_municipality
B0FFJRH1ZW,平湖塘公园,上海,公园,park,0.86,4.0,3,南湖区,120.811278,30.751586,120.815526,30.749227,,False,风景名胜;公园广场;公园,110101,在三环东路南溪路路口西北侧,[],,[],[],tour,0.0,0.0,1.0,0.0,0.7,0.0,0.0,,nearby_city_phase2,outside_shanghai_municipality
B0G2MBTJJ4,了凡文化公园,上海,公园,park,0.86,4.0,3,吴江区,120.827523,31.036212,120.83176,31.033987,,False,风景名胜;公园广场;公园,110101,西湾路与三白荡路交叉口东南480米,[],,[],[],tour,0.0,0.15,1.0,0.0,0.2,0.0,0.0,,nearby_city_phase2,outside_shanghai_municipality
B0IUT76OIS,口袋公园,上海,公园,park,0.86,4.0,3,太仓市,121.131111,31.475779,121.135729,31.473998,,False,风景名胜;公园广场;公园,110101,弇山路北、娄江路东、常胜路西,[],,太仓,[],tour,0.0,0.0,1.0,0.0,0.2,0.0,0.0,,nearby_city_phase2,outside_shanghai_municipality
B02001BPL3,菽园,上海,景点,attraction,0.86,4.0,3,太仓市,121.154308,31.460405,121.158887,31.458586,,False,风景名胜;公园广场;公园,110101,沿江高速朝阳路交叉口,[],,太仓,[],tour,0.0,0.0,0.0,0.0,0.2,0.0,0.0,,nearby_city_phase2,outside_shanghai_municipality
B0FFJCATN2,鲁肃公园,上海,公园,park,0.86,4.0,3,南湖区,120.927179,30.708993,120.93131,30.706506,,False,风景名胜;公园广场;公园,110101,万丰路113号,[],,[],[],tour,0.0,0.0,1.0,0.0,0.2,0.0,0.0,,nearby_city_phase2,outside_shanghai_municipality
B0FFGJQ6XN,景王公园,上海,公园,park,0.86,4.0,3,昆山市,121.029501,31.368992,121.034001,31.367106,,False,风景名胜;公园广场;公园,110101,洞庭湖南路与景王路交叉口西南100米,[],,[],[],tour,0.0,0.0,1.0,0.0,0.2,0.0,0.0,,nearby_city_phase2,outside_shanghai_municipality
B02001AKE1,恩钿月季公园,上海,公园,park,0.86,4.0,3,太仓市,121.171909,31.547757,121.17646,31.545918,,False,风景名胜;公园广场;公园,110101,玫瑰路3号,[],,[],[],tour,0.0,0.0,1.0,0.0,0.2,0.0,0.0,,nearby_city_phase2,outside_shanghai_municipality
B0HRV7V1KY,圆陀角旅游度假区-大禹公园,上海,公园,park,0.86,4.0,3,启东市,121.893555,31.696955,121.897706,31.69485,,False,风景名胜;公园广场;公园,110101,圆陀角风景区,[],,[],[],tour,0.0,0.0,1.0,0.0,0.2,0.0,0.0,,nearby_city_phase2,outside_shanghai_municipality
B0JKTR876X,小青松公园,上海,公园,park,0.86,4.0,3,昆山市,120.957291,31.304308,120.961536,31.302194,,False,风景名胜;公园广场;公园,110101,永记路1007号,[],,张浦,[],tour,0.0,0.0,1.0,0.0,0.2,0.0,0.0,,nearby_city_phase2,outside_shanghai_municipality
B02000IRNO,琅環公园,上海,公园,park,0.86,4.0,3,昆山市,120.954467,31.380301,120.95871,31.378207,,False,风景名胜;公园广场;公园,110101,玉山镇西街66号,[],,玉山,[],tour,0.0,0.0,1.0,0.0,0.2,0.0,0.0,,nearby_city_phase2,outside_shanghai_municipality
B0I095LDHM,广福公园,上海,公园,park,0.86,4.0,3,昆山市,120.933105,31.407145,120.937302,31.405019,,False,风景名胜;公园广场;公园,110101,萧林中路与鹿城路交叉口东北400米,[],,玉山,[],tour,0.0,0.0,1.0,0.0,0.2,0.0,0.0,,nearby_city_phase2,outside_shanghai_municipality
B020007COQ,水秀公园,上海,公园,park,0.86,4.0,3,昆山市,120.943999,31.401198,120.948217,31.399089,,False,风景名胜;公园广场;公园,110101,团结河375号,[],,玉山,[],tour,0.0,0.0,1.0,0.0,0.2,0.0,0.0,,nearby_city_phase2,outside_shanghai_municipality
B020001754,合兴公园,上海,公园,park,0.86,4.0,3,昆山市,120.952897,31.371308,120.957135,31.369208,,False,风景名胜;公园广场;公园,110101,合兴路,[],,玉山,[],tour,0.0,0.0,1.0,0.0,0.2,0.0,0.0,,nearby_city_phase2,outside_shanghai_municipality
B0FFL6DBI3,思齐公园,上海,公园,park,0.86,4.0,3,昆山市,120.897611,31.382192,120.901777,31.380038,,False,风景名胜;公园广场;公园,110101,前进西路2200号,[],,前进西路,[],tour,0.0,0.0,1.0,0.0,0.2,0.0,0.0,,nearby_city_phase2,outside_shanghai_municipality
B0IDORIVDE,庙泾河中央水廊,上海,景点,attraction,0.86,4.0,3,昆山市,120.903325,31.399636,120.907492,31.397486,,False,风景名胜;公园广场;公园,110101,马鞍山路818号昆山市城市生态森林公园(西北角),[],,[],[],tour,0.0,0.15,0.0,0.0,0.7,0.0,0.0,,nearby_city_phase2,outside_shanghai_municipality
B0FFGJR7M0,湘家荡七星文化公园,上海,公园,park,0.846,3.9,3,南湖区,120.831983,30.808839,120.836192,30.806473,,False,风景名胜;公园广场;公园,110101,七星路500号大树汇众广场,[],,[],[],tour,0.0,0.15,1.0,0.0,0.2,0.0,0.0,,nearby_city_phase2,outside_shanghai_municipality
B020006PCK,长江公园,上海,公园,park,0.846,3.9,3,昆山市,120.978041,31.393006,120.982359,31.390976,,False,风景名胜;公园广场;公园,110101,玉山镇昆太路与长江北路交叉口北,[],,玉山,[],tour,0.0,0.0,1.0,0.0,0.7,0.0,0.0,,nearby_city_phase2,outside_shanghai_municipality
B0FFJRD2L2,南溪公园,上海,公园,park,0.846,3.9,3,南湖区,120.81357,30.749353,120.817814,30.746989,,False,风景名胜;公园广场;公园,110101,三环东路东南侧,[],,凌公塘路,[],tour,0.0,0.0,1.0,0.0,0.2,0.0,0.0,,nearby_city_phase2,outside_shanghai_municipality
B0JKACIYNT,昆铁小游园,上海,景点,attraction,0.846,3.9,3,昆山市,120.965378,31.362663,120.969651,31.360589,,False,风景名胜;公园广场;公园,110101,庆丰西路与柏庐南路辅路交叉口西南100米,[],,玉山,[],tour,0.0,0.0,0.0,0.0,0.2,0.0,0.0,,nearby_city_phase2,outside_shanghai_municipality
B02010V5LJ,绿轴公园,上海,公园,park,0.846,3.9,3,崇川区,120.895716,31.975859,120.899931,31.97369,,False,风景名胜;公园广场;公园,110101,崇川路江宁路之间,[],,[],[],tour,0.0,0.0,1.0,0.0,0.2,0.0,0.0,,nearby_city_phase2,outside_shanghai_municipality
B0J1AU3JJD,运动艺术公园,上海,公园,park,0.846,3.9,3,昆山市,120.906679,31.424482,120.910849,31.422339,,False,风景名胜;公园广场;公园,110101,虹祺路与城北西路辅路交叉口东南140米,[],,[],[],tour,0.0,0.0,1.0,0.0,0.2,0.0,0.0,,nearby_city_phase2,outside_shanghai_municipality
B0IUVUQF14,海棠体育公园,上海,公园,park,0.846,3.9,3,常熟市,120.802651,31.745303,120.806999,31.743313,,False,风景名胜;公园广场;公园,110101,府前路与人民路交叉口东南140米,[],,[],[],tour,0.0,0.0,1.0,0.0,0.2,0.0,0.0,,nearby_city_phase2,outside_shanghai_municipality
B0FFKPMXZ0,枫叶公园,上海,公园,park,0.846,3.9,3,平湖市,121.012065,30.730193,121.016451,30.727925,,False,风景名胜;公园广场;公园,110101,宏建路与新兴三路交叉口西南200米,[],,[],[],tour,0.0,0.0,1.0,0.0,0.2,0.0,0.0,,nearby_city_phase2,outside_shanghai_municipality
B0IDVCEM6P,庙泾河中央水廊公园,上海,公园,park,0.846,3.9,3,昆山市,120.880365,31.399581,120.884541,31.397441,,False,风景名胜;公园广场;公园,110101,博士路南侧(古城路至祖冲之路),[],,[],[],tour,0.0,0.15,1.0,0.0,0.7,0.0,0.0,,nearby_city_phase2,outside_shanghai_municipality
B0FFKDW6LJ,古窑遗址公园,上海,公园,park,0.846,3.9,3,昆山市,120.88656,31.141749,120.89071,31.139497,,False,风景名胜;公园广场;公园,110101,锦溪祝甸古窑遗址,[],,[],[],tour,0.0,0.15,1.0,0.0,0.2,0.0,0.0,,nearby_city_phase2,outside_shanghai_municipality
B02000JTP1,金浦公园,上海,公园,park,0.846,3.9,3,吴中区,120.822098,31.305867,120.826369,31.303787,,False,风景名胜;公园广场;公园,110101,通江路,[],,苏州工业园区,[],tour,0.0,0.0,1.0,0.0,0.2,0.0,0.0,,nearby_city_phase2,outside_shanghai_municipality
B0LA2LQL3D,枫南村体育公园,上海,公园,park,0.846,3.9,3,嘉善县,120.993038,30.879143,120.997367,30.8769,,False,风景名胜;公园广场;公园,110101,新华路1371号,[],,[],[],tour,0.0,0.0,1.0,0.0,0.2,0.0,0.0,,nearby_city_phase2,outside_shanghai_municipality
B0KDY5YDB8,娄江新城滨河公园,上海,公园,park,0.846,3.9,3,太仓市,121.179359,31.459724,121.183887,31.457858,,False,风景名胜;公园广场;公园,110101,万金南路18号,[],,[],[],tour,0.0,0.0,1.0,0.0,0.7,0.0,0.0,,nearby_city_phase2,outside_shanghai_municipality
B0GR5S2U3I,洋砂荡公园,上海,公园,park,0.846,3.9,3,吴江区,120.859155,31.040772,120.86333,31.038494,,False,风景名胜;公园广场;公园,110101,海南路吴江虹桥花园,[],,[],[],tour,0.0,0.0,1.0,0.0,0.2,0.0,0.0,,nearby_city_phase2,outside_shanghai_municipality
B0FFGQBC6R,绿洲公园,上海,公园,park,0.846,3.9,3,嘉善县,120.945437,30.84923,120.949614,30.846846,,False,风景名胜;公园广场;公园,110101,张家桥路与环北东路交叉口北180米,[],,[],[],tour,0.0,0.0,1.0,0.0,0.2,0.0,0.0,,nearby_city_phase2,outside_shanghai_municipality
B0FFG9X57L,苏州昆山市千灯现代物流园附属中心公园,上海,公园,park,0.846,3.9,3,昆山市,121.045298,31.228006,121.049834,31.226104,,False,风景名胜;公园广场;公园,110101,千灯镇汉昆路,[],,[],[],tour,0.0,0.0,1.0,0.0,0.7,0.0,0.0,,nearby_city_phase2,outside_shanghai_municipality
B0FFHB7Z3P,集善公园,上海,公园,park,0.846,3.9,3,昆山市,121.074925,31.294988,121.079529,31.293164,,False,风景名胜;公园广场;公园,110101,绿地大道与西环路交叉口西南220米,[],,[],[],tour,0.0,0.0,1.0,0.0,0.2,0.0,0.0,,nearby_city_phase2,outside_shanghai_municipality
B020103JIZ,人民公园,上海,公园,park,0.846,3.9,3,启东市,121.664971,31.8089,121.669296,31.806854,,False,风景名胜;公园广场;公园,110101,公园中路与欧洲风情街交叉口东南100米,[],,[],[],tour,0.0,0.0,1.0,0.0,0.2,0.0,0.0,,nearby_city_phase2,outside_shanghai_municipality
B02010WD6M,人口文化主题公园,上海,公园,park,0.846,3.9,3,启东市,121.650147,31.818477,121.654445,31.816402,,False,风景名胜;公园广场;公园,110101,港东中路与长江中路交叉口西南160米,[],,[],[],tour,0.0,0.15,1.0,0.0,0.2,0.0,0.0,,nearby_city_phase2,outside_shanghai_municipality
B0FFFP1W73,江海清风园,上海,景点,attraction,0.846,3.9,3,启东市,121.653637,31.790586,121.657939,31.788522,,False,风景名胜;公园广场;公园,110101,公园南路199号,[],,[],[],tour,0.0,0.0,0.0,0.0,0.7,0.0,0.0,,nearby_city_phase2,outside_shanghai_municipality
B0K34Z13S6,雁月湖公园,上海,公园,park,0.846,3.9,3,太仓市,121.106876,31.637801,121.111528,31.636054,,False,风景名胜;公园广场;公园,110101,隆达路4号,[],,[],[],tour,0.0,0.0,1.0,0.0,0.7,0.0,0.0,,nearby_city_phase2,outside_shanghai_municipality
B0FFHD8HT7,泖水文化公园,上海,公园,park,0.846,3.9,3,平湖市,121.081331,30.826029,121.085903,30.823957,,False,风景名胜;公园广场;公园,110101,新北路与虹桥路交叉口西140米,[],,[],[],tour,0.0,0.15,1.0,0.0,0.2,0.0,0.0,,nearby_city_phase2,outside_shanghai_municipality
B0FFHUF17U,皇家水族世界,上海,景点,attraction,0.8397,4.3,2,太仓市,121.103586,31.447109,121.108222,31.445344,,False,风景名胜;公园广场;水族馆|购物服务;花鸟鱼虫市场;宠物市场,110104|060502,北门街小商品市场,15851696534,,太仓,[],tour,0.0,0.0,0.0,0.0,0.2,0.0,0.0,,nearby_city_phase2,outside_shanghai_municipality
B023D03TEW,中山滨河公园,上海,公园,park,0.832,3.8,3,嘉善县,120.914483,30.83983,120.91861,30.837402,,False,风景名胜;公园广场;公园,110101,中山西路285号,[],,体育南路,[],tour,0.0,0.0,1.0,0.0,0.7,0.0,0.0,,nearby_city_phase2,outside_shanghai_municipality
B0FFKMUH3R,海虞镇周行健康主题公园,上海,公园,park,0.832,3.8,3,常熟市,120.812681,31.706008,120.817005,31.704004,,False,风景名胜;公园广场;公园,110101,陶舍泾路与慧周路交叉口西180米,[],,[],[],tour,0.0,0.0,1.0,0.0,0.2,0.0,0.0,,nearby_city_phase2,outside_shanghai_municipality
B023D0R41R,善西公园,上海,公园,park,0.832,3.8,3,嘉善县,120.906645,30.83333,120.910767,30.830896,,False,风景名胜;公园广场;公园,110101,善西公园(子胥路西),[],,[],[],tour,0.0,0.0,1.0,0.0,0.2,0.0,0.0,,nearby_city_phase2,outside_shanghai_municipality
B0KGLUXJAJ,肇州园,上海,景点,attraction,0.832,3.8,3,海门区,121.197604,31.883991,121.202134,31.882079,,False,风景名胜;公园广场;公园,110101,瑞江路819号,[],,[],[],tour,0.0,0.0,0.0,0.0,0.2,0.0,0.0,,nearby_city_phase2,outside_shanghai_municipality
B023D0RWL7,双月园,上海,景点,attraction,0.832,3.8,3,嘉善县,120.912462,30.847777,120.916588,30.845353,,False,风景名胜;公园广场;公园,110101,体育北路与环北西路交叉口西北60米,[],,体育南路,[],tour,0.0,0.0,0.0,0.0,0.2,0.0,0.0,,nearby_city_phase2,outside_shanghai_municipality
B0GRX593TS,汾湖元荡廉心园,上海,景点,attraction,0.832,3.8,3,吴江区,120.846967,31.071625,120.851167,31.069384,,False,风景名胜;公园广场;公园,110101,元荡村,[],,[],[],tour,0.0,0.0,0.3,0.0,0.7,0.0,0.0,,nearby_city_phase2,outside_shanghai_municipality
B020001ACB,张陵禅寺,上海,景点,attraction,0.832,3.8,3,吴中区,120.866898,31.249789,120.871078,31.247609,,False,风景名胜;公园广场;公园|风景名胜;风景名胜;风景名胜,110101|110200,张林园(甫澄中路西),[],,甪直,[],tour,0.0,0.15,0.0,0.0,0.2,0.0,0.0,,nearby_city_phase2,outside_shanghai_municipality
B0KUP52QE1,南河浜遗址公园,上海,公园,park,0.832,3.8,3,南湖区,120.876019,30.740162,120.880146,30.73769,,False,风景名胜;公园广场;公园,110101,南河浜组,[],,[],[],tour,0.0,0.15,1.0,0.0,0.7,0.0,0.0,,nearby_city_phase2,outside_shanghai_municipality
B0FFKR1DN0,头兴港滨河公园,上海,公园,park,0.832,3.8,3,启东市,121.638896,31.806527,121.643175,31.804436,,False,风景名胜;公园广场;公园,110101,港西南路与南苑西路交叉口西南120米,[],,[],[],tour,0.0,0.0,1.0,0.0,0.7,0.0,0.0,,nearby_city_phase2,outside_shanghai_municipality
B02001E3HA,北园,上海,景点,attraction,0.832,3.8,3,昆山市,120.862596,31.460645,120.8668,31.45854,,False,风景名胜;公园广场;公园,110101,阳澄湖水上公园北门,[],,[],[],tour,0.0,0.0,0.0,0.0,0.2,0.0,0.0,,nearby_city_phase2,outside_shanghai_municipality
B0FFGJQ90W,滨河公园(朝阳西路),上海,公园,park,0.832,3.8,3,太仓市,121.11069,31.434803,121.115323,31.433032,,False,风景名胜;公园广场;公园,110101,朝阳西路与南门街交叉口西南280米,[],,太仓,[],tour,0.0,0.0,1.0,0.0,0.7,0.0,0.0,,nearby_city_phase2,outside_shanghai_municipality
B0KKM5A005,太仓南码头公园,上海,公园,park,0.832,3.8,3,太仓市,121.110989,31.432864,121.115621,31.431093,,False,风景名胜;公园广场;公园,110101,海运堤路150号,[],,太仓,[],tour,0.0,0.0,1.0,0.0,0.2,0.0,0.0,,nearby_city_phase2,outside_shanghai_municipality
B0HRVL61CS,南通市海门区党史教育主题公园,上海,公园,park,0.832,3.8,3,海门区,121.18864,31.858057,121.193184,31.856165,,False,风景名胜;公园广场;公园,110101,长江南路与湖州路交叉口西北80米,[],,[],[],tour,0.0,0.0,1.0,0.0,0.2,0.0,0.0,,nearby_city_phase2,outside_shanghai_municipality
B023D0Q4RS,松风台,上海,景点,attraction,0.832,3.8,3,平湖市,121.020726,30.701997,121.02514,30.699741,,False,风景名胜;公园广场;公园,110101,当湖街道第一人民医院东,[],,当湖,[],tour,0.0,0.0,0.0,0.0,0.2,0.0,0.0,,nearby_city_phase2,outside_shanghai_municipality
B0J2SCNQMX,西环路金捷路交叉口垃圾分类主题公园,上海,公园,park,0.832,3.8,3,昆山市,121.078041,31.291133,121.082649,31.28931,,False,风景名胜;公园广场;公园,110101,金捷路与西环路交叉口东南60米,[],,[],[],tour,0.0,0.0,1.0,0.0,0.2,0.0,0.0,,nearby_city_phase2,outside_shanghai_municipality
B020016KKQ,菉葭公园,上海,公园,park,0.832,3.8,3,昆山市,121.054228,31.312197,121.058794,31.310349,,False,风景名胜;公园广场;公园,110101,联谊路与新开河路交叉口东南240米,[],,陆家,[],tour,0.0,0.0,1.0,0.0,0.2,0.0,0.0,,nearby_city_phase2,outside_shanghai_municipality
B0G0SO1WIO,江浦公园,上海,公园,park,0.832,3.8,3,常熟市,120.911594,31.745203,120.915793,31.743079,,False,风景名胜;公园广场;公园,110101,桐坝路与江浦路交叉口北100米,[],,[],[],tour,0.0,0.0,1.0,0.0,0.7,0.0,0.0,,nearby_city_phase2,outside_shanghai_municipality
B0FFHCQL5P,净水公园,上海,公园,park,0.832,3.8,3,太仓市,121.088287,31.458143,121.092919,31.456379,,False,风景名胜;公园广场;公园,110101,G204与S339交叉口东南角,[],,太仓,[],tour,0.0,0.0,1.0,0.0,0.2,0.0,0.0,,nearby_city_phase2,outside_shanghai_municipality
B0FFM7WV9W,南通盆景园,上海,景点,attraction,0.832,3.8,3,崇川区,120.905976,31.946371,120.910189,31.944208,,False,风景名胜;公园广场;植物园,110103,工农南路19号南通植物园(东南角),0513-85700126,,狼山,[],tour,0.0,0.0,0.0,0.0,0.2,0.0,0.0,,nearby_city_phase2,outside_shanghai_municipality
B0FFKW1ZBR,昆山市渔趣湿地主题公园,上海,公园,park,0.832,3.8,3,昆山市,120.972882,31.436075,120.977186,31.434042,,False,风景名胜;公园广场;公园,110101,兰泾生态公园,[],,[],[],tour,0.0,0.0,1.0,0.0,0.7,0.0,0.0,,nearby_city_phase2,outside_shanghai_municipality
B0FFF9O74O,善爱园,上海,景点,attraction,0.832,3.8,3,昆山市,120.97884,31.467145,120.983167,31.465135,,False,风景名胜;公园广场;公园,110101,经四路与鑫茂路交叉口南120米,[],,周市,[],tour,0.0,0.0,0.0,0.0,0.2,0.0,0.0,,nearby_city_phase2,outside_shanghai_municipality
B0FFF4MWWM,合丰公园,上海,公园,park,0.832,3.8,3,昆山市,121.003706,31.340776,121.008112,31.338806,,False,风景名胜;公园广场;公园,110101,陆家镇合丰村泾沙路一号,[],,陆家,[],tour,0.0,0.0,1.0,0.0,0.2,0.0,0.0,,nearby_city_phase2,outside_shanghai_municipality
B0MAVN61OW,昆山森林动物乐园,上海,景点,attraction,0.832,3.8,3,昆山市,120.911435,31.389443,120.915605,31.387293,,False,风景名胜;公园广场;公园,110101,马鞍山路818号昆山市城市生态森林公园内(南侧),[],,玉山,[],tour,0.0,0.0,0.3,0.0,0.7,0.0,0.0,,nearby_city_phase2,outside_shanghai_municipality
B0KRHOS0RM,大夹河活力中心公园,上海,公园,park,0.832,3.8,3,昆山市,120.932692,31.514036,120.936897,31.511931,,False,风景名胜;公园广场;公园,110101,塔基路1568号,[],,[],[],tour,0.0,0.0,1.0,0.0,0.7,0.0,0.0,,nearby_city_phase2,outside_shanghai_municipality
B0FFKUDI1Q,生田路郊野公园,上海,公园,park,0.832,3.8,3,昆山市,120.915462,31.366552,120.919633,31.364397,,False,风景名胜;公园广场;公园,110101,规二路与南环路交叉口西南320米,[],,[],[],tour,0.0,0.0,1.0,0.0,0.2,0.0,0.0,,nearby_city_phase2,outside_shanghai_municipality
B0FFHFAMT5,腾飞公园,上海,公园,park,0.832,3.8,3,昆山市,120.937168,31.43617,120.941375,31.434058,,False,风景名胜;公园广场;公园,110101,玉山镇五联路玉城路交口,[],,[],[],tour,0.0,0.0,1.0,0.0,0.2,0.0,0.0,,nearby_city_phase2,outside_shanghai_municipality
B02000JUMR,水秀园,上海,景点,attraction,0.832,3.8,3,昆山市,120.944022,31.423137,120.948242,31.421033,,False,风景名胜;公园广场;公园,110101,水秀路1405号,[],,玉山,[],tour,0.0,0.0,0.0,0.0,0.2,0.0,0.0,,nearby_city_phase2,outside_shanghai_municipality
B0FFGA181V,陆杨郊野公园,上海,公园,park,0.832,3.8,3,昆山市,120.93736,31.457946,120.941569,31.455839,,False,风景名胜;公园广场;公园,110101,玉山镇恒盛路,[],,[],[],tour,0.0,0.0,1.0,0.0,0.2,0.0,0.0,,nearby_city_phase2,outside_shanghai_municipality
B0FFHX262D,南星渎郊野公园,上海,公园,park,0.818,3.7,3,昆山市,120.892447,31.346233,120.896611,31.344069,,False,风景名胜;公园广场;公园,110101,南星渎郊外公园,[],,[],[],tour,0.0,0.0,1.0,0.0,0.2,0.0,0.0,,nearby_city_phase2,outside_shanghai_municipality
B0FFLLY0XH,后巷港湿地公园,上海,公园,park,0.818,3.7,3,昆山市,120.903312,31.341789,120.907474,31.339621,,False,风景名胜;公园广场;公园,110101,玉山镇美丰路茗景苑B区对面,[],,[],[],tour,0.0,0.0,1.0,0.0,0.2,0.0,0.0,,nearby_city_phase2,outside_shanghai_municipality
B0JGR73EXG,昆山先进计算产业园公园,上海,公园,park,0.818,3.7,3,昆山市,120.916891,31.325751,120.92106,31.323583,,False,风景名胜;公园广场;公园,110101,元丰路45号,[],,[],[],tour,0.0,0.0,1.0,0.0,0.7,0.0,0.0,,nearby_city_phase2,outside_shanghai_municipality
B020015W1U,西园,上海,景点,attraction,0.818,3.7,3,太仓市,121.084504,31.442724,121.089132,31.440954,,False,风景名胜;公园广场;公园,110101,郑和西路414号,[],,太仓,[],tour,0.0,0.0,0.0,0.0,0.2,0.0,0.0,,nearby_city_phase2,outside_shanghai_municipality
B0H1X97JSH,W乌江路公园,上海,公园,park,0.818,3.7,3,昆山市,121.052906,31.400714,121.057477,31.398892,,False,风景名胜;公园广场;公园,110101,乌江路夏驾园荣苑,[],,[],[],tour,0.0,0.0,1.0,0.0,0.7,0.0,0.0,,nearby_city_phase2,outside_shanghai_municipality
B02001AJ0M,陈家浜公园,上海,公园,park,0.818,3.7,3,昆山市,121.088113,31.357,121.092736,31.355208,,False,风景名胜;公园广场;公园,110101,蓬朗镇大通路,[],,[],[],tour,0.0,0.0,1.0,0.0,0.2,0.0,0.0,,nearby_city_phase2,outside_shanghai_municipality
B0FFK87C4U,郭泽塘滨水公园,上海,公园,park,0.818,3.7,3,昆山市,121.103393,31.362145,121.108021,31.360357,,False,风景名胜;公园广场;公园,110101,X104(昆嘉路),[],,[],[],tour,0.0,0.0,1.0,0.0,0.2,0.0,0.0,,nearby_city_phase2,outside_shanghai_municipality
B0FFKDNGN0,融汇公园,上海,公园,park,0.818,3.7,3,昆山市,120.957593,31.433896,120.961849,31.431823,,False,风景名胜;公园广场;公园,110101,融汇公园(融汇路北),[],,[],[],tour,0.0,0.0,1.0,0.0,0.2,0.0,0.0,,nearby_city_phase2,outside_shanghai_municipality
B020006JMY,憩园,上海,景点,attraction,0.818,3.7,3,昆山市,120.950482,31.398956,120.954716,31.396859,,False,风景名胜;公园广场;公园,110101,花园路838号,[],,北门路,[],tour,0.0,0.0,0.0,0.0,0.2,0.0,0.0,,nearby_city_phase2,outside_shanghai_municipality
B02000JTMS,峰园公园,上海,公园,park,0.818,3.7,3,昆山市,120.940952,31.436315,120.945167,31.434209,,False,风景名胜;公园广场;公园,110101,望山南路与包家桥路交叉口附近,[],,[],[],tour,0.0,0.0,1.0,0.0,0.2,0.0,0.0,,nearby_city_phase2,outside_shanghai_municipality
B0J3MUH1BU,昆山高新区工业遗址公园,上海,公园,park,0.818,3.7,3,昆山市,120.926176,31.408165,120.930362,31.406031,,False,风景名胜;公园广场;公园,110101,江浦路与萧林中路交叉口东北角,[],,玉山,[],tour,0.0,0.15,1.0,0.0,0.7,0.0,0.0,,nearby_city_phase2,outside_shanghai_municipality
B0J1VN8DWR,橄榄岛山体公园,上海,公园,park,0.818,3.7,3,太仓市,121.075229,31.568426,121.079857,31.566667,,False,风景名胜;公园广场;公园,110101,西市街61-63号沙溪古镇内(东侧),[],,[],[],tour,0.0,0.0,1.0,0.0,0.7,0.0,0.0,,nearby_city_phase2,outside_shanghai_municipality
B0FFI2KT8F,善园,上海,景点,attraction,0.818,3.7,3,嘉善县,120.925613,30.836887,120.929752,30.834467,,False,风景名胜;公园广场;公园,110101,罗星街道玉兰路68号,[],,晋阳东路,[],tour,0.0,0.0,0.0,0.0,0.2,0.0,0.0,,nearby_city_phase2,outside_shanghai_municipality
B023D03UV4,绿逸公园,上海,公园,park,0.818,3.7,3,嘉善县,120.922352,30.842734,120.926487,30.840314,,False,风景名胜;公园广场;公园,110101,车站南路48号,[],,健康路,[],tour,0.0,0.0,1.0,0.0,0.2,0.0,0.0,,nearby_city_phase2,outside_shanghai_municipality
B023D0SETM,子胥公园,上海,公园,park,0.818,3.7,3,嘉善县,120.90874,30.829549,120.912863,30.827113,,False,风景名胜;公园广场;公园,110101,人民大道,[],,体育南路,[],tour,0.0,0.0,1.0,0.0,0.2,0.0,0.0,,nearby_city_phase2,outside_shanghai_municipality
B0GU4LW7G1,石人潭公园,上海,公园,park,0.818,3.7,3,昆山市,120.945252,31.229702,120.949459,31.227531,,False,风景名胜;公园广场;公园,110101,淞沪西路与桃园路交叉口西南200米,[],,[],[],tour,0.0,0.0,1.0,0.0,0.2,0.0,0.0,,nearby_city_phase2,outside_shanghai_municipality
B0FFH0LIQ1,锦溪休闲绿地公园,上海,公园,park,0.818,3.7,3,昆山市,120.92536,31.157269,120.929524,31.155033,,False,风景名胜;公园广场;公园,110101,同周公路与锦商公路交汇处,[],,[],[],tour,0.0,0.0,1.0,0.0,0.2,0.0,0.0,,nearby_city_phase2,outside_shanghai_municipality
B0FFH25H65,北东湖公园绿地,上海,公园,park,0.818,3.7,3,平湖市,121.026819,30.703876,121.031254,30.701638,,False,风景名胜;公园广场;公园,110101,环城东路与环北二路交叉口南120米,[],,当湖,[],tour,0.0,0.0,1.0,0.0,0.7,0.0,0.0,,nearby_city_phase2,outside_shanghai_municipality
B02000IDGX,千灯古镇少卿苑,上海,景点,attraction,0.818,3.7,3,昆山市,121.005209,31.268358,121.009615,31.266364,,False,风景名胜;公园广场;公园,110101,尚书路1号千灯古镇(东北角),0512-57472152,,千灯,[],tour,0.0,0.15,0.3,0.0,0.2,0.0,0.0,,nearby_city_phase2,outside_shanghai_municipality
B0LBYS5K83,蝶恋桥语花海,上海,景点,attraction,0.818,3.7,3,崇川区,120.987188,31.814476,120.991574,31.812488,,False,风景名胜;公园广场;公园,110101,苏通乐园内(西侧),[],,[],[],tour,0.0,0.0,0.0,0.0,0.2,0.0,0.0,,nearby_city_phase2,outside_shanghai_municipality
B0IGVC2WG2,里泗泾口袋公园,上海,公园,park,0.818,3.7,3,昆山市,120.997381,31.46498,121.001775,31.463025,,False,风景名胜;公园广场;公园,110101,惠安路与菜市街交叉口东北120米,[],,周市,[],tour,0.0,0.0,1.0,0.0,0.2,0.0,0.0,,nearby_city_phase2,outside_shanghai_municipality
B0JRHLE594,兰泾生态公园,上海,公园,park,0.818,3.7,3,昆山市,120.968387,31.439285,120.972676,31.43724,,False,风景名胜;公园广场;公园,110101,永兰路与兰泾路交叉口东南200米,[],,[],[],tour,0.0,0.0,1.0,0.0,0.2,0.0,0.0,,nearby_city_phase2,outside_shanghai_municipality
B0FFKMLUWJ,新华公园,上海,公园,park,0.818,3.7,3,平湖市,121.020077,30.726939,121.024491,30.724693,,False,风景名胜;公园广场;公园,110101,新华北路与永兴路交叉口西北280米,[],,[],[],tour,0.0,0.0,1.0,0.0,0.2,0.0,0.0,,nearby_city_phase2,outside_shanghai_municipality
B0HDOZ7QPL,同心公园,上海,公园,park,0.818,3.7,3,平湖市,120.984829,30.726779,120.989115,30.724428,,False,风景名胜;公园广场;公园,110101,宏建路与兴平四路交叉路口西南侧(新群新村西北侧),[],,[],[],tour,0.0,0.0,1.0,0.0,0.2,0.0,0.0,,nearby_city_phase2,outside_shanghai_municipality
B0GK97QUSX,淀山湖镇法治文化公园,上海,公园,park,0.818,3.7,3,昆山市,121.023205,31.182964,121.027668,31.180984,,False,风景名胜;公园广场;公园,110101,淀兴路与香石路交叉口东80米,[],,[],[],tour,0.0,0.15,1.0,0.0,0.7,0.0,0.0,,nearby_city_phase2,outside_shanghai_municipality
B0HDJ5UXZY,通力电梯公园,上海,公园,park,0.818,3.7,3,昆山市,120.883123,31.327143,120.887291,31.324977,,False,风景名胜;公园广场;公园,110101,元丰路(通力电梯公司南侧),[],,[],[],tour,0.0,0.0,1.0,0.0,0.2,0.0,0.0,,nearby_city_phase2,outside_shanghai_municipality
B0HATMY03G,洛克公园,上海,公园,park,0.818,3.7,3,昆山市,120.862794,31.336016,120.866987,31.333876,,False,风景名胜;公园广场;公园,110101,晨丰路288号,[],,[],[],tour,0.0,0.0,1.0,0.0,0.2,0.0,0.0,,nearby_city_phase2,outside_shanghai_municipality
B0FFHCAZM2,普洛斯·阿迪达斯体育公园,上海,商业休闲,leisure,0.818,3.7,3,吴中区,120.808276,31.347621,120.812579,31.345582,,False,风景名胜;公园广场;公园,110101,亭平路与纵二路交叉口东南140米,[],,苏州工业园区高端制造与国际贸易区,[],tour,0.0,0.0,0.3,1.0,0.0,0.2,0.0,,nearby_city_phase2,outside_shanghai_municipality
B0FFF9E9C3,湖亭公园,上海,公园,park,0.818,3.7,3,昆山市,120.876536,31.451565,120.88072,31.449441,,False,风景名胜;公园广场;公园,110101,湖亭东路与临港路交叉口西北80米,[],,巴城,[],tour,0.0,0.0,1.0,0.0,0.7,0.0,0.0,,nearby_city_phase2,outside_shanghai_municipality
B0KRG7QYNY,五棵树公园,上海,公园,park,0.818,3.7,3,吴中区,120.844277,31.274795,120.848499,31.272662,,False,风景名胜;公园广场;公园,110101,迎宾西路与重村北路交叉口东南160米,[],,甪直,[],tour,0.0,0.0,1.0,0.0,0.2,0.0,0.0,,nearby_city_phase2,outside_shanghai_municipality
B0FFKNTSDK,竹行公园,上海,公园,park,0.804,3.6,3,崇川区,120.985137,31.906236,120.989523,31.904224,,False,风景名胜;公园广场;公园,110101,竹林路与振兴东路交叉口西北40米,[],,竹行街,[],tour,0.0,0.0,1.0,0.0,0.2,0.0,0.0,,nearby_city_phase2,outside_shanghai_municipality
B0FFLAHXPQ,天星横河竹行滨河公园,上海,公园,park,0.804,3.6,3,崇川区,120.987565,31.902099,120.99196,31.900095,,False,风景名胜;公园广场;公园,110101,金玉路与竹林路交叉口东200米,[],,竹行街,[],tour,0.0,0.0,1.0,0.0,0.7,0.0,0.0,,nearby_city_phase2,outside_shanghai_municipality
B0201068S0,颐园,上海,景点,attraction,0.804,3.6,3,启东市,121.663196,31.811629,121.667518,31.809579,,False,风景名胜;公园广场;公园,110101,民乐巷与民乐中路交汇,[],,[],[],tour,0.0,0.0,0.0,0.0,0.2,0.0,0.0,,nearby_city_phase2,outside_shanghai_municipality
B0FFM5A7OO,盐溪公园,上海,公园,park,0.804,3.6,3,平湖市,121.131362,30.748757,121.135917,30.746627,,False,风景名胜;公园广场;公园,110101,广前路与广建路交叉口北140米,[],,[],[],tour,0.0,0.0,1.0,0.0,0.2,0.0,0.0,,nearby_city_phase2,outside_shanghai_municipality
B0H10ZVLJG,白茆闸遗址公园,上海,公园,park,0.804,3.6,3,常熟市,121.039113,31.702524,121.043672,31.7007,,False,风景名胜;公园广场;公园,110101,西墙门路与通闸路交叉口南120米,[],,[],[],tour,0.0,0.15,1.0,0.0,0.2,0.0,0.0,,nearby_city_phase2,outside_shanghai_municipality
B0FFFSCI69,映翠园,上海,景点,attraction,0.804,3.6,3,海门区,121.1812,31.884706,121.185762,31.882822,,False,风景名胜;公园广场;公园,110101,海门市经济技术开发区黄海中路,[],,[],[],tour,0.0,0.0,0.0,0.0,0.2,0.0,0.0,,nearby_city_phase2,outside_shanghai_municipality
B0KBXZHOX7,缤纷运动乐园,上海,景点,attraction,0.804,3.6,3,昆山市,121.135507,31.291386,121.140103,31.289545,,False,风景名胜;公园广场;公园,110101,光明路北侧,[],,花桥,[],tour,0.0,0.0,0.0,0.0,0.2,0.0,0.0,,nearby_city_phase2,outside_shanghai_municipality
B0FFKZSS0I,城市公园,上海,公园,park,0.804,3.6,3,太仓市,121.21927,31.6065,121.223744,31.604589,,False,风景名胜;公园广场;公园,110101,龙江路与碧云路交叉口南240米,[],,[],[],tour,0.0,0.0,1.0,0.0,0.2,0.0,0.0,,nearby_city_phase2,outside_shanghai_municipality
B02001AKA0,忻康公园,上海,公园,park,0.804,3.6,3,昆山市,121.030444,31.179361,121.034931,31.177399,,False,风景名胜;公园广场;公园,110101,公园路与振淀路西南方向,[],,[],[],tour,0.0,0.0,1.0,0.0,0.2,0.0,0.0,,nearby_city_phase2,outside_shanghai_municipality
B02010U010,海韵公园,上海,公园,park,0.804,3.6,3,启东市,121.838076,31.907776,121.842348,31.905708,,False,风景名胜;公园广场;公园,110101,滨海工业园区南海路550号,[],,[],[],tour,0.0,0.0,1.0,0.0,0.2,0.0,0.0,,nearby_city_phase2,outside_shanghai_municipality
B0G2990VL7,江天动物园,上海,景点,attraction,0.804,3.6,3,启东市,121.614138,31.768657,121.618387,31.766544,,False,风景名胜;公园广场;动物园,110102,惠丰路口南200米江天生态园内,18912282881,,[],[],tour,0.0,0.0,0.3,0.0,0.7,0.0,0.6,,nearby_city_phase2,outside_shanghai_municipality
B0FFFFKTO2,市北农民公园,上海,公园,park,0.804,3.6,3,昆山市,120.993775,31.46821,120.998156,31.466244,,False,风景名胜;公园广场;公园,110101,和蔚路与菜市街交叉口北100米,[],,周市,[],tour,0.0,0.0,1.0,0.0,0.2,0.0,0.0,,nearby_city_phase2,outside_shanghai_municipality
B0KA97NU26,锦溪文昌路体育公园,上海,公园,park,0.804,3.6,3,昆山市,120.901316,31.177671,120.905465,31.175433,,False,风景名胜;公园广场;公园,110101,邵甸港路18号锦溪古镇内(北侧),[],,锦溪,[],tour,0.0,0.0,1.0,0.0,0.2,0.0,0.0,,nearby_city_phase2,outside_shanghai_municipality
B0FFG8QGLB,茜泾塘滨河公园,上海,公园,park,0.804,3.6,3,嘉善县,120.958801,30.905319,120.963017,30.902997,,False,风景名胜;公园广场;公园,110101,新景南路景江花苑东南侧约270米,[],,[],[],tour,0.0,0.0,1.0,0.0,0.7,0.0,0.0,,nearby_city_phase2,outside_shanghai_municipality
B0FFF4JJRL,沙葛公园,上海,公园,park,0.804,3.6,3,昆山市,120.994728,31.343007,120.999101,31.34101,,False,风景名胜;公园广场;公园,110101,沙葛新村东门,[],,[],[],tour,0.0,0.0,1.0,0.0,0.2,0.0,0.0,,nearby_city_phase2,outside_shanghai_municipality
B0FFH8D3IZ,景王公园绿道,上海,公园,park,0.804,3.6,3,昆山市,121.035837,31.369451,121.040357,31.367582,,False,风景名胜;公园广场;公园,110101,景王公园内(东侧),[],,[],[],tour,0.0,0.0,1.0,0.0,0.2,0.0,0.0,,nearby_city_phase2,outside_shanghai_municipality
B0HAFCTZV0,开心森林,上海,景点,attraction,0.79,3.5,3,启东市,121.531535,31.750413,121.535901,31.74839,,False,风景名胜;公园广场;公园,110101,桃源路与滨江路交叉口西南400米,[],,[],[],tour,0.0,0.0,0.3,0.0,0.2,0.0,0.0,,nearby_city_phase2,outside_shanghai_municipality
B0FFKMQEGK,荷花法治公园,上海,公园,park,0.79,3.5,3,海门区,121.189482,31.89591,121.194028,31.894009,,False,风景名胜;公园广场;公园,110101,嘉陵江路与解放中路交叉口西北160米,[],,[],[],tour,0.0,0.0,1.0,0.0,0.2,0.0,0.0,,nearby_city_phase2,outside_shanghai_municipality
B0IGBMJYIF,大南门公园,上海,公园,park,0.79,3.5,3,平湖市,121.0209,30.694038,121.025314,30.691778,,False,风景名胜;公园广场;公园,110101,城南东路与建国南路交叉口东北侧,[],,平湖,[],tour,0.0,0.0,1.0,0.0,0.2,0.0,0.0,,nearby_city_phase2,outside_shanghai_municipality
B0FFJ3XKWG,中心公园,上海,公园,park,0.79,3.5,3,常熟市,120.967856,31.505689,120.972149,31.503655,,False,风景名胜;公园广场;公园,110101,蒋巷乡村旅游景区内,[],,[],[],tour,0.0,0.0,1.0,0.0,0.2,0.0,0.0,,nearby_city_phase2,outside_shanghai_municipality
B0FFK7R2PJ,震川园,上海,景点,attraction,0.79,3.5,3,昆山市,120.964952,31.377623,120.969225,31.375553,,False,风景名胜;公园广场;公园,110101,震川西路与柏庐南路交叉口西南60米,[],,震川路,[],tour,0.0,0.0,0.0,0.0,0.2,0.0,0.0,,nearby_city_phase2,outside_shanghai_municipality
B0G3OZA7LV,昆山市泰山路口袋公园,上海,公园,park,0.79,3.5,3,昆山市,120.969659,31.351337,120.973945,31.349271,,False,风景名胜;公园广场;公园,110101,中花园路与泰山路十字路口,[],,玉山,[],tour,0.0,0.0,1.0,0.0,0.7,0.0,0.0,,nearby_city_phase2,outside_shanghai_municipality
B0FFJXQ5MR,健康主题公园,上海,公园,park,0.79,3.5,3,吴中区,120.876768,31.270018,120.880937,31.267836,,False,风景名胜;公园广场;公园,110101,育才路甪直古镇(东侧),[],,甪直,[],tour,0.0,0.0,1.0,0.0,0.2,0.0,0.0,,nearby_city_phase2,outside_shanghai_municipality
B0J0D7SYR5,甪直镇晓市南桥街心公园,上海,公园,park,0.79,3.5,3,吴中区,120.867727,31.264738,120.871907,31.262564,,False,风景名胜;公园广场;公园,110101,甪直镇晓南路与鸿达路交叉口,[],,甪直,[],tour,0.0,0.0,1.0,0.0,0.2,0.0,0.0,,nearby_city_phase2,outside_shanghai_municipality
B0IGA7RMQE,陶庄了凡公园,上海,公园,park,0.79,3.5,3,嘉善县,120.812247,30.96858,120.816511,30.966343,,False,风景名胜;公园广场;公园,110101,杨汾公路与富裕路交叉口东北80米,[],,[],[],tour,0.0,0.0,1.0,0.0,0.2,0.0,0.0,,nearby_city_phase2,outside_shanghai_municipality
B0FFKQBVQC,大舜公园,上海,公园,park,0.79,3.5,3,嘉善县,120.896168,30.978372,120.900301,30.976023,,False,风景名胜;公园广场;公园,110101,舜镇路与塘港路交叉口东180米,[],,[],[],tour,0.0,0.0,1.0,0.0,0.2,0.0,0.0,,nearby_city_phase2,outside_shanghai_municipality
B0IGA7UNU4,洪福桥公园,上海,公园,park,0.79,3.5,3,嘉善县,120.956125,30.913716,120.960334,30.911392,,False,风景名胜;公园广场;公园,110101,姚庄大道576号洪福公园,[],,[],[],tour,0.0,0.0,1.0,0.0,0.2,0.0,0.0,,nearby_city_phase2,outside_shanghai_municipality
B0KUBRX2PI,福臻公园,上海,公园,park,0.79,3.5,3,平湖市,121.027957,30.711994,121.032397,30.709763,,False,风景名胜;公园广场;公园,110101,福善公路与城北路交叉口西20米,[],,[],[],tour,0.0,0.0,1.0,0.0,0.2,0.0,0.0,,nearby_city_phase2,outside_shanghai_municipality
B0FFG25PBL,南通民俗文化博览园,上海,景点,attraction,0.79,3.5,3,崇川区,120.901392,31.944273,120.905604,31.94211,,False,风景名胜;公园广场;公园,110101,剑新路与工农南路交叉口西南200米,[],,狼山,[],tour,0.0,0.15,0.0,0.0,0.2,0.0,0.0,,nearby_city_phase2,outside_shanghai_municipality
B0FFKP7NIL,春堤公园,上海,公园,park,0.79,3.5,3,昆山市,120.955286,31.314506,120.959526,31.312391,,False,风景名胜;公园广场;公园,110101,长江南路与振新东路交叉口东北140米,[],,张浦,[],tour,0.0,0.0,1.0,0.0,0.2,0.0,0.0,,nearby_city_phase2,outside_shanghai_municipality
B0HG7ULB0L,彩华公园,上海,公园,park,0.79,3.5,3,昆山市,120.956614,31.286221,120.960855,31.284098,,False,风景名胜;公园广场;公园,110101,滨江路与新吴街交叉口西北120米,[],,张浦,[],tour,0.0,0.0,1.0,0.0,0.2,0.0,0.0,,nearby_city_phase2,outside_shanghai_municipality
B020006BGH,新吴园,上海,景点,attraction,0.79,3.5,3,昆山市,120.947642,31.28511,120.951859,31.282968,,False,风景名胜;公园广场;公园,110101,新吴街60号-68号,[],,张浦,[],tour,0.0,0.0,0.0,0.0,0.2,0.0,0.0,,nearby_city_phase2,outside_shanghai_municipality
B0J67AO3AI,张浦镇市民公园,上海,公园,park,0.79,3.5,3,昆山市,120.933968,31.282834,120.938156,31.280667,,False,风景名胜;公园广场;公园,110101,张浦镇新吴街1000号,[],,[],[],tour,0.0,0.0,1.0,0.0,0.2,0.0,0.0,,nearby_city_phase2,outside_shanghai_municipality
B0FFME86OV,成美公园,上海,公园,park,0.79,3.5,3,平湖市,121.190652,30.779785,121.1951,30.777569,,False,风景名胜;公园广场;公园,110101,廊平公路与杨盛路交叉口北340米,[],,[],[],tour,0.0,0.0,1.0,0.0,0.2,0.0,0.0,,nearby_city_phase2,outside_shanghai_municipality
B02001AKA9,小留园,上海,景点,attraction,0.79,3.5,3,太仓市,121.102738,31.457096,121.107375,31.455333,,False,风景名胜;公园广场;植物园,110103,城厢镇桃园路20号,[],,太仓,[],tour,0.0,0.0,0.0,0.0,0.2,0.0,0.0,,nearby_city_phase2,outside_shanghai_municipality
B0FFI8H4K8,嘉善体育公园,上海,公园,park,0.7837,3.9,2,嘉善县,120.934893,30.829747,120.939046,30.827335,,False,风景名胜;公园广场;公园,110101,施家南路体育馆,0573-84225288,,晋阳东路,[],tour,0.0,0.0,1.0,0.0,0.2,0.0,0.0,,nearby_city_phase2,outside_shanghai_municipality
B0KRKLFNKW,妈祖文化主题公园,上海,公园,park,0.7837,3.9,2,昆山市,121.029788,31.397625,121.034292,31.395748,,False,风景名胜;公园广场;公园,110101,昆山慧聚广场内(东侧),[],,[],[],tour,0.0,0.15,1.0,0.0,0.2,0.0,0.0,,nearby_city_phase2,outside_shanghai_municipality
B0L69STDEE,乐动力长桥港体育公园,上海,公园,park,0.78,4.5,1,崇川区,120.969418,31.943671,120.973753,31.941606,,False,风景名胜;公园广场;公园,110101,怡和路88号,[],,[],[],tour,0.0,0.0,1.0,0.0,0.2,0.0,0.0,,nearby_city_phase2,outside_shanghai_municipality
B0FFFF721U,盛华园绿地,上海,景点,attraction,0.776,3.4,3,昆山市,120.995549,31.375494,120.999928,31.37351,,False,风景名胜;公园广场;公园,110101,白叶路与青阳南路辅路交叉口西40米,[],,玉山,[],tour,0.0,0.0,0.3,0.0,0.2,0.0,0.0,,nearby_city_phase2,outside_shanghai_municipality
B0HUAD0LOL,亿诚河公园,上海,公园,park,0.776,3.4,3,昆山市,120.952291,31.281012,120.95652,31.278877,,False,风景名胜;公园广场;公园,110101,海虹路与花苑路交叉口东南80米,[],,[],[],tour,0.0,0.0,1.0,0.0,0.7,0.0,0.0,,nearby_city_phase2,outside_shanghai_municipality
B0I6BR0GBM,庄巷生态公园,上海,公园,park,0.776,3.4,3,昆山市,121.017683,31.265769,121.022134,31.263811,,False,风景名胜;公园广场;公园,110101,黄浦江路与少卿东路交叉口西南200米,[],,千灯,[],tour,0.0,0.0,1.0,0.0,0.2,0.0,0.0,,nearby_city_phase2,outside_shanghai_municipality
B0FFHZ55EQ,白士浦滨河公园,上海,公园,park,0.776,3.4,3,昆山市,120.996173,31.378762,121.000555,31.376781,,False,风景名胜;公园广场;公园,110101,震川东路与青阳南路交叉口东南40米,[],,玉山,[],tour,0.0,0.0,1.0,0.0,0.7,0.0,0.0,,nearby_city_phase2,outside_shanghai_municipality
B0IR2C1NN5,李园,上海,景点,attraction,0.776,3.4,3,常熟市,120.89222,31.729315,120.896415,31.727193,,False,风景名胜;公园广场;公园,110101,通江路207号,[],,[],[],tour,0.0,0.0,0.0,0.0,0.2,0.0,0.0,,nearby_city_phase2,outside_shanghai_municipality
B023D03R3S,徐家港公园,上海,公园,park,0.776,3.4,3,嘉善县,120.940269,30.835539,120.944433,30.833138,,False,风景名胜;公园广场;公园,110101,徐家港公园(环东北路东),[],,晋阳东路,[],tour,0.0,0.0,1.0,0.0,0.2,0.0,0.0,,nearby_city_phase2,outside_shanghai_municipality
B0FFF9N7YP,碧水滨江廉洁文化主题公园,上海,公园,park,0.776,3.4,3,常熟市,120.9354,31.747292,120.939629,31.745191,,False,风景名胜;公园广场;公园,110101,碧水滨江廉洁文化主题公园(碧溪镇政府东),[],,[],[],tour,0.0,0.15,1.0,0.0,0.7,0.0,0.0,,nearby_city_phase2,outside_shanghai_municipality
B02000IDLG,新港镇李袁村农民公园,上海,公园,park,0.776,3.4,3,常熟市,120.90127,31.730428,120.905464,31.728304,,False,风景名胜;公园广场;公园,110101,常熟市经济技术开发区金橡树大酒店通连路碧溪镇李袁村,[],,[],[],tour,0.0,0.0,1.0,0.0,0.2,0.0,0.0,,nearby_city_phase2,outside_shanghai_municipality
B0FFLD19PW,慧园,上海,景点,attraction,0.776,3.4,3,南湖区,120.823321,30.745854,120.827544,30.74347,,False,风景名胜;公园广场;公园,110101,智慧路与茶士浜路交叉口东北140米,[],,[],[],tour,0.0,0.0,0.0,0.0,0.2,0.0,0.0,,nearby_city_phase2,outside_shanghai_municipality
B0FFIKXYOC,杨家渡公园,上海,公园,park,0.776,3.4,3,嘉善县,120.842355,30.903414,120.84655,30.901083,,False,风景名胜;公园广场;公园,110101,天凝镇,[],,[],[],tour,0.0,0.0,1.0,0.0,0.2,0.0,0.0,,nearby_city_phase2,outside_shanghai_municipality
B0MG0AGYTH,西塘镇体育公园,上海,公园,park,0.776,3.4,3,嘉善县,120.890087,30.938045,120.894219,30.935674,,False,风景名胜;公园广场;公园,110101,吴根越角(西北角),[],,西塘,[],tour,0.0,0.0,1.0,0.0,0.2,0.0,0.0,,nearby_city_phase2,outside_shanghai_municipality
B02001AKX3,沙家浜风景区-湿地植物园,上海,公园,park,0.626,3.4,3,常熟市,120.803875,31.556758,120.808205,31.55477,,False,风景名胜;公园广场;植物园,110103,沙家浜镇沙家浜风景区内(北侧),0512-52500000,,[],[],tour,0.0,0.0,1.0,0.0,0.7,0.0,0.6,,nearby_city_phase2,outside_shanghai_municipality
B0FFHU0UOE,善文化主题公园,上海,公园,park,0.7697,3.8,2,嘉善县,120.919429,30.835812,120.92356,30.833385,,False,风景名胜;公园广场;公园,110101,健康南路与晋阳西路交叉口西北100米,[],,魏塘,[],tour,0.0,0.15,1.0,0.0,0.2,0.0,0.0,,nearby_city_phase2,outside_shanghai_municipality
B0IDM7X5D1,洪福公园,上海,公园,park,0.7697,3.8,2,嘉善县,120.948961,30.912522,120.953151,30.910182,,False,风景名胜;公园广场;公园,110101,姚庄大道576号,[],,[],[],tour,0.0,0.0,1.0,0.0,0.2,0.0,0.0,,nearby_city_phase2,outside_shanghai_municipality
B0FFH5WANB,泊云公园,上海,公园,park,0.7697,3.8,2,嘉善县,120.936204,30.818329,120.940359,30.815912,,False,风景名胜;公园广场;公园,110101,环东南路与世纪大道交叉口东南120米,[],,[],[],tour,0.0,0.0,1.0,0.0,0.2,0.0,0.0,,nearby_city_phase2,outside_shanghai_municipality
B0H2ZU9ZVB,东洲水族馆,上海,景点,attraction,0.7697,3.8,2,海门区,121.173398,31.891495,121.177976,31.889624,,False,购物服务;花鸟鱼虫市场;宠物市场|风景名胜;公园广场;水族馆,060502|110104,东洲路56号,13951306480;15152890525,,海门高新区,[],[],0.0,0.0,0.0,0.0,0.2,0.0,0.6,,nearby_city_phase2,outside_shanghai_municipality
B0FFKF83WU,白马堰文化公园,上海,公园,park,0.7697,3.8,2,平湖市,121.00155,30.702418,121.005895,30.700105,,False,风景名胜;公园广场;公园,110101,城西路310号附近,[],,平湖,[],tour,0.0,0.15,1.0,0.0,0.2,0.0,0.0,,nearby_city_phase2,outside_shanghai_municipality
B0I1FUR8EK,云野之上艺术公园,上海,公园,park,0.7697,3.8,2,嘉善县,120.968067,30.784193,120.972301,30.781825,,False,风景名胜;公园广场;公园,110101,缪洪线与云蝶路交叉口东160米,[],,[],[],tour,0.0,0.0,1.0,0.0,0.2,0.0,0.0,,nearby_city_phase2,outside_shanghai_municipality
B0FFL3W6AU,湖滨音乐公园,上海,公园,park,0.766,4.4,1,昆山市,121.014986,31.144465,121.019417,31.142441,,False,风景名胜;公园广场;公园,110101,双永路与环湖大道交叉口西420米,[],,[],[],tour,0.0,0.0,1.0,0.0,0.7,0.0,0.0,,nearby_city_phase2,outside_shanghai_municipality
B0FFHD430E,和兴公园,上海,公园,park,0.762,3.3,3,昆山市,121.033935,31.38333,121.038451,31.38146,,False,风景名胜;公园广场;公园,110101,前进东路256号,[],,[],[],tour,0.0,0.0,1.0,0.0,0.2,0.0,0.0,,nearby_city_phase2,outside_shanghai_municipality
B0GU7RIGO7,健康主题公园,上海,公园,park,0.762,3.3,3,嘉善县,120.951626,30.784049,120.955813,30.781641,,False,风景名胜;公园广场;公园,110101,云寺东路与青云路交叉路口东侧(锦楠苑西北侧),[],,[],[],tour,0.0,0.0,1.0,0.0,0.2,0.0,0.0,,nearby_city_phase2,outside_shanghai_municipality
B0KUBRQ386,浮桥镇慈善文化公园,上海,公园,park,0.762,3.3,3,太仓市,121.198672,31.597326,121.203175,31.595442,,False,风景名胜;公园广场;公园,110101,中兴街与慧泉路交叉口东160米,[],,[],[],tour,0.0,0.15,1.0,0.0,0.2,0.0,0.0,,nearby_city_phase2,outside_shanghai_municipality
B0L1A7K5TW,江嘉公园,上海,公园,park,0.762,3.3,3,崇川区,121.010941,31.829671,121.015416,31.827752,,False,风景名胜;公园广场;公园,110101,江景瑞园附近,[],,[],[],tour,0.0,0.0,1.0,0.0,0.7,0.0,0.0,,nearby_city_phase2,outside_shanghai_municipality
B0FFGIQEWX,湖东村健康主题公园,上海,公园,park,0.762,3.3,3,常熟市,120.807898,31.631549,120.812226,31.629557,,False,风景名胜;公园广场;公园,110101,湖库路与625村道交叉口北100米,[],,[],[],tour,0.0,0.0,1.0,0.0,0.7,0.0,0.0,,nearby_city_phase2,outside_shanghai_municipality
B0LRSY4QN4,汪桥村健康公园,上海,公园,park,0.762,3.3,3,常熟市,120.826484,31.689363,120.830778,31.687335,,False,风景名胜;公园广场;公园,110101,兴汪路与汪桥路交叉口东340米,[],,[],[],tour,0.0,0.0,1.0,0.0,0.2,0.0,0.0,,nearby_city_phase2,outside_shanghai_municipality
B0IA1SX862,Q+同心花园,上海,景点,attraction,0.762,3.3,3,昆山市,120.96346,31.391785,120.96773,31.389715,,False,风景名胜;公园广场;公园,110101,昆太路柏庐路交叉口北,[],,玉山,[],tour,0.0,0.0,0.3,0.0,0.2,0.0,0.0,,nearby_city_phase2,outside_shanghai_municipality
B023D0RWKW,东城河公园,上海,公园,park,0.762,3.3,3,嘉善县,120.920558,30.838467,120.924691,30.836043,,False,风景名胜;公园广场;公园,110101,中山西路24号,[],,罗星,[],tour,0.0,0.0,1.0,0.0,0.7,0.0,0.0,,nearby_city_phase2,outside_shanghai_municipality
B0FFKBIGRD,老鸡浜漾心小岛休闲公园,上海,公园,park,0.762,3.3,3,平湖市,121.000421,30.687985,121.004761,30.685661,,False,风景名胜;公园广场;公园,110101,平湖·东文王港绿道内(南侧),[],,当湖,[],tour,0.0,0.0,1.0,0.0,0.2,0.0,0.0,,nearby_city_phase2,outside_shanghai_municipality
B0FFMGGTJN,农道有机公园,上海,公园,park,0.762,3.3,3,启东市,121.529832,31.750025,121.534203,31.748007,,False,风景名胜;公园广场;公园,110101,启隆镇兴隆路,[],,[],[],tour,0.0,0.0,1.0,0.0,0.2,0.0,0.0,,nearby_city_phase2,outside_shanghai_municipality
B0FFKTDDU9,吴淞江健康主题公园,上海,公园,park,0.7557,3.7,2,吴中区,120.83487,31.289807,120.839112,31.287697,,False,风景名胜;公园广场;公园,110101,苏州工业园区胜浦街道振浦路8号正西方向200米,[],,苏州工业园区高端制造与国际贸易区,[],tour,0.0,0.0,1.0,0.0,0.7,0.0,0.0,,nearby_city_phase2,outside_shanghai_municipality
B0IALHW1R0,青溪园,上海,景点,attraction,0.7557,3.7,2,海门区,121.170018,31.867387,121.174601,31.865528,,False,风景名胜;公园广场;公园广场,110100,江海南路南侧,[],,[],[],tour,0.0,0.0,0.0,0.0,0.2,0.0,0.0,,nearby_city_phase2,outside_shanghai_municipality
B0FFG1EI5D,巴城苑公园,上海,公园,park,0.7557,3.7,2,昆山市,120.874953,31.449769,120.879139,31.447646,,False,风景名胜;公园广场;公园,110101,古城北路附近,0512-57656058,,巴城,[],tour,0.0,0.0,1.0,0.0,0.2,0.0,0.0,,nearby_city_phase2,outside_shanghai_municipality
B0FFLAA372,乌桥村健身公园,上海,公园,park,0.7557,3.7,2,南湖区,120.97511,30.715442,120.979362,30.713057,,False,风景名胜;公园广场;公园,110101,丰乌路,[],,[],[],tour,0.0,0.0,1.0,0.0,0.2,0.0,0.0,,nearby_city_phase2,outside_shanghai_municipality
B0FFJH3NZP,叶荷河景观公园,上海,公园,park,0.7557,3.7,2,昆山市,120.942038,31.386694,120.946251,31.384577,,False,风景名胜;公园广场;公园,110101,马鞍山东路与白马泾路交叉口西北120米,[],,玉山,[],tour,0.0,0.0,1.0,0.0,0.7,0.0,0.0,,nearby_city_phase2,outside_shanghai_municipality
B0FFKW9QQ0,湘南公园,上海,公园,park,0.7557,3.7,2,南湖区,120.837318,30.797122,120.841515,30.794739,,False,风景名胜;公园广场;公园,110101,星桥路与和顺路交叉口西南约220米,[],,[],[],tour,0.0,0.0,1.0,0.0,0.2,0.0,0.0,,nearby_city_phase2,outside_shanghai_municipality
B0L2RHM0A4,太仓汽车公园,上海,公园,park,0.752,4.3,1,太仓市,121.124649,31.428265,121.129271,31.426482,,False,风景名胜;公园广场;公园,110101,书院路与南星路交叉口北200米,[],,太仓,[],tour,0.0,0.0,1.0,0.0,0.2,0.0,0.0,,nearby_city_phase2,outside_shanghai_municipality
B0H2BULE3Y,泥泾村健康公园,上海,公园,park,0.748,3.2,3,太仓市,121.066973,31.473487,121.07158,31.471706,,False,风景名胜;公园广场;公园,110101,湖滨路与浏双公路交叉口东南60米,[],,[],[],tour,0.0,0.0,1.0,0.0,0.2,0.0,0.0,,nearby_city_phase2,outside_shanghai_municipality
B0FFJBS5GD,功叙园,上海,景点,attraction,0.748,3.2,3,嘉善县,120.839244,30.912072,120.843446,30.909752,,False,风景名胜;公园广场;公园,110101,天凝洪溪滨河绿道与文苑路交叉口西北40米,[],,[],[],tour,0.0,0.0,0.0,0.0,0.2,0.0,0.0,,nearby_city_phase2,outside_shanghai_municipality
B0KUBROT68,民营公园,上海,公园,park,0.748,3.2,3,昆山市,120.94313,31.412535,120.947347,31.410427,,False,风景名胜;公园广场;公园,110101,寰庆路与水秀路交叉口西北40米,[],,玉山,[],tour,0.0,0.0,1.0,0.0,0.2,0.0,0.0,,nearby_city_phase2,outside_shanghai_municipality
B0K63HQIXF,镇东村五姑娘主题公园,上海,公园,park,0.748,3.2,3,嘉善县,120.859061,30.918066,120.863226,30.915716,,False,风景名胜;公园广场;公园,110101,洪下线88号,[],,[],[],tour,0.0,0.0,1.0,0.0,0.2,0.0,0.0,,nearby_city_phase2,outside_shanghai_municipality
B02000JU25,金池园,上海,景点,attraction,0.748,3.2,3,昆山市,120.939084,31.425939,120.943294,31.423827,,False,风景名胜;公园广场;公园,110101,玉城南路299号,[],,玉山,[],tour,0.0,0.0,0.0,0.0,0.2,0.0,0.0,,nearby_city_phase2,outside_shanghai_municipality
B0I67HOKBD,像素花园,上海,景点,attraction,0.748,3.2,3,昆山市,120.96165,31.371452,120.965913,31.369372,,False,风景名胜;公园广场;公园,110101,跃进路与育才路交叉口北220米,[],,玉山,[],tour,0.0,0.0,0.3,0.0,0.2,0.0,0.0,,nearby_city_phase2,outside_shanghai_municipality
B0MBYS50VS,罗家浜公园,上海,公园,park,0.748,3.2,3,嘉善县,120.800675,30.96491,120.804961,30.962691,,False,风景名胜;公园广场;公园,110101,陶庄镇罗家浜54号,[],,[],[],tour,0.0,0.0,1.0,0.0,0.2,0.0,0.0,,nearby_city_phase2,outside_shanghai_municipality
B0FFL9I3OL,蚬江公园,上海,公园,park,0.748,3.2,3,昆山市,120.83755,31.132654,120.841774,31.130464,,False,风景名胜;公园广场;公园,110101,龙蚬路与邵浜路交叉口西240米,[],,[],[],tour,0.0,0.0,1.0,0.0,0.7,0.0,0.0,,nearby_city_phase2,outside_shanghai_municipality
B0FFL6OCV8,莲塘公园,上海,公园,park,0.7417,3.6,2,平湖市,121.184848,30.734566,121.189304,30.732337,,False,风景名胜;公园广场;公园,110101,金家路与眉家路交叉口南80米,[],,[],[],tour,0.0,0.0,1.0,0.0,0.2,0.0,0.0,,nearby_city_phase2,outside_shanghai_municipality
B0FFI2N615,虹桥村婚育文化园,上海,景点,attraction,0.7417,3.6,2,嘉善县,120.982827,30.886671,120.98712,30.884402,,False,风景名胜;公园广场;公园|风景名胜;公园广场;城市广场,110101|110105,虹桥村,[],,[],[],tour,0.0,0.15,0.0,0.0,0.2,0.0,0.0,,nearby_city_phase2,outside_shanghai_municipality
B0HRFU2F5B,朱浜公园,上海,公园,park,0.7417,3.6,2,昆山市,120.881048,31.147559,120.885203,31.145314,,False,风景名胜;公园广场;公园,110101,业峰路与吉祥路交叉口东280米,[],,[],[],tour,0.0,0.0,1.0,0.0,0.2,0.0,0.0,,nearby_city_phase2,outside_shanghai_municipality
B0M615HZQW,凯鱼水族馆,上海,景点,attraction,0.7417,3.6,2,南湖区,120.804157,30.737776,120.808418,30.735422,,False,风景名胜;公园广场;水族馆,110104,红星美凯龙1层北门电梯旁,13738288531;17342819491,,[],[],tour,0.0,0.0,0.0,0.0,0.2,0.0,0.6,,nearby_city_phase2,outside_shanghai_municipality
B0IUKSKW1A,梅李健康主题公园,上海,公园,park,0.738,4.2,1,常熟市,120.881566,31.71997,120.885767,31.717855,,False,风景名胜;公园广场;公园,110101,梅李镇胡琴路,18625029122,,[],[],tour,0.0,0.0,1.0,0.0,0.2,0.0,0.0,,nearby_city_phase2,outside_shanghai_municipality
B0G2DMMLS3,海门体育公园,上海,公园,park,0.738,4.2,1,海门区,121.144495,31.840325,121.149125,31.838516,,False,风景名胜;公园广场;公园,110101,黄浦江路与上海路交叉口东南420米,15862858018,,[],[],tour,0.0,0.0,1.0,0.0,0.2,0.0,0.0,,nearby_city_phase2,outside_shanghai_municipality
B0FFKPMVDL,花桥门球场公园,上海,公园,park,0.738,4.2,1,昆山市,121.091654,31.305981,121.096275,31.304172,,False,风景名胜;公园广场;公园,110101,鸡鸣塘路与花望路交叉口西80米,[],,[],[],tour,0.0,0.0,1.0,0.0,0.2,0.0,0.0,,nearby_city_phase2,outside_shanghai_municipality
B0FFKLEXT1,先锋公园,上海,公园,park,0.734,3.1,3,嘉善县,120.838018,30.909307,120.842223,30.906987,,False,风景名胜;公园广场;公园,110101,洪溪路与人民路交叉口东北100米,[],,[],[],tour,0.0,0.0,1.0,0.0,0.2,0.0,0.0,,nearby_city_phase2,outside_shanghai_municipality
B0IRB50ORO,头兴港党建公园,上海,公园,park,0.734,3.1,3,启东市,121.637363,31.803572,121.64164,31.80148,,False,风景名胜;公园广场;公园,110101,牡丹江路与港西路交叉口东北角,[],,[],[],tour,0.0,0.0,1.0,0.0,0.2,0.0,0.0,,nearby_city_phase2,outside_shanghai_municipality
B0FFMEYBXI,健康主题公园,上海,公园,park,0.734,3.1,3,常熟市,120.897723,31.679861,120.901913,31.677741,,False,风景名胜;公园广场;公园,110101,珍碧路与东街交叉口东北300米,[],,[],[],tour,0.0,0.0,1.0,0.0,0.2,0.0,0.0,,nearby_city_phase2,outside_shanghai_municipality
B02000K37B,秀韵公园,上海,公园,park,0.734,3.1,3,昆山市,120.973617,31.388728,120.977919,31.386684,,False,风景名胜;公园广场;公园,110101,玉龙路179号,[],,玉山,[],tour,0.0,0.0,1.0,0.0,0.2,0.0,0.0,,nearby_city_phase2,outside_shanghai_municipality
B0IR2D29HC,廉理园,上海,景点,attraction,0.72,3.0,3,常熟市,120.896337,31.734692,120.900532,31.732568,,False,风景名胜;公园广场;公园,110101,浦江路,[],,[],[],tour,0.0,0.0,0.0,0.0,0.2,0.0,0.0,,nearby_city_phase2,outside_shanghai_municipality
B0MAYZ1IH4,牛头汇公园,上海,公园,park,0.72,3.0,3,嘉善县,120.899175,30.930226,120.903304,30.927848,,False,风景名胜;公园广场;公园,110101,宏盛路58号,[],,[],[],tour,0.0,0.0,1.0,0.0,0.2,0.0,0.0,,nearby_city_phase2,outside_shanghai_municipality
B0I64ZS97E,反诈公园,上海,公园,park,0.72,3.0,3,平湖市,121.04542,30.774533,121.049918,30.772377,,False,风景名胜;公园广场;公园,110101,秀野线南侧,[],,[],[],tour,0.0,0.0,1.0,0.0,0.2,0.0,0.0,,nearby_city_phase2,outside_shanghai_municipality
B0HK2SU4AM,陈家段善行小游园,上海,景点,attraction,0.7137,3.4,2,常熟市,120.828294,31.67646,120.832583,31.674429,,False,风景名胜;公园广场;公园,110101,204国道与陈塘东路交叉口东南460米,[],,[],[],tour,0.0,0.0,0.0,0.0,0.2,0.0,0.0,,nearby_city_phase2,outside_shanghai_municipality
B0FFKF139Y,海盐塘绿道公园,上海,公园,park,0.7137,3.4,2,平湖市,121.030959,30.684286,121.035406,30.682049,,False,风景名胜;公园广场;公园,110101,文涛路与东方路交叉口北280米,[],,平湖,[],tour,0.0,0.0,1.0,0.0,0.2,0.0,0.0,,nearby_city_phase2,outside_shanghai_municipality
B0FFLLA223,沿河公园,上海,公园,park,0.7137,3.4,2,昆山市,120.960713,31.462731,120.964981,31.460672,,False,风景名胜;公园广场;公园,110101,新阳东路与305乡道交叉口东160米,[],,周市,[],tour,0.0,0.0,1.0,0.0,0.7,0.0,0.0,,nearby_city_phase2,outside_shanghai_municipality
B0FFHPDZ9O,星圣娜玫瑰园,上海,景点,attraction,0.71,4.0,1,常熟市,120.826862,31.678822,120.831154,31.676794,,False,风景名胜;公园广场;植物园,110103,204国道与陈塘东路交叉口东200米,13612438313,,[],[],tour,0.0,0.0,0.0,0.0,0.2,0.0,0.0,,nearby_city_phase2,outside_shanghai_municipality
B0KKFCKEVY,海棠公园,上海,公园,park,0.6997,3.3,2,常熟市,121.000595,31.612181,121.005013,31.610251,,False,风景名胜;公园广场;公园,110101,505乡道与501村道交叉口东北440米,[],,[],[],tour,0.0,0.0,1.0,0.0,0.2,0.0,0.0,,nearby_city_phase2,outside_shanghai_municipality
B02001AKHY,巴城湖公园,上海,公园,park,0.696,3.9,1,昆山市,120.862788,31.460662,120.866991,31.458557,,False,风景名胜;公园广场;公园,110101,巴城临湖路巴解园北园,[],,[],[],tour,0.0,0.0,1.0,0.0,0.7,0.0,0.0,,nearby_city_phase2,outside_shanghai_municipality
B0FFKE5XRN,施家泾村绿化,上海,景点,attraction,0.696,3.9,1,昆山市,120.962986,31.271935,120.967245,31.269822,,False,风景名胜;公园广场;城市广场,110105,顺丰路与粟丰路交叉口西北200米,[],,[],[],tour,0.0,0.0,0.0,0.0,0.2,0.0,0.0,,nearby_city_phase2,outside_shanghai_municipality
B0FFKEIGHO,甫南村农民公园,上海,公园,park,0.696,3.9,1,吴中区,120.877046,31.257704,120.881214,31.255516,,False,风景名胜;公园广场;公园,110101,苏州市园区光辉村,[],,甪直,[],tour,0.0,0.0,1.0,0.0,0.2,0.0,0.0,,nearby_city_phase2,outside_shanghai_municipality
B0FFGKTTLS,张陵公园,上海,公园,park,0.696,3.9,1,吴中区,120.866906,31.249736,120.871086,31.247556,,False,风景名胜;公园广场;公园,110101,张陵禅寺,[],,甪直,[],tour,0.0,0.15,1.0,0.0,0.2,0.0,0.0,,nearby_city_phase2,outside_shanghai_municipality
B0FFK2SEDD,文体公园,上海,公园,park,0.696,3.9,1,常熟市,120.972503,31.609157,120.97682,31.607144,,False,风景名胜;公园广场;公园,110101,毓英路与东胜路交叉口西南160米,[],,[],[],tour,0.0,0.0,1.0,0.0,0.2,0.0,0.0,,nearby_city_phase2,outside_shanghai_municipality
B0FFLEEQQF,城东湿地,上海,公园,park,0.696,3.9,1,南湖区,120.822902,30.754389,120.827126,30.75201,,False,风景名胜;公园广场;公园,110101,S202(锦带河路),[],,[],[],tour,0.0,0.0,1.0,0.0,0.2,0.0,0.0,,nearby_city_phase2,outside_shanghai_municipality
B0KRKLDIZ0,药用植物园,上海,公园,park,0.692,2.8,3,崇川区,120.903193,31.957184,120.907406,31.955018,,False,风景名胜;公园广场;植物园,110103,工农南路19号南通植物园(东北角),[],,狼山,[],tour,0.0,0.0,1.0,0.0,0.2,0.0,0.6,,nearby_city_phase2,outside_shanghai_municipality
B0IKOMV7TQ,林溪园小游园,上海,景点,attraction,0.692,2.8,3,昆山市,120.908009,31.18046,120.91216,31.178224,,False,风景名胜;公园广场;公园,110101,邵甸港路及锦东路交叉口,[],,锦溪,[],tour,0.0,0.0,0.0,0.0,0.2,0.0,0.0,,nearby_city_phase2,outside_shanghai_municipality
B0J3HSNGGW,博爱公园,上海,公园,park,0.6857,3.2,2,平湖市,120.979505,30.684917,120.983769,30.68253,,False,风景名胜;公园广场;公园,110101,九龙路111号,[],,[],[],tour,0.0,0.0,1.0,0.0,0.2,0.0,0.0,,nearby_city_phase2,outside_shanghai_municipality
B0FFLBZDWP,景枫公园-法治公园,上海,公园,park,0.5357,3.2,2,昆山市,120.997081,31.35439,121.001464,31.352404,,False,风景名胜;公园广场;公园,110101,昆山经济技术开发区庆丰东路333号东南方向150米景枫公园内(北侧),[],,玉山,[],tour,0.0,0.0,1.0,0.0,0.2,0.0,0.0,,nearby_city_phase2,outside_shanghai_municipality
B0KUB7NC6P,江南春堤西生态湿地公园,上海,公园,park,0.682,3.8,1,昆山市,120.955417,31.312183,120.959657,31.310068,,False,风景名胜;公园广场;公园,110101,永记路与振新东路交叉口南100米,[],,张浦,[],tour,0.0,0.0,1.0,0.0,0.7,0.0,0.0,,nearby_city_phase2,outside_shanghai_municipality
B0L627SYQZ,龙湫公园,上海,公园,park,0.682,3.8,1,平湖市,121.025846,30.687422,121.030277,30.685173,,False,风景名胜;公园广场;公园,110101,龙湫湾北60米(东湖大道北),[],,南市路,[],tour,0.0,0.0,1.0,0.0,0.2,0.0,0.0,,nearby_city_phase2,outside_shanghai_municipality
B0FFL997J9,川姜镇法制体育公园,上海,公园,park,0.682,3.8,1,通州区,121.073182,31.927136,121.077839,31.925336,,False,风景名胜;公园广场;公园,110101,农村体育公园(336省道旧),[],,[],[],tour,0.0,0.0,1.0,0.0,0.2,0.0,0.0,,nearby_city_phase2,outside_shanghai_municipality
B02001AKAA,古里健康文化主题公园,上海,公园,park,0.682,3.8,1,常熟市,120.833156,31.636313,120.837431,31.634275,,False,风景名胜;公园广场;公园,110101,古里镇银河路,[],,[],[],tour,0.0,0.15,1.0,0.0,0.2,0.0,0.0,,nearby_city_phase2,outside_shanghai_municipality
B0L0HPPQUT,江苏梅李聚沙园景区-游客中心,上海,景点,attraction,0.682,,1,常熟市,120.876164,31.70557,120.880369,31.703461,,False,风景名胜;公园广场;公园内部设施,110106,梅李镇梅东路1号聚沙园,[],,[],[],tour,0.0,0.0,0.3,0.0,0.7,0.0,0.0,,nearby_city_phase2,outside_shanghai_municipality
B0LAVM2DBK,震阳文体公园,上海,公园,park,0.682,3.8,1,昆山市,120.884373,31.275264,120.888535,31.273077,,False,风景名胜;公园广场;公园,110101,望江路与震阳路交叉口西北角,[],,甪直,[],tour,0.0,0.0,1.0,0.0,0.2,0.0,0.0,,nearby_city_phase2,outside_shanghai_municipality
B023D0RSKF,芦川公园,上海,公园,park,0.682,3.8,1,平湖市,121.188382,30.721074,121.19283,30.718832,,False,风景名胜;公园广场;公园,110101,朝阳路与仓东路交叉口北40米,[],,[],[],tour,0.0,0.0,1.0,0.0,0.2,0.0,0.0,,nearby_city_phase2,outside_shanghai_municipality
B0MDKCDRE7,见义勇为主题公园,上海,公园,park,0.678,2.7,3,昆山市,120.96374,31.353794,120.968008,31.351713,,False,风景名胜;公园广场;公园,110101,长江中路1017号,[],,玉山,[],tour,0.0,0.0,1.0,0.0,0.2,0.0,0.0,,nearby_city_phase2,outside_shanghai_municipality
B0FFKU4O3F,牡丹园,上海,景点,attraction,0.6717,3.1,2,崇川区,120.906363,31.969009,120.910578,31.966841,,False,风景名胜;公园广场;城市广场,110105,啬园路南通大学,[],,[],[],tour,0.0,0.0,0.0,0.0,0.2,0.0,0.0,,nearby_city_phase2,outside_shanghai_municipality
B0J1GCCVSU,蟠龙村休闲公园,上海,公园,park,0.6717,3.1,2,昆山市,120.836539,31.171591,120.840768,31.169423,,False,风景名胜;公园广场;公园,110101,龙兴路与龙亭路交叉口东南40米,[],,[],[],tour,0.0,0.0,1.0,0.0,0.2,0.0,0.0,,nearby_city_phase2,outside_shanghai_municipality
B0I6BUQEH5,甪直镇甫南村反邪教文化主题公园,上海,公园,park,0.6717,3.1,2,吴中区,120.875248,31.258454,120.879418,31.256268,,False,风景名胜;公园广场;公园,110101,育才路与南沙路交叉口南200米,[],,甪直,[],tour,0.0,0.15,1.0,0.0,0.2,0.0,0.0,,nearby_city_phase2,outside_shanghai_municipality
B0G39LQ78E,滨江健康主题公园,上海,公园,park,0.6717,3.1,2,常熟市,120.926417,31.741431,120.930631,31.739319,,False,风景名胜;公园广场;公园,110101,江南大道97号,[],,[],[],tour,0.0,0.0,1.0,0.0,0.7,0.0,0.0,,nearby_city_phase2,outside_shanghai_municipality
B0FFLAKS1Z,平湖市党建主题公园,上海,公园,park,0.6717,3.1,2,平湖市,121.024231,30.696566,121.028657,30.694317,,False,风景名胜;公园广场;公园,110101,环城东路与环城南路交叉口北80米,[],,当湖,[],tour,0.0,0.0,1.0,0.0,0.7,0.0,0.0,,nearby_city_phase2,outside_shanghai_municipality
B0FFL6D0A1,周庄海底世界馆,上海,景点,attraction,0.668,3.7,1,昆山市,120.847061,31.122331,120.851265,31.120118,,False,风景名胜;公园广场;水族馆,110104,周庄镇大桥路82号周庄生命奥秘博物馆,[],,[],[],tour,0.0,0.0,0.0,0.0,0.2,0.0,0.0,,nearby_city_phase2,outside_shanghai_municipality
B0LD2DOO16,草本植物园,上海,公园,park,0.668,3.7,1,吴江区,120.819767,31.160532,120.824031,31.15839,,False,风景名胜;公园广场;植物园,110103,同里国家湿地公园内(东侧),[],,[],[],tour,0.0,0.0,1.0,0.0,0.2,0.0,0.6,,nearby_city_phase2,outside_shanghai_municipality
B0HA7BZDDD,廉水公园,上海,公园,park,0.668,3.7,1,太仓市,121.069111,31.519509,121.073726,31.517738,,False,风景名胜;公园广场;公园,110101,万丰村Y201(毛柴路),[],,[],[],tour,0.0,0.0,1.0,0.0,0.2,0.0,0.0,,nearby_city_phase2,outside_shanghai_municipality
B0MG7XIN0S,昆山市锦溪白莲湖郊野体育休闲公园,上海,公园,park,0.668,3.7,1,昆山市,120.925775,31.215625,120.929945,31.213418,,False,风景名胜;公园广场;公园,110101,大敖路与昆锦路交叉口东南140米,[],,[],[],tour,0.0,0.0,1.0,0.0,0.7,0.0,0.0,,nearby_city_phase2,outside_shanghai_municipality
B0FFFDT3YW,花桥国际博览中心,上海,商业休闲,leisure,0.5,4.7,3,昆山市,121.066532,31.299761,121.071123,31.297928,,False,科教文化服务;会展中心;会展中心,140300,花桥镇花桥经济开发区绿地大道1598号,0512-57608827,,花桥,[],[],0.0,0.0,0.0,1.0,0.0,0.6,0.0,,nearby_city_phase2,outside_shanghai_municipality
B0FFHBEHFO,恒大海上威尼斯娱乐中心,上海,文化场所,culture,0.902,4.3,3,启东市,121.939023,31.718414,121.943192,31.716337,,False,体育休闲服务;娱乐场所;娱乐场所|科教文化服务;会展中心;会展中心,080300|140300,恒大海上威尼斯,0513-68038888,53.0,[],[],[],0.0,0.2,0.0,0.0,0.0,0.0,0.0,,nearby_city_phase2,outside_shanghai_municipality
B02000JWYI,昆山国际会展中心,上海,商业休闲,leisure,0.5,,3,昆山市,121.033519,31.385866,121.038034,31.383996,,False,科教文化服务;会展中心;会展中心,140300,前进东路388号,0512-50351188,,[],[],[],0.0,0.0,0.3,1.0,0.5,0.2,0.0,,nearby_city_phase2,outside_shanghai_municipality
B020107TAZ,南通体育会展中心,上海,商业休闲,leisure,0.5,,3,崇川区,120.89617,31.96679,120.900384,31.964623,,False,科教文化服务;会展中心;会展中心,140300,桃园路7号,[],,[],[],[],0.0,0.0,0.0,1.0,0.0,0.6,0.0,,nearby_city_phase2,outside_shanghai_municipality
B0J1GCALKD,周庄镇复兴村会议室,上海,商业休闲,leisure,0.5,,2,昆山市,120.832634,31.184014,120.836873,31.18186,,False,科教文化服务;会展中心;会展中心,140300,汶浜里路与兴盛路交叉口东北120米,[],,[],[],[],0.0,0.0,0.0,1.0,0.0,0.6,0.0,,nearby_city_phase2,outside_shanghai_municipality
B0J1GU9Y3S,周庄镇东浜村多功能会议室,上海,商业休闲,leisure,0.5,,2,昆山市,120.855034,31.115188,120.859222,31.112958,,False,商务住宅;住宅区;社区中心|科教文化服务;会展中心;会展中心,120304|140300,东诧路与沈富路交叉口西南200米,[],,[],[],[],0.0,0.0,0.0,1.0,0.0,0.6,0.0,,nearby_city_phase2,outside_shanghai_municipality
B0JRFSSC34,千灯镇西宿村会议室,上海,商业休闲,leisure,0.5,,1,昆山市,120.982907,31.271166,120.987232,31.269107,,False,科教文化服务;会展中心;会展中心,140300,粟丰路与508乡道交叉口东460米,[],,[],[],[],0.0,0.0,0.0,1.0,0.0,0.6,0.0,,nearby_city_phase2,outside_shanghai_municipality
B0J1GCD3CY,党群议事厅,上海,文化场所,culture,0.682,,1,昆山市,120.984833,31.432442,120.989178,31.430442,,False,科教文化服务;会展中心;会展中心,140300,白塔路与城北路辅路交叉口西南80米,[],,周市,[],[],0.0,0.2,0.0,0.0,0.0,0.0,0.0,,nearby_city_phase2,outside_shanghai_municipality
B0J15RWKPO,千灯镇石浦村会议室,上海,商业休闲,leisure,0.5,,1,昆山市,121.051836,31.254529,121.056392,31.252653,,False,科教文化服务;会展中心;会展中心,140300,宏川路与松川路交叉口西南20米,[],,千灯,[],[],0.0,0.0,0.0,1.0,0.0,0.6,0.0,,nearby_city_phase2,outside_shanghai_municipality
B0J15L0XHS,千灯镇中节村会议室,上海,商业休闲,leisure,0.5,,1,昆山市,121.035724,31.265132,121.040235,31.263223,,False,科教文化服务;会展中心;会展中心,140300,立益路与中节路交叉口东南20米,[],,千灯,[],[],0.0,0.0,0.0,1.0,0.0,0.6,0.0,,nearby_city_phase2,outside_shanghai_municipality
B0J1ORD4K8,千灯镇前进村小会议室,上海,商业休闲,leisure,0.5,,1,昆山市,120.988386,31.260562,120.992729,31.258514,,False,科教文化服务;会展中心;会展中心,140300,508乡道与长丰路交叉口南300米,[],,[],[],[],0.0,0.0,0.0,1.0,0.0,0.6,0.0,,nearby_city_phase2,outside_shanghai_municipality
B0J17SI8HV,千灯镇大唐村小会议室,上海,商业休闲,leisure,0.5,,1,昆山市,121.001372,31.247871,121.005762,31.245857,,False,科教文化服务;会展中心;会展中心,140300,秦峰南路与南浦东路交叉口西南60米,[],,千灯,[],[],0.0,0.0,0.0,1.0,0.0,0.6,0.0,,nearby_city_phase2,outside_shanghai_municipality
B0FFG7E9XJ,石宫馆,上海,文化场所,culture,0.682,,1,崇川区,120.915263,31.943507,120.919481,31.941348,,False,科教文化服务;会展中心;会展中心,140300,开发区星湖大道1888号优山美地风情商业街,[],,[],[],[],0.0,0.35,0.0,0.0,0.0,0.0,0.0,,nearby_city_phase2,outside_shanghai_municipality
B0J1GCEDLD,周庄镇云南村会议室,上海,商业休闲,leisure,0.5,,1,昆山市,120.855435,31.158855,120.859626,31.156648,,False,科教文化服务;会展中心;会展中心,140300,云秀路与云龙路交叉口东北40米,[],,[],[],[],0.0,0.0,0.0,1.0,0.0,0.6,0.0,,nearby_city_phase2,outside_shanghai_municipality
B0J1GC9YMT,周庄镇高勇村会议室,上海,商业休闲,leisure,0.5,,1,昆山市,120.867717,31.136421,120.871886,31.134184,,False,科教文化服务;会展中心;会展中心,140300,周园路与锦周路交叉口东460米,[],,[],[],[],0.0,0.0,0.0,1.0,0.0,0.6,0.0,,nearby_city_phase2,outside_shanghai_municipality
B0FFIUAFPZ,同里国家湿地公园,上海,公园,park,0.958,4.7,3,吴江区,120.806956,31.157053,120.811246,31.154932,,False,风景名胜;风景名胜;风景名胜,110200,同里镇肖甸湖森林公园(屯村以东),0512-63191210,,[],[],tour,0.0,0.0,1.0,0.0,0.2,0.0,0.0,,nearby_city_phase2,outside_shanghai_municipality
B02000141D,甪直古镇,上海,历史街区,heritage,0.958,4.7,3,吴中区,120.873077,31.269523,120.87725,31.267344,,False,风景名胜;风景名胜;国家级景点,110202,光辉路28号,0512-66191668;0512-65010067,,甪直,[],tour,0.0,1.0,0.0,0.0,0.2,0.0,0.4,,nearby_city_phase2,outside_shanghai_municipality
B02000IQJS,周庄古镇,上海,历史街区,heritage,0.958,4.7,3,昆山市,120.85091,31.114744,120.855106,31.112521,,False,风景名胜;风景名胜;国家级景点,110202,周庄镇全福路42号,4008282900,,[],[],tour,0.0,1.0,0.0,0.0,0.2,0.0,0.4,,nearby_city_phase2,outside_shanghai_municipality
B023D02T2B,西塘古镇,上海,历史街区,heritage,0.958,4.7,3,嘉善县,120.893704,30.942938,120.897835,30.940568,,False,风景名胜;风景名胜;国家级景点,110202,西塘镇南苑路258号,0573-84567890;0573-84568003;0573-84561501,,西塘,[],tour,0.0,1.0,0.0,0.0,0.2,0.0,0.4,,nearby_city_phase2,outside_shanghai_municipality
B020106KL7,剑山景区,上海,历史街区,heritage,0.958,4.7,3,崇川区,120.894416,31.946918,120.898629,31.944756,,False,风景名胜;风景名胜;风景名胜,110200,剑山路1号(狼山镇南河沿11号),0513-85700311,,[],[],tour,0.0,0.9,0.3,0.0,0.7,0.0,0.4,,nearby_city_phase2,outside_shanghai_municipality
B020007F9R,亭林园,上海,历史街区,heritage,0.958,4.7,3,昆山市,120.948969,31.390766,120.953198,31.388663,,False,风景名胜;风景名胜;国家级景点,110202,马鞍山东路1号,0512-57510923;0512-57510070,,玉山,[],tour,0.0,0.9,0.0,0.0,0.2,0.0,0.4,,nearby_city_phase2,outside_shanghai_municipality
B023D02TJF,东湖景区,上海,历史街区,heritage,0.958,4.7,3,平湖市,121.029654,30.698274,121.034098,30.696041,,False,风景名胜;风景名胜;国家级景点,110202,环城东路,0573-85135667,,平湖,[],tour,0.0,0.9,0.3,0.0,0.7,0.0,0.4,,nearby_city_phase2,outside_shanghai_municipality
B0200078GN,南园,上海,历史街区,heritage,0.958,4.7,3,太仓市,121.116817,31.441733,121.121447,31.43996,,False,风景名胜;风景名胜;省级景点,110203,南园东路7号,0512-53523081,,太仓,[],tour,0.0,0.9,0.0,0.0,0.2,0.0,0.4,,nearby_city_phase2,outside_shanghai_municipality
B0JD24L5NR,歇马桥古村,上海,历史街区,heritage,0.958,4.7,3,昆山市,121.057601,31.223433,121.062168,31.221553,,False,风景名胜;风景名胜;风景名胜,110200,机场路与鹿场路交叉口东侧,0512-57404344,,[],[],tour,0.0,1.0,0.0,0.0,0.2,0.0,0.4,,nearby_city_phase2,outside_shanghai_municipality
B0200178HF,锦溪古镇,上海,历史街区,heritage,0.958,4.7,3,昆山市,120.900593,31.175119,120.904742,31.172879,,False,风景名胜;风景名胜;国家级景点,110202,邵甸港路18号,0512-57231352,,锦溪,[],tour,0.0,1.0,0.0,0.0,0.2,0.0,0.4,,nearby_city_phase2,outside_shanghai_municipality
B020001QK9,昆山市城市生态森林公园,上海,公园,park,0.958,4.7,3,昆山市,120.909775,31.395657,120.913944,31.393508,,False,风景名胜;风景名胜;省级景点,110203,马鞍山路818号,0512-57591130;0512-57596568,,[],[],tour,0.0,0.0,1.0,0.0,0.7,0.0,0.0,,nearby_city_phase2,outside_shanghai_municipality
B02000IPD6,沙溪古镇,上海,历史街区,heritage,0.944,4.6,3,太仓市,121.063683,31.565122,121.068292,31.563348,,False,风景名胜;风景名胜;风景名胜,110200,西市街61-63号,0512-53221815,,[],[],tour,0.0,1.0,0.0,0.0,0.2,0.0,0.4,,nearby_city_phase2,outside_shanghai_municipality
B023D02TMT,湘家荡旅游度假区,上海,历史街区,heritage,0.944,4.6,3,南湖区,120.821442,30.7975,120.825673,30.795147,,False,风景名胜;风景名胜;省级景点,110203,灵湖东路与富民路交叉口,0573-83106663;0573-83903399,,[],[],tour,0.0,0.9,0.0,0.0,0.2,0.0,0.4,,nearby_city_phase2,outside_shanghai_municipality
B0FFKUS0JK,大渔湾音乐喷泉,上海,历史街区,heritage,0.944,4.6,3,昆山市,120.895871,31.409639,120.900039,31.407493,,False,风景名胜;风景名胜;风景名胜,110200,大渔街与望渔街交叉口东160米,[],,[],[],tour,0.0,0.9,0.0,0.0,0.2,0.0,0.4,,nearby_city_phase2,outside_shanghai_municipality
B0FFFPW3TZ,莲花岛,上海,历史街区,heritage,0.944,4.6,3,相城区,120.811746,31.462507,120.816052,31.460492,,False,风景名胜;风景名胜;风景名胜,110200,阳澄湖镇莲花村西洋村相石路30号,13511607885,,阳澄湖,[],tour,0.0,0.9,0.0,0.0,0.2,0.0,0.4,,nearby_city_phase2,outside_shanghai_municipality
B020007AML,沙家浜风景区,上海,历史街区,heritage,0.944,4.6,3,常熟市,120.803913,31.554585,120.808242,31.552597,,False,风景名胜;风景名胜;国家级景点,110202,沙家浜镇,0512-52500000,,沙家浜风景区,[],tour,0.0,0.9,0.3,0.0,0.7,0.0,0.4,,nearby_city_phase2,outside_shanghai_municipality
B0FFFVC4SZ,巴城老街,上海,历史街区,heritage,0.944,4.6,3,昆山市,120.876798,31.457756,120.880982,31.455633,,False,风景名胜;风景名胜;风景名胜,110200,景城南路272北70米,0512-57653211,,巴城,[],tour,0.0,0.9,0.0,0.0,0.2,0.0,0.4,,nearby_city_phase2,outside_shanghai_municipality
B0FFL2OUOD,正仪老街,上海,历史街区,heritage,0.944,4.6,3,昆山市,120.85775,31.3737,120.861954,31.37158,,False,风景名胜;风景名胜;风景名胜|餐饮服务;中餐厅;中餐厅,110200|050100,巴城镇并蒂莲路35号,13451759492;13812955524,,[],[],tour,0.0,0.9,0.0,0.0,0.2,0.0,0.4,,nearby_city_phase2,outside_shanghai_municipality
B0FFGG5TYU,巴城生态湿地公园,上海,公园,park,0.944,4.6,3,昆山市,120.834366,31.387948,120.838618,31.385873,,False,风景名胜;风景名胜;风景名胜,110200,巴城镇环湖路,[],,[],[],tour,0.0,0.0,1.0,0.0,0.2,0.0,0.0,,nearby_city_phase2,outside_shanghai_municipality
B0FFHEIFFP,祝甸砖窑文化馆,上海,历史街区,heritage,0.944,4.6,3,昆山市,120.88103,31.145078,120.885185,31.142832,,False,风景名胜;风景名胜;风景名胜,110200,祝家甸村,0512-57229009;17306170812,,[],[],tour,0.0,1.0,0.0,0.0,0.2,0.0,0.4,,nearby_city_phase2,outside_shanghai_municipality
B0FFHRBIGC,明镜荡水利风景区,上海,历史街区,heritage,0.944,4.6,3,昆山市,120.881979,31.153567,120.886133,31.151324,,False,风景名胜;风景名胜;风景名胜,110200,锦溪镇南部,[],,[],[],tour,0.0,0.9,0.3,0.0,0.7,0.0,0.4,,nearby_city_phase2,outside_shanghai_municipality
B0FFKHQJYG,真爱码头,上海,历史街区,heritage,0.944,4.6,3,昆山市,120.997036,31.140244,121.001401,31.138164,,False,风景名胜;风景名胜;风景名胜,110200,淀山湖镇环湖大道,0512-57883333,,[],[],tour,0.0,0.9,0.0,0.0,0.2,0.0,0.4,,nearby_city_phase2,outside_shanghai_municipality
B0200061TX,千灯古镇,上海,历史街区,heritage,0.944,4.6,3,昆山市,121.001248,31.265257,121.005639,31.26325,,False,风景名胜;风景名胜;国家级景点,110202,尚书路1号,0512-57472156;0512-57478178,,千灯,[],tour,0.0,1.0,0.0,0.0,0.2,0.0,0.4,,nearby_city_phase2,outside_shanghai_municipality
B0KKTS93ZE,东部海堤黑沙滩,上海,历史街区,heritage,0.944,4.6,3,启东市,121.833749,31.949847,121.838035,31.947778,,False,风景名胜;风景名胜;风景名胜,110200,328国道塘芦港新闸沿堤向北2km处,[],,[],[],tour,0.0,0.9,0.0,0.0,0.2,0.0,0.4,,nearby_city_phase2,outside_shanghai_municipality
B0201088E7,军山景区,上海,历史街区,heritage,0.944,4.6,3,崇川区,120.902665,31.939058,120.906877,31.936896,,False,风景名胜;风景名胜;风景名胜,110200,山水路18号,0513-85700848;0513-85700918,,[],[],tour,0.0,0.9,0.3,0.0,0.7,0.0,0.4,,nearby_city_phase2,outside_shanghai_municipality
B02010185D,南通狼山风景名胜区,上海,历史街区,heritage,0.944,4.6,3,崇川区,120.88776,31.948766,120.891976,31.946606,,False,风景名胜;风景名胜;国家级景点,110202,狼山镇剑新路1号,0513-85708306;0513-85705215,,狼山,[],tour,0.0,0.9,0.3,0.0,0.7,0.0,0.4,,nearby_city_phase2,outside_shanghai_municipality
B0FFH0606H,云澜湾温泉景区,上海,历史街区,heritage,0.944,4.6,3,嘉善县,120.979919,30.808768,120.984195,30.806446,,False,风景名胜;风景名胜;国家级景点,110202,大云镇云澜路888号,0573-84661288,,[],[],tour,0.0,0.9,0.3,0.0,0.2,0.0,0.4,,nearby_city_phase2,outside_shanghai_municipality
B0201068E3,啬园,上海,历史街区,heritage,0.944,4.6,3,崇川区,120.907439,31.964415,120.911654,31.962248,,False,风景名胜;风景名胜;风景名胜,110200,狼山街道南郊路150号,0513-55881800;0513-85705301,,狼山,[],tour,0.0,0.9,0.0,0.0,0.2,0.0,0.4,,nearby_city_phase2,outside_shanghai_municipality
B0H0FCL5RF,春晓花园餐厅,上海,历史街区,heritage,0.944,4.6,3,崇川区,120.87267,31.959924,120.876901,31.957775,,False,餐饮服务;中餐厅;中餐厅|风景名胜;风景名胜;风景名胜,050100|110200,滨江公园休闲天地11号楼18号楼,0513-89055888;0513-89055999,339.0,狼山,"姥姥南瓜饼,爆炒江虾,大大家的烤鸭,野生鮰鱼,湘西干锅长江支鱼,素火腿,铁板文蛤鲜,江鲜,清蒸奇鱼,红烧河豚,刀鱼,蟹粉豆腐,农家扁豆饭,火龙果优酪乳,家烧长江野生杂鱼",diner,0.0,0.9,0.3,0.3,0.2,0.0,0.4,,nearby_city_phase2,outside_shanghai_municipality
B0G0UCNSBJ,滨江花海,上海,历史街区,heritage,0.944,4.6,3,崇川区,120.870112,31.966444,120.874347,31.964296,,False,风景名胜;风景名胜;风景名胜,110200,长江中路259号,0513-85700015,,[],[],tour,0.0,0.9,0.0,0.0,0.7,0.0,0.4,,nearby_city_phase2,outside_shanghai_municipality
B0FFH45ZUV,浏河古镇,上海,历史街区,heritage,0.944,4.6,3,太仓市,121.26624,31.506761,121.270697,31.50483,,False,风景名胜;风景名胜;风景名胜,110200,浏河镇中心北街263号,[],,[],[],tour,0.0,1.0,0.0,0.0,0.7,0.0,0.4,,nearby_city_phase2,outside_shanghai_municipality
B0FFMAU0A9,锦澜沙滩,上海,历史街区,heritage,0.93,4.5,3,昆山市,120.93904,31.151797,120.943227,31.149576,,False,风景名胜;风景名胜;海滩,110208,锦溪中州路1号,18053903505,,[],[],tour,0.0,0.9,0.0,0.0,0.2,0.0,0.4,,nearby_city_phase2,outside_shanghai_municipality
B023D02TNF,五彩姚庄·浙北桃花岛景区,上海,历史街区,heritage,0.93,4.5,3,嘉善县,120.956802,30.95161,120.961016,30.94931,,False,风景名胜;风景名胜;风景名胜,110200,姚庄镇北鹤村,0573-84778800;0573-89106915,,[],[],tour,0.0,0.9,0.3,0.0,0.2,0.0,0.4,,nearby_city_phase2,outside_shanghai_municipality
B0LA5UKCED,火山日落,上海,历史街区,heritage,0.93,4.5,3,昆山市,120.961492,31.404257,120.965757,31.402186,,False,风景名胜;风景名胜;风景名胜,110200,萧林路九方城市花园商业街3幢2号,15298866556,32.0,玉山,[],tour,0.0,0.9,0.3,0.0,0.7,0.0,0.4,,nearby_city_phase2,outside_shanghai_municipality
B023D00E67,莫氏庄园,上海,历史街区,heritage,0.93,4.5,3,平湖市,121.019484,30.69765,121.023894,30.695388,,False,风景名胜;风景名胜;国家级景点,110202,当湖街道人民西路39号,0573-85022020;0573-85022058,,当湖,[],tour,0.0,0.9,0.0,0.0,0.2,0.0,0.4,,nearby_city_phase2,outside_shanghai_municipality
B0L0GU3KRK,慧聚寺,上海,历史街区,heritage,0.93,4.5,3,昆山市,121.028937,31.397281,121.033438,31.395402,,False,风景名胜;风景名胜;寺庙道观,110205,玉山镇杨树路,0512-55188566,,[],[],tour,0.0,1.0,0.0,0.0,0.2,0.0,0.4,,nearby_city_phase2,outside_shanghai_municipality
B0FFMHDIQW,军山绿野,上海,历史街区,heritage,0.93,4.5,3,崇川区,120.903365,31.933163,120.907576,31.931003,,False,风景名胜;风景名胜;风景名胜,110200,狼山镇街道军山路与振兴西路交叉口北60米,[],,[],[],tour,0.0,0.9,0.3,0.0,0.7,0.0,0.4,,nearby_city_phase2,outside_shanghai_municipality
B0FFG900PL,歌斐颂巧克力小镇,上海,历史街区,heritage,0.93,4.5,3,嘉善县,120.989706,30.7889,120.994015,30.786596,,False,风景名胜;风景名胜;国家级景点,110202,大云镇巧克力大道9号,0573-84998888;18966323896,,[],[],tour,0.0,0.9,0.0,0.0,0.2,0.0,0.4,,nearby_city_phase2,outside_shanghai_municipality
B0KGT7CX8H,蓬朗老街(装修中),上海,历史街区,heritage,0.93,4.5,3,昆山市,121.094489,31.37972,121.099118,31.377938,,False,风景名胜;风景名胜;风景名胜,110200,蓬钱路与昆蓬路交叉口东100米,[],,[],[],tour,0.0,0.9,0.0,0.0,0.2,0.0,0.4,,nearby_city_phase2,outside_shanghai_municipality
B023D03ONN,碧云花园,上海,历史街区,heritage,0.93,4.5,3,嘉善县,120.986462,30.780893,120.990759,30.778575,,False,风景名胜;风景名胜;风景名胜,110200,大云镇缪家村碧云路1号,18368328756,,[],[],tour,0.0,0.9,0.3,0.0,0.2,0.0,0.4,,nearby_city_phase2,outside_shanghai_municipality
B0FFKP37C7,紫琅公园白沙滩,上海,公园,park,0.93,4.5,3,崇川区,120.940544,31.955142,120.944801,31.95301,,False,风景名胜;风景名胜;海滩,110208,朝阳路10号紫琅公园内(南侧),[],,[],[],tour,0.0,0.0,1.0,0.0,0.2,0.0,0.0,,nearby_city_phase2,outside_shanghai_municipality
B0FFLM1C2M,巴城古城,上海,历史街区,heritage,0.93,4.5,3,昆山市,120.876027,31.457387,120.880212,31.455265,,False,风景名胜;风景名胜;风景名胜,110200,临港路与景城北路交叉口东南40米,[],,巴城,[],tour,0.0,1.0,0.0,0.0,0.2,0.0,0.4,,nearby_city_phase2,outside_shanghai_municipality
B0KGOZ9K1I,鹿北湖畔,上海,历史街区,heritage,0.93,4.5,3,昆山市,120.861023,31.45925,120.865229,31.457147,,False,风景名胜;风景名胜;风景名胜,110200,临湖路516号,0512-62890990,,[],[],tour,0.0,0.9,0.3,0.0,0.7,0.0,0.4,,nearby_city_phase2,outside_shanghai_municipality
B0FFI322OI,正仪古镇,上海,历史街区,heritage,0.93,4.5,3,昆山市,120.854565,31.37504,120.858775,31.372926,,False,风景名胜;风景名胜;风景名胜,110200,下塘街与硕士路交叉口北160米,[],,[],[],tour,0.0,1.0,0.0,0.0,0.2,0.0,0.4,,nearby_city_phase2,outside_shanghai_municipality
B020016EFZ,巴城生态湿地公园-夕露园,上海,公园,park,0.93,4.5,3,昆山市,120.835755,31.390361,120.840004,31.388284,,False,风景名胜;风景名胜;风景名胜,110200,巴城镇环城西路夕露园(天使湾别墅西),[],,[],[],tour,0.0,0.0,1.0,0.0,0.2,0.0,0.0,,nearby_city_phase2,outside_shanghai_municipality
B0K0TSOICP,莲润楼·玉山雅宴,上海,历史街区,heritage,0.93,4.5,3,昆山市,120.857475,31.374253,120.86168,31.372134,,False,风景名胜;风景名胜;风景名胜|餐饮服务;中餐厅;中餐厅,110200|050100,信义路368号,18051882727,84.0,[],点心,tour,0.0,0.9,0.3,0.0,0.7,0.0,0.4,,nearby_city_phase2,outside_shanghai_municipality
B0FFGSOEHS,碧海银沙,上海,历史街区,heritage,0.93,4.5,3,启东市,121.939497,31.716423,121.943666,31.714347,,False,风景名胜;风景名胜;国家级景点,110202,寅阳镇恒大路1号恒大海上威尼斯内,[],,[],[],tour,0.0,0.9,0.0,0.0,0.2,0.0,0.4,,nearby_city_phase2,outside_shanghai_municipality
B0FFLBUW4W,启东市东部海堤观潮台,上海,历史街区,heritage,0.93,4.5,3,启东市,121.859318,31.908207,121.863539,31.906103,,False,风景名胜;风景名胜;观景点,110209,东疆路与南海路交叉口东南200米,[],,[],[],tour,0.0,0.9,0.0,0.0,0.2,0.0,0.4,,nearby_city_phase2,outside_shanghai_municipality
B0K11CO7HI,大江之委海之端,上海,历史街区,heritage,0.93,4.5,3,启东市,121.92904,31.698225,121.933194,31.696136,,False,风景名胜;风景名胜;风景名胜,110200,圆陀角风景区,[],,[],[],tour,0.0,0.9,0.0,0.0,0.7,0.0,0.4,,nearby_city_phase2,outside_shanghai_municipality
B0FFFF5ZCR,浏河阅兵台,上海,历史街区,heritage,0.93,4.5,3,太仓市,121.320312,31.51305,121.324862,31.511195,,False,风景名胜;风景名胜;风景名胜,110200,[],[],,[],[],tour,0.0,0.9,0.0,0.0,0.7,0.0,0.4,,nearby_city_phase2,outside_shanghai_municipality
B0I2GHC6XW,青龙港1806景区,上海,历史街区,heritage,0.93,4.5,3,海门区,121.2452,31.86171,121.24968,31.859756,,False,风景名胜;风景名胜;风景名胜,110200,望江路与钟楼路交叉口西南200米,0513-82212276,,[],[],tour,0.0,0.9,0.3,0.0,0.2,0.0,0.4,,nearby_city_phase2,outside_shanghai_municipality
B02000JSWC,玫瑰庄园景区,上海,历史街区,heritage,0.93,4.5,3,太仓市,121.175275,31.546648,121.179819,31.544803,,False,风景名胜;风景名胜;国家级景点,110202,沙溪镇岳王区新港公路南侧,0512-53300222;0512-82709222,,[],[],tour,0.0,0.9,0.3,0.0,0.2,0.0,0.4,,nearby_city_phase2,outside_shanghai_municipality
B020107X8O,江堤达标纪念碑,上海,历史街区,heritage,0.93,4.5,3,海门区,121.186865,31.837164,121.191411,31.835279,,False,风景名胜;风景名胜;纪念馆,110204,张謇大道附近,[],,[],[],tour,0.0,1.0,0.0,0.0,0.7,0.0,0.4,,nearby_city_phase2,outside_shanghai_municipality
B0FFJGNZL9,云澜湾温泉,上海,历史街区,heritage,0.916,4.4,3,嘉善县,120.980735,30.810435,120.985014,30.808116,,False,风景名胜;风景名胜;国家级景点,110202,大云温泉大道883号,0573-84661288,454.0,[],[],tour,0.0,0.9,0.0,0.0,0.2,0.0,0.4,,nearby_city_phase2,outside_shanghai_municipality
B0201068PL,圆陀角风景区,上海,历史街区,heritage,0.916,4.4,3,启东市,121.909915,31.694178,121.914059,31.692074,,False,风景名胜;风景名胜;风景名胜,110200,林连路与海寅线交叉口东,[],,[],[],tour,0.0,0.9,0.3,0.0,0.7,0.0,0.4,,nearby_city_phase2,outside_shanghai_municipality
B020007X9P,海天禅寺,上海,历史街区,heritage,0.916,4.4,3,太仓市,121.153958,31.483012,121.158539,31.481198,,False,风景名胜;风景名胜;寺庙道观,110205,东部板桥镇沪嘉高速公路太仓段北侧,0512-53447133,,[],[],tour,0.0,1.0,0.0,0.0,0.2,0.0,0.4,,nearby_city_phase2,outside_shanghai_municipality
B0FFGNNLOP,云澜湾四季花海乐园,上海,历史街区,heritage,0.916,4.4,3,嘉善县,120.977767,30.810562,120.982036,30.808235,,False,风景名胜;风景名胜;风景名胜,110200,大云镇温泉大道888号202室,0573-84662888,,[],[],tour,0.0,0.9,0.0,0.0,0.2,0.0,0.4,,nearby_city_phase2,outside_shanghai_municipality
B0FFGKJICX,黄金海滩,上海,历史街区,heritage,0.916,4.4,3,启东市,121.92964,31.747627,121.933799,31.745533,,False,风景名胜;风景名胜;海滩,110208,圆陀角旅游度假区(336省道最东边右拐100米直行),[],,[],[],tour,0.0,0.9,0.0,0.0,0.2,0.0,0.4,,nearby_city_phase2,outside_shanghai_municipality
B0FFGXXUV7,报本禅寺,上海,历史街区,heritage,0.916,4.4,3,平湖市,121.026626,30.692545,121.03106,30.690301,,False,风景名胜;风景名胜;寺庙道观,110205,当湖镇宝塔路环城东路9号,0573-85110427;0573-85111427,,平湖,[],tour,0.0,1.0,0.0,0.0,0.2,0.0,0.4,,nearby_city_phase2,outside_shanghai_municipality
B0FFGYQAMM,天福国家湿地公园,上海,公园,park,0.916,4.4,3,昆山市,121.114349,31.3353,121.118971,31.333498,,False,风景名胜;风景名胜;国家级景点,110202,花桥经济开发区北部,0512-57609887,,[],[],tour,0.0,0.0,1.0,0.0,0.2,0.0,0.0,,nearby_city_phase2,outside_shanghai_municipality
B0FFG0RF3D,滨江公园-浪漫沙滩,上海,公园,park,0.916,4.4,3,崇川区,120.871728,31.956398,120.87596,31.954251,,False,风景名胜;风景名胜;海滩,110208,滨江公园浪漫沙滩,[],,[],[],tour,0.0,0.0,1.0,0.0,0.7,0.0,0.0,,nearby_city_phase2,outside_shanghai_municipality
B02010TZGC,海门区电视塔,上海,历史街区,heritage,0.916,4.4,3,海门区,121.194218,31.894544,121.198755,31.892635,,False,风景名胜;风景名胜;风景名胜,110200,解放路899号,[],,[],[],tour,0.0,0.9,0.0,0.0,0.2,0.0,0.4,,nearby_city_phase2,outside_shanghai_municipality
B0FFFQA9D2,千灯古镇-千灯老街,上海,历史街区,heritage,0.916,4.4,3,昆山市,121.002863,31.265938,121.00726,31.263936,,False,风景名胜;风景名胜;风景名胜,110200,尚书路323附近,0512-57472152,,千灯,[],tour,0.0,1.0,0.0,0.0,0.2,0.0,0.4,,nearby_city_phase2,outside_shanghai_municipality
B0K2JR6OTP,爪爪之约宠物生命纪念馆(昆山店),上海,历史街区,heritage,0.916,4.4,3,昆山市,120.960894,31.391932,120.965156,31.389856,,False,风景名胜;风景名胜;纪念馆,110204,昆北路58号,18550537172,,玉山,[],tour,0.0,1.0,0.3,0.0,0.7,0.2,0.6,,nearby_city_phase2,outside_shanghai_municipality
B020007ZEN,同觉寺,上海,历史街区,heritage,0.916,4.4,3,太仓市,121.19831,31.593836,121.202814,31.591953,,False,风景名胜;风景名胜;寺庙道观,110205,南环路70号,0512-53703372,,[],[],tour,0.0,1.0,0.0,0.0,0.2,0.0,0.4,,nearby_city_phase2,outside_shanghai_municipality
B0LRZC2VYP,双色海大坝,上海,历史街区,heritage,0.916,4.4,3,启东市,121.955536,31.705627,121.959735,31.703584,,False,风景名胜;风景名胜;风景名胜,110200,[],[],,[],[],tour,0.0,0.9,0.0,0.0,0.2,0.0,0.4,,nearby_city_phase2,outside_shanghai_municipality
B020015W02,双凤生态园,上海,历史街区,heritage,0.916,4.4,3,太仓市,121.002072,31.499215,121.006486,31.49728,,False,风景名胜;风景名胜;风景名胜,110200,双凤生态园垂钓中心(204县道北),0512-78192021,94.0,[],[],tour,0.0,0.9,0.0,0.0,0.2,0.0,0.4,,nearby_city_phase2,outside_shanghai_municipality
B0I1PMN98I,周庄古戏台,上海,历史街区,heritage,0.916,4.4,3,昆山市,120.849707,31.115264,120.853905,31.113043,,False,风景名胜;风景名胜;风景名胜,110200,周庄镇全福路42号周庄古镇(西北角),0512-57218063,115.0,[],[],tour,0.0,1.0,0.0,0.0,0.2,0.0,0.4,,nearby_city_phase2,outside_shanghai_municipality
B0L6P5DAFD,方厅水院,上海,历史街区,heritage,0.916,4.4,3,嘉善县,120.90149,31.016085,120.905626,31.013757,,False,风景名胜;风景名胜;风景名胜|商务住宅;产业园区;产业园区,110200|120100,沪青平公路9999号,[],,[],[],tour,0.0,0.9,0.0,0.0,0.2,0.0,0.4,,nearby_city_phase2,outside_shanghai_municipality
B0LG31HEM6,明镜荡古窑遗址,上海,历史街区,heritage,0.916,4.4,3,昆山市,120.86382,31.170714,120.867998,31.1685,,False,风景名胜;风景名胜;风景名胜,110200,锦溪镇三联村明镜荡星空营地南侧80米,[],,[],[],tour,0.0,1.0,0.0,0.0,0.2,0.0,0.4,,nearby_city_phase2,outside_shanghai_municipality
B0FFG85I2D,水八仙生态文化园,上海,历史街区,heritage,0.916,4.4,3,吴中区,120.805276,31.243249,120.809577,31.241173,,False,风景名胜;风景名胜;风景名胜,110200,甪直镇金澄湖路288号,[],,[],[],tour,0.0,1.0,0.0,0.0,0.2,0.0,0.4,,nearby_city_phase2,outside_shanghai_municipality
B0HU2DSMEK,胥山遗址公园,上海,公园,park,0.916,4.4,3,南湖区,120.890251,30.77663,120.89437,30.774166,,False,生活服务;丧葬设施;公墓|风景名胜;风景名胜;风景名胜,071902|110200,大桥镇胥山村山浜12号,0573-89975957,,[],[],[],0.0,0.15,1.0,0.0,0.7,0.0,0.0,,nearby_city_phase2,outside_shanghai_municipality
B0FFF2R3CK,精严讲寺,上海,历史街区,heritage,0.916,4.4,3,南湖区,120.825228,30.80044,120.829451,30.798082,,False,风景名胜;风景名胜;寺庙道观,110205,七星街道灵光街126号,0573-83888698,,[],[],tour,0.0,1.0,0.0,0.0,0.2,0.0,0.4,,nearby_city_phase2,outside_shanghai_municipality
B0FFIA74RS,昆山北港朝天宮,上海,历史街区,heritage,0.916,4.4,3,昆山市,120.919797,31.244876,120.923962,31.242677,,False,风景名胜;风景名胜;风景名胜,110200,张浦鎮姜杭村,[],,[],[],tour,0.0,0.9,0.3,0.0,0.7,0.0,0.4,,nearby_city_phase2,outside_shanghai_municipality
B020101865,张謇纪念馆,上海,历史街区,heritage,0.916,4.4,3,海门区,121.253374,31.933185,121.257861,31.931215,,False,风景名胜;风景名胜;纪念馆,110204,常乐镇状元街,0513-69819001,,[],[],tour,0.0,1.0,0.0,0.0,0.2,0.6,0.6,,nearby_city_phase2,outside_shanghai_municipality
B0FFIA74RP,妈祖殿,上海,历史街区,heritage,0.902,4.3,3,昆山市,120.919794,31.244772,120.923959,31.242573,,False,风景名胜;风景名胜;寺庙道观,110205,张浦镇大市姜杭村,[],,[],[],tour,0.0,1.0,0.0,0.0,0.2,0.0,0.4,,nearby_city_phase2,outside_shanghai_municipality
B0K2T5PU3A,如梦宋潮影视城,上海,历史街区,heritage,0.902,4.3,3,昆山市,120.848175,31.160975,120.85238,31.158781,,False,风景名胜;风景名胜;风景名胜,110200,祈庄路666号,[],,[],[],tour,0.0,0.9,0.0,0.0,0.2,0.0,0.4,,nearby_city_phase2,outside_shanghai_municipality
B020106JBO,法音寺,上海,历史街区,heritage,0.902,4.3,3,启东市,121.672135,31.797705,121.676473,31.795675,,False,风景名胜;风景名胜;寺庙道观,110205,灵秀东路66号,0513-83313407,,[],[],tour,0.0,1.0,0.0,0.0,0.2,0.0,0.4,,nearby_city_phase2,outside_shanghai_municipality
B02000173B,甪直镇风景区-保圣寺,上海,历史街区,heritage,0.902,4.3,3,吴中区,120.871169,31.269927,120.875345,31.267751,,False,风景名胜;风景名胜;寺庙道观,110205,甪直镇甪直古镇香花弄,0512-65010011,,甪直,[],tour,0.0,1.0,0.3,0.0,0.7,0.0,0.4,,nearby_city_phase2,outside_shanghai_municipality
B0K04UV6YP,新仓老街,上海,历史街区,heritage,0.902,4.3,3,平湖市,121.184919,30.730608,121.189374,30.728377,,False,风景名胜;风景名胜;风景名胜,110200,建新路508号,13325836788,,[],[],tour,0.0,0.9,0.0,0.0,0.2,0.0,0.4,,nearby_city_phase2,outside_shanghai_municipality
B020001BE2,铁琴铜剑楼,上海,历史街区,heritage,0.902,4.3,3,常熟市,120.837811,31.630442,120.842076,31.628395,,False,风景名胜;风景名胜;纪念馆,110204,铜剑北街,0512-52526332;0512-52936707,,新古里文化街区,[],tour,0.0,0.9,0.0,0.0,0.2,0.0,0.4,,nearby_city_phase2,outside_shanghai_municipality
B0FFH49VSJ,南山寺,上海,历史街区,heritage,0.902,4.3,3,昆山市,120.947514,31.336428,120.951735,31.334305,,False,风景名胜;风景名胜;寺庙道观,110205,玉山镇中环南线与中环南线出口交叉口南200米,13862635356,,[],[],tour,0.0,1.0,0.3,0.0,0.7,0.0,0.4,,nearby_city_phase2,outside_shanghai_municipality
B0FFJHHA23,华藏寺,上海,历史街区,heritage,0.902,4.3,3,昆山市,120.950764,31.38909,120.954998,31.38699,,False,风景名胜;风景名胜;寺庙道观,110205,马鞍山东路28号,0512-57551970,,玉山,[],tour,0.0,1.0,0.0,0.0,0.2,0.0,0.4,,nearby_city_phase2,outside_shanghai_municipality
B0FFH0GGWA,法华寺,上海,历史街区,heritage,0.902,4.3,3,平湖市,121.186628,30.736361,121.19108,30.734129,,False,风景名胜;风景名胜;寺庙道观,110205,新仓镇庙街,[],,[],[],tour,0.0,1.0,0.0,0.0,0.2,0.0,0.4,,nearby_city_phase2,outside_shanghai_municipality
B0FFGLK191,巴城阳澄湖旅游度假区,上海,历史街区,heritage,0.902,4.3,3,昆山市,120.849387,31.454469,120.853613,31.452384,,False,风景名胜;风景名胜;风景名胜,110200,大禹路与黄泥田路交叉口西北40米,15951111224,,巴城,[],tour,0.0,0.9,0.3,0.0,0.7,0.0,0.4,,nearby_city_phase2,outside_shanghai_municipality
B0K3KCMK4H,明镜荡环湖步道,上海,历史街区,heritage,0.902,4.3,3,昆山市,120.868192,31.179674,120.872364,31.177459,,False,风景名胜;风景名胜;风景名胜,110200,锦周路338号,[],,[],[],tour,0.0,0.9,0.3,0.0,0.7,0.0,0.4,,nearby_city_phase2,outside_shanghai_municipality
B023D03NWJ,龙庄讲寺,上海,历史街区,heritage,0.902,4.3,3,嘉善县,120.891824,30.881639,120.89595,30.879234,,False,风景名胜;风景名胜;寺庙道观,110205,窑兴路与文卫路交叉口南260米,0573-84614042,,[],[],tour,0.0,1.0,0.0,0.0,0.2,0.0,0.4,,nearby_city_phase2,outside_shanghai_municipality
B0G3XZF1IH,印象狼山,上海,历史街区,heritage,0.902,4.3,3,崇川区,120.894412,31.946899,120.898625,31.944737,,False,风景名胜;风景名胜;纪念馆,110204,狼山镇剑新路1号南通狼山风景名胜区,0513-85708306,,狼山,[],tour,0.0,0.9,0.3,0.0,0.7,0.0,0.4,,nearby_city_phase2,outside_shanghai_municipality
B0201088DU,海宁寺,上海,历史街区,heritage,0.902,4.3,3,海门区,121.134138,31.825075,121.138783,31.823285,,False,风景名胜;风景名胜;寺庙道观,110205,杭州路99号,0513-82306366,,[],[],tour,0.0,1.0,0.0,0.0,0.2,0.0,0.4,,nearby_city_phase2,outside_shanghai_municipality
B0H02UJILU,狼山广教禅寺,上海,历史街区,heritage,0.902,4.3,3,崇川区,120.888862,31.948971,120.893077,31.946811,,False,风景名胜;风景名胜;寺庙道观,110205,狼山镇街道狼山镇剑新路1号南通狼山风景名胜区,0513-85705215;0513-85708306,,狼山,[],tour,0.0,1.0,0.3,0.0,0.7,0.0,0.4,,nearby_city_phase2,outside_shanghai_municipality
B0L0K5PH9X,謇公湖影视基地,上海,历史街区,heritage,0.902,4.3,3,海门区,121.15729,31.825894,121.161895,31.824066,,False,风景名胜;风景名胜;风景名胜,110200,滨江街道,[],,[],[],tour,0.0,0.9,0.3,0.0,0.7,0.0,0.4,,nearby_city_phase2,outside_shanghai_municipality
B0FFF34R4B,月亮湾沙滩,上海,历史街区,heritage,0.902,4.3,3,南湖区,120.813202,30.809274,120.817451,30.806943,,False,风景名胜;风景名胜;海滩,110208,七星镇兴星路518号,0573-83106663;0573-83903399,,[],[],tour,0.0,0.9,0.0,0.0,0.2,0.0,0.4,,nearby_city_phase2,outside_shanghai_municipality
B0IASCN7N1,圆陀角海上明月旅游度假区,上海,历史街区,heritage,0.902,4.3,3,启东市,121.905518,31.710662,121.909664,31.708555,,False,风景名胜;风景名胜;风景名胜,110200,圆陀角新湖大道,18001483825,,[],[],tour,0.0,0.9,0.0,0.0,0.2,0.0,0.4,,nearby_city_phase2,outside_shanghai_municipality
B020016625,沈萬三故居,上海,历史街区,heritage,0.902,4.3,3,昆山市,120.857942,31.11244,120.862125,31.110204,,False,风景名胜;风景名胜;风景名胜,110200,周庄风景区周庄欢乐世界园内,[],,[],[],tour,0.0,1.0,0.0,0.0,0.2,0.0,0.4,,nearby_city_phase2,outside_shanghai_municipality
B0FFI2FXNQ,地藏禅寺,上海,历史街区,heritage,0.902,4.3,3,嘉善县,120.899171,30.837204,120.903292,30.834771,,False,风景名胜;风景名胜;寺庙道观,110205,善西路67号,[],,[],[],tour,0.0,1.0,0.0,0.0,0.2,0.0,0.4,,nearby_city_phase2,outside_shanghai_municipality
B0LUPC0WC9,十里海湾赶海景区,上海,历史街区,heritage,0.902,4.3,3,启东市,121.876225,31.849825,121.880409,31.847711,,False,风景名胜;风景名胜;风景名胜,110200,海堤南路与纵二路交叉口东北80米,[],,[],[],tour,0.0,0.9,0.3,0.0,0.2,0.0,0.4,,nearby_city_phase2,outside_shanghai_municipality
B02000JSTJ,泗洲禅寺,上海,历史街区,heritage,0.902,4.3,3,吴江区,120.822619,31.041649,120.826867,31.039436,,False,风景名胜;风景名胜;寺庙道观,110205,黎里镇汾湖开发区新友路1618号,0512-63271836;0512-63274277,,[],[],tour,0.0,1.0,0.0,0.0,0.2,0.0,0.4,,nearby_city_phase2,outside_shanghai_municipality
B0K3HU3XFN,启东阿勒泰,上海,历史街区,heritage,0.902,4.3,3,启东市,121.592208,31.751082,121.596455,31.748967,,False,风景名胜;风景名胜;风景名胜,110200,[],[],,[],[],tour,0.0,0.9,0.0,0.0,0.2,0.0,0.4,,nearby_city_phase2,outside_shanghai_municipality
B0IRSUEO31,启东滨江绿廊首开区,上海,历史街区,heritage,0.902,4.3,3,启东市,121.613332,31.744236,121.617579,31.742126,,False,风景名胜;风景名胜;风景名胜,110200,惠鹤西路8号,[],,[],[],tour,0.0,0.9,0.0,0.0,0.7,0.0,0.4,,nearby_city_phase2,outside_shanghai_municipality
B0FFG8ORV9,开福寺,上海,历史街区,heritage,0.902,4.3,3,海门区,121.146798,31.906997,121.15143,31.905171,,False,风景名胜;风景名胜;寺庙道观,110205,北海路与富江北路交叉口,[],,[],[],tour,0.0,1.0,0.0,0.0,0.2,0.0,0.4,,nearby_city_phase2,outside_shanghai_municipality
B0FFG9CTKS,吴镇书画院,上海,历史街区,heritage,0.902,4.3,3,嘉善县,120.916052,30.841944,120.920181,30.839519,,False,风景名胜;风景名胜;省级景点|科教文化服务;美术馆;美术馆,110203|140400,魏塘镇花园路178号吴镇纪念馆,0573-84023804,,魏塘,[],tour,0.0,0.9,0.0,0.0,0.2,0.0,0.4,,nearby_city_phase2,outside_shanghai_municipality
B020015WDE,双凤古寺,上海,历史街区,heritage,0.902,4.3,3,太仓市,121.038674,31.52391,121.043216,31.522082,,False,风景名胜;风景名胜;寺庙道观,110205,双凤镇204国道,[],,[],[],tour,0.0,1.0,0.0,0.0,0.2,0.0,0.4,,nearby_city_phase2,outside_shanghai_municipality
B0M69M963C,三水一宅状元村,上海,历史街区,heritage,0.902,4.3,3,太仓市,121.071469,31.517565,121.076087,31.515797,,False,风景名胜;风景名胜;风景名胜,110200,城厢镇万丰村万丰路与柴塘路交叉口东北200米,19500960203,,[],[],tour,0.0,0.9,0.0,0.0,0.2,0.0,0.4,,nearby_city_phase2,outside_shanghai_municipality
B023D02BHR,李叔同纪念馆,上海,历史街区,heritage,0.902,4.3,3,平湖市,121.026742,30.697888,121.031176,30.695646,,False,风景名胜;风景名胜;纪念馆,110204,当湖街道当湖街道当湖街道当湖街道叔同路29号叔同公园内(东南角),0573-85010030,,平湖,[],tour,0.0,1.0,0.0,0.0,0.2,0.6,0.6,,nearby_city_phase2,outside_shanghai_municipality
B0FFK6THVX,吴泾道观,上海,历史街区,heritage,0.902,4.3,3,太仓市,121.241266,31.546539,121.245719,31.544608,,False,风景名胜;风景名胜;寺庙道观,110205,吴泾路与静园路交叉口西北240米,[],,太仓港港口开发区,[],tour,0.0,0.9,0.0,0.0,0.2,0.0,0.4,,nearby_city_phase2,outside_shanghai_municipality
B020007Z8G,天妃宫,上海,历史街区,heritage,0.902,4.3,3,太仓市,121.267731,31.505543,121.272189,31.503612,,False,风景名胜;风景名胜;寺庙道观,110205,浏河镇新东街90号,0512-53611908,,[],[],tour,0.0,1.0,0.0,0.0,0.2,0.0,0.4,,nearby_city_phase2,outside_shanghai_municipality
B0JUP567W7,石锁非遗(樱花苑店),上海,历史街区,heritage,0.902,4.3,3,昆山市,120.995013,31.386405,120.999391,31.384423,,False,风景名胜;风景名胜;风景名胜|购物服务;购物相关场所;购物相关场所,110200|060000,青阳中路220-14-18号,13806260555,,玉山,[],tour,0.0,0.9,0.3,0.0,0.2,0.0,0.4,,nearby_city_phase2,outside_shanghai_municipality
B02000ID0C,基督堂,上海,历史街区,heritage,0.902,4.3,3,昆山市,120.997952,31.262384,121.002331,31.260366,,False,风景名胜;风景名胜;教堂,110206,103村道附近,[],,千灯,[],tour,0.0,0.9,0.0,0.0,0.2,0.0,0.4,,nearby_city_phase2,outside_shanghai_municipality
B0FFH6SIO1,白塔龙王庙,上海,历史街区,heritage,0.902,4.3,3,昆山市,120.985432,31.398531,120.989776,31.396524,,False,风景名胜;风景名胜;寺庙道观,110205,周市春晖路646号,15950901696,,玉山,[],tour,0.0,1.0,0.0,0.0,0.2,0.0,0.4,,nearby_city_phase2,outside_shanghai_municipality
B020016F36,鳄鱼谷,上海,历史街区,heritage,0.902,4.3,3,昆山市,120.961859,31.26467,120.966114,31.262551,,False,风景名胜;风景名胜;风景名胜,110200,昆山长江南路(恒丰路口),17712472106;0512-57892736,,[],[],tour,0.0,0.9,0.0,0.0,0.2,0.0,0.4,,nearby_city_phase2,outside_shanghai_municipality
B02001AKMP,千灯古镇顾炎武故居,上海,历史街区,heritage,0.902,4.3,3,昆山市,121.0014,31.263166,121.005791,31.261159,,False,风景名胜;风景名胜;风景名胜,110200,千灯镇南大街52号,0512-57462067;0512-57472152,,千灯,[],tour,0.0,1.0,0.0,0.0,0.2,0.0,0.4,,nearby_city_phase2,outside_shanghai_municipality
B0FFI9RNHB,古万安寺,上海,历史街区,heritage,0.902,4.3,3,昆山市,121.007626,31.478751,121.012059,31.476829,,False,风景名胜;风景名胜;寺庙道观,110205,周市镇斜塘万安路万安古寺,[],,[],[],tour,0.0,1.0,0.0,0.0,0.2,0.0,0.4,,nearby_city_phase2,outside_shanghai_municipality
B0KRXR0WH1,勤力村百亩荷塘,上海,历史街区,heritage,0.902,4.3,3,太仓市,121.00997,31.504511,121.014413,31.5026,,False,风景名胜;风景名胜;风景名胜,110200,双凤镇勤力莲塘驿站东北侧50米,[],,[],[],tour,0.0,0.9,0.0,0.0,0.2,0.0,0.4,,nearby_city_phase2,outside_shanghai_municipality
B0FFM5MF5V,崇恩禅寺,上海,历史街区,heritage,0.902,4.3,3,太仓市,121.184381,31.481838,121.188901,31.479967,,False,风景名胜;风景名胜;寺庙道观,110205,陆嘉北路,[],,[],[],tour,0.0,1.0,0.0,0.0,0.2,0.0,0.4,,nearby_city_phase2,outside_shanghai_municipality
B0FFG3JHE9,沙家浜风景区-横泾老街,上海,历史街区,heritage,0.888,4.2,3,常熟市,120.80461,31.554479,120.808938,31.55249,,False,风景名胜;风景名胜;风景名胜,110200,沙家浜风景区横泾桥,0512-52500000,,沙家浜风景区,[],tour,0.0,0.9,0.3,0.0,0.7,0.0,0.4,,nearby_city_phase2,outside_shanghai_municipality
B0200166TX,碛砂延圣寺,上海,历史街区,heritage,0.888,4.2,3,吴中区,120.84884,31.238871,120.85305,31.236714,,False,风景名胜;风景名胜;寺庙道观,110205,甪直镇湖滨路666号,[],,[],[],tour,0.0,1.0,0.0,0.0,0.2,0.0,0.4,,nearby_city_phase2,outside_shanghai_municipality
B0FFL8E4CN,芦墟历史文化街区,上海,历史街区,heritage,0.888,4.2,3,吴江区,120.838317,31.006248,120.842529,31.003985,,False,风景名胜;风景名胜;风景名胜,110200,建材路与浦南路交叉口西140米,[],,汾湖,[],tour,0.0,1.0,0.0,0.0,0.2,0.0,0.4,,nearby_city_phase2,outside_shanghai_municipality
B020016D9C,崇宁古寺,上海,历史街区,heritage,0.888,4.2,3,昆山市,120.847776,31.450393,120.852005,31.44831,,False,风景名胜;风景名胜;寺庙道观,110205,巴城镇阳澄湖度假村(近阳澄湖东岸),[],,巴城,[],tour,0.0,1.0,0.0,0.0,0.2,0.0,0.4,,nearby_city_phase2,outside_shanghai_municipality
B0FFGB0WPL,杨庙禅寺,上海,历史街区,heritage,0.888,4.2,3,嘉善县,120.821291,30.853518,120.825527,30.851197,,False,风景名胜;风景名胜;寺庙道观,110205,天凝镇杨庙社区西木桥路48号,13701969386,,[],[],tour,0.0,1.0,0.0,0.0,0.2,0.0,0.4,,nearby_city_phase2,outside_shanghai_municipality
B0FFK01G1K,锦夜·青靛甪直,上海,历史街区,heritage,0.888,4.2,3,吴中区,120.873206,31.269614,120.877379,31.267435,,False,风景名胜;风景名胜;风景名胜,110200,江南文化园内(西侧),0512-65653300,,甪直,[],tour,0.0,0.9,0.0,0.0,0.2,0.0,0.4,,nearby_city_phase2,outside_shanghai_municipality
B023D03NA0,礼妙禅寺,上海,历史街区,heritage,0.888,4.2,3,嘉善县,120.845906,30.92718,120.850096,30.924857,,False,风景名胜;风景名胜;寺庙道观,110205,西塘镇礼庙村110号,[],,[],[],tour,0.0,1.0,0.0,0.0,0.2,0.0,0.4,,nearby_city_phase2,outside_shanghai_municipality
B023D0R3XE,朝尊寺,上海,历史街区,heritage,0.888,4.2,3,嘉善县,120.819691,30.9265,120.823936,30.924225,,False,风景名胜;风景名胜;寺庙道观,110205,天凝洪溪三发村,[],,[],[],tour,0.0,1.0,0.0,0.0,0.2,0.0,0.4,,nearby_city_phase2,outside_shanghai_municipality
B023D03SQ3,护国随粮王庙,上海,历史街区,heritage,0.888,4.2,3,嘉善县,120.888159,30.94459,120.892292,30.942224,,False,风景名胜;风景名胜;寺庙道观,110205,西塘镇南苑路258号西塘古镇景区,0573-84561501,,西塘,[],tour,0.0,1.0,0.0,0.0,0.2,0.0,0.4,,nearby_city_phase2,outside_shanghai_municipality
B02010UOWT,张謇故居,上海,历史街区,heritage,0.888,4.2,3,海门区,121.247534,31.932209,121.25202,31.930239,,False,风景名胜;风景名胜;纪念馆,110204,中颐路与酒厂西路交叉口东100米,[],,[],[],tour,0.0,1.0,0.0,0.0,0.2,0.0,0.4,,nearby_city_phase2,outside_shanghai_municipality
B0FFMF2R6P,九龙岛文化湿地,上海,公园,park,0.888,4.2,3,海门区,121.234248,31.94427,121.238738,31.942302,,False,风景名胜;风景名胜;风景名胜,110200,常乐镇为群村九龙岛路88号,18362165665,,[],[],tour,0.0,0.15,1.0,0.0,0.2,0.0,0.0,,nearby_city_phase2,outside_shanghai_municipality
B0FFG0286Z,黄金海滩景区-情侣沙滩,上海,历史街区,heritage,0.888,4.2,3,启东市,121.933889,31.748999,121.938053,31.746911,,False,风景名胜;风景名胜;海滩,110208,黄金海滩内(东侧),0513-69919888,,[],[],tour,0.0,0.9,0.3,0.0,0.2,0.0,0.4,,nearby_city_phase2,outside_shanghai_municipality
B020107W3Y,大雄古寺,上海,历史街区,heritage,0.888,4.2,3,启东市,121.759551,31.740686,121.763966,31.738757,,False,风景名胜;风景名胜;寺庙道观,110205,惠萍镇鸿东村10组(三激沿河路西50米),[],,[],[],tour,0.0,1.0,0.0,0.0,0.2,0.0,0.4,,nearby_city_phase2,outside_shanghai_municipality
B0FFLDV4YQ,圆陀角渔人码头旅游风景区,上海,历史街区,heritage,0.888,4.2,3,启东市,121.885395,31.689773,121.889553,31.687673,,False,风景名胜;风景名胜;风景名胜,110200,江枫路和沿江路交叉口,[],,[],[],tour,0.0,0.9,0.3,0.0,0.7,0.0,0.4,,nearby_city_phase2,outside_shanghai_municipality
B023D0R80Z,十里水乡景区,上海,历史街区,heritage,0.888,4.2,3,嘉善县,120.97924,30.783398,120.983512,30.78106,,False,风景名胜;风景名胜;风景名胜,110200,大云镇缪家村碧云花园西门近大云温泉,0573-84662771,,[],[],tour,0.0,0.9,0.3,0.0,0.2,0.0,0.4,,nearby_city_phase2,outside_shanghai_municipality
B02001727K,南广教寺,上海,历史街区,heritage,0.888,4.2,3,太仓市,121.142962,31.401206,121.147556,31.399392,,False,风景名胜;风景名胜;寺庙道观,110205,城厢镇南郊南,0512-53405096,,[],[],tour,0.0,1.0,0.0,0.0,0.2,0.0,0.4,,nearby_city_phase2,outside_shanghai_municipality
B0FFFT3OTH,长岛,上海,历史街区,heritage,0.888,4.2,3,启东市,121.465702,31.798224,121.4703,31.796382,,False,风景名胜;风景名胜;风景名胜,110200,启隆镇绿地长岛汗血马马术俱乐部北侧260米,0513-83345999,,[],[],tour,0.0,0.9,0.0,0.0,0.2,0.0,0.4,,nearby_city_phase2,outside_shanghai_municipality
B02001AHQD,延福禅寺,上海,历史街区,heritage,0.888,4.2,3,昆山市,121.001321,31.267113,121.005712,31.265107,,False,风景名胜;风景名胜;寺庙道观,110205,千灯镇尚书路1号千灯古镇内(北侧),[],,千灯,[],tour,0.0,1.0,0.0,0.0,0.2,0.0,0.4,,nearby_city_phase2,outside_shanghai_municipality
B0KA37TD9C,黄姑塘生态湿地,上海,公园,park,0.888,4.2,3,太仓市,121.148965,31.423469,121.153551,31.421651,,False,风景名胜;风景名胜;风景名胜,110200,江申大道20-2号,[],,[],[],tour,0.0,0.0,1.0,0.0,0.2,0.0,0.0,,nearby_city_phase2,outside_shanghai_municipality
B0FFFWR2HP,常阴沙花海,上海,历史街区,heritage,0.888,4.2,3,张家港市,120.800918,31.859954,120.805279,31.857948,,False,风景名胜;风景名胜;风景名胜,110200,现代农业示范园区现代农业示范园区现代农业示范园区通江路3号常阴沙生态农业旅游区,13952715319,,[],[],tour,0.0,0.9,0.0,0.0,0.2,0.0,0.4,,nearby_city_phase2,outside_shanghai_municipality
B0FFJAOXWG,大云禅寺,上海,历史街区,heritage,0.888,4.2,3,嘉善县,120.950868,30.775296,120.955052,30.772882,,False,风景名胜;风景名胜;寺庙道观|科教文化服务;科教文化场所;科教文化场所,110205|140000,西庄街28号,18094627218,,[],[],tour,0.0,1.0,0.0,0.0,0.2,0.0,0.4,,nearby_city_phase2,outside_shanghai_municipality
B0FFHD0BO4,嘉善大云旅游度假区,上海,历史街区,heritage,0.888,4.2,3,嘉善县,120.950614,30.7879,120.954798,30.785492,,False,风景名胜;风景名胜;风景名胜,110200,大云镇东部花海大道755号,0573-84654321,,[],[],tour,0.0,0.9,0.0,0.0,0.2,0.0,0.4,,nearby_city_phase2,outside_shanghai_municipality
B023D02TDZ,吴镇纪念馆,上海,历史街区,heritage,0.888,4.2,3,嘉善县,120.916177,30.841419,120.920306,30.838993,,False,风景名胜;风景名胜;纪念馆,110204,魏塘镇花园路178号,0573-84023804;0573-84033247,,魏塘,[],tour,0.0,1.0,0.0,0.0,0.2,0.6,0.6,,nearby_city_phase2,outside_shanghai_municipality
B0L2ZC3ZF6,嘉善越里,上海,历史街区,heritage,0.888,4.2,3,嘉善县,120.924675,30.802625,120.92881,30.800185,,False,风景名胜;风景名胜;风景名胜|商务住宅;商务住宅相关;商务住宅相关,110200|120000,国贸奥特莱斯,0573-84992666,,[],[],tour,0.0,0.9,0.0,0.0,0.2,0.0,0.4,,nearby_city_phase2,outside_shanghai_municipality
B0FFHD0RWP,锦溪古镇-莲池禅寺,上海,历史街区,heritage,0.888,4.2,3,昆山市,120.900705,31.171015,120.904853,31.168773,,False,风景名胜;风景名胜;寺庙道观,110205,锦溪古镇内(南侧),0512-57224669,,锦溪,[],tour,0.0,1.0,0.0,0.0,0.2,0.0,0.4,,nearby_city_phase2,outside_shanghai_municipality
B0L0LA8OIK,温度•宠物生命纪念馆,上海,历史街区,heritage,0.888,4.2,3,昆山市,120.96559,31.368808,120.969865,31.366737,,False,风景名胜;风景名胜;纪念馆,110204,柏庐南路1148号,18452081598,,玉山,[],tour,0.0,1.0,0.0,0.0,0.2,0.6,0.6,,nearby_city_phase2,outside_shanghai_municipality
B02000888Z,基督堂,上海,历史街区,heritage,0.888,4.2,3,昆山市,120.947812,31.381714,120.952038,31.379606,,False,风景名胜;风景名胜;教堂,110206,红峰路153号,[],,玉山,[],tour,0.0,0.9,0.0,0.0,0.2,0.0,0.4,,nearby_city_phase2,outside_shanghai_municipality
B02001AKRJ,昆山市道教协会张浦镇大市东岳庙,上海,历史街区,heritage,0.888,4.2,3,昆山市,120.919866,31.244543,120.924031,31.242344,,False,风景名胜;风景名胜;寺庙道观,110205,[],0512-57883339,,[],[],tour,0.0,1.0,0.3,0.0,0.7,0.0,0.4,,nearby_city_phase2,outside_shanghai_municipality
B0FFL1D2ZI,锦溪湖小沙滩(露营地),上海,历史街区,heritage,0.888,4.2,3,昆山市,120.91628,31.168535,120.920435,31.166297,,False,风景名胜;风景名胜;海滩,110208,锦溪湖大酒店对面,[],,[],[],tour,0.0,0.9,0.3,0.0,0.7,0.0,0.4,,nearby_city_phase2,outside_shanghai_municipality
B02000K8KG,太丰生态园,上海,历史街区,heritage,0.888,4.2,3,太仓市,121.07081,31.430083,121.07542,31.428298,,False,风景名胜;风景名胜;风景名胜,110200,城厢街道昆太路,0512-71103450,,[],[],tour,0.0,0.9,0.0,0.0,0.2,0.0,0.4,,nearby_city_phase2,outside_shanghai_municipality
B0FFFSMMV9,玉皇宫,上海,历史街区,heritage,0.888,4.2,3,昆山市,121.087864,31.359899,121.092487,31.358108,,False,风景名胜;风景名胜;风景名胜,110200,开发区经济技术开发区蓬溪南路288号,[],,[],[],tour,0.0,1.0,0.0,0.0,0.2,0.0,0.4,,nearby_city_phase2,outside_shanghai_municipality
B0FFJO1XT5,夏驾河湿地,上海,公园,park,0.888,4.2,3,昆山市,121.046465,31.397341,121.051019,31.395505,,False,风景名胜;风景名胜;风景名胜,110200,中南世纪城东边,[],,[],[],tour,0.0,0.0,1.0,0.0,0.7,0.0,0.0,,nearby_city_phase2,outside_shanghai_municipality
B02000IR65,天主堂,上海,历史街区,heritage,0.888,4.2,3,昆山市,121.048332,31.316823,121.052884,31.314965,,False,风景名胜;风景名胜;教堂,110206,陆家浜教堂路8号,[],,[],[],tour,0.0,0.9,0.0,0.0,0.2,0.0,0.4,,nearby_city_phase2,outside_shanghai_municipality
B0H36LXJ9K,东林小火车,上海,历史街区,heritage,0.888,4.2,3,太仓市,121.087958,31.523335,121.092596,31.521581,,False,风景名胜;风景名胜;风景名胜,110200,东林路与太沙线交叉口东北220米,[],,[],[],tour,0.0,0.9,0.0,0.0,0.2,0.0,0.4,,nearby_city_phase2,outside_shanghai_municipality
B0LGFHJ092,淀山湖老街,上海,历史街区,heritage,0.888,4.2,3,昆山市,121.027855,31.184339,121.032334,31.182372,,False,风景名胜;风景名胜;风景名胜,110200,淀山湖镇老街西大街,0512-69823030,,[],[],tour,0.0,0.9,0.3,0.0,0.7,0.0,0.4,,nearby_city_phase2,outside_shanghai_municipality
B0FFH68U51,平湖市福源禅寺,上海,历史街区,heritage,0.888,4.2,3,平湖市,121.07248,30.82351,121.07704,30.821428,,False,风景名胜;风景名胜;寺庙道观,110205,杨庄浜村32组,0573-85601185;13819327193,,[],[],tour,0.0,1.0,0.3,0.0,0.7,0.0,0.4,,nearby_city_phase2,outside_shanghai_municipality
B0FFI72X77,能达生态通廊,上海,历史街区,heritage,0.888,4.2,3,崇川区,120.969965,31.93023,120.974301,31.928169,,False,风景名胜;风景名胜;风景名胜|体育休闲服务;体育休闲服务场所;体育休闲服务场所,110200|080000,怡达路与龙腾路交汇处西北角,[],,[],[],tour,0.0,0.9,0.0,0.0,0.2,0.0,0.4,,nearby_city_phase2,outside_shanghai_municipality
B02000I3QO,张泾天主堂,上海,历史街区,heritage,0.874,4.1,3,太仓市,121.013118,31.584794,121.01758,31.582901,,False,风景名胜;风景名胜;教堂,110206,沙溪镇虹桥村43组3号,17888110198,,[],[],tour,0.0,0.9,0.0,0.0,0.2,0.0,0.4,,nearby_city_phase2,outside_shanghai_municipality
B0IRA5XO7T,钟埭老街,上海,历史街区,heritage,0.874,4.1,3,平湖市,120.993755,30.768025,120.998077,30.765722,,False,风景名胜;风景名胜;风景名胜,110200,兴钟路52-56号,[],,[],[],tour,0.0,0.9,0.0,0.0,0.2,0.0,0.4,,nearby_city_phase2,outside_shanghai_municipality
B020015WOX,法灯禅寺,上海,历史街区,heritage,0.874,4.1,3,常熟市,121.010266,31.664746,121.014724,31.662844,,False,风景名胜;风景名胜;寺庙道观,110205,支塘镇何北村盛家巷60号,0512-52548806,,[],[],tour,0.0,1.0,0.0,0.0,0.2,0.0,0.4,,nearby_city_phase2,outside_shanghai_municipality
B0FFGA4A4X,胡石予故居纪念馆,上海,历史街区,heritage,0.874,4.1,3,昆山市,121.093929,31.37986,121.098558,31.378077,,False,风景名胜;风景名胜;纪念馆,110204,昆山市开发区栈泾东路1号(原蓬朗镇老派出所),[],,[],[],tour,0.0,1.0,0.0,0.0,0.2,0.6,0.6,,nearby_city_phase2,outside_shanghai_municipality
B020015YFR,碧溪清凉禅寺,上海,历史街区,heritage,0.874,4.1,3,常熟市,120.989279,31.714904,120.993664,31.712935,,False,风景名胜;风景名胜;寺庙道观,110205,东吴路与清凉东路交叉口东北160米,[],,[],[],tour,0.0,1.0,0.0,0.0,0.2,0.0,0.4,,nearby_city_phase2,outside_shanghai_municipality
B0FFM11JZU,唯亭镇报恩寺,上海,历史街区,heritage,0.874,4.1,3,吴中区,120.807779,31.363514,120.812085,31.361481,,False,风景名胜;风景名胜;寺庙道观,110205,苏州工业园区金陵东路276号,0512-67249915,,苏州工业园区,[],tour,0.0,1.0,0.0,0.0,0.2,0.0,0.4,,nearby_city_phase2,outside_shanghai_municipality
B02000IFA3,清真寺,上海,历史街区,heritage,0.874,4.1,3,太仓市,121.093864,31.459492,121.098499,31.45773,,False,风景名胜;风景名胜;回教寺,110207,长泾路与古塘街交叉口东北180米,15250140653,,太仓,[],tour,0.0,1.0,0.0,0.0,0.2,0.0,0.4,,nearby_city_phase2,outside_shanghai_municipality
B0FFF3SZ1N,普光寺,上海,历史街区,heritage,0.874,4.1,3,南湖区,120.823925,30.689422,120.828142,30.687009,,False,风景名胜;风景名胜;寺庙道观,110205,317村道南50米,[],,[],[],tour,0.0,1.0,0.0,0.0,0.2,0.0,0.4,,nearby_city_phase2,outside_shanghai_municipality
B0KDBUYLOO,太仓卫城墙,上海,历史街区,heritage,0.874,4.1,3,太仓市,121.244968,31.595486,121.249425,31.593558,,False,风景名胜;风景名胜;风景名胜,110200,南环路1号,[],,[],[],tour,0.0,0.9,0.0,0.0,0.2,0.0,0.4,,nearby_city_phase2,outside_shanghai_municipality
B023D02TFL,案山晓翠,上海,历史街区,heritage,0.874,4.1,3,平湖市,121.029577,30.695544,121.034021,30.693309,,False,风景名胜;风景名胜;风景名胜,110200,环东湖绿道内(南侧),[],,平湖,[],tour,0.0,0.9,0.3,0.0,0.7,0.0,0.4,,nearby_city_phase2,outside_shanghai_municipality
B0FFF4VZ2J,郑和纪念馆,上海,历史街区,heritage,0.874,4.1,3,太仓市,121.246601,31.598253,121.251058,31.596325,,False,风景名胜;风景名胜;纪念馆,110204,南环路1号郑和公园,0512-53232222;0512-53611908,,[],[],tour,0.0,1.0,0.0,0.0,0.2,0.6,0.6,,nearby_city_phase2,outside_shanghai_municipality
B0200061F0,飘香园,上海,历史街区,heritage,0.874,4.1,3,常熟市,120.855097,31.546784,120.85932,31.544703,,False,风景名胜;风景名胜;风景名胜,110200,万安街14号沙家浜唐市古镇,[],,[],[],tour,0.0,0.9,0.0,0.0,0.2,0.0,0.4,,nearby_city_phase2,outside_shanghai_municipality
B0FFFGY0BA,城隍庙,上海,历史街区,heritage,0.98,4.1,3,平湖市,121.022289,30.700144,121.026708,30.697891,豫园,False,风景名胜;风景名胜;寺庙道观,110205,水洞埭83号,[],,当湖,[],tour,0.0,0.9,0.0,0.5,0.8,0.0,0.4,,nearby_city_phase2,outside_shanghai_municipality
B02010UMA0,天主堂,上海,历史街区,heritage,0.874,4.1,3,崇川区,120.888867,31.956488,120.893083,31.954326,,False,风景名胜;风景名胜;教堂|政府机构及社会团体;社会团体;社会团体相关,110206|130400,狼山城山路212号,0513-85705036,,狼山,[],tour,0.0,0.9,0.0,0.0,0.2,0.0,0.4,,nearby_city_phase2,outside_shanghai_municipality
B0J1V7BMU0,沙家浜唐市古镇,上海,历史街区,heritage,0.874,4.1,3,常熟市,120.855222,31.545325,120.859445,31.543244,,False,风景名胜;风景名胜;风景名胜,110200,万安街14号,[],,[],[],tour,0.0,1.0,0.0,0.0,0.2,0.0,0.4,,nearby_city_phase2,outside_shanghai_municipality
B0FFKOZLKR,阳澄蟹村林石嘴,上海,历史街区,heritage,0.874,4.1,3,昆山市,120.838788,31.427331,120.843034,31.425258,,False,风景名胜;风景名胜;风景名胜,110200,巴城镇,13584911268,,[],[],tour,0.0,0.9,0.0,0.0,0.2,0.0,0.4,,nearby_city_phase2,outside_shanghai_municipality
B0FFG6XSNB,穿山寺,上海,历史街区,heritage,0.874,4.1,3,太仓市,121.098825,31.613297,121.103475,31.611552,,False,风景名胜;风景名胜;寺庙道观,110205,凡山附近,[],,[],[],tour,0.0,1.0,0.3,0.0,0.7,0.0,0.4,,nearby_city_phase2,outside_shanghai_municipality
B0FFGKOYUO,苏通大桥观景台,上海,历史街区,heritage,0.874,4.1,3,崇川区,120.995988,31.810106,121.000406,31.808145,,False,风景名胜;风景名胜;观景点,110209,苏通乐园,[],,[],[],tour,0.0,0.9,0.0,0.0,0.7,0.0,0.4,,nearby_city_phase2,outside_shanghai_municipality
B0FFG3GXI1,崇恩观,上海,历史街区,heritage,0.874,4.1,3,昆山市,121.033127,31.330414,121.037636,31.328525,,False,风景名胜;风景名胜;寺庙道观,110205,陆家镇西岳路48号,[],,陆家,[],tour,0.0,0.9,0.0,0.0,0.2,0.0,0.4,,nearby_city_phase2,outside_shanghai_municipality
B0FFKNG5X5,花桥基督教堂主恩堂,上海,历史街区,heritage,0.874,4.1,3,昆山市,121.086875,31.313188,121.091494,31.31138,,False,风景名胜;风景名胜;教堂,110206,花园路399号,[],,[],[],tour,0.0,0.9,0.0,0.0,0.2,0.0,0.4,,nearby_city_phase2,outside_shanghai_municipality
B02000JTT5,吉祥禅寺,上海,历史街区,heritage,0.874,4.1,3,常熟市,120.879025,31.696112,120.883227,31.694001,,False,风景名胜;风景名胜;寺庙道观,110205,梅李镇梅南村,0512-52666845,,[],[],tour,0.0,1.0,0.0,0.0,0.2,0.0,0.4,,nearby_city_phase2,outside_shanghai_municipality
B02001AKI3,周庄古镇-新牌楼,上海,历史街区,heritage,0.874,4.1,3,昆山市,120.845392,31.115905,120.849598,31.113692,,False,风景名胜;风景名胜;风景名胜,110200,周庄镇全福路138号周庄古镇内(西侧),[],,[],[],tour,0.0,1.0,0.0,0.0,0.2,0.0,0.4,,nearby_city_phase2,outside_shanghai_municipality
B020001BF2,甪直古镇-叶圣陶纪念馆,上海,历史街区,heritage,0.874,4.1,3,吴中区,120.871654,31.269503,120.875829,31.267326,,False,风景名胜;风景名胜;纪念馆,110204,甪直风景区保圣寺内,0512-65010011,,甪直,[],tour,0.0,1.0,0.0,0.0,0.2,0.6,0.6,,nearby_city_phase2,outside_shanghai_municipality
B0FFF67KLV,城隍庙(芦墟),上海,历史街区,heritage,0.97,4.1,3,吴江区,120.839041,31.002878,120.843251,31.000612,豫园,False,风景名胜;风景名胜;寺庙道观,110205,东南街13号,[],,[],[],tour,0.0,1.0,0.0,0.0,0.2,0.0,0.4,,nearby_city_phase2,outside_shanghai_municipality
B020005MQY,东禅寺,上海,历史街区,heritage,0.874,4.1,3,昆山市,120.972034,31.369481,120.976329,31.367427,,False,风景名胜;风景名胜;寺庙道观,110205,珠江南路571号,[],,玉山,[],tour,0.0,1.0,0.0,0.0,0.2,0.0,0.4,,nearby_city_phase2,outside_shanghai_municipality
B0HRG5AS2E,启东市曹家镇天主教堂,上海,历史街区,heritage,0.874,4.1,3,启东市,121.649867,31.921437,121.654174,31.919341,,False,风景名胜;风景名胜;教堂,110206,曹家镇,[],,[],[],tour,0.0,0.9,0.0,0.0,0.2,0.0,0.4,,nearby_city_phase2,outside_shanghai_municipality
B0HU2DTP40,民丰村景区,上海,历史街区,heritage,0.874,4.1,3,南湖区,120.934006,30.723491,120.938149,30.72102,,False,风景名胜;风景名胜;风景名胜,110200,[],[],,[],[],tour,0.0,0.9,0.3,0.0,0.2,0.0,0.4,,nearby_city_phase2,outside_shanghai_municipality
B0KK7MO29Y,元荡生态绿道,上海,历史街区,heritage,0.874,4.1,3,吴江区,120.890444,31.077656,120.894587,31.075366,,False,风景名胜;风景名胜;风景名胜,110200,金商公路1545号,[],,[],[],tour,0.0,0.9,0.0,0.0,0.2,0.0,0.4,,nearby_city_phase2,outside_shanghai_municipality
B0HGGCVMXM,铁黄沙,上海,历史街区,heritage,0.874,4.1,3,常熟市,120.849605,31.793547,120.853859,31.791465,,False,风景名胜;风景名胜;风景名胜,110200,海虞镇望虞河口外侧,[],,[],[],tour,0.0,0.9,0.0,0.0,0.2,0.0,0.4,,nearby_city_phase2,outside_shanghai_municipality
B020006GMG,智林寺,上海,历史街区,heritage,0.874,4.1,3,常熟市,120.951461,31.673895,120.95572,31.67183,,False,风景名胜;风景名胜;寺庙道观,110205,塘南西路与华林路交叉口北100米,[],,[],[],tour,0.0,1.0,0.0,0.0,0.2,0.0,0.4,,nearby_city_phase2,outside_shanghai_municipality
B0FFL1ZXDH,全福讲寺(装修中),上海,历史街区,heritage,0.874,4.1,3,昆山市,120.849886,31.110761,120.854083,31.108537,,False,风景名胜;风景名胜;寺庙道观,110205,全福路138号周庄古镇内(南侧),0512-57211784,,[],[],tour,0.0,1.0,0.0,0.0,0.2,0.0,0.4,,nearby_city_phase2,outside_shanghai_municipality
B0FFGLWZF5,玉龙寺,上海,历史街区,heritage,0.874,4.1,3,启东市,121.902368,31.705948,121.906514,31.703841,,False,风景名胜;风景名胜;寺庙道观,110205,圆陀角旅游度假区海靖路199号,18914384761,,[],[],tour,0.0,1.0,0.0,0.0,0.2,0.0,0.4,,nearby_city_phase2,outside_shanghai_municipality
B0KUBLYRDL,尚明甸村景观塔,上海,历史街区,heritage,0.874,4.1,3,昆山市,120.969398,31.202228,120.973671,31.200099,,False,风景名胜;风景名胜;风景名胜,110200,尚明甸路与陶尚路交叉口东北440米,[],,[],[],tour,0.0,0.9,0.0,0.0,0.7,0.0,0.4,,nearby_city_phase2,outside_shanghai_municipality
B023D0R4NG,黎林禅寺,上海,历史街区,heritage,0.874,4.1,3,南湖区,120.930539,30.695668,120.934674,30.693179,,False,风景名胜;风景名胜;寺庙道观,110205,新丰镇横港村,[],,[],[],tour,0.0,1.0,0.0,0.0,0.2,0.0,0.4,,nearby_city_phase2,outside_shanghai_municipality
B0KATAHA2T,太仓市城隍庙,上海,历史街区,heritage,0.97,4.1,3,太仓市,121.103396,31.413953,121.108029,31.41218,豫园,False,风景名胜;风景名胜;寺庙道观,110205,西新路1号,[],,[],[],tour,0.0,1.0,0.0,0.0,0.2,0.0,0.4,,nearby_city_phase2,outside_shanghai_municipality
B0FFGJCPUJ,一宿禅院,上海,历史街区,heritage,0.874,4.1,3,昆山市,120.961825,31.42389,120.966093,31.421825,,False,风景名胜;风景名胜;寺庙道观,110205,玉山镇新乐村,[],,玉山,[],tour,0.0,0.9,0.0,0.0,0.2,0.0,0.4,,nearby_city_phase2,outside_shanghai_municipality
B0FFLGXMQ3,城皇庙,上海,历史街区,heritage,0.874,4.1,3,昆山市,121.008755,31.35114,121.013181,31.349189,,False,风景名胜;风景名胜;回教寺,110207,黄浦江中路与朝阳东路交叉口西南300米,[],,[],[],tour,0.0,1.0,0.0,0.0,0.2,0.0,0.4,,nearby_city_phase2,outside_shanghai_municipality
B023D03NVZ,古药师禅寺,上海,历史街区,heritage,0.874,4.1,3,嘉善县,120.893135,30.940577,120.897266,30.938206,,False,风景名胜;风景名胜;寺庙道观,110205,西塘镇西塘风景区西塘镇宏福路188号,0573-84566425,,西塘,[],tour,0.0,1.0,0.0,0.0,0.2,0.0,0.4,,nearby_city_phase2,outside_shanghai_municipality
B0FFFVC86N,长寿禅寺,上海,历史街区,heritage,0.874,4.1,3,嘉善县,120.941041,30.929523,120.945214,30.927178,,False,风景名胜;风景名胜;寺庙道观,110205,干窑镇胡家埭村长寿寺路,0573-84517532,,[],[],tour,0.0,1.0,0.0,0.0,0.2,0.0,0.4,,nearby_city_phase2,outside_shanghai_municipality
B0FFLEKZJH,祥符亭,上海,历史街区,heritage,0.874,4.1,3,嘉善县,120.923331,30.955015,120.927476,30.952662,,False,风景名胜;风景名胜;风景名胜,110200,中兴路,[],,[],[],tour,0.0,0.9,0.0,0.0,0.2,0.0,0.4,,nearby_city_phase2,outside_shanghai_municipality
B0FFF9G5VZ,南通壹城江山门,上海,历史街区,heritage,0.874,4.1,3,崇川区,120.909038,31.943232,120.913252,31.941071,,False,风景名胜;风景名胜;风景名胜,110200,工农南路18号南通·壹城932号,0513-66889999,,狼山,[],tour,0.0,0.9,0.3,0.0,0.7,0.0,0.4,,nearby_city_phase2,outside_shanghai_municipality
B023D0Q5ZO,莲花禅寺,上海,历史街区,heritage,0.874,4.1,3,嘉善县,120.967935,30.930808,120.972181,30.928523,,False,风景名胜;风景名胜;寺庙道观,110205,姚庄镇展幸村,[],,[],[],tour,0.0,1.0,0.0,0.0,0.2,0.0,0.4,,nearby_city_phase2,outside_shanghai_municipality
B0KK5UD3CB,文殊院,上海,历史街区,heritage,0.86,4.0,3,崇川区,120.894345,31.947087,120.898558,31.944925,,False,风景名胜;风景名胜;寺庙道观,110205,剑山路1号,[],,狼山,[],tour,0.0,0.9,0.0,0.0,0.2,0.0,0.4,,nearby_city_phase2,outside_shanghai_municipality
B02000JV5M,法华禅寺,上海,历史街区,heritage,0.86,4.0,3,常熟市,120.941399,31.726983,120.945639,31.724894,,False,风景名胜;风景名胜;寺庙道观,110205,草庵禅院,0512-52692057,,[],[],tour,0.0,1.0,0.0,0.0,0.2,0.0,0.4,,nearby_city_phase2,outside_shanghai_municipality
B0FFJ08PJB,海潮寺,上海,历史街区,heritage,0.86,4.0,3,启东市,121.492315,31.864165,121.496829,31.862237,,False,风景名胜;风景名胜;寺庙道观,110205,北新镇建新路288号,0513-83894761,,[],[],tour,0.0,1.0,0.0,0.0,0.2,0.0,0.4,,nearby_city_phase2,outside_shanghai_municipality
B0200176VE,观音净院,上海,历史街区,heritage,0.86,4.0,3,昆山市,120.970626,31.358122,120.974916,31.356061,,False,风景名胜;风景名胜;寺庙道观,110205,衡山路138-16号,0512-57091036,,玉山,[],tour,0.0,0.9,0.0,0.0,0.2,0.0,0.4,,nearby_city_phase2,outside_shanghai_municipality
B0J21AACDU,农趣萌宠馆(太仓现代农业园店),上海,历史街区,heritage,0.86,4.0,3,太仓市,121.175406,31.547655,121.17995,31.54581,,False,风景名胜;风景名胜;风景名胜,110200,新港公路农业园区,[],,[],[],tour,0.0,0.9,0.0,0.0,0.2,0.0,0.4,,nearby_city_phase2,outside_shanghai_municipality
B0FFHG7WB7,王埭禅寺,上海,历史街区,heritage,0.86,4.0,3,嘉善县,120.978721,30.816554,120.982993,30.814233,,False,风景名胜;风景名胜;寺庙道观,110205,东孙家浜6号,[],,[],[],tour,0.0,1.0,0.0,0.0,0.2,0.0,0.4,,nearby_city_phase2,outside_shanghai_municipality
B0FFGAEEHW,莲花岛-药师庙,上海,历史街区,heritage,0.86,4.0,3,相城区,120.817862,31.469923,120.822156,31.467899,,False,风景名胜;风景名胜;寺庙道观,110205,阳澄湖镇莲花村西洋村相石路30号莲花岛(东北角),[],,阳澄湖,[],tour,0.0,1.0,0.0,0.0,0.2,0.0,0.4,,nearby_city_phase2,outside_shanghai_municipality
B0HUL56875,红色转角湾,上海,历史街区,heritage,0.86,4.0,3,平湖市,121.255901,30.71923,121.260285,30.716925,,False,风景名胜;风景名胜;风景名胜,110200,穗中路博升工艺南侧,[],,[],[],tour,0.0,0.9,0.0,0.0,0.2,0.0,0.4,,nearby_city_phase2,outside_shanghai_municipality
B0J0MZTNY4,啧噢村古银杏,上海,历史街区,heritage,0.86,4.0,3,昆山市,121.023793,31.165096,121.028257,31.163108,,False,风景名胜;风景名胜;风景名胜,110200,永字路与永利路交叉口南380米,[],,[],[],tour,0.0,1.0,0.0,0.0,0.2,0.0,0.4,,nearby_city_phase2,outside_shanghai_municipality
B0G0GMH573,城隍庙,上海,历史街区,heritage,0.98,4.0,3,太仓市,121.098877,31.468401,121.103515,31.466641,豫园,False,风景名胜;风景名胜;寺庙道观,110205,兰州路与毛太路交叉口西50米,[],,太仓,[],tour,0.0,0.9,0.0,0.5,0.8,0.0,0.4,,nearby_city_phase2,outside_shanghai_municipality
B0G1YCTVGJ,尚明甸稻田艺术,上海,历史街区,heritage,0.86,4.0,3,昆山市,120.968508,31.200847,120.972778,31.198715,,False,风景名胜;风景名胜;风景名胜,110200,张浦镇尚明甸村,0512-65882959,,[],[],tour,0.0,0.9,0.0,0.0,0.2,0.0,0.4,,nearby_city_phase2,outside_shanghai_municipality
B020016JEL,千步湖,上海,历史街区,heritage,0.86,4.0,3,太仓市,121.168809,31.503716,121.173363,31.501878,,False,风景名胜;风景名胜;风景名胜,110200,陆渡街道339省道张桥村10号组,13913783109,,[],[],tour,0.0,0.9,0.3,0.0,0.7,0.0,0.4,,nearby_city_phase2,outside_shanghai_municipality
B0FFF5SUMM,嘉兴真实禅寺,上海,历史街区,heritage,0.86,4.0,3,南湖区,120.965273,30.701936,120.969492,30.699518,,False,风景名胜;风景名胜;寺庙道观,110205,新丰镇乌桥村,[],,[],[],tour,0.0,1.0,0.0,0.0,0.2,0.0,0.4,,nearby_city_phase2,outside_shanghai_municipality
B0FFGQ20U9,天主教杭州教区平湖天主堂,上海,历史街区,heritage,0.86,4.0,3,平湖市,121.010596,30.70975,121.014975,30.707468,,False,风景名胜;风景名胜;教堂,110206,兴平路37号,0573-85090024,,[],[],tour,0.0,0.9,0.3,0.0,0.7,0.0,0.4,,nearby_city_phase2,outside_shanghai_municipality
B02001AKBB,长寿寺,上海,历史街区,heritage,0.86,4.0,3,太仓市,121.060225,31.569794,121.064827,31.568015,,False,风景名胜;风景名胜;寺庙道观,110205,沙溪镇,[],,[],[],tour,0.0,1.0,0.0,0.0,0.2,0.0,0.4,,nearby_city_phase2,outside_shanghai_municipality
B0FFHM3SC1,曹庄基督教堂,上海,历史街区,heritage,0.86,4.0,3,南湖区,120.817959,30.710035,120.82219,30.707643,,False,风景名胜;风景名胜;教堂,110206,322村道与亚欧路交叉口西南60米,[],,[],[],tour,0.0,0.9,0.0,0.0,0.2,0.0,0.4,,nearby_city_phase2,outside_shanghai_municipality
B0LR2A4A0E,湘家荡光影嬉水沙滩,上海,历史街区,heritage,0.86,4.0,3,南湖区,120.813887,30.809978,120.818135,30.807646,,False,风景名胜;风景名胜;海滩,110208,七星镇兴星路518号月亮湾沙滩(东北角),15257383138,,[],[],tour,0.0,0.9,0.0,0.0,0.2,0.0,0.4,,nearby_city_phase2,outside_shanghai_municipality
B0KRKLF854,正仪火车站旧址,上海,历史街区,heritage,0.86,4.0,3,昆山市,120.85333,31.378758,120.857543,31.376647,,False,风景名胜;风景名胜;风景名胜,110200,Y201(下塘街),[],,[],[],tour,0.0,0.9,0.0,0.0,0.2,0.0,0.4,,nearby_city_phase2,outside_shanghai_municipality
B023D01C2M,刘公祠,上海,历史街区,heritage,0.86,4.0,3,平湖市,121.106343,30.782783,121.110921,30.780692,,False,风景名胜;风景名胜;寺庙道观,110205,宋街,[],,[],[],tour,0.0,1.0,0.0,0.0,0.2,0.0,0.4,,nearby_city_phase2,outside_shanghai_municipality
B0JG0M4UQV,达芬奇花园,上海,历史街区,heritage,0.86,4.0,3,嘉善县,120.847886,30.869427,120.852068,30.867066,,False,风景名胜;风景名胜;风景名胜,110200,洪三线与长翁线交叉口南420米,13321966862,,[],[],tour,0.0,0.9,0.3,0.0,0.2,0.0,0.4,,nearby_city_phase2,outside_shanghai_municipality
B0FFHC3B7Q,草鞋山遗址公园-老重元寺,上海,公园,park,0.86,4.0,3,吴中区,120.798254,31.371942,120.802579,31.369927,,False,风景名胜;风景名胜;寺庙道观,110205,阳澄湖大道草鞋山考古遗址公园(西南角),[],,苏州工业园区,[],tour,0.0,0.15,1.0,0.0,0.7,0.0,0.0,,nearby_city_phase2,outside_shanghai_municipality
B0FFJ3URT1,丽泽公园,上海,公园,park,0.86,4.0,3,昆山市,120.951754,31.376388,120.955989,31.374287,,False,风景名胜;风景名胜;风景名胜,110200,震川西路188号,[],,玉山,[],tour,0.0,0.0,1.0,0.0,0.2,0.0,0.0,,nearby_city_phase2,outside_shanghai_municipality
B0200014B3,张溥故居,上海,历史街区,heritage,0.86,4.0,3,太仓市,121.101316,31.444748,121.105952,31.442983,,False,风景名胜;风景名胜;纪念馆,110204,新华西路57号,0512-53103354,,太仓,[],tour,0.0,1.0,0.0,0.0,0.2,0.0,0.4,,nearby_city_phase2,outside_shanghai_municipality
B0FFMD9WAT,陆稼书家族祠堂,上海,历史街区,heritage,0.86,4.0,3,平湖市,121.120412,30.844354,121.124987,30.842288,,False,风景名胜;风景名胜;风景名胜,110200,新埭镇泖口,[],,[],[],tour,0.0,1.0,0.0,0.0,0.2,0.0,0.4,,nearby_city_phase2,outside_shanghai_municipality
B0KACSFFFT,基督教堂,上海,历史街区,heritage,0.86,4.0,3,嘉善县,120.904836,30.830363,120.908957,30.827927,,False,风景名胜;风景名胜;教堂,110206,兴贤路与开发路交叉口西南100米,[],,[],[],tour,0.0,0.9,0.0,0.0,0.2,0.0,0.4,,nearby_city_phase2,outside_shanghai_municipality
B0KKM5K5DH,澄湖湾瞭望塔,上海,历史街区,heritage,0.86,4.0,3,吴江区,120.812059,31.165401,120.81634,31.163276,,False,风景名胜;风景名胜;风景名胜,110200,同里国家湿地公园(东北角),[],,[],[],tour,0.0,0.9,0.3,0.0,0.7,0.0,0.4,,nearby_city_phase2,outside_shanghai_municipality
B0L6X73IVM,西塘天下第一面,上海,历史街区,heritage,0.86,4.0,3,嘉善县,120.901148,30.82724,120.905269,30.824802,,False,风景名胜;风景名胜;风景名胜,110200,环西南路685号,[],23.0,[],[],tour,0.0,0.9,0.0,0.0,0.2,0.0,0.4,,nearby_city_phase2,outside_shanghai_municipality
B0FFG6QHMJ,周庄古镇-叶楚伧故居,上海,历史街区,heritage,0.86,4.0,3,昆山市,120.849695,31.11207,120.853893,31.109847,,False,风景名胜;风景名胜;纪念馆,110204,周庄风景区西湾街19号(近梯云桥),0512-57212309,,[],[],tour,0.0,1.0,0.0,0.0,0.2,0.0,0.4,,nearby_city_phase2,outside_shanghai_municipality
B023D0PO3B,天主教杭州教区嘉善天主堂,上海,历史街区,heritage,0.86,4.0,3,嘉善县,120.922256,30.834603,120.92639,30.832178,,False,风景名胜;风景名胜;教堂,110206,车站南路480号,[],,[],[],tour,0.0,0.9,0.0,0.0,0.2,0.0,0.4,,nearby_city_phase2,outside_shanghai_municipality
B0LD75Y25Q,摇城遗址,上海,历史街区,heritage,0.86,4.0,3,吴中区,120.799335,31.224376,120.803645,31.222301,,False,风景名胜;风景名胜;风景名胜,110200,金澄湖路64号,[],,[],[],tour,0.0,1.0,0.0,0.0,0.2,0.0,0.4,,nearby_city_phase2,outside_shanghai_municipality
B0HU2DUZ74,由桥村景区,上海,历史街区,heritage,0.86,4.0,3,南湖区,120.887294,30.699882,120.891408,30.697381,,False,风景名胜;风景名胜;风景名胜,110200,[],[],,[],[],tour,0.0,0.9,0.3,0.0,0.2,0.0,0.4,,nearby_city_phase2,outside_shanghai_municipality
B023D0R4MA,西塘古镇景区-圣堂,上海,历史街区,heritage,0.86,4.0,3,嘉善县,120.896925,30.945004,120.901055,30.942635,,False,风景名胜;风景名胜;教堂,110206,西塘镇西塘景区烧香港北街53号,0573-84564161;0573-84567890,,西塘,[],tour,0.0,1.0,0.3,0.0,0.2,0.0,0.4,,nearby_city_phase2,outside_shanghai_municipality
B0LUYHUZQ4,聚和斋,上海,历史街区,heritage,0.86,4.0,3,嘉善县,120.888368,30.944588,120.892501,30.942222,,False,风景名胜;风景名胜;风景名胜,110200,西塘古镇景区塔湾街71号,[],,西塘,[],tour,0.0,0.9,0.0,0.0,0.2,0.0,0.4,,nearby_city_phase2,outside_shanghai_municipality
B023D02TME,圆觉禅寺,上海,历史街区,heritage,0.86,4.0,3,嘉善县,120.812857,30.973925,120.81712,30.97169,,False,风景名胜;风景名胜;寺庙道观,110205,陶庄镇圆觉路1号,0573-84866234,,[],[],tour,0.0,1.0,0.0,0.0,0.2,0.0,0.4,,nearby_city_phase2,outside_shanghai_municipality
B0FFHDY7LJ,王韬纪念馆,上海,历史街区,heritage,0.86,4.0,3,吴中区,120.8738,31.270808,120.877972,31.268629,,False,风景名胜;风景名胜;纪念馆,110204,甪直镇甪直风景区西汇上塘23号,0512-69007900,,甪直,[],tour,0.0,1.0,0.0,0.0,0.2,0.6,0.6,,nearby_city_phase2,outside_shanghai_municipality
B0L0NCSCS9,南湖秋月园,上海,历史街区,heritage,0.86,4.0,3,昆山市,120.85126,31.111453,120.855455,31.109227,,False,风景名胜;风景名胜;风景名胜,110200,富贵路与银子浜路交叉口西300米,[],,[],[],tour,0.0,0.9,0.3,0.0,0.7,0.0,0.4,,nearby_city_phase2,outside_shanghai_municipality
B0FFKKT0OP,侵华日军芦莘厍周大屠杀遇难同胞纪念馆,上海,历史街区,heritage,0.86,4.0,3,吴江区,120.846113,31.005593,120.850309,31.003316,,False,风景名胜;风景名胜;纪念馆,110204,夫子浜纪念馆,13912768019,,[],[],tour,0.0,1.0,0.0,0.0,0.2,0.6,0.6,,nearby_city_phase2,outside_shanghai_municipality
B0FFKYQFS8,淀山湖教堂,上海,历史街区,heritage,0.86,4.0,3,昆山市,121.028066,31.186442,121.032546,31.184477,,False,风景名胜;风景名胜;教堂,110206,中市路558号,[],,[],[],tour,0.0,0.9,0.3,0.0,0.7,0.0,0.4,,nearby_city_phase2,outside_shanghai_municipality
B0200074VB,昆山市小横塘天主堂,上海,历史街区,heritage,0.86,4.0,3,昆山市,120.958065,31.355458,120.962316,31.353364,,False,风景名胜;风景名胜;教堂,110206,中华园路1558号,[],,玉山,[],tour,0.0,0.9,0.3,0.0,0.7,0.0,0.4,,nearby_city_phase2,outside_shanghai_municipality
B0FFF0FTSQ,亭林园玉峰山门,上海,历史街区,heritage,0.86,4.0,3,昆山市,120.951374,31.391203,120.95561,31.389105,,False,风景名胜;风景名胜;风景名胜,110200,拱辰路,0512-57510923,,玉山,[],tour,0.0,0.9,0.3,0.0,0.7,0.0,0.4,,nearby_city_phase2,outside_shanghai_municipality
B0FFFF6WJW,中山纪念堂,上海,历史街区,heritage,0.86,4.0,3,昆山市,120.959433,31.37871,120.96369,31.376627,,False,风景名胜;风景名胜;纪念馆,110204,南后街下塘18号,[],,人民路,[],tour,0.0,1.0,0.3,0.0,0.7,0.0,0.4,,nearby_city_phase2,outside_shanghai_municipality
B0FFGA26QV,长江口旅游度假区,上海,历史街区,heritage,0.86,4.0,3,太仓市,121.2909,31.496994,121.295388,31.495087,,False,风景名胜;风景名胜;风景名胜,110200,滨江南路附近,[],,[],[],tour,0.0,0.9,0.0,0.0,0.7,0.0,0.4,,nearby_city_phase2,outside_shanghai_municipality
B020104MQO,极乐寺,上海,历史街区,heritage,0.86,4.0,3,启东市,121.840999,31.799514,121.845254,31.797461,,False,风景名胜;风景名胜;寺庙道观,110205,启东六滧河路,0513-83755563,,[],[],tour,0.0,1.0,0.0,0.0,0.2,0.0,0.4,,nearby_city_phase2,outside_shanghai_municipality
B0FFF0FZHN,亭林园-顾炎武纪念馆,上海,历史街区,heritage,0.86,4.0,3,昆山市,120.952214,31.39203,120.956452,31.389934,,False,风景名胜;风景名胜;纪念馆,110204,马鞍山东路1号亭林园内(东侧),0512-57510923,,玉山,[],tour,0.0,1.0,0.0,0.0,0.2,0.6,0.6,,nearby_city_phase2,outside_shanghai_municipality
B0FFIMXTUW,圆通禅院,上海,历史街区,heritage,0.86,4.0,3,相城区,120.810064,31.490717,120.814376,31.488711,,False,风景名胜;风景名胜;寺庙道观,110205,阳澄湖镇车渡村,[],,[],[],tour,0.0,0.9,0.0,0.0,0.2,0.0,0.4,,nearby_city_phase2,outside_shanghai_municipality
B0FFLN4E2Y,黄金海滩景区沙地观景台,上海,历史街区,heritage,0.86,4.0,3,启东市,121.928453,31.749724,121.932611,31.747629,,False,风景名胜;风景名胜;观景点,110209,圆陀角旅游度假区黄金海滩景区,[],,[],[],tour,0.0,0.9,0.3,0.0,0.7,0.0,0.4,,nearby_city_phase2,outside_shanghai_municipality
B0FFL8GFQB,韩世忠纪念馆,上海,历史街区,heritage,0.86,4.0,3,昆山市,121.058249,31.22117,121.062817,31.21929,,False,风景名胜;风景名胜;纪念馆,110204,机场路与鹿场东路交叉口东南300米,[],,[],[],tour,0.0,1.0,0.0,0.0,0.2,0.6,0.6,,nearby_city_phase2,outside_shanghai_municipality
B02000JU98,绰墩遗址,上海,历史街区,heritage,0.86,4.0,3,昆山市,120.848668,31.399431,120.852891,31.397334,,False,风景名胜;风景名胜;风景名胜,110200,巴城镇湖滨南路绰墩山村二组东浜9号,[],,[],[],tour,0.0,1.0,0.0,0.0,0.2,0.0,0.4,,nearby_city_phase2,outside_shanghai_municipality
B0FFHB82M4,昆山市道教协会巴城镇石牌东岳庙,上海,历史街区,heritage,0.86,4.0,3,昆山市,120.916838,31.500275,120.921021,31.498152,,False,风景名胜;风景名胜;寺庙道观,110205,中华路473号,0512-57687336,,[],[],tour,0.0,1.0,0.3,0.0,0.7,0.0,0.4,,nearby_city_phase2,outside_shanghai_municipality
B02001AKOC,基督堂,上海,历史街区,heritage,0.846,3.9,3,太仓市,121.096628,31.448156,121.101263,31.446392,,False,风景名胜;风景名胜;教堂,110206,城厢街道郑和西路183号,[],,[],[],tour,0.0,0.9,0.0,0.0,0.2,0.0,0.4,,nearby_city_phase2,outside_shanghai_municipality
B02001E3QM,天主堂,上海,历史街区,heritage,0.846,3.9,3,太仓市,121.090636,31.464211,121.09527,31.462449,,False,风景名胜;风景名胜;教堂,110206,太仓经济开发区兰州路12号,[],,[],[],tour,0.0,0.9,0.0,0.0,0.2,0.0,0.4,,nearby_city_phase2,outside_shanghai_municipality
B0JAJR26IS,三墩庙,上海,历史街区,heritage,0.846,3.9,3,昆山市,120.974831,31.300571,120.97913,31.2985,,False,风景名胜;风景名胜;寺庙道观,110205,三墩路,15950901696,,[],[],tour,0.0,1.0,0.0,0.0,0.2,0.0,0.4,,nearby_city_phase2,outside_shanghai_municipality
B0KUBRP0XL,百米金沙滩,上海,历史街区,heritage,0.846,3.9,3,平湖市,121.028083,30.696092,121.032522,30.693853,,False,风景名胜;风景名胜;海滩,110208,环城东路东湖景区(西南角),[],,平湖,[],tour,0.0,0.9,0.0,0.0,0.2,0.0,0.4,,nearby_city_phase2,outside_shanghai_municipality
B0HRLD0C3F,天福庵,上海,历史街区,heritage,0.846,3.9,3,昆山市,121.117923,31.328864,121.122542,31.327057,,False,风景名胜;风景名胜;风景名胜,110200,凯泉路与162乡道交叉口西300米,[],,[],[],tour,0.0,0.9,0.0,0.0,0.2,0.0,0.4,,nearby_city_phase2,outside_shanghai_municipality
B0JDY5XIN2,陶一球纪念馆,上海,历史街区,heritage,0.846,3.9,3,昆山市,121.055105,31.340711,121.059676,31.338875,,False,风景名胜;风景名胜;纪念馆,110204,东庄路,[],,[],[],tour,0.0,1.0,0.0,0.0,0.2,0.6,0.6,,nearby_city_phase2,outside_shanghai_municipality
B0FFIKNPCE,泗洲殿,上海,历史街区,heritage,0.846,3.9,3,太仓市,121.080732,31.70769,121.085379,31.705934,,False,风景名胜;风景名胜;风景名胜,110200,鹿长路华伦皮塑(苏州)有限公司,[],,[],[],tour,0.0,1.0,0.0,0.0,0.2,0.0,0.4,,nearby_city_phase2,outside_shanghai_municipality
B02001AIRC,高王庙,上海,历史街区,heritage,0.846,3.9,3,太仓市,121.041433,31.605452,121.045991,31.603636,,False,风景名胜;风景名胜;寺庙道观,110205,沙溪镇沈海高速公路高王庙,[],,[],[],tour,0.0,1.0,0.0,0.0,0.2,0.0,0.4,,nearby_city_phase2,outside_shanghai_municipality
B0L3M7MLYN,渔森林,上海,历史街区,heritage,0.846,3.9,3,昆山市,120.987751,31.449973,120.992108,31.447985,,False,风景名胜;风景名胜;风景名胜,110200,昆山体育生态公园内(东侧),[],,周市,[],tour,0.0,0.9,0.3,0.0,0.2,0.0,0.4,,nearby_city_phase2,outside_shanghai_municipality
B0FFIIMLMX,普照山大乘寺,上海,历史街区,heritage,0.846,3.9,3,平湖市,121.126842,30.753918,121.131403,30.751796,,False,风景名胜;风景名胜;寺庙道观,110205,广陈镇独新西路338号,0573-85783303,,[],[],tour,0.0,1.0,0.3,0.0,0.7,0.0,0.4,,nearby_city_phase2,outside_shanghai_municipality
B0FFL8EJL1,陆京士故居,上海,历史街区,heritage,0.846,3.9,3,太仓市,121.074357,31.566979,121.078984,31.565219,,False,风景名胜;风景名胜;纪念馆,110204,西市街61-63号沙溪古镇内(东侧),0512-53221815,,[],[],tour,0.0,1.0,0.0,0.0,0.2,0.0,0.4,,nearby_city_phase2,outside_shanghai_municipality
B0HKMU8JKW,新四军养伤处,上海,历史街区,heritage,0.846,3.9,3,常熟市,120.802115,31.537323,120.806446,31.535336,,False,风景名胜;风景名胜;风景名胜,110200,红色乡邻芦荡先锋站南侧220米,[],,[],[],tour,0.0,0.9,0.0,0.0,0.2,0.0,0.4,,nearby_city_phase2,outside_shanghai_municipality
B02000JSD6,普济禅寺,上海,历史街区,heritage,0.846,3.9,3,太仓市,121.01639,31.54318,121.02086,31.541293,,False,风景名胜;风景名胜;寺庙道观,110205,沙溪镇直塘社区金叶线普济禅寺,[],,[],[],tour,0.0,1.0,0.0,0.0,0.2,0.0,0.4,,nearby_city_phase2,outside_shanghai_municipality
B0FFJEV8M8,常熟市王市福海禅寺,上海,历史街区,heritage,0.846,3.9,3,常熟市,120.816952,31.768727,120.821273,31.766708,,False,风景名胜;风景名胜;寺庙道观,110205,海城路与人民北路交叉口东北320米,15050118447,,[],[],tour,0.0,1.0,0.0,0.0,0.2,0.0,0.4,,nearby_city_phase2,outside_shanghai_municipality
B02001AJ2A,TRUE JESUS CHURCH,上海,历史街区,heritage,0.846,3.9,3,昆山市,120.941249,31.419476,120.945463,31.417366,,False,风景名胜;风景名胜;教堂,110206,民友路与小河岸东路交叉口西北40米,[],,玉山,[],tour,0.0,0.9,0.0,0.0,0.2,0.0,0.4,,nearby_city_phase2,outside_shanghai_municipality
B0KUBRSGBL,小西湖,上海,历史街区,heritage,0.846,3.9,3,昆山市,120.94767,31.388381,120.951896,31.386275,,False,风景名胜;风景名胜;风景名胜,110200,马鞍山东路1号亭林园(西南角),[],,玉山,[],tour,0.0,0.9,0.3,0.0,0.7,0.0,0.4,,nearby_city_phase2,outside_shanghai_municipality
B0LAHAE5VX,古莲桥,上海,历史街区,heritage,0.846,3.9,3,昆山市,120.901799,31.170549,120.905947,31.168307,,False,风景名胜;风景名胜;风景名胜,110200,锦溪镇邵甸港路18号锦溪古镇,[],,锦溪,[],tour,0.0,1.0,0.0,0.0,0.2,0.0,0.4,,nearby_city_phase2,outside_shanghai_municipality
B023D0RWCY,月老祠,上海,历史街区,heritage,0.846,3.9,3,平湖市,121.016316,30.700329,121.020715,30.698059,,False,风景名胜;风景名胜;寺庙道观,110205,关帝庙商城8幢9号,[],,当湖,[],tour,0.0,1.0,0.0,0.0,0.2,0.0,0.4,,nearby_city_phase2,outside_shanghai_municipality
B023D02BQM,圆通桥,上海,历史街区,heritage,0.846,3.9,3,嘉善县,120.807518,30.891842,120.811785,30.889568,,False,风景名胜;风景名胜;风景名胜,110200,兴贤路与东升路交叉口南140米,[],,[],[],tour,0.0,0.9,0.0,0.0,0.2,0.0,0.4,,nearby_city_phase2,outside_shanghai_municipality
B0FFKC90FT,干窑老街基督教堂,上海,历史街区,heritage,0.846,3.9,3,嘉善县,120.887245,30.883575,120.891374,30.881173,,False,风景名胜;风景名胜;教堂,110206,窑兴路与乌桥路交叉口西南80米,[],,[],[],tour,0.0,0.9,0.0,0.0,0.2,0.0,0.4,,nearby_city_phase2,outside_shanghai_municipality
B0FFKR2ROX,钟埭基督教堂,上海,历史街区,heritage,0.846,3.9,3,平湖市,120.997911,30.76841,121.002248,30.766119,,False,风景名胜;风景名胜;教堂,110206,兴钟路7-9号附近,13706731450,,[],[],tour,0.0,0.9,0.0,0.0,0.2,0.0,0.4,,nearby_city_phase2,outside_shanghai_municipality
B0FFH9BSUH,公园道,上海,公园,park,0.846,3.9,3,启东市,121.673825,31.797247,121.678167,31.79522,,False,风景名胜;风景名胜;风景名胜,110200,华山中路588号,[],,[],[],tour,0.0,0.0,1.0,0.0,0.2,0.0,0.0,,nearby_city_phase2,outside_shanghai_municipality
B0LR9BPBGU,观三水交汇,上海,历史街区,heritage,0.846,3.9,3,启东市,121.921168,31.7185,121.925318,31.716401,,False,风景名胜;风景名胜;风景名胜,110200,恒大路与文旅大道交叉口东80米,[],,[],[],tour,0.0,0.9,0.0,0.0,0.2,0.0,0.4,,nearby_city_phase2,outside_shanghai_municipality
B02000JTDS,长亳禅寺,上海,历史街区,heritage,0.846,3.9,3,常熟市,120.924419,31.646449,120.928622,31.644342,,False,风景名胜;风景名胜;寺庙道观,110205,星岛大道附近,[],,[],[],tour,0.0,1.0,0.0,0.0,0.2,0.0,0.4,,nearby_city_phase2,outside_shanghai_municipality
B0LRRLKJ5J,荷花池,上海,历史街区,heritage,0.846,3.9,3,崇川区,120.952185,31.923172,120.956467,31.92107,,False,风景名胜;风景名胜;风景名胜,110200,长川路1号,[],,[],[],tour,0.0,0.9,0.0,0.0,0.2,0.0,0.4,,nearby_city_phase2,outside_shanghai_municipality
B02010UP1Y,海门镇基督教堂,上海,历史街区,heritage,0.846,3.9,3,海门区,121.165655,31.882375,121.170248,31.880521,,False,风景名胜;风景名胜;教堂,110206,江海中路227号,[],,[],[],tour,0.0,0.9,0.0,0.0,0.2,0.0,0.4,,nearby_city_phase2,outside_shanghai_municipality
B0201066FN,启东市和合天主教堂,上海,历史街区,heritage,0.846,3.9,3,启东市,121.799102,31.751065,121.803457,31.749095,,False,风景名胜;风景名胜;教堂,110206,晁汀中心路与336省道交叉口东50米,[],,[],[],tour,0.0,0.9,0.0,0.0,0.2,0.0,0.4,,nearby_city_phase2,outside_shanghai_municipality
B0FFFSSOTA,台湾老街,上海,历史街区,heritage,0.846,3.9,3,昆山市,120.843762,31.121835,120.847972,31.119628,,False,风景名胜;风景名胜;风景名胜,110200,全福路138号周庄古镇景区内,[],,[],[],tour,0.0,0.9,0.0,0.0,0.2,0.0,0.4,,nearby_city_phase2,outside_shanghai_municipality
B02001AKS9,甪直古镇-萧宅旧居,上海,历史街区,heritage,0.696,3.9,3,吴中区,120.873666,31.271053,120.877839,31.268874,,False,风景名胜;风景名胜;纪念馆,110204,甪直古镇中市街6号(和丰桥),0512-66191668,,甪直,[],tour,0.0,1.0,0.0,0.0,0.2,0.0,0.4,,nearby_city_phase2,outside_shanghai_municipality
B0JD1ZUYJE,万三钱庄,上海,历史街区,heritage,0.846,3.9,3,昆山市,120.849899,31.112711,120.854096,31.110488,,False,风景名胜;风景名胜;风景名胜,110200,中市街22-26号,[],,[],[],tour,0.0,0.9,0.0,0.0,0.2,0.0,0.4,,nearby_city_phase2,outside_shanghai_municipality
B0K0KU47BP,莲花岛湖心坊,上海,历史街区,heritage,0.846,3.9,3,相城区,120.807973,31.444515,120.812285,31.442503,,False,风景名胜;风景名胜;风景名胜,110200,阳澄湖镇莲花村2组59号,[],54.0,阳澄湖,[],tour,0.0,0.9,0.3,0.0,0.7,0.0,0.4,,nearby_city_phase2,outside_shanghai_municipality
B0J3AZF70Y,观音桥,上海,历史街区,heritage,0.846,3.9,3,吴江区,120.837605,31.009331,120.841819,31.007071,,False,风景名胜;风景名胜;风景名胜,110200,泰丰路与浦南路交叉口西260米,[],,[],[],tour,0.0,0.9,0.0,0.0,0.2,0.0,0.4,,nearby_city_phase2,outside_shanghai_municipality
B023D02TNE,东岳古寺,上海,历史街区,heritage,0.846,3.9,3,嘉善县,120.904401,30.947417,120.908532,30.945049,,False,风景名胜;风景名胜;寺庙道观,110205,贞观路,13801671249,,西塘,[],tour,0.0,1.0,0.0,0.0,0.2,0.0,0.4,,nearby_city_phase2,outside_shanghai_municipality
B0FFIWOATY,湘家浜中央公园,上海,公园,park,0.846,3.9,3,嘉善县,120.956878,30.88143,120.961087,30.879089,,False,风景名胜;风景名胜;风景名胜,110200,宏泽路与迎新路交叉口北140米,[],,[],[],tour,0.0,0.0,1.0,0.0,0.2,0.0,0.0,,nearby_city_phase2,outside_shanghai_municipality
B0LR37E5SC,崇明岛,上海,历史街区,heritage,0.8397,4.3,2,启东市,121.540896,31.739301,121.545232,31.737256,,False,风景名胜;风景名胜;风景名胜,110200,永兴东路与北湖路交叉口南20米,[],,[],[],tour,0.0,0.9,0.0,0.0,0.2,0.0,0.4,,nearby_city_phase2,outside_shanghai_municipality
B0L1YDE3AL,三宝净寺,上海,历史街区,heritage,0.832,3.8,3,昆山市,121.03553,31.404562,121.040053,31.402702,,False,风景名胜;风景名胜;寺庙道观,110205,昆太路212号,[],,[],[],tour,0.0,1.0,0.0,0.0,0.2,0.0,0.4,,nearby_city_phase2,outside_shanghai_municipality
B0KRVMGCBP,凌霄宝塔,上海,历史街区,heritage,0.832,3.8,3,昆山市,121.029659,31.399022,121.034162,31.397145,,False,风景名胜;风景名胜;风景名胜,110200,洞庭湖北路与杨树路交叉口(近东方罗马)昆山慧聚寺,[],,[],[],tour,0.0,0.9,0.0,0.0,0.2,0.0,0.4,,nearby_city_phase2,outside_shanghai_municipality
B02010US7W,木行头战斗纪念地,上海,历史街区,heritage,0.832,3.8,3,海门区,121.165667,31.935215,121.170265,31.933349,,False,风景名胜;风景名胜;纪念馆,110204,海门区高新区德兴村一组,[],,[],[],tour,0.0,1.0,0.0,0.0,0.2,0.0,0.4,,nearby_city_phase2,outside_shanghai_municipality
B0K1KLDRTE,亲青森林乐园,上海,历史街区,heritage,0.832,3.8,3,昆山市,121.083457,31.296484,121.088071,31.294668,,False,体育休闲服务;休闲场所;休闲场所|风景名胜;风景名胜;风景名胜,080500|110200,光明路与花溪路交叉口东南140米,[],,花桥,[],[],0.0,0.9,0.3,0.0,0.2,0.0,0.4,,nearby_city_phase2,outside_shanghai_municipality
B0JRS5MM22,中共淞沪中心县委纪念馆,上海,历史街区,heritage,0.832,,3,昆山市,120.944513,31.229695,120.948718,31.227522,,False,风景名胜;风景名胜;纪念馆,110204,淞沪西路与桃园路交叉口西南200米,[],,[],[],tour,0.0,1.0,0.0,0.0,0.2,0.6,0.6,,nearby_city_phase2,outside_shanghai_municipality
B0FFFEEHDY,阳澄湖莲花岛北码头,上海,历史街区,heritage,0.832,,3,相城区,120.815154,31.487655,120.819455,31.485639,,False,风景名胜;风景名胜;风景名胜,110200,阳澄湖镇莲花岛内(北侧),[],,[],[],tour,0.0,0.9,0.3,0.0,0.7,0.0,0.4,,nearby_city_phase2,outside_shanghai_municipality
B0FFF0G2M5,河心岛,上海,历史街区,heritage,0.832,3.8,3,昆山市,120.94412,31.39102,120.948338,31.388908,,False,风景名胜;风景名胜;风景名胜,110200,马鞍山东路1号亭林园内(西侧),0512-57510923,,玉山,[],tour,0.0,0.9,0.0,0.0,0.7,0.0,0.4,,nearby_city_phase2,outside_shanghai_municipality
B0FFI9Q9FT,董浜镇天主堂,上海,历史街区,heritage,0.832,3.8,3,常熟市,120.886858,31.629529,120.891048,31.627415,,False,风景名胜;风景名胜;教堂,110206,[],[],,[],[],tour,0.0,0.9,0.0,0.0,0.2,0.0,0.4,,nearby_city_phase2,outside_shanghai_municipality
B0L1RNA4TF,苏家弄石板街,上海,历史街区,heritage,0.832,3.8,3,嘉善县,120.892528,30.944218,120.896659,30.94185,,False,风景名胜;风景名胜;风景名胜,110200,西塘镇南苑路258号西塘古镇,[],,西塘,[],tour,0.0,0.9,0.0,0.0,0.2,0.0,0.4,,nearby_city_phase2,outside_shanghai_municipality
B0FFG6OJWQ,西街,上海,历史街区,heritage,0.832,,3,嘉善县,120.895165,30.945195,120.899295,30.942826,,False,风景名胜;风景名胜;风景名胜,110200,南苑路258号西塘古镇内(东北角),[],,西塘,[],tour,0.0,0.9,0.0,0.0,0.2,0.0,0.4,,nearby_city_phase2,outside_shanghai_municipality
B0J3LZ4BYL,芦墟庆丰桥,上海,历史街区,heritage,0.832,,3,吴江区,120.838581,31.010061,120.842793,31.0078,,False,风景名胜;风景名胜;风景名胜,110200,芦墟东北街156号,[],,汾湖,[],tour,0.0,0.9,0.0,0.0,0.2,0.0,0.4,,nearby_city_phase2,outside_shanghai_municipality
B0J3AHQMWT,人民桥,上海,历史街区,heritage,0.832,,3,吴江区,120.838064,31.006168,120.842277,31.003906,,False,风景名胜;风景名胜;风景名胜,110200,建材路与浦南路交叉口西160米,[],,[],[],tour,0.0,0.9,0.0,0.0,0.2,0.0,0.4,,nearby_city_phase2,outside_shanghai_municipality
B0KUFC8E3U,抗日嘉善阻击战纪念碑,上海,历史街区,heritage,0.832,3.8,3,嘉善县,120.933164,30.850345,120.937316,30.847942,,False,风景名胜;风景名胜;纪念馆,110204,谈公北路333号泗洲公园(西北角),[],,谈公北路,[],tour,0.0,1.0,0.0,0.0,0.2,0.0,0.4,,nearby_city_phase2,outside_shanghai_municipality
B0LGJHRVRY,嘉善抗日阻击战纪念馆,上海,历史街区,heritage,0.832,,3,嘉善县,120.933839,30.849723,120.937992,30.84732,,False,风景名胜;风景名胜;纪念馆,110204,谈公北路333号泗洲公园(西北角),[],,谈公北路,[],tour,0.0,1.0,0.0,0.0,0.2,0.6,0.6,,nearby_city_phase2,outside_shanghai_municipality
B0K3UAKP1P,日出江海·梦启东方景观雕塑,上海,历史街区,heritage,0.832,3.8,3,启东市,121.613512,31.745145,121.617759,31.743035,,False,风景名胜;风景名胜;风景名胜,110200,惠鹤西路8号启东滨江绿廊首开区,[],,[],[],tour,0.0,0.9,0.0,0.0,0.7,0.0,0.4,,nearby_city_phase2,outside_shanghai_municipality
B0LG0L1UG9,祝甸古窑文化园,上海,历史街区,heritage,0.832,3.8,3,昆山市,120.879783,31.143441,120.883939,31.141195,,False,风景名胜;风景名胜;风景名胜,110200,祝家甸路与长白荡路交叉口南20米,[],,[],[],tour,0.0,1.0,0.0,0.0,0.2,0.0,0.4,,nearby_city_phase2,outside_shanghai_municipality
B0MDN6D9CY,如梦宋潮景区,上海,历史街区,heritage,0.832,3.8,3,昆山市,120.848225,31.160375,120.85243,31.158181,,False,风景名胜;风景名胜;风景名胜,110200,寒贞路与祁浜路交叉口北340米,[],,[],[],tour,0.0,0.9,0.3,0.0,0.2,0.0,0.4,,nearby_city_phase2,outside_shanghai_municipality
B0FFG7LTW0,周庄大桥,上海,历史街区,heritage,0.832,,3,昆山市,120.846685,31.120608,120.850889,31.118395,,False,风景名胜;风景名胜;风景名胜,110200,周庄镇全福路42号周庄古镇(西北角),[],,[],[],tour,0.0,0.9,0.0,0.0,0.2,0.0,0.4,,nearby_city_phase2,outside_shanghai_municipality
B020007BXR,圣像寺,上海,历史街区,heritage,0.832,3.8,3,太仓市,121.076498,31.690209,121.081139,31.688451,,False,风景名胜;风景名胜;寺庙道观,110205,玉影路,[],,[],[],tour,0.0,1.0,0.0,0.0,0.2,0.0,0.4,,nearby_city_phase2,outside_shanghai_municipality
B02000JWDF,天主教堂,上海,历史街区,heritage,0.832,3.8,3,太仓市,121.044031,31.494652,121.048587,31.492832,,False,风景名胜;风景名胜;教堂,110206,杨林南路耶苏教堂附近,[],,[],[],tour,0.0,0.9,0.0,0.0,0.2,0.0,0.4,,nearby_city_phase2,outside_shanghai_municipality
B02010V5LH,启东市汇龙天主教堂,上海,历史街区,heritage,0.832,3.8,3,启东市,121.681581,31.811211,121.685939,31.809196,,False,风景名胜;风景名胜;教堂,110206,汇龙镇紫薇东路200号,13912887070,,[],[],tour,0.0,0.9,0.0,0.0,0.2,0.0,0.4,,nearby_city_phase2,outside_shanghai_municipality
B02001AILO,沙溪古镇-游船码头,上海,历史街区,heritage,0.832,,3,太仓市,121.066579,31.56463,121.071193,31.56286,,False,风景名胜;风景名胜;风景名胜,110200,西市街61-63号沙溪古镇内(东侧),0512-53221815,,[],[],tour,0.0,1.0,0.0,0.0,0.2,0.0,0.4,,nearby_city_phase2,outside_shanghai_municipality
B0FFLE8Y26,嘉兴市永昌寺,上海,历史街区,heritage,0.832,3.8,3,秀洲区,120.79717,30.825319,120.801451,30.823024,,False,风景名胜;风景名胜;寺庙道观,110205,油车港镇古窦泾村,[],,[],[],tour,0.0,1.0,0.0,0.0,0.2,0.0,0.4,,nearby_city_phase2,outside_shanghai_municipality
B0KB4SYQ5G,沙溪古镇·横沥河历史街区,上海,历史街区,heritage,0.832,3.8,3,太仓市,121.06431,31.564867,121.06892,31.563094,,False,风景名胜;风景名胜;风景名胜,110200,西门街133号,[],,[],[],tour,0.0,1.0,0.0,0.0,0.7,0.0,0.4,,nearby_city_phase2,outside_shanghai_municipality
B023D042QM,八里村基督教堂,上海,历史街区,heritage,0.832,3.8,3,南湖区,120.855048,30.750525,120.859207,30.748086,,False,风景名胜;风景名胜;教堂,110206,顾家花苑12排34号,[],,[],[],tour,0.0,0.9,0.0,0.0,0.2,0.0,0.4,,nearby_city_phase2,outside_shanghai_municipality
B0FFKHGC9Q,钟埭樱花公园-樱梦亭,上海,公园,park,0.6819999999999999,3.8,3,平湖市,120.990692,30.764096,120.995003,30.761781,,False,风景名胜;风景名胜;风景名胜,110200,和盎路与樱花路交叉口西北80米,[],,[],[],tour,0.0,0.0,1.0,0.0,0.2,0.0,0.0,,nearby_city_phase2,outside_shanghai_municipality
B0L6ZZ0V91,润园,上海,历史街区,heritage,0.832,3.8,3,崇川区,120.998239,31.835375,121.002667,31.833416,,False,风景名胜;风景名胜;风景名胜,110200,江安路29号,[],,[],[],tour,0.0,0.9,0.0,0.0,0.2,0.0,0.4,,nearby_city_phase2,outside_shanghai_municipality
B02000JUDL,西塔,上海,历史街区,heritage,0.832,3.8,3,太仓市,121.106589,31.652493,121.111242,31.650746,,False,风景名胜;风景名胜;风景名胜,110200,璜泾镇园林路66号,[],,[],[],tour,0.0,0.9,0.0,0.0,0.2,0.0,0.4,,nearby_city_phase2,outside_shanghai_municipality
B023D0RSKG,太平桥,上海,历史街区,heritage,0.832,3.8,3,平湖市,121.086996,30.822176,121.091573,30.820105,,False,风景名胜;风景名胜;风景名胜,110200,新中路与虹杨路交叉口东180米,[],,[],[],tour,0.0,0.9,0.0,0.0,0.2,0.0,0.4,,nearby_city_phase2,outside_shanghai_municipality
B0KRKLB0WL,骆宾王金应刘南庐墓,上海,历史街区,heritage,0.832,3.8,3,崇川区,120.889866,31.949128,120.894081,31.946967,,False,风景名胜;风景名胜;风景名胜,110200,狼山镇剑新路1号南通狼山风景名胜区内(东侧),[],,狼山,[],tour,0.0,0.9,0.0,0.0,0.2,0.0,0.4,,nearby_city_phase2,outside_shanghai_municipality
B0HRH51XFA,施奇革命故事陈列馆,上海,历史街区,heritage,0.832,,3,平湖市,121.097645,30.714187,121.102217,30.712061,,False,风景名胜;风景名胜;纪念馆,110204,林埭镇华丰村华家村文化礼堂西侧,[],,[],[],tour,0.0,0.9,0.0,0.0,0.2,0.0,0.4,,nearby_city_phase2,outside_shanghai_municipality
B0FFL884KG,圆通寺,上海,历史街区,heritage,0.832,3.8,3,太仓市,121.128247,31.408573,121.132863,31.406781,,False,风景名胜;风景名胜;寺庙道观,110205,204国道与太蓬路交叉口南480米,[],,[],[],tour,0.0,1.0,0.0,0.0,0.2,0.0,0.4,,nearby_city_phase2,outside_shanghai_municipality
B0KKXH50GE,平湖抗日战争历史宣教馆,上海,历史街区,heritage,0.832,3.8,3,平湖市,121.255996,30.720313,121.260381,30.718008,,False,风景名胜;风景名胜;纪念馆,110204,穗中路98号,[],,[],[],tour,0.0,1.0,0.3,0.0,0.7,0.0,0.4,,nearby_city_phase2,outside_shanghai_municipality
B02000JTPU,尚明甸二郎庙,上海,历史街区,heritage,0.832,3.8,3,昆山市,120.96641,31.200318,120.970673,31.198181,,False,风景名胜;风景名胜;寺庙道观,110205,张浦镇长江南路,[],,[],[],tour,0.0,1.0,0.0,0.0,0.2,0.0,0.4,,nearby_city_phase2,outside_shanghai_municipality
B020015VYH,延福禅寺,上海,历史街区,heritage,0.832,3.8,3,常熟市,120.937277,31.534564,120.941492,31.532469,,False,风景名胜;风景名胜;寺庙道观,110205,支塘镇杨家村88号,[],,[],[],tour,0.0,1.0,0.0,0.0,0.2,0.0,0.4,,nearby_city_phase2,outside_shanghai_municipality
B0FFHDQHVS,吴健雄故居(装修中),上海,历史街区,heritage,0.832,3.8,3,太仓市,121.265873,31.507462,121.27033,31.50553,,False,风景名胜;风景名胜;纪念馆,110204,中心北街,[],,[],[],tour,0.0,1.0,0.0,0.0,0.2,0.0,0.4,,nearby_city_phase2,outside_shanghai_municipality
B0FFFF98CQ,东海福地,上海,历史街区,heritage,0.832,3.8,3,太仓市,121.301537,31.512887,121.306046,31.510998,,False,风景名胜;风景名胜;风景名胜,110200,新青路改线附近,[],,[],[],tour,0.0,0.9,0.0,0.0,0.2,0.0,0.4,,nearby_city_phase2,outside_shanghai_municipality
B0KA756O9D,阳澄湖江抗纪念馆,上海,历史街区,heritage,0.832,,3,相城区,120.798873,31.514097,120.803208,31.512113,,False,风景名胜;风景名胜;纪念馆,110204,阳澄湖镇消泾老街26号,[],,[],[],tour,0.0,1.0,0.3,0.0,0.7,0.2,0.6,,nearby_city_phase2,outside_shanghai_municipality
B0GKNH7US2,昆山市小横塘天主堂-圣母堂,上海,历史街区,heritage,0.6819999999999999,3.8,3,昆山市,120.958379,31.355694,120.962631,31.353601,,False,风景名胜;风景名胜;教堂,110206,中华园路与枫景路交叉口东南120米,[],,[],[],tour,0.0,0.9,0.3,0.0,0.7,0.0,0.4,,nearby_city_phase2,outside_shanghai_municipality
B0K22LHLNX,钟楼,上海,历史街区,heritage,0.832,3.8,3,崇川区,120.90102,31.939682,120.905232,31.93752,,False,风景名胜;风景名胜;风景名胜,110200,山水路18号军山景区,[],,狼山,[],tour,0.0,0.9,0.0,0.0,0.2,0.0,0.4,,nearby_city_phase2,outside_shanghai_municipality
B0IA371XRA,千灯石板街,上海,历史街区,heritage,0.832,3.8,3,昆山市,121.00185,31.266506,121.006243,31.264501,,False,风景名胜;风景名胜;风景名胜,110200,千灯镇河东街47号,[],,千灯,[],tour,0.0,0.9,0.0,0.0,0.2,0.0,0.4,,nearby_city_phase2,outside_shanghai_municipality
B0K3U7KRLB,福运锦鲤园,上海,历史街区,heritage,0.8257,4.2,2,太仓市,120.99889,31.504838,121.003293,31.502894,,False,风景名胜;风景名胜;风景名胜,110200,双凤镇双园路18号,[],,[],[],tour,0.0,0.9,0.0,0.0,0.2,0.0,0.4,,nearby_city_phase2,outside_shanghai_municipality
B0FFL9MHCI,苏州澄湖国际慢城,上海,历史街区,heritage,0.818,3.7,3,吴中区,120.802023,31.264846,120.806332,31.262785,,False,风景名胜;风景名胜;风景名胜,110200,东方大道与三姑路交叉口西南40米,[],,[],[],tour,0.0,0.9,0.3,0.0,0.7,0.0,0.4,,nearby_city_phase2,outside_shanghai_municipality
B0LKX7OMB4,太湖国家级风景名胜区,上海,历史街区,heritage,0.818,3.7,3,吴中区,120.868693,31.267545,120.872872,31.265371,,False,风景名胜;风景名胜;风景名胜,110200,晓市路与清风路交叉口东南20米,[],,甪直,[],tour,0.0,0.9,0.3,0.0,0.7,0.0,0.4,,nearby_city_phase2,outside_shanghai_municipality
B0FFFZP85I,甪直镇风景区-陆龟蒙墓,上海,历史街区,heritage,0.6679999999999999,3.7,3,吴中区,120.871063,31.270388,120.875239,31.268212,,False,风景名胜;风景名胜;风景名胜,110200,甪直风景区甪直镇西市保圣寺内,0512-65010011,,甪直,[],tour,0.0,0.9,0.3,0.0,0.7,0.0,0.4,,nearby_city_phase2,outside_shanghai_municipality
B0FFGNRQSP,千灯古镇-玉佛殿,上海,历史街区,heritage,0.6679999999999999,3.7,3,昆山市,121.000753,31.267083,121.005142,31.265075,,False,风景名胜;风景名胜;风景名胜,110200,千灯镇尚书路1号千灯古镇延福禅寺内,0512-57469067,,千灯,[],tour,0.0,1.0,0.0,0.0,0.2,0.0,0.4,,nearby_city_phase2,outside_shanghai_municipality
B0KUFC8T5H,千年银杏树江苏树王,上海,历史街区,heritage,0.818,3.7,3,昆山市,121.023665,31.165162,121.028128,31.163174,,False,风景名胜;风景名胜;风景名胜,110200,永字路与永利路交叉口南380米,[],,[],[],tour,0.0,0.9,0.0,0.0,0.7,0.0,0.4,,nearby_city_phase2,outside_shanghai_municipality
B0FFHNO98T,千灯古镇-徐福纪念馆,上海,历史街区,heritage,0.6679999999999999,3.7,3,昆山市,121.002147,31.267462,121.006542,31.265459,,False,风景名胜;风景名胜;纪念馆,110204,尚书路1号千灯古镇内(北侧),0512-57472152,,千灯,[],tour,0.0,1.0,0.0,0.0,0.2,0.6,0.6,,nearby_city_phase2,outside_shanghai_municipality
B0FFK508L7,海门烈士馆,上海,历史街区,heritage,0.818,3.7,3,海门区,121.173218,31.894807,121.177797,31.892936,,False,风景名胜;风景名胜;纪念馆,110204,经济技术开发区友谊路23号,0513-82212038,,海门高新区,[],tour,0.0,0.9,0.0,0.0,0.2,0.0,0.4,,nearby_city_phase2,outside_shanghai_municipality
B0FFH45FEL,周庄古镇-沈万三故居-神盆聚宝,上海,历史街区,heritage,0.6679999999999999,3.7,3,昆山市,120.857908,31.1127,120.862091,31.110464,,False,风景名胜;风景名胜;风景名胜,110200,全福路138号周庄古镇内(东侧),[],,[],[],tour,0.0,1.0,0.0,0.0,0.2,0.0,0.4,,nearby_city_phase2,outside_shanghai_municipality
B020107VVA,南通市海门区海门镇天主堂,上海,历史街区,heritage,0.818,3.7,3,海门区,121.165401,31.892076,121.169996,31.89022,,False,风景名胜;风景名胜;教堂,110206,江海路59号,[],,海门高新区,[],tour,0.0,0.9,0.0,0.0,0.2,0.0,0.4,,nearby_city_phase2,outside_shanghai_municipality
B0FFHCW8PB,通州市基督教圣光堂,上海,历史街区,heritage,0.818,3.7,3,通州区,121.029926,31.924788,121.034476,31.922903,,False,风景名胜;风景名胜;教堂,110206,通启路与文旦路交叉口东北60米,0513-86311190,,[],[],tour,0.0,0.9,0.0,0.0,0.2,0.0,0.4,,nearby_city_phase2,outside_shanghai_municipality
B0MGP11NJ3,苏州沙溪古镇-中市街区,上海,历史街区,heritage,0.6679999999999999,3.7,3,太仓市,121.066728,31.565098,121.071343,31.563328,,False,风景名胜;风景名胜;风景名胜,110200,西市街61-63号沙溪古镇内(东侧),[],,[],[],tour,0.0,1.0,0.0,0.0,0.2,0.0,0.4,,nearby_city_phase2,outside_shanghai_municipality
B0JUR73MD3,景福桥,上海,历史街区,heritage,0.818,3.7,3,昆山市,120.854668,31.373694,120.858878,31.371579,,False,风景名胜;风景名胜;风景名胜,110200,下塘街58号,[],,[],[],tour,0.0,0.9,0.0,0.0,0.2,0.0,0.4,,nearby_city_phase2,outside_shanghai_municipality
B0FFG9XAUH,常熟古里龙旋寺,上海,历史街区,heritage,0.818,3.7,3,常熟市,120.845125,31.655043,120.849376,31.652982,,False,风景名胜;风景名胜;寺庙道观,110205,204国道西150米,[],,[],[],tour,0.0,1.0,0.0,0.0,0.2,0.0,0.4,,nearby_city_phase2,outside_shanghai_municipality
B0FFKG979G,环东湖绿道,上海,历史街区,heritage,0.818,3.7,3,平湖市,121.029816,30.698657,121.034261,30.696424,,False,风景名胜;风景名胜;风景名胜,110200,案山路与三港路交叉口西180米,0573-85135667,,平湖,[],tour,0.0,0.9,0.3,0.0,0.7,0.0,0.4,,nearby_city_phase2,outside_shanghai_municipality
B0FFJH4GM5,赵陵山遗址,上海,历史街区,heritage,0.818,3.7,3,昆山市,120.924853,31.267619,120.929026,31.265435,,False,风景名胜;风景名胜;风景名胜,110200,赵陵山路与阳光中路辅路交叉口东南460米,[],,[],[],tour,0.0,1.0,0.3,0.0,0.7,0.0,0.4,,nearby_city_phase2,outside_shanghai_municipality
B0LRRCKVKD,张芝山镇慰烈园,上海,历史街区,heritage,0.818,3.7,3,通州区,121.022032,31.932259,121.026555,31.930351,,False,风景名胜;风景名胜;纪念馆,110204,兴张路9号,[],,[],[],tour,0.0,0.9,0.3,0.0,0.7,0.0,0.4,,nearby_city_phase2,outside_shanghai_municipality
B0KGL5QEFF,紫琅公园光影水秀,上海,公园,park,0.818,3.7,3,崇川区,120.933796,31.963034,120.93804,31.96089,,False,风景名胜;风景名胜;风景名胜,110200,崇州大道50号,[],,[],[],tour,0.0,0.0,1.0,0.0,0.2,0.0,0.0,,nearby_city_phase2,outside_shanghai_municipality
B0KKCMIPCI,南通花漾谷,上海,历史街区,heritage,0.818,3.7,3,海门区,121.13258,31.82726,121.137227,31.825471,,False,风景名胜;风景名胜;风景名胜,110200,苏州路399号,[],,[],[],tour,0.0,0.9,0.0,0.0,0.2,0.0,0.4,,nearby_city_phase2,outside_shanghai_municipality
B0FFK7ZQHN,常熟县人民抗日自卫会纪念馆,上海,历史街区,heritage,0.818,3.7,3,常熟市,120.925605,31.684771,120.929813,31.682663,,False,风景名胜;风景名胜;纪念馆,110204,董浜镇杨塘村31组(寺泾桥路),[],,[],[],tour,0.0,1.0,0.0,0.0,0.2,0.6,0.6,,nearby_city_phase2,outside_shanghai_municipality
B02001AKIC,沙家浜革命历史纪念馆,上海,历史街区,heritage,0.818,3.7,3,常熟市,120.798935,31.553038,120.803273,31.551058,,False,风景名胜;风景名胜;纪念馆,110204,沙家浜镇沙家浜风景区内(西侧),0512-52500000;0512-52501600,,沙家浜风景区,[],tour,0.0,1.0,0.0,0.0,0.2,0.6,0.6,,nearby_city_phase2,outside_shanghai_municipality
B0L2GSSNNV,天下观江第1楼,上海,历史街区,heritage,0.818,3.7,3,崇川区,120.876688,31.951293,120.880913,31.949142,,False,风景名胜;风景名胜;风景名胜,110200,龙源路与跃龙南路交叉口西南400米,[],,狼山,[],tour,0.0,0.9,0.0,0.0,0.7,0.0,0.4,,nearby_city_phase2,outside_shanghai_municipality
B0FFKOEJ2O,沈轶公故居,上海,历史街区,heritage,0.818,3.7,3,启东市,121.684441,31.74304,121.688798,31.741041,,False,风景名胜;风景名胜;纪念馆,110204,兴乐中路与兴乐东路交叉口西220米,[],,[],[],tour,0.0,1.0,0.0,0.0,0.2,0.0,0.4,,nearby_city_phase2,outside_shanghai_municipality
B02001AKDA,太仓江南丝竹馆,上海,历史街区,heritage,0.818,3.7,3,太仓市,121.101595,31.444607,121.106231,31.442842,,False,风景名胜;风景名胜;风景名胜|科教文化服务;科教文化场所;科教文化场所,110200|140000,城厢街道新华西路57号,0512-53103354,,太仓,[],tour,0.0,0.9,0.0,0.0,0.7,0.0,0.4,,nearby_city_phase2,outside_shanghai_municipality
B0FFJ2WNC6,锦溪古镇-文肇古镇,上海,历史街区,heritage,0.6679999999999999,3.7,3,昆山市,120.899566,31.173287,120.903714,31.171046,,False,风景名胜;风景名胜;风景名胜,110200,邵甸港路18号锦溪古镇,0512-57224669,,锦溪,[],tour,0.0,1.0,0.0,0.0,0.2,0.0,0.4,,nearby_city_phase2,outside_shanghai_municipality
B0FFG6O6NV,吴根越角,上海,历史街区,heritage,0.818,3.7,3,嘉善县,120.890277,30.937772,120.894409,30.935401,,False,风景名胜;风景名胜;风景名胜,110200,南苑路258号西塘古镇景区,[],,西塘,[],tour,0.0,0.9,0.0,0.0,0.2,0.0,0.4,,nearby_city_phase2,outside_shanghai_municipality
B0FFGFFC0I,西塘基督教堂,上海,历史街区,heritage,0.818,3.7,3,嘉善县,120.893529,30.946341,120.89766,30.943973,,False,风景名胜;风景名胜;教堂,110206,西塘古镇四贤祠弄,0573-84560594,,[],[],tour,0.0,0.9,0.0,0.0,0.2,0.0,0.4,,nearby_city_phase2,outside_shanghai_municipality
B0FFH88BWT,基督教堂,上海,历史街区,heritage,0.818,3.7,3,吴江区,120.833166,31.020717,120.83739,31.018472,,False,风景名胜;风景名胜;教堂,110206,友东路312号,[],,[],[],tour,0.0,0.9,0.0,0.0,0.2,0.0,0.4,,nearby_city_phase2,outside_shanghai_municipality
B02010682Z,王鲍烈士纪念馆,上海,历史街区,heritage,0.818,3.7,3,启东市,121.545448,31.958131,121.54979,31.956035,,False,风景名胜;风景名胜;纪念馆,110204,王鲍镇迎宾路,[],,[],[],tour,0.0,1.0,0.0,0.0,0.2,0.6,0.6,,nearby_city_phase2,outside_shanghai_municipality
B02001HV6E,甪直古镇-三元桥,上海,历史街区,heritage,0.6679999999999999,3.7,3,吴中区,120.873214,31.269854,120.877387,31.267675,,False,风景名胜;风景名胜;风景名胜,110200,甪直镇晓市路甪直古镇内,0512-66191668,,甪直,[],tour,0.0,1.0,0.0,0.0,0.2,0.0,0.4,,nearby_city_phase2,outside_shanghai_municipality
B02001E4MI,周庄古镇-大雄宝殿,上海,历史街区,heritage,0.6679999999999999,3.7,3,昆山市,120.84971,31.111142,120.853908,31.108919,,False,风景名胜;风景名胜;寺庙道观,110205,全福路138号周庄古镇内(南侧),[],,[],[],tour,0.0,1.0,0.0,0.0,0.2,0.0,0.4,,nearby_city_phase2,outside_shanghai_municipality
B0KRKLFUZN,昆山慧聚寺-山门,上海,历史街区,heritage,0.6679999999999999,3.7,3,昆山市,121.028894,31.397258,121.033395,31.395379,,False,风景名胜;风景名胜;风景名胜,110200,玉山镇杨树路慧聚寺,[],,[],[],tour,0.0,1.0,0.3,0.0,0.7,0.0,0.4,,nearby_city_phase2,outside_shanghai_municipality
B0FFLC4UN8,回龙庙,上海,历史街区,heritage,0.818,3.7,3,嘉善县,120.819848,30.880416,120.824089,30.878113,,False,风景名胜;风景名胜;回教寺,110207,天凝镇东方红村小斗浜口,[],,[],[],tour,0.0,1.0,0.0,0.0,0.2,0.0,0.4,,nearby_city_phase2,outside_shanghai_municipality
B0FFI27QJM,黄太守观音堂,上海,历史街区,heritage,0.818,3.7,3,昆山市,120.956547,31.46847,120.960803,31.466402,,False,风景名胜;风景名胜;寺庙道观,110205,陆桥村石家浜,[],,周市,[],tour,0.0,0.9,0.0,0.0,0.2,0.0,0.4,,nearby_city_phase2,outside_shanghai_municipality
B020015YQQ,太仓第一个党支部纪念馆,上海,历史街区,heritage,0.8117,4.1,2,太仓市,121.04522,31.675647,121.049795,31.673839,,False,风景名胜;风景名胜;纪念馆,110204,璜泾镇杨漕村十五组,[],,[],[],tour,0.0,1.0,0.0,0.0,0.2,0.6,0.6,,nearby_city_phase2,outside_shanghai_municipality
B020015WDF,玉皇阁,上海,历史街区,heritage,0.8117,4.1,2,太仓市,121.033417,31.517737,121.037943,31.515895,,False,风景名胜;风景名胜;寺庙道观,110205,凤林路28号,[],,[],[],tour,0.0,0.9,0.0,0.0,0.2,0.0,0.4,,nearby_city_phase2,outside_shanghai_municipality
B0K6Y58MHE,菊泉公园,上海,公园,park,0.804,3.6,3,吴江区,120.837087,31.009237,120.841302,31.006978,,False,风景名胜;风景名胜;风景名胜,110200,北袁家浜8,[],,汾湖,[],tour,0.0,0.0,1.0,0.0,0.2,0.0,0.0,,nearby_city_phase2,outside_shanghai_municipality
B02000JPI0,维新遗址,上海,历史街区,heritage,0.804,3.6,3,太仓市,121.054179,31.494067,121.058761,31.492268,,False,风景名胜;风景名胜;风景名胜,110200,双凤镇瓯江路8号,[],,[],[],tour,0.0,1.0,0.0,0.0,0.2,0.0,0.4,,nearby_city_phase2,outside_shanghai_municipality
B0FFG9XQH1,吴晓邦故居,上海,历史街区,heritage,0.804,3.6,3,太仓市,121.065923,31.565148,121.070536,31.563377,,False,风景名胜;风景名胜;纪念馆,110204,白云中路与西市街交叉口西北50米,0512-53221815,,[],[],tour,0.0,1.0,0.0,0.0,0.2,0.0,0.4,,nearby_city_phase2,outside_shanghai_municipality
B0L3G5HBAT,甘露寺,上海,历史街区,heritage,0.804,3.6,3,太仓市,121.057769,31.563107,121.062365,31.561323,,False,风景名胜;风景名胜;寺庙道观,110205,书香名邸附近,[],,[],[],tour,0.0,1.0,0.0,0.0,0.2,0.0,0.4,,nearby_city_phase2,outside_shanghai_municipality
B0KRVAHT2F,大雄宝殿,上海,历史街区,heritage,0.804,3.6,3,海门区,121.146827,31.907199,121.151459,31.905373,,False,风景名胜;风景名胜;寺庙道观,110205,北海西路777号海门区开福寺,[],,[],[],tour,0.0,1.0,0.0,0.0,0.2,0.0,0.4,,nearby_city_phase2,outside_shanghai_municipality
B0HGNPLFPU,府城隍庙,上海,历史街区,heritage,0.97,3.6,3,吴中区,120.873626,31.272102,120.877799,31.269924,豫园,False,风景名胜;风景名胜;寺庙道观,110205,达圣路与晓市路交叉口南320米,[],,甪直,[],tour,0.0,1.0,0.0,0.0,0.2,0.0,0.4,,nearby_city_phase2,outside_shanghai_municipality
B0KUBRW026,保圣寺古物馆,上海,历史街区,heritage,0.804,3.6,3,吴中区,120.87165,31.26999,120.875825,31.267813,,False,风景名胜;风景名胜;寺庙道观,110205,甪直镇风景区-保圣寺内(东侧),[],,甪直,[],tour,0.0,1.0,0.0,0.0,0.2,0.0,0.4,,nearby_city_phase2,outside_shanghai_municipality
B0KRVAL8E6,千年银杏,上海,历史街区,heritage,0.804,3.6,3,吴中区,120.870892,31.270226,120.875068,31.26805,,False,风景名胜;风景名胜;风景名胜,110200,西汇上塘街19号保圣寺,[],,甪直,[],tour,0.0,0.9,0.0,0.0,0.2,0.0,0.4,,nearby_city_phase2,outside_shanghai_municipality
B0FFIJRT0F,观音堂,上海,历史街区,heritage,0.804,3.6,3,吴中区,120.87308,31.26336,120.877253,31.261179,,False,风景名胜;风景名胜;寺庙道观,110205,南塘河路苏州市吴中区甪直人民医院东北侧,[],,甪直,[],tour,0.0,0.9,0.0,0.0,0.2,0.0,0.4,,nearby_city_phase2,outside_shanghai_municipality
B0FFL91QIZ,五岳庙,上海,历史街区,heritage,0.804,3.6,3,太仓市,121.108393,31.644766,121.113045,31.643018,,False,风景名胜;风景名胜;寺庙道观,110205,华广路与新镇路交叉口西北60米,[],,[],[],tour,0.0,1.0,0.0,0.0,0.2,0.0,0.4,,nearby_city_phase2,outside_shanghai_municipality
B0KAU7O2HC,抗战碉堡群,上海,历史街区,heritage,0.804,3.6,3,南湖区,120.84223,30.741975,120.846412,30.739554,,False,风景名胜;风景名胜;风景名胜,110200,南溪东路与亚澳路交叉口北200米,[],,[],[],tour,0.0,0.9,0.0,0.0,0.2,0.0,0.4,,nearby_city_phase2,outside_shanghai_municipality
B0LGNMSXVC,寿安桥,上海,历史街区,heritage,0.804,3.6,3,昆山市,120.854149,31.375044,120.85836,31.37293,,False,风景名胜;风景名胜;风景名胜,110200,下塘街与硕士路交叉口北160米,[],,[],[],tour,0.0,0.9,0.0,0.0,0.2,0.0,0.4,,nearby_city_phase2,outside_shanghai_municipality
B0FFGG5DJ7,大士观士音,上海,历史街区,heritage,0.804,3.6,3,昆山市,120.859047,31.355022,120.863248,31.352894,,False,风景名胜;风景名胜;寺庙道观,110205,观音寺,[],,[],[],tour,0.0,0.9,0.0,0.0,0.2,0.0,0.4,,nearby_city_phase2,outside_shanghai_municipality
B0FFK8DI5C,绰墩山寺庙,上海,历史街区,heritage,0.804,3.6,3,昆山市,120.847932,31.400263,120.852157,31.398167,,False,风景名胜;风景名胜;寺庙道观,110205,湖滨中路与湖滨路交叉口西南60米,[],,[],[],tour,0.0,1.0,0.3,0.0,0.7,0.0,0.4,,nearby_city_phase2,outside_shanghai_municipality
B02010VPX3,启东市惠萍基督教堂,上海,历史街区,heritage,0.804,3.6,3,启东市,121.752904,31.757444,121.757325,31.755514,,False,风景名胜;风景名胜;教堂,110206,惠萍镇鸿东村委会南侧、二效河东侧、鸿东三路交界处,0513-83782216,,[],[],tour,0.0,0.9,0.0,0.0,0.2,0.0,0.4,,nearby_city_phase2,outside_shanghai_municipality
B0FFF0FDMK,南通狼山风景名胜区-大圣殿,上海,历史街区,heritage,0.654,3.6,3,崇川区,120.887049,31.950744,120.891265,31.948584,,False,风景名胜;风景名胜;寺庙道观,110205,狼山镇临港路18号南通狼山风景名胜区狼山广教禅寺内,0513-85708306,,狼山,[],tour,0.0,1.0,0.3,0.0,0.7,0.0,0.4,,nearby_city_phase2,outside_shanghai_municipality
B0KAD5TUGZ,南通五山生态园,上海,历史街区,heritage,0.804,3.6,3,崇川区,120.881609,31.954858,120.88583,31.952701,,False,风景名胜;风景名胜;风景名胜,110200,花园路与跃龙南路交叉口东160米,[],,狼山,[],tour,0.0,0.9,0.3,0.0,0.7,0.0,0.4,,nearby_city_phase2,outside_shanghai_municipality
B0FFJ0FTL5,牡丹亭,上海,历史街区,heritage,0.804,3.6,3,昆山市,120.951528,31.39083,120.955764,31.388733,,False,风景名胜;风景名胜;风景名胜,110200,马鞍山东路1号亭林园内(东侧),0512-57510923,,玉山,[],tour,0.0,0.9,0.0,0.0,0.2,0.0,0.4,,nearby_city_phase2,outside_shanghai_municipality
B0FFHGGNE8,天主堂,上海,历史街区,heritage,0.804,3.6,3,昆山市,120.905664,31.503091,120.90984,31.500964,,False,风景名胜;风景名胜;教堂,110206,002县道与茆沙塘交叉口西南220米,[],,[],[],tour,0.0,0.9,0.0,0.0,0.2,0.0,0.4,,nearby_city_phase2,outside_shanghai_municipality
B0GK5HA16A,昆山市石牌基督教堂,上海,历史街区,heritage,0.804,3.6,3,昆山市,120.910737,31.499348,120.914915,31.497222,,False,风景名胜;风景名胜;教堂,110206,巴城镇毛纺路,13621548815,,[],[],tour,0.0,0.9,0.3,0.0,0.7,0.0,0.4,,nearby_city_phase2,outside_shanghai_municipality
B0KKM5GZEO,朱爱秾烈士故居,上海,历史街区,heritage,0.804,3.6,3,常熟市,120.910559,31.660884,120.91475,31.658767,,False,风景名胜;风景名胜;纪念馆,110204,支梅公路与杨枫路交叉口东100米,[],,[],[],tour,0.0,1.0,0.0,0.0,0.2,0.0,0.4,,nearby_city_phase2,outside_shanghai_municipality
B02001AKRB,千灯古镇-顾坚纪念馆,上海,历史街区,heritage,0.654,3.6,3,昆山市,121.001794,31.266378,121.006187,31.264373,,False,风景名胜;风景名胜;纪念馆,110204,尚书路1号千灯古镇(东北角),0512-57472152,,千灯,[],tour,0.0,1.0,0.0,0.0,0.2,0.6,0.6,,nearby_city_phase2,outside_shanghai_municipality
B0FFF351XJ,秦望山,上海,历史街区,heritage,0.804,3.6,3,昆山市,121.001906,31.267603,121.0063,31.265599,,False,风景名胜;风景名胜;风景名胜,110200,尚书路1号千灯古镇内(北侧),[],,千灯,[],tour,0.0,0.9,0.3,0.0,0.7,0.0,0.4,,nearby_city_phase2,outside_shanghai_municipality
B020017O2J,金草滩,上海,历史街区,heritage,0.804,3.6,3,常熟市,121.000517,31.708254,121.004943,31.70632,,False,风景名胜;风景名胜;风景名胜,110200,虞东路附近,[],,[],[],tour,0.0,0.9,0.0,0.0,0.2,0.0,0.4,,nearby_city_phase2,outside_shanghai_municipality
B0FFKRUXF0,钱南扬纪念馆,上海,历史街区,heritage,0.804,3.6,3,平湖市,121.011257,30.700656,121.015638,30.698371,,False,风景名胜;风景名胜;纪念馆,110204,解放西路与嘉兴塘绿道交叉口东南40米,[],,平湖,[],tour,0.0,1.0,0.0,0.0,0.2,0.6,0.6,,nearby_city_phase2,outside_shanghai_municipality
B0FFG1AGJD,海门区悦来镇基督教堂,上海,历史街区,heritage,0.804,3.6,3,海门区,121.362074,31.91033,121.366748,31.908521,,False,风景名胜;风景名胜;教堂,110206,悦来镇云彩村十二组云彩六路,[],,[],[],tour,0.0,0.9,0.0,0.0,0.2,0.0,0.4,,nearby_city_phase2,outside_shanghai_municipality
B0LGPZJIVQ,祥符石坝,上海,历史街区,heritage,0.804,3.6,3,嘉善县,120.922888,30.955095,120.927033,30.952741,,False,风景名胜;风景名胜;风景名胜,110200,贞观路11号,[],,[],[],tour,0.0,0.9,0.0,0.0,0.2,0.0,0.4,,nearby_city_phase2,outside_shanghai_municipality
B0K63UQJGV,雨落塔,上海,历史街区,heritage,0.804,3.6,3,嘉善县,120.940261,30.943026,120.944434,30.940688,,False,风景名胜;风景名胜;风景名胜,110200,洪福西路s12号,[],,[],[],tour,0.0,0.9,0.0,0.0,0.2,0.0,0.4,,nearby_city_phase2,outside_shanghai_municipality
B0H0JHWTDN,锦溪基督教堂,上海,历史街区,heritage,0.804,3.6,3,昆山市,120.91112,31.187741,120.915273,31.18551,,False,风景名胜;风景名胜;教堂,110206,昆锦路与江浦南路交叉口西南200米,[],,[],[],tour,0.0,0.9,0.0,0.0,0.2,0.0,0.4,,nearby_city_phase2,outside_shanghai_municipality
B0FFG2BU8U,基督教堂,上海,历史街区,heritage,0.804,3.6,3,昆山市,121.049591,31.308228,121.054146,31.306369,,False,风景名胜;风景名胜;教堂,110206,育才路与陈家浜路交叉口东南280米,0512-57874742,,[],[],tour,0.0,0.9,0.0,0.0,0.2,0.0,0.4,,nearby_city_phase2,outside_shanghai_municipality
B0LUVHCKZ1,嘉善城址,上海,历史街区,heritage,0.804,3.6,3,嘉善县,120.905928,30.837592,120.91005,30.83516,,False,风景名胜;风景名胜;风景名胜,110200,罗星街道子胥社区西城半岛小区南侧,13818644338,,魏塘,[],tour,0.0,0.9,0.0,0.0,0.2,0.0,0.4,,nearby_city_phase2,outside_shanghai_municipality
B02001F2IS,聚宝桥,上海,历史街区,heritage,0.7977,4.0,2,吴江区,120.846798,31.110487,120.851001,31.108268,,False,风景名胜;风景名胜;风景名胜,110200,全福路138号周庄古镇景区内,[],,[],[],tour,0.0,0.9,0.0,0.0,0.2,0.0,0.4,,nearby_city_phase2,outside_shanghai_municipality
B0FFHUKWAU,思亲堂,上海,历史街区,heritage,0.7977,4.0,2,常熟市,120.851003,31.6436,120.855242,31.641529,,False,风景名胜;风景名胜;风景名胜,110200,204国道西100米,[],,[],[],tour,0.0,0.9,0.0,0.0,0.2,0.0,0.4,,nearby_city_phase2,outside_shanghai_municipality
B0M6TZ3BHF,平湖东湖游船码头,上海,历史街区,heritage,0.7977,4.0,2,平湖市,121.02488,30.698582,121.029308,30.696336,,False,风景名胜;风景名胜;风景名胜,110200,环城东路17号,[],,平湖,[],tour,0.0,0.9,0.3,0.0,0.7,0.0,0.4,,nearby_city_phase2,outside_shanghai_municipality
B0KRMDXIUQ,良知亭,上海,历史街区,heritage,0.7977,4.0,2,昆山市,120.856916,31.436048,120.861127,31.433946,,False,风景名胜;风景名胜;风景名胜,110200,巴城镇巴城湖村东阳澄湖项家浜16号,[],,巴城,[],tour,0.0,0.9,0.0,0.0,0.2,0.0,0.4,,nearby_city_phase2,outside_shanghai_municipality
B020006MKK,褒亲禅寺,上海,历史街区,heritage,0.7977,4.0,2,常熟市,120.951985,31.614327,120.956241,31.612264,,False,风景名胜;风景名胜;寺庙道观,110205,褒亲禅寺(长桥中心路北),0512-52552740,,[],[],tour,0.0,1.0,0.0,0.0,0.2,0.0,0.4,,nearby_city_phase2,outside_shanghai_municipality
B0FFGA04J7,基督教堂,上海,历史街区,heritage,0.7977,4.0,2,昆山市,120.95359,31.457871,120.957837,31.455795,,False,风景名胜;风景名胜;教堂,110206,昆北路与恒盛路交叉口东南260米,[],,周市,[],tour,0.0,0.9,0.0,0.0,0.2,0.0,0.4,,nearby_city_phase2,outside_shanghai_municipality
B023D0SRZ8,西塘古镇景区-水上戏台,上海,历史街区,heritage,0.64,3.5,3,嘉善县,120.888012,30.940457,120.892145,30.938088,,False,风景名胜;风景名胜;风景名胜,110200,平川路256号附近,[],,西塘,[],tour,0.0,1.0,0.3,0.0,0.2,0.0,0.4,,nearby_city_phase2,outside_shanghai_municipality
B02001AKG4,皋桥,上海,历史街区,heritage,0.79,3.5,3,太仓市,121.100297,31.443758,121.104933,31.441993,,False,风景名胜;风景名胜;风景名胜,110200,致和塘西路60之11附近,[],,太仓,[],tour,0.0,0.9,0.0,0.0,0.2,0.0,0.4,,nearby_city_phase2,outside_shanghai_municipality
B0J3SA7YIN,登云桥(芦墟),上海,历史街区,heritage,0.79,3.5,3,吴江区,120.838705,31.001999,120.842916,30.999733,,False,风景名胜;风景名胜;风景名胜,110200,东南街3号旁边,[],,[],[],tour,0.0,0.9,0.0,0.0,0.2,0.0,0.4,,nearby_city_phase2,outside_shanghai_municipality
B0FFK5Y82F,种福桥,上海,历史街区,heritage,0.79,3.5,3,昆山市,121.00289,31.262662,121.007287,31.260659,,False,风景名胜;风景名胜;风景名胜,110200,尚书路1号千灯古镇(东南角),[],,千灯,[],tour,0.0,0.9,0.0,0.0,0.2,0.0,0.4,,nearby_city_phase2,outside_shanghai_municipality
B0FFHOPXOI,神秀桥,上海,历史街区,heritage,0.79,3.5,3,嘉善县,120.88788,30.942476,120.892013,30.940109,,False,风景名胜;风景名胜;风景名胜,110200,南苑路258号西塘古镇内(西侧),0573-84561501,,西塘,[],tour,0.0,0.9,0.0,0.0,0.2,0.0,0.4,,nearby_city_phase2,outside_shanghai_municipality
B0FFGABKT6,淞沪中心县委新四军淞沪游击纵队建立昆南淀山湖抗日游击根据地纪念碑,上海,历史街区,heritage,0.79,3.5,3,昆山市,120.949328,31.230712,120.953545,31.228549,,False,风景名胜;风景名胜;纪念馆,110204,淞沪中路与石人路交叉口东60米,[],,[],[],tour,0.0,1.0,0.3,0.0,0.7,0.0,0.4,,nearby_city_phase2,outside_shanghai_municipality
B023D0R41V,基督教堂,上海,历史街区,heritage,0.79,3.5,3,南湖区,120.931458,30.707862,120.935595,30.70538,,False,风景名胜;风景名胜;教堂,110206,花园弄与登云路交叉口东160米,0573-83026986,,[],[],tour,0.0,0.9,0.0,0.0,0.2,0.0,0.4,,nearby_city_phase2,outside_shanghai_municipality
B02000IU1S,王安旧居,上海,历史街区,heritage,0.79,3.5,3,昆山市,120.958778,31.381567,120.963033,31.379483,,False,风景名胜;风景名胜;纪念馆,110204,南后街下塘46号(玉山广场地铁站1东南口步行310米),0512-57593857,,人民路,[],tour,0.0,0.9,0.0,0.0,0.2,0.0,0.4,,nearby_city_phase2,outside_shanghai_municipality
B0J6VZ7U26,富春桥,上海,历史街区,heritage,0.79,3.5,3,昆山市,120.959948,31.386916,120.964207,31.384836,,False,风景名胜;风景名胜;风景名胜,110200,许文塘8号,[],,玉山,[],tour,0.0,0.9,0.0,0.0,0.2,0.0,0.4,,nearby_city_phase2,outside_shanghai_municipality
B02001EE70,周庄古镇-鼓楼,上海,历史街区,heritage,0.64,3.5,3,昆山市,120.849444,31.110755,120.853642,31.108532,,False,风景名胜;风景名胜;风景名胜,110200,全福路138号周庄古镇内(南侧),[],,[],[],tour,0.0,1.0,0.0,0.0,0.2,0.0,0.4,,nearby_city_phase2,outside_shanghai_municipality
B0HUJ51QQ9,施简烈士纪念馆,上海,历史街区,heritage,0.79,3.5,3,启东市,121.508141,31.864297,121.512597,31.862321,,False,风景名胜;风景名胜;纪念馆,110204,北昌路,[],,[],[],tour,0.0,1.0,0.0,0.0,0.2,0.6,0.6,,nearby_city_phase2,outside_shanghai_municipality
B0FFIOVR7L,巴城基督教堂,上海,历史街区,heritage,0.79,3.5,3,昆山市,120.872744,31.454195,120.876933,31.452076,,False,风景名胜;风景名胜;教堂,110206,甘泉路99号,[],,巴城,[],tour,0.0,0.9,0.0,0.0,0.2,0.0,0.4,,nearby_city_phase2,outside_shanghai_municipality
B020015WLA,周市圣伯多禄堂,上海,历史街区,heritage,0.79,3.5,3,昆山市,120.990868,31.460492,120.995237,31.458516,,False,风景名胜;风景名胜;教堂,110206,周市镇永共路28号,[],,周市,[],tour,0.0,0.9,0.0,0.0,0.2,0.0,0.4,,nearby_city_phase2,outside_shanghai_municipality
B0LACDKFN6,方大同未来之森,上海,历史街区,heritage,0.79,3.5,3,昆山市,120.906468,31.398339,120.910636,31.39619,,False,风景名胜;风景名胜;风景名胜,110200,马鞍山路818号昆山市城市生态森林公园(西北角),[],,[],[],tour,0.0,0.9,0.0,0.0,0.2,0.0,0.4,,nearby_city_phase2,outside_shanghai_municipality
B0L2OUWFG0,莲花岛观湖园,上海,历史街区,heritage,0.79,3.5,3,相城区,120.813846,31.447417,120.818146,31.445396,,False,风景名胜;风景名胜;风景名胜,110200,阳澄湖镇莲花村西洋村相石路30号莲花岛内(南侧),13862120888,,[],[],tour,0.0,0.9,0.3,0.0,0.7,0.0,0.4,,nearby_city_phase2,outside_shanghai_municipality
B023D03MKB,步云基督教堂,上海,历史街区,heritage,0.79,3.5,3,南湖区,120.90304,30.745881,120.907154,30.743398,,False,风景名胜;风景名胜;教堂,110206,大桥镇步焦路,[],,[],[],tour,0.0,0.9,0.0,0.0,0.2,0.0,0.4,,nearby_city_phase2,outside_shanghai_municipality
B0FFHIFMTD,启东市民主天主教堂,上海,历史街区,heritage,0.79,3.5,3,启东市,121.545829,31.841286,121.55016,31.839214,,False,风景名胜;风景名胜;教堂,110206,永新路与336省道交叉口东南150米,0513-83817243,,[],[],tour,0.0,0.9,0.0,0.0,0.2,0.0,0.4,,nearby_city_phase2,outside_shanghai_municipality
B02001AKCT,福民禅寺,上海,历史街区,heritage,0.79,3.5,3,常熟市,120.855418,31.545078,120.859641,31.542997,,False,风景名胜;风景名胜;寺庙道观,110205,沙家浜镇唐市社区万安街,0512-52578985,,[],[],tour,0.0,1.0,0.0,0.0,0.2,0.0,0.4,,nearby_city_phase2,outside_shanghai_municipality
B0FFKZPD73,天福庵寺院,上海,历史街区,heritage,0.79,3.5,3,吴中区,120.879105,31.221567,120.883268,31.219361,,False,风景名胜;风景名胜;寺庙道观,110205,甫澄南路东40米,[],,[],[],tour,0.0,1.0,0.0,0.0,0.2,0.0,0.4,,nearby_city_phase2,outside_shanghai_municipality
B0FFF03TZ9,观景台,上海,历史街区,heritage,0.79,3.5,3,崇川区,120.894939,31.947296,120.899152,31.945133,,False,风景名胜;风景名胜;观景点,110209,剑山路1号(狼山镇南河沿11号)剑山景区(东北角),[],,狼山,[],tour,0.0,0.9,0.0,0.0,0.7,0.0,0.4,,nearby_city_phase2,outside_shanghai_municipality
B0FFFGZ6PE,锦溪古镇-长埭廊,上海,历史街区,heritage,0.64,3.5,3,昆山市,120.899872,31.174142,120.90402,31.171902,,False,风景名胜;风景名胜;风景名胜,110200,长寿路与文昌路交叉口西南260米,0512-57224669,,锦溪,[],tour,0.0,1.0,0.0,0.0,0.2,0.0,0.4,,nearby_city_phase2,outside_shanghai_municipality
B02001F2IR,周庄古镇-青龙桥,上海,历史街区,heritage,0.64,3.5,3,昆山市,120.848938,31.113101,120.853137,31.11088,,False,风景名胜;风景名胜;风景名胜,110200,全福路121号,[],,[],[],tour,0.0,1.0,0.0,0.0,0.2,0.0,0.4,,nearby_city_phase2,outside_shanghai_municipality
B0FFFYREH0,嘉善县西塘基督教堂,上海,历史街区,heritage,0.79,3.5,3,嘉善县,120.898394,30.945861,120.902524,30.943492,,False,风景名胜;风景名胜;教堂,110206,万福路与祥符路交叉口西南140米,0573-84567890,,西塘,[],tour,0.0,0.9,0.0,0.0,0.2,0.0,0.4,,nearby_city_phase2,outside_shanghai_municipality
B023D02THZ,关公祠,上海,历史街区,heritage,0.79,3.5,3,平湖市,121.015494,30.700273,121.01989,30.698001,,False,风景名胜;风景名胜;寺庙道观,110205,解放中路238号,[],,当湖,[],tour,0.0,1.0,0.0,0.0,0.2,0.0,0.4,,nearby_city_phase2,outside_shanghai_municipality
B0200179WC,智林园,上海,历史街区,heritage,0.79,3.5,3,常熟市,120.954965,31.664998,120.959233,31.662941,,False,风景名胜;风景名胜;风景名胜,110200,董徐大道董浜交警中队,[],,[],[],tour,0.0,0.9,0.0,0.0,0.2,0.0,0.4,,nearby_city_phase2,outside_shanghai_municipality
B0KRJ1GIBV,鼓楼,上海,历史街区,heritage,0.79,3.5,3,昆山市,121.028839,31.396869,121.033339,31.39499,,False,风景名胜;风景名胜;风景名胜,110200,洞庭湖北路与杨树路交叉口(近东方罗马)昆山慧聚寺,[],,[],[],tour,0.0,0.9,0.0,0.0,0.2,0.0,0.4,,nearby_city_phase2,outside_shanghai_municipality
B0J6M9SDQU,长江江堤达标工程纪念碑,上海,历史街区,heritage,0.79,3.5,3,启东市,121.894305,31.696212,121.898455,31.694107,,False,风景名胜;风景名胜;风景名胜,110200,圆陀角风景区,[],,[],[],tour,0.0,1.0,0.0,0.0,0.7,0.0,0.4,,nearby_city_phase2,outside_shanghai_municipality
B020107V2X,江苏省南通市启东市东海基督教堂,上海,历史街区,heritage,0.79,3.5,3,启东市,121.862223,31.806404,121.866429,31.804315,,False,风景名胜;风景名胜;教堂,110206,"东海镇兴垦村185号,启东东海镇兴垦三路与海防公路交界处,北侧靠河、南侧公路、东侧农户",0513-83750811,,[],[],tour,0.0,0.9,0.0,0.0,0.7,0.0,0.4,,nearby_city_phase2,outside_shanghai_municipality
B0FFGA07K3,吴健雄墓园,上海,历史街区,heritage,0.79,3.5,3,太仓市,121.26596,31.507509,121.270417,31.505578,,False,风景名胜;风景名胜;纪念馆,110204,中心北街与郑和路交叉口南240米,[],,[],[],tour,0.0,0.9,0.0,0.0,0.2,0.0,0.4,,nearby_city_phase2,outside_shanghai_municipality
B0FFHP0LWU,窑墩,上海,历史街区,heritage,0.79,3.5,3,嘉善县,120.886692,30.882507,120.890821,30.880105,,False,风景名胜;风景名胜;风景名胜|公司企业;工厂;工厂,110200|170300,窑兴路旁边,[],,[],[],tour,0.0,0.9,0.0,0.0,0.2,0.0,0.4,,nearby_city_phase2,outside_shanghai_municipality
B0FFG39W5Q,西塘古镇景区-永寿禅寺,上海,历史街区,heritage,0.6336999999999999,3.9,2,嘉善县,120.895657,30.948971,120.899788,30.946604,,False,风景名胜;风景名胜;寺庙道观,110205,南苑路258号西塘古镇景区,13961991529,,西塘,[],tour,0.0,1.0,0.3,0.0,0.2,0.0,0.4,,nearby_city_phase2,outside_shanghai_municipality
B0FFG6JJX3,基督教堂,上海,历史街区,heritage,0.7837,3.9,2,平湖市,121.019503,30.704819,121.023913,30.70256,,False,风景名胜;风景名胜;教堂,110206,松枫港路10号,[],,新华北路,[],tour,0.0,0.9,0.0,0.0,0.2,0.0,0.4,,nearby_city_phase2,outside_shanghai_municipality
B0H2CRTB4Z,开发区基督教堂,上海,历史街区,heritage,0.7837,3.9,2,昆山市,121.048661,31.358312,121.053217,31.356469,,False,风景名胜;风景名胜;教堂,110206,琵琶路1号,[],,[],[],tour,0.0,0.9,0.0,0.0,0.2,0.0,0.4,,nearby_city_phase2,outside_shanghai_municipality
B0KRXR9NYT,龙普茗岩,上海,历史街区,heritage,0.7837,3.9,2,太仓市,121.109531,31.460154,121.114166,31.458389,,False,风景名胜;风景名胜;风景名胜,110200,太平北路46号,[],,太仓,[],tour,0.0,0.9,0.0,0.0,0.2,0.0,0.4,,nearby_city_phase2,outside_shanghai_municipality
B02010URT2,南通市小海基督教堂,上海,历史街区,heritage,0.7837,3.9,2,崇川区,120.971646,31.956884,120.97599,31.954822,,False,风景名胜;风景名胜;教堂,110206,海北路128号,[],,[],[],tour,0.0,0.9,0.0,0.0,0.2,0.0,0.4,,nearby_city_phase2,outside_shanghai_municipality
B0K64ZOK7H,师让小筑(芦墟),上海,历史街区,heritage,0.7837,3.9,2,吴江区,120.838224,31.004823,120.842436,31.002559,,False,风景名胜;风景名胜;风景名胜,110200,南栅港路300号,[],,[],[],tour,0.0,0.9,0.0,0.0,0.2,0.0,0.4,,nearby_city_phase2,outside_shanghai_municipality
B0LA55RHB1,北伴岛,上海,历史街区,heritage,0.78,4.5,1,太仓市,121.123824,31.45177,121.128448,31.449993,,False,风景名胜;风景名胜;风景名胜,110200,世纪广场财富大厦商铺107室,[],46.0,太仓,[],tour,0.0,0.9,0.0,0.0,0.2,0.0,0.4,,nearby_city_phase2,outside_shanghai_municipality
B02000K8LW,南城隍庙,上海,历史街区,heritage,0.97,3.4,3,昆山市,121.085417,31.360365,121.090039,31.358573,豫园,False,风景名胜;风景名胜;寺庙道观,110205,陈家浜路,[],,[],[],tour,0.0,1.0,0.0,0.0,0.2,0.0,0.4,,nearby_city_phase2,outside_shanghai_municipality
B0KK5UX5PS,菩提洞,上海,历史街区,heritage,0.776,3.4,3,崇川区,120.895769,31.944762,120.899981,31.9426,,False,风景名胜;风景名胜;风景名胜,110200,剑山路1号(狼山镇南河沿11号)剑山景区(东南角),[],,[],[],tour,0.0,0.9,0.0,0.0,0.2,0.0,0.4,,nearby_city_phase2,outside_shanghai_municipality
B0J33UUQSV,太仓石拱桥,上海,历史街区,heritage,0.776,3.4,3,太仓市,121.110796,31.44671,121.11543,31.444942,,False,风景名胜;风景名胜;风景名胜,110200,新华东路太平南路路口,[],,太仓,[],tour,0.0,0.9,0.0,0.0,0.2,0.0,0.4,,nearby_city_phase2,outside_shanghai_municipality
B0J05MX0OB,泗洲寺(旧址),上海,历史街区,heritage,0.776,3.4,3,吴江区,120.840196,31.011717,120.844405,31.009454,,False,风景名胜;风景名胜;寺庙道观,110205,浦南路83号,[],,汾湖,[],tour,0.0,1.0,0.0,0.0,0.2,0.0,0.4,,nearby_city_phase2,outside_shanghai_municipality
B02000K8HZ,百花寺,上海,历史街区,heritage,0.776,3.4,3,昆山市,120.938598,31.40576,120.942805,31.403642,,False,风景名胜;风景名胜;寺庙道观,110205,玉山镇斜港路五号,[],,玉山,[],tour,0.0,1.0,0.0,0.0,0.2,0.0,0.4,,nearby_city_phase2,outside_shanghai_municipality
B0FFJQBB46,庙桥庙,上海,历史街区,heritage,0.776,3.4,3,太仓市,121.056986,31.466173,121.061572,31.464374,,False,风景名胜;风景名胜;寺庙道观,110205,迎春路泥泾2号桥附近,[],,[],[],tour,0.0,1.0,0.0,0.0,0.2,0.0,0.4,,nearby_city_phase2,outside_shanghai_municipality
B0L3Y5IF42,元丰湖,上海,历史街区,heritage,0.776,3.4,3,昆山市,120.916609,31.324763,120.920777,31.322594,,False,风景名胜;风景名胜;风景名胜,110200,南淞路与元丰路交叉口西南280米,[],,[],[],tour,0.0,0.9,0.3,0.0,0.7,0.0,0.4,,nearby_city_phase2,outside_shanghai_municipality
B0KGUU2SZW,南河浜遗址,上海,历史街区,heritage,0.776,3.4,3,南湖区,120.876239,30.743285,120.880366,30.740814,,False,风景名胜;风景名胜;风景名胜,110200,常祖路49号,[],,[],[],tour,0.0,1.0,0.0,0.0,0.7,0.0,0.4,,nearby_city_phase2,outside_shanghai_municipality
B0KAGMSB73,上塘街俞宅,上海,历史街区,heritage,0.776,3.4,3,昆山市,120.89968,31.17673,120.903829,31.174491,,False,风景名胜;风景名胜;风景名胜,110200,锦溪俞家角1号(锦溪山塘街85号隔壁),[],,锦溪,[],tour,0.0,0.9,0.0,0.0,0.2,0.0,0.4,,nearby_city_phase2,outside_shanghai_municipality
B020007YYQ,颂恒观,上海,历史街区,heritage,0.776,3.4,3,昆山市,121.033044,31.33035,121.037552,31.32846,,False,风景名胜;风景名胜;寺庙道观,110205,陆家镇西岳路48号崇恩观,[],,陆家,[],tour,0.0,0.9,0.0,0.0,0.2,0.0,0.4,,nearby_city_phase2,outside_shanghai_municipality
B0FFGJBDP1,梅园村神堂庙,上海,历史街区,heritage,0.776,3.4,3,太仓市,121.123636,31.474269,121.128263,31.472497,,False,风景名胜;风景名胜;寺庙道观,110205,天津路与东亭北路交叉口东200米,[],,太仓,[],tour,0.0,1.0,0.0,0.0,0.2,0.0,0.4,,nearby_city_phase2,outside_shanghai_municipality
B0LKXZJH6V,万安桥,上海,历史街区,heritage,0.776,3.4,3,嘉善县,120.895138,30.946851,120.899269,30.944483,,False,风景名胜;风景名胜;风景名胜,110200,南苑路258号西塘古镇内(北侧),[],,西塘,[],tour,0.0,0.9,0.0,0.0,0.2,0.0,0.4,,nearby_city_phase2,outside_shanghai_municipality
B0FFHJGB9A,启东市南阳天主教堂,上海,历史街区,heritage,0.776,3.4,3,启东市,121.708788,31.872669,121.713197,31.870689,,False,风景名胜;风景名胜;教堂,110206,南阳镇邮电巷东首300米,0513-83335524,,[],[],tour,0.0,0.9,0.0,0.0,0.2,0.0,0.4,,nearby_city_phase2,outside_shanghai_municipality
B0KUBRWV24,水中栈道,上海,历史街区,heritage,0.776,3.4,3,崇川区,120.970643,31.931258,120.974981,31.929199,,False,风景名胜;风景名胜;风景名胜,110200,能达生态通廊(东北角),[],,[],[],tour,0.0,0.9,0.0,0.0,0.2,0.0,0.4,,nearby_city_phase2,outside_shanghai_municipality
B0FFHO6I3W,华藏净寺,上海,历史街区,heritage,0.776,3.4,3,昆山市,120.971001,31.357869,120.975292,31.355809,,False,风景名胜;风景名胜;寺庙道观,110205,香山弄与衡山路交叉口东北240米,0512-57091036,,玉山,[],tour,0.0,1.0,0.0,0.0,0.2,0.0,0.4,,nearby_city_phase2,outside_shanghai_municipality
B0FFJDNZG1,苏州市吴中区甪直基督教堂,上海,历史街区,heritage,0.776,3.4,3,吴中区,120.876387,31.271558,120.880556,31.269377,,False,风景名胜;风景名胜;教堂,110206,光辉路28号甪直古镇(东北角),0512-66191668;15151540237,,甪直,[],tour,0.0,0.9,0.0,0.0,0.2,0.0,0.4,,nearby_city_phase2,outside_shanghai_municipality
B0L0Y56DXC,王世贞墓遗址,上海,历史街区,heritage,0.776,3.4,3,太仓市,121.205212,31.567866,121.209702,31.565971,,False,风景名胜;风景名胜;风景名胜,110200,浮桥镇,[],,[],[],tour,0.0,1.0,0.0,0.0,0.2,0.0,0.4,,nearby_city_phase2,outside_shanghai_municipality
B0HRVOELZW,古里红豆山庄-钱柳纪念馆,上海,历史街区,heritage,0.626,3.4,3,常熟市,120.884144,31.60515,120.888334,31.603038,,False,风景名胜;风景名胜;纪念馆,110204,红豆山庄1号红豆山庄,0512-52568888,,[],[],tour,0.0,1.0,0.3,0.0,0.7,0.2,0.6,,nearby_city_phase2,outside_shanghai_municipality
B023D0R3ZG,天主教杭州教区南桥天主堂,上海,历史街区,heritage,0.776,3.4,3,平湖市,121.101891,30.797855,121.106471,30.795773,,False,风景名胜;风景名胜;教堂,110206,503县道西50米,[],,[],[],tour,0.0,0.9,0.0,0.0,0.2,0.0,0.4,,nearby_city_phase2,outside_shanghai_municipality
B0IGMU9A0I,抗战掩体,上海,历史街区,heritage,0.776,3.4,3,平湖市,121.04749,30.816241,121.051997,30.814113,,False,风景名胜;风景名胜;风景名胜,110200,丁埭公路,[],,[],[],tour,0.0,0.9,0.0,0.0,0.2,0.0,0.4,,nearby_city_phase2,outside_shanghai_municipality
B0FFK2K260,启东市民主基督教堂,上海,历史街区,heritage,0.776,3.4,3,启东市,121.553768,31.792016,121.558075,31.789937,,False,风景名胜;风景名胜;教堂,110206,北新镇民主永安村,[],,[],[],tour,0.0,0.9,0.0,0.0,0.2,0.0,0.4,,nearby_city_phase2,outside_shanghai_municipality
B0JBBHZ2GP,李王庙,上海,历史街区,heritage,0.776,3.4,3,太仓市,121.04939,31.561009,121.053966,31.559209,,False,风景名胜;风景名胜;寺庙道观,110205,新北西路苏湾弄苏家村95号,13814578682,,[],[],tour,0.0,1.0,0.0,0.0,0.2,0.0,0.4,,nearby_city_phase2,outside_shanghai_municipality
B0LKJM1ISM,恩钿月季公园-玫瑰庄园,上海,公园,park,0.626,3.4,3,太仓市,121.173705,31.548942,121.178253,31.5471,,False,风景名胜;风景名胜;风景名胜,110200,玫瑰路3号恩钿月季公园(东北角),[],,[],[],tour,0.0,0.0,1.0,0.0,0.2,0.0,0.0,,nearby_city_phase2,outside_shanghai_municipality
B02001F2IJ,周庄古镇-兴隆桥,上海,历史街区,heritage,0.626,3.4,3,昆山市,120.850426,31.112806,120.854622,31.110583,,False,风景名胜;风景名胜;风景名胜,110200,全福路138号周庄古镇内,0512-57214310,,[],[],tour,0.0,1.0,0.0,0.0,0.2,0.0,0.4,,nearby_city_phase2,outside_shanghai_municipality
B0FFHGRKTR,西塘古镇景区-娱乐射击,上海,历史街区,heritage,0.6197,3.8,2,嘉善县,120.888186,30.942729,120.892319,30.940362,,False,风景名胜;风景名胜;风景名胜,110200,西塘镇南苑路258号西塘古镇内(西侧),0573-84567890,,西塘,[],tour,0.0,1.0,0.3,0.0,0.2,0.0,0.4,,nearby_city_phase2,outside_shanghai_municipality
B0FFKY7UWZ,李家大院,上海,历史街区,heritage,0.7697,,2,昆山市,120.995719,31.249358,121.000088,31.247327,,False,风景名胜;风景名胜;风景名胜,110200,大潭村6组蒋泾村24号,[],,千灯,[],tour,0.0,0.9,0.0,0.0,0.2,0.0,0.4,,nearby_city_phase2,outside_shanghai_municipality
B0FFMDQZQT,南山书院,上海,历史街区,heritage,0.7697,3.8,2,启东市,121.832195,31.908313,121.836482,31.906256,,False,风景名胜;风景名胜;风景名胜|科教文化服务;培训机构;培训机构,110200|141400,滨海工业园福海路29号,[],,[],[],tour,0.0,0.9,0.3,0.0,0.7,0.0,0.4,,nearby_city_phase2,outside_shanghai_municipality
B0LAVS7ID3,曹家大院,上海,历史街区,heritage,0.7697,3.8,2,太仓市,121.05279,31.428818,121.057363,31.427003,,False,风景名胜;风景名胜;风景名胜,110200,双凤镇新闯村1组48号,[],,[],[],tour,0.0,0.9,0.0,0.0,0.2,0.0,0.4,,nearby_city_phase2,outside_shanghai_municipality
B0HU5UORX6,东布洲市民农庄,上海,历史街区,heritage,0.7697,3.8,2,海门区,121.382665,31.857402,121.387362,31.855628,,False,风景名胜;风景名胜;风景名胜,110200,海创路,13603072717;15895999379,,[],[],tour,0.0,0.9,0.0,0.0,0.2,0.0,0.4,,nearby_city_phase2,outside_shanghai_municipality
B0I6BZD9WX,城隍庙,上海,历史街区,heritage,0.98,3.8,2,吴中区,120.86343,31.271255,120.867617,31.269089,豫园,False,风景名胜;风景名胜;寺庙道观,110205,东方路与甫澄北路交叉口西北100米,[],,甪直,[],tour,0.0,0.9,0.0,0.5,0.8,0.0,0.4,,nearby_city_phase2,outside_shanghai_municipality
B0FFH87Y62,独墅湖基督教堂胜浦聚会点,上海,历史街区,heritage,0.7697,3.8,2,吴中区,120.841851,31.294987,120.846079,31.292866,,False,风景名胜;风景名胜;教堂,110206,苏州工业园区吴淞工业坊便利中心(吴浦路西),[],,[],[],tour,0.0,0.9,0.3,0.0,0.7,0.0,0.4,,nearby_city_phase2,outside_shanghai_municipality
B0FFKZS9S2,城隍庙,上海,历史街区,heritage,0.98,3.8,2,昆山市,120.859366,31.354919,120.863566,31.352791,豫园,False,风景名胜;风景名胜;寺庙道观,110205,新城南路城隍堂附近,[],,[],[],tour,0.0,0.9,0.0,0.5,0.8,0.0,0.4,,nearby_city_phase2,outside_shanghai_municipality
B0K21DS6CY,沈士良将军纪念馆,上海,历史街区,heritage,0.7697,,2,启东市,121.760336,31.74134,121.764751,31.739411,,False,风景名胜;风景名胜;纪念馆,110204,三滧沿河路河东路侧,[],,[],[],tour,0.0,1.0,0.0,0.0,0.2,0.6,0.6,,nearby_city_phase2,outside_shanghai_municipality
B0MBL7TMHZ,世外桃源,上海,历史街区,heritage,0.7697,3.8,2,平湖市,121.173491,30.723058,121.177969,30.720844,,False,风景名胜;风景名胜;风景名胜,110200,石路村世外桃源入口(停车场),[],,[],[],tour,0.0,0.9,0.0,0.0,0.2,0.0,0.4,,nearby_city_phase2,outside_shanghai_municipality
B0K0N5DDCD,常熟市基督教会支塘聚会点,上海,历史街区,heritage,0.7697,,2,常熟市,120.950957,31.600325,120.955209,31.598259,,False,政府机构及社会团体;社会团体;教会|风景名胜;风景名胜;风景名胜,130409|110200,新商栈10号,[],,[],[],[],0.0,0.9,0.0,0.0,0.2,0.0,0.4,,nearby_city_phase2,outside_shanghai_municipality
B0KKFMI163,昆山市基督教小河岸路聚会点,上海,历史街区,heritage,0.7697,3.8,2,昆山市,120.941365,31.419411,120.945579,31.417302,,False,风景名胜;风景名胜;教堂,110206,新小河岸路38号,[],,玉山,[],tour,0.0,0.9,0.3,0.0,0.7,0.0,0.4,,nearby_city_phase2,outside_shanghai_municipality
B0K3NUIJ20,半亩方塘,上海,历史街区,heritage,0.762,3.3,3,平湖市,121.165854,30.774824,121.170352,30.772651,,False,风景名胜;风景名胜;风景名胜,110200,廊华路5010号,[],,[],[],tour,0.0,0.9,0.0,0.0,0.2,0.0,0.4,,nearby_city_phase2,outside_shanghai_municipality
B0K1UHG3MF,万安桥,上海,历史街区,heritage,0.762,3.3,3,通州区,121.016484,31.916096,121.020986,31.914176,,False,风景名胜;风景名胜;风景名胜,110200,槐杨路1002-1003号,[],,[],[],tour,0.0,0.9,0.0,0.0,0.2,0.0,0.4,,nearby_city_phase2,outside_shanghai_municipality
B02000JU7H,猛将庙,上海,历史街区,heritage,0.762,3.3,3,太仓市,121.025508,31.656508,121.03002,31.654651,,False,风景名胜;风景名胜;寺庙道观,110205,璜泾镇C542猛将庙,[],,[],[],tour,0.0,1.0,0.0,0.0,0.2,0.0,0.4,,nearby_city_phase2,outside_shanghai_municipality
B0KUBRTXZC,海宁寺遗址,上海,历史街区,heritage,0.762,3.3,3,太仓市,121.101165,31.446334,121.105801,31.444569,,False,风景名胜;风景名胜;寺庙道观,110205,城厢镇县府西街40号(公园弄口)弇山园内(东侧),[],,太仓,[],tour,0.0,1.0,0.0,0.0,0.2,0.0,0.4,,nearby_city_phase2,outside_shanghai_municipality
B0KUB7MP0S,弇山园-望海峰,上海,历史街区,heritage,0.612,3.3,3,太仓市,121.100562,31.44614,121.105198,31.444375,,False,风景名胜;风景名胜;风景名胜,110200,城厢镇县府西街40号(公园弄口)弇山园内(东侧),[],,太仓,[],tour,0.0,0.9,0.3,0.0,0.7,0.0,0.4,,nearby_city_phase2,outside_shanghai_municipality
B0KRV68NVE,昆山慧聚寺-钟楼,上海,历史街区,heritage,0.612,3.3,3,昆山市,121.029462,31.396859,121.033964,31.394981,,False,风景名胜;风景名胜;风景名胜,110200,洞庭湖北路与杨树路交叉口(近东方罗马)昆山慧聚寺,[],,[],[],tour,0.0,1.0,0.3,0.0,0.7,0.0,0.4,,nearby_city_phase2,outside_shanghai_municipality
B02001H1IE,宋文治旧居,上海,历史街区,heritage,0.762,3.3,3,太仓市,121.115751,31.452755,121.120382,31.450985,,False,风景名胜;风景名胜;纪念馆,110204,城厢街道县府东街6号,[],,太仓,[],tour,0.0,0.9,0.0,0.0,0.2,0.0,0.4,,nearby_city_phase2,outside_shanghai_municipality
B02001AKJ9,太仓石拱桥,上海,历史街区,heritage,0.762,3.3,3,太仓市,121.110837,31.4467,121.115471,31.444932,,False,风景名胜;风景名胜;风景名胜,110200,府南街与新华东路交叉口东南60米,[],,太仓,[],tour,0.0,0.9,0.0,0.0,0.2,0.0,0.4,,nearby_city_phase2,outside_shanghai_municipality
B020107V48,海门区常乐镇基督教堂,上海,历史街区,heritage,0.762,3.3,3,海门区,121.254328,31.932761,121.258815,31.930792,,False,风景名胜;风景名胜;教堂,110206,常乐镇中南村十组富民路30号,[],,[],[],tour,0.0,0.9,0.0,0.0,0.2,0.0,0.4,,nearby_city_phase2,outside_shanghai_municipality
B02001AKND,小市庙,上海,历史街区,heritage,0.762,3.3,3,太仓市,121.078135,31.562693,121.082767,31.560936,,False,风景名胜;风景名胜;寺庙道观,110205,沙南东路91号荆溪苑附近,15850260628,,[],[],tour,0.0,1.0,0.0,0.0,0.2,0.0,0.4,,nearby_city_phase2,outside_shanghai_municipality
B0FFM9HLZF,沙溪基督教堂,上海,历史街区,heritage,0.762,3.3,3,太仓市,121.065562,31.558401,121.070174,31.556629,,False,风景名胜;风景名胜;教堂|政府机构及社会团体;社会团体;教会,110206|130409,沙南西路与南院南路交叉口东160米,[],,[],[],tour,0.0,0.9,0.0,0.0,0.2,0.0,0.4,,nearby_city_phase2,outside_shanghai_municipality
B02001F2IF,周庄古镇-普庆桥,上海,历史街区,heritage,0.612,3.3,3,昆山市,120.849179,31.111999,120.853378,31.109777,,False,风景名胜;风景名胜;风景名胜,110200,全福路138号周庄古镇景区内,[],,[],[],tour,0.0,1.0,0.0,0.0,0.2,0.0,0.4,,nearby_city_phase2,outside_shanghai_municipality
B0L30MK7SU,周庄古镇-南湖胜境牌坊,上海,历史街区,heritage,0.612,3.3,3,昆山市,120.85109,31.111113,120.855285,31.108887,,False,风景名胜;风景名胜;风景名胜,110200,全福路138号周庄古镇内(南侧),[],,[],[],tour,0.0,1.0,0.3,0.0,0.7,0.0,0.4,,nearby_city_phase2,outside_shanghai_municipality
B0J3MUDMWV,檀家桥,上海,历史街区,heritage,0.762,3.3,3,吴江区,120.838141,31.004811,120.842353,31.002548,,False,风景名胜;风景名胜;风景名胜,110200,南栅港路300号,[],,[],[],tour,0.0,0.9,0.0,0.0,0.2,0.0,0.4,,nearby_city_phase2,outside_shanghai_municipality
B0FFF2LD9T,关帝庙(临港路),上海,历史街区,heritage,0.762,3.3,3,崇川区,120.890128,31.949098,120.894343,31.946937,,False,风景名胜;风景名胜;寺庙道观,110205,狼山镇临港路18号南通狼山风景名胜区内(东侧),[],,狼山,[],tour,0.0,1.0,0.0,0.0,0.2,0.0,0.4,,nearby_city_phase2,outside_shanghai_municipality
B0KRKLAMA3,大观瀑,上海,历史街区,heritage,0.762,3.3,3,崇川区,120.902411,31.941849,120.906623,31.939687,,False,风景名胜;风景名胜;风景名胜,110200,山水路18号军山景区内(北侧),[],,[],[],tour,0.0,0.9,0.0,0.0,0.2,0.0,0.4,,nearby_city_phase2,outside_shanghai_municipality
B0KRKLAT17,军山景区-望江台,上海,历史街区,heritage,0.612,3.3,3,崇川区,120.900142,31.937948,120.904353,31.935787,,False,风景名胜;风景名胜;风景名胜,110200,山水路18号军山景区(西南角),[],,[],[],tour,0.0,0.9,0.3,0.0,0.7,0.0,0.4,,nearby_city_phase2,outside_shanghai_municipality
B0FFFFJJ6X,福源桥,上海,历史街区,heritage,0.762,3.3,3,嘉善县,120.899185,30.947218,120.903315,30.94485,,False,风景名胜;风景名胜;风景名胜,110200,西塘镇南苑路258号西塘古镇(东北角),0573-84567890,,西塘,[],tour,0.0,0.9,0.0,0.0,0.2,0.0,0.4,,nearby_city_phase2,outside_shanghai_municipality
B0LGRUD4N3,晋贤桥,上海,历史街区,heritage,0.762,3.3,3,嘉善县,120.907958,30.891523,120.912085,30.889122,,False,风景名胜;风景名胜;风景名胜,110200,镇北路与平黎公路交叉口东380米,[],,[],[],tour,0.0,0.9,0.0,0.0,0.2,0.0,0.4,,nearby_city_phase2,outside_shanghai_municipality
B0FFGG4GRO,丁栅基督教堂,上海,历史街区,heritage,0.762,3.3,3,嘉善县,120.923673,30.835822,120.927809,30.833399,,False,风景名胜;风景名胜;教堂,110206,玉兰路与车站南路交叉口东南140米,[],,魏塘,[],tour,0.0,0.9,0.0,0.0,0.2,0.0,0.4,,nearby_city_phase2,outside_shanghai_municipality
B0LDSHUSFR,红旗闸,上海,历史街区,heritage,0.762,3.3,3,崇川区,120.899268,31.963426,120.903482,31.961259,,False,风景名胜;风景名胜;风景名胜,110200,南郊路与红旗闸路交叉口西80米,[],,狼山,[],tour,0.0,0.9,0.0,0.0,0.2,0.0,0.4,,nearby_city_phase2,outside_shanghai_municipality
B0LK793F4O,抗日炮楼遗址,上海,历史街区,heritage,0.762,3.3,3,南湖区,120.842082,30.74184,120.846265,30.739419,,False,风景名胜;风景名胜;风景名胜,110200,南溪东路与亚澳路交叉口北180米,[],,[],[],tour,0.0,1.0,0.0,0.0,0.2,0.0,0.4,,nearby_city_phase2,outside_shanghai_municipality
B0FFMFLFOD,启东市和合基督教堂,上海,历史街区,heritage,0.762,3.3,3,启东市,121.819619,31.759185,121.823926,31.757178,,False,风景名胜;风景名胜;教堂,110206,希士线与洪飞北路交叉口东南20米,17715030870,,[],[],tour,0.0,0.9,0.0,0.0,0.2,0.0,0.4,,nearby_city_phase2,outside_shanghai_municipality
B0KGRUNTYW,玉龙桥,上海,历史街区,heritage,0.762,3.3,3,昆山市,120.967731,31.38796,120.972014,31.3859,,False,风景名胜;风景名胜;风景名胜,110200,娄邑路与珠塘路交叉口东160米,[],,玉山,[],tour,0.0,0.9,0.0,0.0,0.2,0.0,0.4,,nearby_city_phase2,outside_shanghai_municipality
B0FFGK0HHZ,新埭镇基督教堂,上海,历史街区,heritage,0.7557,3.7,2,平湖市,121.078643,30.811326,121.083211,30.809243,,False,风景名胜;风景名胜;教堂,110206,芦席路,[],,[],[],tour,0.0,0.9,0.0,0.0,0.2,0.0,0.4,,nearby_city_phase2,outside_shanghai_municipality
B0FFFFBOXR,周庄古镇-莼鲈之思检票口,上海,历史街区,heritage,0.6057,3.7,2,昆山市,120.852541,31.112712,120.856733,31.110485,,False,风景名胜;风景名胜;风景名胜,110200,全福路138号周庄古镇(东南角),[],,[],[],tour,0.0,1.0,0.0,0.0,0.2,0.0,0.4,,nearby_city_phase2,outside_shanghai_municipality
B02000JHP7,福缘禅寺,上海,历史街区,heritage,0.7557,3.7,2,常熟市,120.83045,31.757897,120.834741,31.755855,,False,风景名胜;风景名胜;寺庙道观,110205,梅李镇青墩村前长巷,[],,[],[],tour,0.0,1.0,0.0,0.0,0.2,0.0,0.4,,nearby_city_phase2,outside_shanghai_municipality
B0KUPDDIEU,万佛宝塔,上海,历史街区,heritage,0.7557,3.7,2,太仓市,121.153452,31.481516,121.158034,31.479702,,False,风景名胜;风景名胜;风景名胜,110200,海天禅寺内(南侧),[],,[],[],tour,0.0,0.9,0.0,0.0,0.2,0.0,0.4,,nearby_city_phase2,outside_shanghai_municipality
B0K3HZ2TK7,桑基鱼塘展示园,上海,历史街区,heritage,0.7557,3.7,2,吴江区,120.888581,31.018437,120.89272,31.016114,,False,风景名胜;风景名胜;风景名胜,110200,汾安东路73号,[],,[],[],tour,0.0,0.9,0.0,0.0,0.2,0.0,0.4,,nearby_city_phase2,outside_shanghai_municipality
B0K2C745F6,李家湾北桥,上海,历史街区,heritage,0.7557,3.7,2,昆山市,120.874094,31.207151,120.878261,31.204943,,False,风景名胜;风景名胜;风景名胜,110200,金波路与晨霞路交叉口北380米,[],,[],[],tour,0.0,0.9,0.0,0.0,0.2,0.0,0.4,,nearby_city_phase2,outside_shanghai_municipality
B0HRDMV8PP,启东市北新基督教堂,上海,历史街区,heritage,0.7557,3.7,2,启东市,121.492695,31.859235,121.497207,31.857307,,False,风景名胜;风景名胜;教堂,110206,[],[],,[],[],tour,0.0,0.9,0.0,0.0,0.2,0.0,0.4,,nearby_city_phase2,outside_shanghai_municipality
B0FFGAC1KB,基督堂,上海,历史街区,heritage,0.7557,3.7,2,太仓市,121.273177,31.512276,121.277641,31.510351,,False,风景名胜;风景名胜;教堂,110206,上海东路995号,[],,[],[],tour,0.0,0.9,0.0,0.0,0.2,0.0,0.4,,nearby_city_phase2,outside_shanghai_municipality
B0FFL91R37,邵滨孙纪念馆,上海,历史街区,heritage,0.7557,3.7,2,太仓市,121.266606,31.503844,121.271063,31.501912,,False,风景名胜;风景名胜;纪念馆,110204,浏河镇滨河街32号,[],,[],[],tour,0.0,1.0,0.0,0.0,0.2,0.6,0.6,,nearby_city_phase2,outside_shanghai_municipality
B0K34C2PMZ,巴溪古簖,上海,历史街区,heritage,0.7557,3.7,2,昆山市,120.850229,31.454128,120.854454,31.452041,,False,风景名胜;风景名胜;风景名胜,110200,大禹路95号巴溪古簖酒楼,[],,巴城,[],tour,0.0,1.0,0.0,0.0,0.2,0.0,0.4,,nearby_city_phase2,outside_shanghai_municipality
B0200166UW,张浦基督教堂,上海,历史街区,heritage,0.7557,3.7,2,昆山市,120.956428,31.235932,120.960664,31.233787,,False,风景名胜;风景名胜;教堂,110206,商秧湖路75号,[],,[],[],tour,0.0,0.9,0.0,0.0,0.2,0.0,0.4,,nearby_city_phase2,outside_shanghai_municipality
B0GDDHUOHV,天德宫,上海,历史街区,heritage,0.752,4.3,1,昆山市,120.923053,31.454689,120.927239,31.452563,,False,风景名胜;风景名胜;寺庙道观,110205,恒盛路和瑞科路往北50米(028村道西侧),13606260659;13776366502,,[],[],tour,0.0,1.0,0.0,0.0,0.2,0.0,0.4,,nearby_city_phase2,outside_shanghai_municipality
B0FFF071WL,南通狼山风景名胜区-法聚庵,上海,历史街区,heritage,0.598,3.2,3,崇川区,120.888274,31.949477,120.89249,31.947317,,False,风景名胜;风景名胜;寺庙道观,110205,临港路18号,0513-85705215,,狼山,[],tour,0.0,0.9,0.3,0.0,0.7,0.0,0.4,,nearby_city_phase2,outside_shanghai_municipality
B0FFFF7J45,周庄古镇-穿竹石栏,上海,历史街区,heritage,0.598,3.2,3,昆山市,120.850245,31.112556,120.854442,31.110333,,False,风景名胜;风景名胜;风景名胜,110200,全福路138号周庄古镇,[],,[],[],tour,0.0,1.0,0.0,0.0,0.2,0.0,0.4,,nearby_city_phase2,outside_shanghai_municipality
B0K229828N,昆山体育生态公园-观景台,上海,公园,park,0.598,3.2,3,昆山市,120.984298,31.448285,120.988642,31.446287,,False,风景名胜;风景名胜;观景点,110209,昆山体育生态公园(西南角),[],,周市,[],tour,0.0,0.0,1.0,0.0,0.7,0.0,0.0,,nearby_city_phase2,outside_shanghai_municipality
B0JKMAJDIT,嘉泰桥,上海,历史街区,heritage,0.748,3.2,3,吴江区,120.842642,31.023095,120.846846,31.020834,,False,风景名胜;风景名胜;风景名胜,110200,北芦墟新村277号,[],,汾湖,[],tour,0.0,0.9,0.0,0.0,0.2,0.0,0.4,,nearby_city_phase2,outside_shanghai_municipality
B0FFI104HG,黄宅,上海,历史街区,heritage,0.748,3.2,3,吴江区,120.838319,31.006414,120.842531,31.004151,,False,风景名胜;风景名胜;风景名胜,110200,东南街陆黄家弄2号,[],,[],[],tour,0.0,0.9,0.0,0.0,0.2,0.0,0.4,,nearby_city_phase2,outside_shanghai_municipality
B0KUFC4PN7,海棠草坪,上海,历史街区,heritage,0.748,3.2,3,崇川区,120.904262,31.95567,120.908475,31.953505,,False,风景名胜;风景名胜;风景名胜,110200,工农南路19号南通植物园内(东侧),[],,狼山,[],tour,0.0,0.9,0.0,0.0,0.2,0.0,0.4,,nearby_city_phase2,outside_shanghai_municipality
B0L66S9ATM,昆山高新区界浦河沿线高标准农田,上海,历史街区,heritage,0.748,3.2,3,昆山市,120.870347,31.328257,120.874528,31.326104,,False,风景名胜;风景名胜;风景名胜,110200,晨丰路223号(开放大学南侧),[],,[],[],tour,0.0,0.9,0.3,0.0,0.7,0.0,0.4,,nearby_city_phase2,outside_shanghai_municipality
B0H0FUO4PT,西山村庐,上海,历史街区,heritage,0.748,3.2,3,崇川区,120.875096,31.952167,120.879323,31.950017,,False,风景名胜;风景名胜;风景名胜,110200,山水路19号,[],,狼山,[],tour,0.0,0.9,0.3,0.0,0.7,0.0,0.4,,nearby_city_phase2,outside_shanghai_municipality
B0K0XLVY6L,永福桥,上海,历史街区,heritage,0.748,3.2,3,昆山市,121.003161,31.269666,121.007559,31.267667,,False,风景名胜;风景名胜;风景名胜,110200,少卿西路与炎武路交叉口东300米,[],,千灯,[],tour,0.0,0.9,0.0,0.0,0.2,0.0,0.4,,nearby_city_phase2,outside_shanghai_municipality
B0FFGZOCXJ,项定荣旧居,上海,历史街区,heritage,0.748,3.2,3,嘉善县,120.900764,30.84025,120.904886,30.837819,,False,风景名胜;风景名胜;纪念馆,110204,环西南路与中山西路交叉口西220米,[],,[],[],tour,0.0,0.9,0.0,0.0,0.2,0.0,0.4,,nearby_city_phase2,outside_shanghai_municipality
B0LDB7BF7L,初心园,上海,历史街区,heritage,0.748,3.2,3,嘉善县,120.937658,30.959126,120.941827,30.956793,,False,风景名胜;风景名胜;风景名胜,110200,东汇村史馆西侧70米,[],,[],[],tour,0.0,0.9,0.0,0.0,0.2,0.0,0.4,,nearby_city_phase2,outside_shanghai_municipality
B0K1PR71V2,滴水桥,上海,历史街区,heritage,0.748,3.2,3,通州区,121.02058,31.915682,121.025097,31.913773,,False,风景名胜;风景名胜;风景名胜,110200,槐杨路1002-1003号,[],,[],[],tour,0.0,0.9,0.0,0.0,0.2,0.0,0.4,,nearby_city_phase2,outside_shanghai_municipality
B0J2KD0PZG,杨彝纪念馆,上海,历史街区,heritage,0.748,3.2,3,常熟市,120.854961,31.544256,120.859184,31.542175,,False,风景名胜;风景名胜;纪念馆,110204,沙家浜唐市古镇繁荣街51号,[],,[],[],tour,0.0,1.0,0.0,0.0,0.2,0.6,0.6,,nearby_city_phase2,outside_shanghai_municipality
B0FFGA6NYJ,弥勒殿,上海,历史街区,heritage,0.748,3.2,3,昆山市,120.876047,31.460404,120.880232,31.458283,,False,风景名胜;风景名胜;寺庙道观,110205,巴城镇新澄路巴城老街崇宁塔院内(东侧),[],,[],[],tour,0.0,1.0,0.0,0.0,0.2,0.0,0.4,,nearby_city_phase2,outside_shanghai_municipality
B0LAF118Z5,风亭叙,上海,历史街区,heritage,0.7417,3.6,2,太仓市,121.105572,31.450397,121.110208,31.448632,,False,风景名胜;风景名胜;风景名胜,110200,城厢镇人民南路148号1-07室,[],,太仓,[],tour,0.0,0.9,0.0,0.0,0.2,0.0,0.4,,nearby_city_phase2,outside_shanghai_municipality
B02010UMDF,小海战斗烈士纪念碑,上海,历史街区,heritage,0.7417,3.6,2,崇川区,120.963225,31.957089,120.967542,31.955005,,False,风景名胜;风景名胜;纪念馆,110204,通启路与朝阳路交叉口西北140米,[],,[],[],tour,0.0,1.0,0.0,0.0,0.2,0.0,0.4,,nearby_city_phase2,outside_shanghai_municipality
B0FFGA2QAU,龚泊庙,上海,历史街区,heritage,0.7417,3.6,2,太仓市,121.140288,31.616226,121.144905,31.614446,,False,风景名胜;风景名胜;寺庙道观,110205,通港东路88号,15189147959,,[],[],tour,0.0,1.0,0.0,0.0,0.2,0.0,0.4,,nearby_city_phase2,outside_shanghai_municipality
B0IDKPGLHP,老浮桥,上海,历史街区,heritage,0.7417,3.6,2,太仓市,121.266994,31.504446,121.271451,31.502515,,False,风景名胜;风景名胜;风景名胜,110200,中心北街121号对面116号,[],,[],[],tour,0.0,0.9,0.0,0.0,0.2,0.0,0.4,,nearby_city_phase2,outside_shanghai_municipality
B0H33LYTCX,龙王庙,上海,历史街区,heritage,0.7417,3.6,2,常熟市,120.903491,31.744354,120.907687,31.742228,,False,风景名胜;风景名胜;寺庙道观,110205,浦江路与骄子路交叉口西360米,[],,[],[],tour,0.0,1.0,0.0,0.0,0.2,0.0,0.4,,nearby_city_phase2,outside_shanghai_municipality
B0FFL3F0H0,花神庵港,上海,历史街区,heritage,0.7417,3.6,2,嘉善县,120.963547,30.854731,120.967773,30.852391,,False,风景名胜;风景名胜;风景名胜,110200,台升大道,[],,[],[],tour,0.0,0.9,0.0,0.0,0.2,0.0,0.4,,nearby_city_phase2,outside_shanghai_municipality
B0J3KUQ3NX,赏荷亭,上海,历史街区,heritage,0.7417,3.6,2,崇川区,120.882906,31.956714,120.887126,31.954556,,False,风景名胜;风景名胜;风景名胜,110200,花园路66号,[],,狼山,[],tour,0.0,0.9,0.0,0.0,0.2,0.0,0.4,,nearby_city_phase2,outside_shanghai_municipality
B0FFGY5PD2,万三水上码头,上海,历史街区,heritage,0.7417,3.6,2,昆山市,120.857435,31.112222,120.861619,31.109987,,False,风景名胜;风景名胜;风景名胜,110200,全福路138号周庄古镇内(东侧),[],,[],[],tour,0.0,0.9,0.0,0.0,0.2,0.0,0.4,,nearby_city_phase2,outside_shanghai_municipality
B0H0FCO5HH,梅林,上海,历史街区,heritage,0.7417,3.6,2,崇川区,120.906369,31.963247,120.910584,31.96108,,False,风景名胜;风景名胜;风景名胜,110200,南郊路150号,[],,狼山,[],tour,0.0,0.9,0.0,0.0,0.2,0.0,0.4,,nearby_city_phase2,outside_shanghai_municipality
B0KRVM6C63,昆山市城市生态森林公园蝴蝶花谷,上海,公园,park,0.7417,3.6,2,昆山市,120.915796,31.395003,120.919969,31.392857,,False,风景名胜;风景名胜;风景名胜,110200,马鞍山西路818号昆山市城市生态森林公园内(东侧),[],,玉山,[],tour,0.0,0.0,1.0,0.0,0.7,0.0,0.0,,nearby_city_phase2,outside_shanghai_municipality
B0FFHU65O8,太平观,上海,历史街区,heritage,0.7417,3.6,2,太仓市,121.088634,31.463934,121.093267,31.462171,,False,风景名胜;风景名胜;寺庙道观,110205,人民北路35号太仓湿地公园,[],,太仓,[],tour,0.0,0.9,0.0,0.0,0.2,0.0,0.4,,nearby_city_phase2,outside_shanghai_municipality
B0K0U5R652,昆山之链·青葵自然乐园,上海,历史街区,heritage,0.738,4.2,1,昆山市,120.898082,31.16572,120.90223,31.163476,,False,风景名胜;风景名胜;风景名胜,110200,南新路3号,[],,[],[],tour,0.0,0.9,0.3,0.0,0.7,0.0,0.4,,nearby_city_phase2,outside_shanghai_municipality
B0KAGCRBIL,南湖区七里店基督教堂,上海,历史街区,heritage,0.738,4.2,1,南湖区,120.818985,30.769456,120.823219,30.767093,,False,风景名胜;风景名胜;教堂,110206,胜利农桥北面,[],,[],[],tour,0.0,0.9,0.3,0.0,0.7,0.0,0.4,,nearby_city_phase2,outside_shanghai_municipality
B0L0JDFETE,新镇庙院,上海,历史街区,heritage,0.734,3.1,3,昆山市,121.035045,31.405463,121.039566,31.403602,,False,风景名胜;风景名胜;寺庙道观,110205,萧林东路与太湖北路交叉口西南360米,[],,[],[],tour,0.0,1.0,0.0,0.0,0.2,0.0,0.4,,nearby_city_phase2,outside_shanghai_municipality
B0LGARN8DU,太平桥,上海,历史街区,heritage,0.734,3.1,3,昆山市,120.85281,31.374569,120.857023,31.372457,,False,风景名胜;风景名胜;风景名胜,110200,下塘街与硕士路交叉口西北200米,[],,[],[],tour,0.0,0.9,0.0,0.0,0.2,0.0,0.4,,nearby_city_phase2,outside_shanghai_municipality
B0FFG6PDUR,西塘古镇景区-沈家厅,上海,历史街区,heritage,0.584,3.1,3,嘉善县,120.895077,30.94635,120.899208,30.943982,,False,风景名胜;风景名胜;风景名胜,110200,南苑路258号西塘古镇景区,[],,西塘,[],tour,0.0,1.0,0.3,0.0,0.2,0.0,0.4,,nearby_city_phase2,outside_shanghai_municipality
B0L21CUJ1E,茹经桥,上海,历史街区,heritage,0.734,3.1,3,太仓市,121.26607,31.505338,121.270527,31.503406,,False,风景名胜;风景名胜;风景名胜,110200,浏河镇中心北街263号浏河古镇内(南侧),[],,[],[],tour,0.0,0.9,0.0,0.0,0.2,0.0,0.4,,nearby_city_phase2,outside_shanghai_municipality
B02001HXIM,甪直古镇-永宁桥,上海,历史街区,heritage,0.584,3.1,3,吴中区,120.870528,31.268485,120.874704,31.266309,,False,风景名胜;风景名胜;风景名胜,110200,光辉路28号甪直古镇内(西侧),[],,甪直,[],tour,0.0,1.0,0.0,0.0,0.2,0.0,0.4,,nearby_city_phase2,outside_shanghai_municipality
B0L21CU3T6,永安桥,上海,历史街区,heritage,0.734,3.1,3,太仓市,121.265865,31.506326,121.270322,31.504394,,False,风景名胜;风景名胜;风景名胜,110200,浏河镇中心北街263号浏河古镇(西南角),[],,[],[],tour,0.0,0.9,0.0,0.0,0.2,0.0,0.4,,nearby_city_phase2,outside_shanghai_municipality
B0L2CCIGVS,勤力村荷塘大草坪,上海,历史街区,heritage,0.734,3.1,3,太仓市,121.004781,31.500621,121.009205,31.498694,,False,风景名胜;风景名胜;风景名胜,110200,华丽大道888号,[],,[],[],tour,0.0,0.9,0.0,0.0,0.2,0.0,0.4,,nearby_city_phase2,outside_shanghai_municipality
B020106MBM,海门区三厂镇天主堂,上海,历史街区,heritage,0.7277,3.5,2,海门区,121.273336,31.896044,121.277834,31.894093,,False,风景名胜;风景名胜;教堂,110206,三厂镇洪利路孝威村,[],,[],[],tour,0.0,0.9,0.0,0.0,0.2,0.0,0.4,,nearby_city_phase2,outside_shanghai_municipality
B0FFGA9OH7,南庵庙,上海,历史街区,heritage,0.7277,3.5,2,太仓市,121.201023,31.552224,121.205518,31.550334,,False,风景名胜;风景名胜;寺庙道观,110205,浮桥镇丁泾村,[],,[],[],tour,0.0,1.0,0.0,0.0,0.2,0.0,0.4,,nearby_city_phase2,outside_shanghai_municipality
B0LAF500HW,张泾庙,上海,历史街区,heritage,0.7277,3.5,2,昆山市,120.877836,31.412405,120.882015,31.410271,,False,风景名胜;风景名胜;寺庙道观,110205,古城北路808号,[],,[],[],tour,0.0,1.0,0.0,0.0,0.2,0.0,0.4,,nearby_city_phase2,outside_shanghai_municipality
B0FFF2LBSY,周庄古镇-禄桥,上海,历史街区,heritage,0.5777,3.5,2,昆山市,120.854481,31.114378,120.85867,31.112149,,False,风景名胜;风景名胜;风景名胜,110200,全福路138号周庄古镇内(东侧),[],,[],[],tour,0.0,1.0,0.0,0.0,0.2,0.0,0.4,,nearby_city_phase2,outside_shanghai_municipality
B0K61ZQN04,刘郡王庙,上海,历史街区,heritage,0.7277,3.5,2,太仓市,121.105785,31.584392,121.110432,31.582644,,False,风景名胜;风景名胜;寺庙道观,110205,老闸十七组19号,[],,[],[],tour,0.0,1.0,0.0,0.0,0.2,0.0,0.4,,nearby_city_phase2,outside_shanghai_municipality
B0KRX71KP8,蓝田湖,上海,历史街区,heritage,0.7277,3.5,2,太仓市,121.123,31.61669,121.12764,31.614932,,False,风景名胜;风景名胜;风景名胜,110200,[],[],,[],[],tour,0.0,0.9,0.3,0.0,0.7,0.0,0.4,,nearby_city_phase2,outside_shanghai_municipality
B0LBCCC8OB,吴家湾大草坪,上海,历史街区,heritage,0.7277,3.5,2,太仓市,121.072988,31.674729,121.077623,31.672968,,False,风景名胜;风景名胜;风景名胜,110200,花木路与伍鹿路交叉口西北480米,[],,[],[],tour,0.0,0.9,0.0,0.0,0.2,0.0,0.4,,nearby_city_phase2,outside_shanghai_municipality
B0FFHGVZW9,赵庄禅寺,上海,历史街区,heritage,0.7277,3.5,2,常熟市,120.874886,31.631701,120.879087,31.629597,,False,风景名胜;风景名胜;寺庙道观,110205,虞东路与葑泾路交叉口东南80米,[],,[],[],tour,0.0,1.0,0.0,0.0,0.2,0.0,0.4,,nearby_city_phase2,outside_shanghai_municipality
B0FFLEF0A4,嘉善县革命烈士事迹陈列馆,上海,历史街区,heritage,0.7277,3.5,2,嘉善县,120.918402,30.843714,120.922533,30.841291,,False,风景名胜;风景名胜;纪念馆,110204,陵园路16号,0573-89100155,,魏塘,[],tour,0.0,0.9,0.0,0.0,0.2,0.0,0.4,,nearby_city_phase2,outside_shanghai_municipality
B02000J43Y,太仓市城厢教堂,上海,历史街区,heritage,0.7277,3.5,2,太仓市,121.096789,31.447959,121.101424,31.446195,,False,风景名胜;风景名胜;教堂,110206,郑和西路183号,0512-53517589,,太仓,[],tour,0.0,0.9,0.0,0.0,0.2,0.0,0.4,,nearby_city_phase2,outside_shanghai_municipality
B0I21RNPXP,生态湿地(黄桥自然宅基),上海,公园,park,0.7277,3.5,2,常熟市,120.799111,31.539216,120.803448,31.537234,,False,风景名胜;风景名胜;风景名胜,110200,沙家浜镇芦荡村,[],,[],[],tour,0.0,0.0,1.0,0.0,0.2,0.0,0.0,,nearby_city_phase2,outside_shanghai_municipality
B0JKYUGE8X,古樟园,上海,历史街区,heritage,0.724,4.1,1,昆山市,120.88929,31.440498,120.893463,31.438362,,False,风景名胜;风景名胜;风景名胜,110200,迎宾西路与年丰路交叉口西北方向130米,13773182777,,巴城,[],tour,0.0,1.0,0.0,0.0,0.2,0.0,0.4,,nearby_city_phase2,outside_shanghai_municipality
B0KBRAN13Y,陈家牌楼(芦墟),上海,历史街区,heritage,0.72,3.0,3,吴江区,120.837807,31.005807,120.84202,31.003545,,False,风景名胜;风景名胜;风景名胜,110200,西南街126号,[],,汾湖,[],tour,0.0,0.9,0.0,0.0,0.2,0.0,0.4,,nearby_city_phase2,outside_shanghai_municipality
B0KRNYGJ0J,褚宅苏冠丞旧居,上海,历史街区,heritage,0.72,3.0,3,吴江区,120.837399,31.005138,120.841613,31.002876,,False,风景名胜;风景名胜;风景名胜,110200,西栅街9号,[],,[],[],tour,0.0,0.9,0.0,0.0,0.2,0.0,0.4,,nearby_city_phase2,outside_shanghai_municipality
B0FFF67LH4,怀德堂,上海,历史街区,heritage,0.72,3.0,3,吴江区,120.837274,31.00638,120.841488,31.004119,,False,风景名胜;风景名胜;风景名胜,110200,西栅街15号,[],,汾湖,[],tour,0.0,0.9,0.0,0.0,0.2,0.0,0.4,,nearby_city_phase2,outside_shanghai_municipality
B0LAR7CVTM,陶氏节孝坊,上海,历史街区,heritage,0.72,3.0,3,吴江区,120.817345,31.039987,120.821604,31.037783,,False,风景名胜;风景名胜;风景名胜,110200,汾湖枢纽与G50沪渝高速交叉口东南320米,[],,[],[],tour,0.0,0.9,0.0,0.0,0.2,0.0,0.4,,nearby_city_phase2,outside_shanghai_municipality
B0K6BADBTI,灵芬馆(芦墟),上海,历史街区,heritage,0.72,3.0,3,吴江区,120.837045,31.008089,120.84126,31.00583,,False,风景名胜;风景名胜;风景名胜,110200,西北街16号,[],,汾湖,[],tour,0.0,0.9,0.0,0.0,0.2,0.0,0.4,,nearby_city_phase2,outside_shanghai_municipality
B0FFHNNCFL,沙家浜风景区-卧波桥,上海,历史街区,heritage,0.57,3.0,3,常熟市,120.80014,31.549321,120.804476,31.547339,,False,风景名胜;风景名胜;海滩,110208,沙家浜镇沙家浜风景区内(西南角),0512-52500000,,沙家浜风景区,[],tour,0.0,0.9,0.3,0.0,0.7,0.0,0.4,,nearby_city_phase2,outside_shanghai_municipality
B0LKFZTI21,断港庙,上海,历史街区,heritage,0.72,3.0,3,常熟市,120.995956,31.569668,121.000353,31.567722,,False,风景名胜;风景名胜;寺庙道观,110205,支塘镇,[],,[],[],tour,0.0,1.0,0.0,0.0,0.2,0.0,0.4,,nearby_city_phase2,outside_shanghai_municipality
B0J1LCRZ8U,钱能训纪念馆,上海,历史街区,heritage,0.72,3.0,3,嘉善县,120.981505,30.824949,120.985788,30.822641,,False,风景名胜;风景名胜;纪念馆,110204,钱能训墓东南侧120米,[],,[],[],tour,0.0,1.0,0.0,0.0,0.2,0.6,0.6,,nearby_city_phase2,outside_shanghai_municipality
B0FFF93ZW3,马若特泥禅坊,上海,历史街区,heritage,0.72,3.0,3,昆山市,120.900109,31.173118,120.904257,31.170877,,False,风景名胜;风景名胜;海滩,110208,下塘街17号,0512-57224669,,锦溪,[],tour,0.0,0.9,0.0,0.0,0.2,0.0,0.4,,nearby_city_phase2,outside_shanghai_municipality
B0FFF0FY8J,兰圃,上海,历史街区,heritage,0.7137,3.4,2,太仓市,121.179899,31.537443,121.184433,31.535588,,False,风景名胜;风景名胜;风景名胜,110200,沙溪镇岳王区新港公路南侧玫瑰庄园景区(东南角),0512-53300222,,[],[],tour,0.0,0.9,0.0,0.0,0.2,0.0,0.4,,nearby_city_phase2,outside_shanghai_municipality
B0KKT5HNUC,南通恩赐堂,上海,历史街区,heritage,0.7137,3.4,2,启东市,121.670614,31.81685,121.674951,31.814814,,False,风景名胜;风景名胜;教堂|生活服务;生活服务场所;生活服务场所,110206|070000,启东市公园北路1033号,13912228333,,[],[],tour,0.0,0.9,0.0,0.0,0.2,0.0,0.4,,nearby_city_phase2,outside_shanghai_municipality
B0I3G7J44J,季方纪念馆,上海,历史街区,heritage,0.7137,3.4,2,海门区,121.474866,31.935463,121.479447,31.93357,,False,风景名胜;风景名胜;风景名胜,110200,凤阳路52号,[],,[],[],tour,0.0,1.0,0.0,0.0,0.2,0.6,0.6,,nearby_city_phase2,outside_shanghai_municipality
B0G0DRAFSP,觉华寺,上海,历史街区,heritage,0.7137,3.4,2,吴中区,120.875601,31.234307,120.879768,31.23211,,False,风景名胜;风景名胜;寺庙道观,110205,规划路与张庆街交叉口东南400米,[],,[],[],tour,0.0,1.0,0.0,0.0,0.2,0.0,0.4,,nearby_city_phase2,outside_shanghai_municipality
B0FFJUZHRU,基督教堂,上海,历史街区,heritage,0.7137,3.4,2,太仓市,121.258864,31.560317,121.263321,31.558388,,False,风景名胜;风景名胜;教堂,110206,河西街与乐园路交叉口北80米,[],,[],[],tour,0.0,0.9,0.0,0.0,0.2,0.0,0.4,,nearby_city_phase2,outside_shanghai_municipality
B0J6S52HW9,太仓市浮桥镇方桥村观音堂,上海,历史街区,heritage,0.7137,3.4,2,太仓市,121.17396,31.583027,121.17851,31.581187,,False,风景名胜;风景名胜;寺庙道观,110205,大宅路与东新兴路交叉口西南320米,[],,[],[],tour,0.0,0.9,0.0,0.0,0.2,0.0,0.4,,nearby_city_phase2,outside_shanghai_municipality
B02001ECQD,周庄古镇-兴隆庙,上海,历史街区,heritage,0.5637,3.4,2,昆山市,120.852891,31.1121,120.857083,31.109872,,False,风景名胜;风景名胜;风景名胜,110200,周庄镇全福路42号周庄古镇(东南角),[],,[],[],tour,0.0,1.0,0.0,0.0,0.2,0.0,0.4,,nearby_city_phase2,outside_shanghai_municipality
B02001F2II,周庄古镇-永安桥,上海,历史街区,heritage,0.5637,3.4,2,昆山市,120.849939,31.114212,120.854136,31.11199,,False,风景名胜;风景名胜;风景名胜,110200,全福路138号周庄古镇,[],,[],[],tour,0.0,1.0,0.0,0.0,0.2,0.0,0.4,,nearby_city_phase2,outside_shanghai_municipality
B0JD0UVDSJ,嘉善图博中心,上海,历史街区,heritage,0.71,4.0,1,嘉善县,120.925165,30.825179,120.929302,30.822752,,False,风景名胜;风景名胜;风景名胜,110200,嘉善大道388号,[],,嘉善大道,[],tour,0.0,0.9,0.0,0.0,0.2,0.0,0.4,,nearby_city_phase2,outside_shanghai_municipality
B020016DSL,增福禅寺,上海,历史街区,heritage,0.71,4.0,1,常熟市,120.886863,31.604408,120.891051,31.602294,,False,风景名胜;风景名胜;寺庙道观,110205,古里镇红豆山庄1号古里红豆山庄(东南角),0512-52568888,,[],[],tour,0.0,1.0,0.0,0.0,0.2,0.0,0.4,,nearby_city_phase2,outside_shanghai_municipality
B0L0T49RSO,李叔同铜像,上海,历史街区,heritage,0.706,2.9,3,平湖市,121.026602,30.698016,121.031036,30.695774,,False,风景名胜;风景名胜;风景名胜,110200,李叔同纪念馆(西北角),[],,平湖,[],tour,0.0,0.9,0.0,0.0,0.2,0.0,0.4,,nearby_city_phase2,outside_shanghai_municipality
B0J3JS1IPA,长安桥,上海,历史街区,heritage,0.706,2.9,3,太仓市,121.113376,31.448635,121.118009,31.446866,,False,风景名胜;风景名胜;风景名胜,110200,牙博士口腔(太仓店)旁,[],,太仓,[],tour,0.0,0.9,0.0,0.0,0.2,0.0,0.4,,nearby_city_phase2,outside_shanghai_municipality
B0FFG824G8,锦溪古镇-玉佛殿,上海,历史街区,heritage,0.5559999999999999,2.9,3,昆山市,120.90061,31.170755,120.904758,31.168513,,False,风景名胜;风景名胜;寺庙道观,110205,邵甸港路18号锦溪古镇内(南侧),0512-57224669,,锦溪,[],tour,0.0,1.0,0.0,0.0,0.2,0.0,0.4,,nearby_city_phase2,outside_shanghai_municipality
B0KBRHQD5R,董宅(芦墟),上海,历史街区,heritage,0.706,2.9,3,吴江区,120.838166,31.005429,120.842378,31.003166,,False,风景名胜;风景名胜;风景名胜,110200,东南街街86号,[],,[],[],tour,0.0,0.9,0.0,0.0,0.2,0.0,0.4,,nearby_city_phase2,outside_shanghai_municipality
B0FFH4XVL2,大悲殿,上海,历史街区,heritage,0.706,2.9,3,崇川区,120.888937,31.949002,120.893152,31.946842,,False,风景名胜;风景名胜;寺庙道观,110205,狼山广教禅寺,0513-85708306,,狼山,[],tour,0.0,1.0,0.0,0.0,0.2,0.0,0.4,,nearby_city_phase2,outside_shanghai_municipality
B0K6MZF2CJ,三凤堂(芦墟),上海,历史街区,heritage,0.706,2.9,3,吴江区,120.83812,31.006972,120.842332,31.00471,,False,风景名胜;风景名胜;风景名胜,110200,西北街13号,[],,汾湖,[],tour,0.0,0.9,0.0,0.0,0.2,0.0,0.4,,nearby_city_phase2,outside_shanghai_municipality
B0LDDH3YZN,城山河三角桥,上海,历史街区,heritage,0.706,2.9,3,崇川区,120.884736,31.971925,120.888956,31.969762,,False,风景名胜;风景名胜;风景名胜,110200,城山路与崇川路交叉口东南100米,[],,[],[],tour,0.0,0.9,0.3,0.0,0.7,0.0,0.4,,nearby_city_phase2,outside_shanghai_municipality
B0LAO4HDN6,芦川书院,上海,历史街区,heritage,0.706,2.9,3,平湖市,121.187434,30.72993,121.191884,30.727694,,False,风景名胜;风景名胜;风景名胜|科教文化服务;培训机构;培训机构,110200|141400,新仓镇石路小区育才苑132号,[],,[],[],tour,0.0,0.9,0.0,0.0,0.2,0.0,0.4,,nearby_city_phase2,outside_shanghai_municipality
B02010VX2S,新开基督教堂,上海,历史街区,heritage,0.6997,3.3,2,崇川区,120.939343,31.90991,120.943594,31.907786,,False,风景名胜;风景名胜;教堂,110206,苏通商业广场5号楼,[],,新开南路,[],tour,0.0,0.9,0.0,0.0,0.2,0.0,0.4,,nearby_city_phase2,outside_shanghai_municipality
B02001F2ID,周庄古镇-世德桥,上海,历史街区,heritage,0.5497,3.3,2,昆山市,120.849785,31.114131,120.853983,31.111909,,False,风景名胜;风景名胜;风景名胜,110200,全福路138号周庄古镇内,[],,[],[],tour,0.0,1.0,0.0,0.0,0.2,0.0,0.4,,nearby_city_phase2,outside_shanghai_municipality
B020107V1H,永和基督教堂,上海,历史街区,heritage,0.6997,3.3,2,启东市,121.722784,31.834538,121.727205,31.832582,,False,风景名胜;风景名胜;教堂,110206,合汇线与永阳线交叉口西南40米,[],,[],[],tour,0.0,0.9,0.0,0.0,0.2,0.0,0.4,,nearby_city_phase2,outside_shanghai_municipality
B0K1CCNLCD,二佰畝村東嶽大廟,上海,历史街区,heritage,0.6997,3.3,2,吴中区,120.854545,31.331908,120.858752,31.329779,,False,风景名胜;风景名胜;风景名胜,110200,澄浦路与同胜路交叉口东300米,[],,苏州工业园区高端制造与国际贸易区,[],tour,0.0,0.9,0.0,0.0,0.2,0.0,0.4,,nearby_city_phase2,outside_shanghai_municipality
B0J2BHIYHT,唐市古镇金桩浜陆宅,上海,历史街区,heritage,0.6997,3.3,2,常熟市,120.856621,31.545426,120.860842,31.543343,,False,风景名胜;风景名胜;风景名胜,110200,沙家浜唐市古镇金桩浜45号,[],,[],[],tour,0.0,1.0,0.0,0.0,0.2,0.0,0.4,,nearby_city_phase2,outside_shanghai_municipality
B0HRDCYJQZ,启东市南阳基督教堂,上海,历史街区,heritage,0.6997,3.3,2,启东市,121.722805,31.834528,121.727226,31.832572,,False,风景名胜;风景名胜;教堂,110206,合汇线与永阳线交叉路口西南侧,[],,[],[],tour,0.0,0.9,0.0,0.0,0.2,0.0,0.4,,nearby_city_phase2,outside_shanghai_municipality
B0FFKNXELK,启东市王鲍基督教堂,上海,历史街区,heritage,0.696,3.9,1,启东市,121.56393,31.957701,121.568229,31.955571,,False,风景名胜;风景名胜;教堂,110206,王鲍镇迎宾桥西侧合群中心路向北300米爱民桥处,0513-83782216,,[],[],tour,0.0,0.9,0.0,0.0,0.2,0.0,0.4,,nearby_city_phase2,outside_shanghai_municipality
B0G13Y1IIX,状元廊,上海,历史街区,heritage,0.696,3.9,1,吴中区,120.869734,31.285892,120.873913,31.283724,,False,风景名胜;风景名胜;风景名胜,110200,富民路,[],,[],[],tour,0.0,0.9,0.0,0.0,0.2,0.0,0.4,,nearby_city_phase2,outside_shanghai_municipality
B0KRJ97D15,澄湖,上海,历史街区,heritage,0.696,3.9,1,吴中区,120.82732,31.212799,120.831572,31.210669,,False,风景名胜;风景名胜;风景名胜,110200,[],[],,[],[],tour,0.0,0.9,0.3,0.0,0.7,0.0,0.4,,nearby_city_phase2,outside_shanghai_municipality
B0JBY7TG8X,海蝶视音,上海,历史街区,heritage,0.696,3.9,1,崇川区,120.94895,31.919441,120.953224,31.917333,,False,风景名胜;风景名胜;风景名胜,110200,新河路与星湖街交叉口西南80米,[],,[],[],tour,0.0,0.9,0.0,0.0,0.2,0.0,0.4,,nearby_city_phase2,outside_shanghai_municipality
B0MGS5MQQ4,昆山淀山湖旅游区,上海,历史街区,heritage,0.696,3.9,1,昆山市,120.978901,31.13798,120.983201,31.135845,,False,风景名胜;风景名胜;风景名胜,110200,淀山湖镇环湖大道(淀山湖东岸),[],,[],[],tour,0.0,0.9,0.3,0.0,0.7,0.0,0.4,,nearby_city_phase2,outside_shanghai_municipality
B0KAHCZNNY,环紫琅湖步道起点,上海,历史街区,heritage,0.696,3.9,1,崇川区,120.932647,31.962855,120.936889,31.960709,,False,风景名胜;风景名胜;风景名胜,110200,紫琅湖,[],,[],[],tour,0.0,0.9,0.3,0.0,0.7,0.0,0.4,,nearby_city_phase2,outside_shanghai_municipality
B0LB2XS6O1,小隐于湖(码头),上海,历史街区,heritage,0.696,3.9,1,昆山市,120.841064,31.465429,120.845308,31.463361,,False,风景名胜;风景名胜;风景名胜,110200,学院路255号,[],,[],[],tour,0.0,0.9,0.3,0.0,0.7,0.0,0.4,,nearby_city_phase2,outside_shanghai_municipality
B0J1ORD4KD,巴城镇武城村荡田小庙,上海,历史街区,heritage,0.696,3.9,1,昆山市,120.809717,31.513132,120.814031,31.51113,,False,风景名胜;风景名胜;风景名胜,110200,道华路与消平路交叉口东480米,[],,[],[],tour,0.0,1.0,0.0,0.0,0.2,0.0,0.4,,nearby_city_phase2,outside_shanghai_municipality
B0K3JR9L3T,玉米迷宫,上海,历史街区,heritage,0.696,3.9,1,南湖区,120.923536,30.722965,120.927663,30.720481,,False,风景名胜;风景名胜;风景名胜,110200,新丰镇镇北村李家村20号,[],,[],[],tour,0.0,1.0,0.0,0.0,0.2,0.0,0.4,,nearby_city_phase2,outside_shanghai_municipality
B0L2TG33CQ,富春苑,上海,历史街区,heritage,0.696,3.9,1,昆山市,120.959932,31.386706,120.964191,31.384626,,False,风景名胜;风景名胜;风景名胜,110200,北后街下塘61号,[],,玉山,[],tour,0.0,0.9,0.3,0.0,0.2,0.0,0.4,,nearby_city_phase2,outside_shanghai_municipality
B0J3AHR0HK,新桥,上海,历史街区,heritage,0.692,2.8,3,吴江区,120.838002,31.007762,120.842215,31.005501,,False,风景名胜;风景名胜;风景名胜,110200,西北街11号,[],,[],[],tour,0.0,0.9,0.0,0.0,0.2,0.0,0.4,,nearby_city_phase2,outside_shanghai_municipality
B0MAPCWVWK,愚农桃花源,上海,历史街区,heritage,0.692,2.8,3,太仓市,121.254116,31.483904,121.258564,31.481964,,False,风景名胜;风景名胜;风景名胜,110200,霜竹公路1218号,[],,[],[],tour,0.0,0.9,0.0,0.0,0.2,0.0,0.4,,nearby_city_phase2,outside_shanghai_municipality
B0LK6UKHAK,含秀桥,上海,历史街区,heritage,0.692,2.8,3,嘉善县,120.887982,30.943374,120.892115,30.941007,,False,风景名胜;风景名胜;风景名胜,110200,西塘镇南苑路258号西塘古镇景区内,0573-84561501,,西塘,[],tour,0.0,0.9,0.0,0.0,0.2,0.0,0.4,,nearby_city_phase2,outside_shanghai_municipality
B02010XHTL,陈实功纪念碑,上海,历史街区,heritage,0.692,2.8,3,崇川区,120.893383,31.948143,120.897596,31.945981,,False,风景名胜;风景名胜;纪念馆,110204,狼山镇临港路18号,0513-85700311,,狼山,[],tour,0.0,1.0,0.0,0.0,0.2,0.0,0.4,,nearby_city_phase2,outside_shanghai_municipality
B0J3DH9ZAH,逢善庵,上海,历史街区,heritage,0.6857,3.2,2,昆山市,121.117643,31.329078,121.122262,31.327271,,False,风景名胜;风景名胜;风景名胜,110200,天福路,[],,[],[],tour,0.0,0.9,0.0,0.0,0.2,0.0,0.4,,nearby_city_phase2,outside_shanghai_municipality
B0FFGA1Y00,巴城镇党史纪念馆,上海,历史街区,heritage,0.6857,3.2,2,昆山市,120.865799,31.459441,120.869998,31.457332,,False,风景名胜;风景名胜;纪念馆,110204,临湖路,[],,[],[],tour,0.0,1.0,0.0,0.0,0.2,0.6,0.6,,nearby_city_phase2,outside_shanghai_municipality
B0LDFZQP93,贝壳桥,上海,历史街区,heritage,0.6857,3.2,2,吴江区,120.815939,31.158435,120.820211,31.156299,,False,风景名胜;风景名胜;风景名胜,110200,同里国家湿地公园内(东侧),[],,[],[],tour,0.0,0.9,0.0,0.0,0.2,0.0,0.4,,nearby_city_phase2,outside_shanghai_municipality
B0FFJBQMCD,耶稣教堂,上海,历史街区,heritage,0.6857,3.2,2,平湖市,121.078028,30.812093,121.082595,30.81001,,False,风景名胜;风景名胜;教堂,110206,芦席路与镇南路交叉口北260米,[],,[],[],tour,0.0,0.9,0.0,0.0,0.2,0.0,0.4,,nearby_city_phase2,outside_shanghai_municipality
B0LGM7B0HH,城市步道长廊,上海,历史街区,heritage,0.6857,3.2,2,昆山市,121.132323,31.287948,121.136923,31.28611,,False,风景名胜;风景名胜;风景名胜,110200,光明路22号,[],,[],[],tour,0.0,0.9,0.0,0.0,0.2,0.0,0.4,,nearby_city_phase2,outside_shanghai_municipality
B0L3RAO86L,永宁古寺,上海,历史街区,heritage,0.6857,3.2,2,嘉善县,120.840821,30.902974,120.845019,30.900645,,False,风景名胜;风景名胜;寺庙道观,110205,洪溪大桥附近,13486332295,,[],[],tour,0.0,1.0,0.0,0.0,0.2,0.0,0.4,,nearby_city_phase2,outside_shanghai_municipality
B0L2NRI4EV,天尊堂,上海,历史街区,heritage,0.6857,3.2,2,常熟市,120.822452,31.657786,120.826752,31.655767,,False,风景名胜;风景名胜;风景名胜,110200,吴庄村淼丰路105号16号,[],,[],[],tour,0.0,0.9,0.0,0.0,0.2,0.0,0.4,,nearby_city_phase2,outside_shanghai_municipality
B0JRCD6YG5,琉璃佛国·一相文化,上海,历史街区,heritage,0.6857,3.2,2,昆山市,121.070857,31.328607,121.075458,31.326791,,False,风景名胜;风景名胜;风景名胜,110200,金阳东路1055弄5号楼3层,15102187323,,[],[],tour,0.0,1.0,0.0,0.0,0.2,0.0,0.4,,nearby_city_phase2,outside_shanghai_municipality
B0L0JDF74Q,新镇土地庙,上海,历史街区,heritage,0.6857,3.2,2,昆山市,121.035082,31.405214,121.039603,31.403353,,False,风景名胜;风景名胜;寺庙道观,110205,萧林东路与太湖北路交叉口西南380米,[],,[],[],tour,0.0,1.0,0.0,0.0,0.2,0.0,0.4,,nearby_city_phase2,outside_shanghai_municipality
B0HRDMWOVP,启东市久隆天主教堂,上海,历史街区,heritage,0.6857,3.2,2,启东市,121.540008,31.896537,121.54436,31.894467,,False,风景名胜;风景名胜;教堂,110206,王鲍镇久隆信字村抚风中心路与新桥2路路口向北70米(沿新桥镇村30组),15162772409,,[],[],tour,0.0,0.9,0.0,0.0,0.2,0.0,0.4,,nearby_city_phase2,outside_shanghai_municipality
B0LBPA3NFZ,丁栅基督教堂,上海,历史街区,heritage,0.6857,3.2,2,嘉善县,120.947563,30.98741,120.951756,30.985112,,False,风景名胜;风景名胜;教堂,110206,新栅路598号,[],,[],[],tour,0.0,0.9,0.0,0.0,0.2,0.0,0.4,,nearby_city_phase2,outside_shanghai_municipality
B0FFGXZN5O,观音堂(人民西路),上海,历史街区,heritage,0.682,3.8,1,平湖市,121.018906,30.698319,121.023314,30.696056,,False,风景名胜;风景名胜;寺庙道观,110205,解放中路与影院弄交叉口西南140米,[],,当湖,[],tour,0.0,0.9,0.0,0.0,0.2,0.0,0.4,,nearby_city_phase2,outside_shanghai_municipality
B0KR97KB2L,中共昆嘉青中心县委纪念馆,上海,历史街区,heritage,0.682,,1,昆山市,121.046181,31.38728,121.050733,31.385441,,False,风景名胜;风景名胜;纪念馆,110204,水之韵城市休闲文化公园内(西侧),[],,[],[],tour,0.0,1.0,0.0,0.0,0.2,0.6,0.6,,nearby_city_phase2,outside_shanghai_municipality
B0LRSZ47BQ,太阳湖时光码头,上海,历史街区,heritage,0.682,,1,启东市,121.908771,31.706592,121.912916,31.704486,,False,风景名胜;风景名胜;风景名胜,110200,太阳湖环湖路,17327743159,,[],[],tour,0.0,0.9,0.3,0.0,0.7,0.0,0.4,,nearby_city_phase2,outside_shanghai_municipality
B0L05ST0KX,慧聚天后宫,上海,历史街区,heritage,0.682,3.8,1,昆山市,121.029112,31.398305,121.033613,31.396427,,False,风景名胜;风景名胜;寺庙道观,110205,昆山慧聚广场内(北侧),[],,[],[],tour,0.0,1.0,0.0,0.0,0.2,0.0,0.4,,nearby_city_phase2,outside_shanghai_municipality
B0J1GCBBI8,周达明烈士纪念馆,上海,历史街区,heritage,0.682,,1,昆山市,121.058122,31.221984,121.06269,31.220105,,False,风景名胜;风景名胜;纪念馆,110204,机场路与鹿场东路交叉口东南220米,[],,[],[],tour,0.0,1.0,0.0,0.0,0.2,0.6,0.6,,nearby_city_phase2,outside_shanghai_municipality
B0HD1C57LM,金鸡桥,上海,历史街区,heritage,0.682,3.8,1,太仓市,121.141294,31.403558,121.145891,31.401747,,False,风景名胜;风景名胜;风景名胜,110200,新星路3号,[],,[],[],tour,0.0,0.9,0.0,0.0,0.2,0.0,0.4,,nearby_city_phase2,outside_shanghai_municipality
B020015XY9,望江禅寺,上海,历史街区,heritage,0.682,3.8,1,常熟市,120.907807,31.747962,120.912004,31.745836,,False,风景名胜;风景名胜;寺庙道观,110205,浒浦街道寺后路,[],,[],[],tour,0.0,1.0,0.0,0.0,0.7,0.0,0.4,,nearby_city_phase2,outside_shanghai_municipality
B0IGXZLAOK,彩虹桥,上海,历史街区,heritage,0.682,3.8,1,南湖区,120.921794,30.723528,120.925919,30.721043,,False,风景名胜;风景名胜;风景名胜,110200,新丰镇镇北村李家村,[],,[],[],tour,0.0,0.9,0.0,0.0,0.2,0.0,0.4,,nearby_city_phase2,outside_shanghai_municipality
B0FFM5ZLGT,大云基督教堂,上海,历史街区,heritage,0.682,3.8,1,嘉善县,120.9487,30.776004,120.952879,30.773586,,False,风景名胜;风景名胜;教堂,110206,云溪南路122号,[],,[],[],tour,0.0,0.9,0.0,0.0,0.2,0.0,0.4,,nearby_city_phase2,outside_shanghai_municipality
B0I21AQEJD,江抗东路司令部筹备会议旧址,上海,历史街区,heritage,0.682,3.8,1,常熟市,120.859671,31.545125,120.863886,31.543037,,False,风景名胜;风景名胜;风景名胜,110200,渔阳路与东沙路交叉口东南220米,[],,[],[],tour,0.0,0.9,0.0,0.0,0.7,0.0,0.4,,nearby_city_phase2,outside_shanghai_municipality
B0LDTU52KG,昆山高峰门站,上海,历史街区,heritage,0.682,,1,昆山市,120.897416,31.443681,120.901587,31.441543,,False,风景名胜;风景名胜;风景名胜,110200,天竹路88号,[],,[],[],tour,0.0,0.9,0.3,0.0,0.7,0.0,0.4,,nearby_city_phase2,outside_shanghai_municipality
B0FFL37TS1,仙鹤陵,上海,历史街区,heritage,0.682,3.8,1,昆山市,121.013528,31.491114,121.017983,31.489212,,False,生活服务;丧葬设施;公墓|风景名胜;风景名胜;风景名胜,071902|110200,万安路附近,[],,[],[],[],0.0,1.0,0.0,0.0,0.2,0.0,0.4,,nearby_city_phase2,outside_shanghai_municipality
B0JBUSC87F,吴宗馨烈士之墓,上海,历史街区,heritage,0.682,,1,常熟市,120.981386,31.683683,120.98574,31.681694,,False,风景名胜;风景名胜;风景名胜,110200,南港塘路与安顺路交叉口东南20米,[],,[],[],tour,0.0,0.9,0.0,0.0,0.2,0.0,0.4,,nearby_city_phase2,outside_shanghai_municipality
B0FFG1PYO7,周庄古镇-墙门楼,上海,历史街区,heritage,0.528,2.7,3,昆山市,120.850647,31.112663,120.854843,31.110439,,False,风景名胜;风景名胜;风景名胜,110200,周庄古镇南市街85号周庄沈厅,[],,[],[],tour,0.0,1.0,0.0,0.0,0.2,0.0,0.4,,nearby_city_phase2,outside_shanghai_municipality
B0K645QMGP,留云馆,上海,历史街区,heritage,0.678,2.7,3,吴江区,120.836992,31.008266,120.841207,31.006007,,False,风景名胜;风景名胜;风景名胜,110200,西北街16号,[],,[],[],tour,0.0,0.9,0.0,0.0,0.2,0.0,0.4,,nearby_city_phase2,outside_shanghai_municipality
B0FFH4XVA6,南通狼山风景名胜区-宝藏殿,上海,历史街区,heritage,0.528,2.7,3,崇川区,120.888605,31.948968,120.89282,31.946808,,False,风景名胜;风景名胜;寺庙道观,110205,狼山镇临港路18号南通狼山风景名胜区狼山广教禅寺内,0513-85708306,,狼山,[],tour,0.0,1.0,0.3,0.0,0.7,0.0,0.4,,nearby_city_phase2,outside_shanghai_municipality
B0FFKZA7OU,救恩堂,上海,历史街区,heritage,0.6717,3.1,2,昆山市,121.028213,31.186427,121.032693,31.184462,,False,风景名胜;风景名胜;教堂,110206,中市路,[],,[],[],tour,0.0,0.9,0.0,0.0,0.2,0.0,0.4,,nearby_city_phase2,outside_shanghai_municipality
B0LUB1M3DY,佛缘阁,上海,历史街区,heritage,0.6717,3.1,2,海门区,121.251618,31.927035,121.256104,31.925067,,False,风景名胜;风景名胜;风景名胜,110200,常乐镇常青路52号,[],,[],[],tour,0.0,0.9,0.0,0.0,0.2,0.0,0.4,,nearby_city_phase2,outside_shanghai_municipality
B0FFG1PW5R,周庄古镇-张厅后花园,上海,历史街区,heritage,0.5216999999999999,3.1,2,昆山市,120.850967,31.113826,120.855162,31.111602,,False,风景名胜;风景名胜;风景名胜,110200,北市街38号周庄张厅内,[],,[],[],tour,0.0,1.0,0.3,0.0,0.2,0.0,0.4,,nearby_city_phase2,outside_shanghai_municipality
B0LRMAY73S,福栖翠垄梯田,上海,历史街区,heritage,0.6717,3.1,2,太仓市,121.006669,31.501812,121.0111,31.499891,,False,风景名胜;风景名胜;风景名胜,110200,华丽大道888号,[],,[],[],tour,0.0,0.9,0.0,0.0,0.2,0.0,0.4,,nearby_city_phase2,outside_shanghai_municipality
B0LDO95R7S,惠萍水塔,上海,历史街区,heritage,0.6717,3.1,2,启东市,121.758884,31.76403,121.763302,31.762098,,False,风景名胜;风景名胜;风景名胜,110200,惠民中路12号,[],,[],[],tour,0.0,0.9,0.0,0.0,0.2,0.0,0.4,,nearby_city_phase2,outside_shanghai_municipality
B0IG3H5EUW,荡茜村党建阵地文化园,上海,历史街区,heritage,0.6717,3.1,2,太仓市,121.145466,31.669822,121.150079,31.668033,,False,风景名胜;风景名胜;风景名胜,110200,滨江大道与三高线交叉口东280米,[],,[],[],tour,0.0,1.0,0.0,0.0,0.2,0.0,0.4,,nearby_city_phase2,outside_shanghai_municipality
B0J2RUU1WF,捞货泥坝旧址,上海,历史街区,heritage,0.668,3.7,1,启东市,121.684823,31.957533,121.6892,31.955494,,False,风景名胜;风景名胜;风景名胜,110200,海少路与富东路交叉口东南20米,[],,[],[],tour,0.0,0.9,0.0,0.0,0.2,0.0,0.4,,nearby_city_phase2,outside_shanghai_municipality
B02010W1L3,启东市基督教三自爱国会,上海,历史街区,heritage,0.668,3.7,1,启东市,121.6623,31.81986,121.666621,31.817807,,False,风景名胜;风景名胜;教堂,110206,紫薇中路688号附2号,[],,[],[],tour,0.0,0.9,0.0,0.0,0.2,0.0,0.4,,nearby_city_phase2,outside_shanghai_municipality
B0LALUL90N,茶花树,上海,历史街区,heritage,0.668,3.7,1,昆山市,121.044516,31.399978,121.049065,31.398138,,False,风景名胜;风景名胜;风景名胜,110200,夏驾河湿地(西北角),[],,[],[],tour,0.0,0.9,0.0,0.0,0.2,0.0,0.4,,nearby_city_phase2,outside_shanghai_municipality
B0HUJR0R2E,天王殿,上海,历史街区,heritage,0.668,3.7,1,常熟市,120.989076,31.714381,120.99346,31.712412,,False,风景名胜;风景名胜;寺庙道观,110205,碧溪清凉禅寺内(南侧),[],,[],[],tour,0.0,1.0,0.0,0.0,0.2,0.0,0.4,,nearby_city_phase2,outside_shanghai_municipality
B0FFJRJFW1,西林寺,上海,历史街区,heritage,0.668,3.7,1,太仓市,121.023613,31.508959,121.028105,31.507089,,False,风景名胜;风景名胜;回教寺,110207,双周公路与同新路交叉口东20米,[],,[],[],tour,0.0,1.0,0.0,0.0,0.2,0.0,0.4,,nearby_city_phase2,outside_shanghai_municipality
B023D031GW,杨庙镇基督教堂,上海,历史街区,heritage,0.668,3.7,1,嘉善县,120.821604,30.852166,120.825839,30.849844,,False,风景名胜;风景名胜;教堂,110206,张家弄14号,[],,[],[],tour,0.0,1.0,0.0,0.0,0.2,0.0,0.4,,nearby_city_phase2,outside_shanghai_municipality
B0KDUCDXWP,朝阳寺,上海,历史街区,heritage,0.668,3.7,1,嘉善县,120.971456,30.975536,120.975717,30.973287,,False,风景名胜;风景名胜;寺庙道观,110205,姚庄镇,[],,[],[],tour,0.0,1.0,0.0,0.0,0.2,0.0,0.4,,nearby_city_phase2,outside_shanghai_municipality
B0KUFCZAX2,财神殿,上海,历史街区,heritage,0.668,3.7,1,昆山市,121.001325,31.266717,121.005716,31.264711,,False,风景名胜;风景名胜;寺庙道观,110205,尚书路1号千灯古镇内(北侧),[],,千灯,[],tour,0.0,1.0,0.0,0.0,0.2,0.0,0.4,,nearby_city_phase2,outside_shanghai_municipality
B0FFMF7AX5,清隐寺,上海,历史街区,heritage,0.668,3.7,1,吴中区,120.845118,31.270609,120.849338,31.268472,,False,风景名胜;风景名胜;寺庙道观,110205,甪直镇甫港村陶浜130号,[],,甪直,[],tour,0.0,1.0,0.0,0.0,0.2,0.0,0.4,,nearby_city_phase2,outside_shanghai_municipality
B0FFKVAQ7F,财神殿,上海,历史街区,heritage,0.668,3.7,1,吴中区,120.845955,31.270353,120.850173,31.268215,,False,风景名胜;风景名胜;寺庙道观,110205,彩虹路与汇凯路交叉口西南360米,[],,甪直,[],tour,0.0,1.0,0.0,0.0,0.2,0.0,0.4,,nearby_city_phase2,outside_shanghai_municipality
B0MA95B5TG,嘉兴阿勒泰大草原,上海,历史街区,heritage,0.668,3.7,1,嘉善县,120.983498,30.779289,120.987784,30.776961,,False,风景名胜;风景名胜;风景名胜,110200,碧云路1号碧云花园景区内,18368328756,,[],[],tour,0.0,0.9,0.0,0.0,0.2,0.0,0.4,,nearby_city_phase2,outside_shanghai_municipality
B0FFHDURDR,新仓镇耶稣堂,上海,历史街区,heritage,0.668,3.7,1,平湖市,121.181978,30.73112,121.186439,30.728894,,False,风景名胜;风景名胜;教堂,110206,新仓镇西小街118号,13750745408,,[],[],tour,0.0,0.9,0.0,0.0,0.2,0.0,0.4,,nearby_city_phase2,outside_shanghai_municipality
B0KK5UBG0R,日月台,上海,历史街区,heritage,0.664,2.6,3,崇川区,120.895292,31.946304,120.899505,31.944142,,False,风景名胜;风景名胜;风景名胜,110200,剑山路1号(狼山镇南河沿11号)剑山景区(东南角),[],,[],[],tour,0.0,0.9,0.0,0.0,0.2,0.0,0.4,,nearby_city_phase2,outside_shanghai_municipality
B0KK15WO9I,临溪鹤影,上海,历史街区,heritage,0.664,2.6,3,崇川区,120.907907,31.965717,120.912123,31.96355,,False,风景名胜;风景名胜;风景名胜,110200,狼山街道南郊路150号啬园,[],,[],[],tour,0.0,0.9,0.0,0.0,0.2,0.0,0.4,,nearby_city_phase2,outside_shanghai_municipality
B0KRJ92PFF,天王殿,上海,历史街区,heritage,0.664,2.6,3,吴中区,120.87163,31.269717,120.875805,31.26754,,False,风景名胜;风景名胜;寺庙道观,110205,西汇上塘街19号保圣寺,[],,甪直,[],tour,0.0,1.0,0.0,0.0,0.2,0.0,0.4,,nearby_city_phase2,outside_shanghai_municipality
B0K3NUEXFC,明月亭,上海,历史街区,heritage,0.6577,3.0,2,平湖市,121.165952,30.774857,121.170449,30.772684,,False,风景名胜;风景名胜;风景名胜,110200,廊华路5010号,[],,[],[],tour,0.0,0.9,0.0,0.0,0.2,0.0,0.4,,nearby_city_phase2,outside_shanghai_municipality
B0J2R5U872,巴城镇武城村荷花溇桥,上海,历史街区,heritage,0.6577,3.0,2,昆山市,120.848808,31.504329,120.85304,31.502254,,False,风景名胜;风景名胜;风景名胜,110200,巴城镇武城村旺巷自然村,[],,[],[],tour,0.0,0.9,0.0,0.0,0.2,0.0,0.4,,nearby_city_phase2,outside_shanghai_municipality
B0J2R5SXWE,巴城镇武城村红花溇河,上海,历史街区,heritage,0.6577,3.0,2,昆山市,120.849144,31.504134,120.853375,31.502058,,False,风景名胜;风景名胜;风景名胜,110200,巴城镇武城村旺巷自然村口,[],,[],[],tour,0.0,0.9,0.0,0.0,0.7,0.0,0.4,,nearby_city_phase2,outside_shanghai_municipality
B0LKAS8374,报本塔塔刹,上海,历史街区,heritage,0.6577,3.0,2,平湖市,121.025741,30.693125,121.030172,30.690878,,False,风景名胜;风景名胜;风景名胜,110200,报本禅寺内(西北角),[],,平湖,[],tour,0.0,0.9,0.0,0.0,0.2,0.0,0.4,,nearby_city_phase2,outside_shanghai_municipality
B0FFG1DQAI,西塘古镇景区-安顺桥,上海,历史街区,heritage,0.5076999999999999,3.0,2,嘉善县,120.888121,30.939766,120.892254,30.937397,,False,风景名胜;风景名胜;风景名胜,110200,西塘镇南苑路258号西塘古镇景区内,[],,西塘,[],tour,0.0,1.0,0.3,0.0,0.2,0.0,0.4,,nearby_city_phase2,outside_shanghai_municipality
B0J3OAPTEJ,嘉禾·幽篁里,上海,历史街区,heritage,0.6577,3.0,2,南湖区,120.825127,30.801899,120.82935,30.799542,,False,风景名胜;风景名胜;寺庙道观,110205,高士街与兴星路交叉口西南80米,[],,[],[],tour,0.0,0.9,0.0,0.0,0.2,0.0,0.4,,nearby_city_phase2,outside_shanghai_municipality
B0JG5ZU722,集善桥,上海,历史街区,heritage,0.6577,3.0,2,昆山市,121.074651,31.293996,121.079255,31.292171,,False,风景名胜;风景名胜;风景名胜,110200,集善公园内(南侧),[],,花桥,[],tour,0.0,0.9,0.0,0.0,0.2,0.0,0.4,,nearby_city_phase2,outside_shanghai_municipality
B0HRVR03W8,张翰纪念馆,上海,历史街区,heritage,0.654,3.6,1,吴江区,120.858804,31.092147,120.862984,31.089899,,False,风景名胜;风景名胜;纪念馆,110204,周湖线,[],,[],[],tour,0.0,1.0,0.0,0.0,0.2,0.6,0.6,,nearby_city_phase2,outside_shanghai_municipality
B0LGKCN77X,生态长廊,上海,历史街区,heritage,0.654,3.6,1,崇川区,120.965976,31.905813,120.970297,31.903747,,False,风景名胜;风景名胜;风景名胜,110200,振兴东路283号,[],,[],[],tour,0.0,0.9,0.0,0.0,0.2,0.0,0.4,,nearby_city_phase2,outside_shanghai_municipality
B0FFL3NR2D,普善寺,上海,历史街区,heritage,0.654,3.6,1,常熟市,121.02055,31.705107,121.025049,31.703233,,False,风景名胜;风景名胜;寺庙道观,110205,环镇北路10号,[],,[],[],tour,0.0,1.0,0.0,0.0,0.2,0.0,0.4,,nearby_city_phase2,outside_shanghai_municipality
B0FFK87KV0,杨墓庙,上海,历史街区,heritage,0.654,3.6,1,太仓市,121.212351,31.528832,121.216827,31.526923,,False,风景名胜;风景名胜;回教寺,110207,绿荫路与新浏线交叉口西140米,[],,[],[],tour,0.0,1.0,0.0,0.0,0.2,0.0,0.4,,nearby_city_phase2,outside_shanghai_municipality
B0FFKGX2UG,双凤镇安息堂,上海,历史街区,heritage,0.654,3.6,1,太仓市,121.016348,31.495693,121.020814,31.4938,,False,风景名胜;风景名胜;风景名胜,110200,双周公路668号,[],,[],[],tour,0.0,0.9,0.0,0.0,0.2,0.0,0.4,,nearby_city_phase2,outside_shanghai_municipality
B0KKH57JU2,协心小游园,上海,历史街区,heritage,0.654,3.6,1,太仓市,121.176437,31.554037,121.180979,31.55219,,False,风景名胜;风景名胜;风景名胜,110200,协心村路与陆璜线交叉口东280米,[],,[],[],tour,0.0,0.9,0.0,0.0,0.2,0.0,0.4,,nearby_city_phase2,outside_shanghai_municipality
B0LRGRT4IY,五姑娘湖,上海,历史街区,heritage,0.654,3.6,1,嘉善县,120.885218,30.939892,120.889353,30.937525,,False,风景名胜;风景名胜;风景名胜,110200,南苑路368号,[],,西塘,[],tour,0.0,0.9,0.3,0.0,0.7,0.0,0.4,,nearby_city_phase2,outside_shanghai_municipality
B0KBYRBVOK,猛将堂,上海,历史街区,heritage,0.654,3.6,1,常熟市,120.816746,31.642671,120.821057,31.640663,,False,风景名胜;风景名胜;风景名胜,110200,古里镇新桥村钱家仓,13901574179,,[],[],tour,0.0,0.9,0.0,0.0,0.2,0.0,0.4,,nearby_city_phase2,outside_shanghai_municipality
B0FFG4UWX5,周庄古镇-九曲亭,上海,历史街区,heritage,0.504,3.6,1,昆山市,120.848751,31.117949,120.852951,31.115731,,False,风景名胜;风景名胜;风景名胜,110200,全福路138号周庄古镇,[],,[],[],tour,0.0,1.0,0.0,0.0,0.2,0.0,0.4,,nearby_city_phase2,outside_shanghai_municipality
B0KUFCYV42,长泾庙,上海,历史街区,heritage,0.654,3.6,1,昆山市,121.004248,31.262966,121.00865,31.260967,,False,风景名胜;风景名胜;寺庙道观,110205,秦峰中路与南墅街交叉口西南200米,[],,千灯,[],tour,0.0,1.0,0.0,0.0,0.2,0.0,0.4,,nearby_city_phase2,outside_shanghai_municipality
B0J1GCBB9T,圣恩堂,上海,历史街区,heritage,0.654,3.6,1,昆山市,120.867001,31.136495,120.871171,31.134259,,False,风景名胜;风景名胜;教堂,110206,周园路与锦周路交叉口东400米,[],,[],[],tour,0.0,0.9,0.0,0.0,0.2,0.0,0.4,,nearby_city_phase2,outside_shanghai_municipality
B0LKMZ5SU6,太湖国家级风景名胜区,上海,历史街区,heritage,0.654,3.6,1,吴中区,120.868693,31.267545,120.872872,31.265371,,False,风景名胜;风景名胜;风景名胜,110200,光辉路28号甪直古镇(西南角),[],,甪直,[],tour,0.0,0.9,0.3,0.0,0.7,0.0,0.4,,nearby_city_phase2,outside_shanghai_municipality
B0HRDRX4V0,启东市近海天主教堂,上海,历史街区,heritage,0.654,3.6,1,启东市,121.786567,31.924906,121.790963,31.922922,,False,风景名胜;风景名胜;教堂,110206,近海镇公益村六堤路向东500米,[],,[],[],tour,0.0,0.9,0.0,0.0,0.2,0.0,0.4,,nearby_city_phase2,outside_shanghai_municipality
B020107WXZ,临江镇基督教堂,上海,历史街区,heritage,0.654,3.6,1,海门区,121.427772,31.882155,121.432463,31.880369,,False,风景名胜;风景名胜;教堂,110206,立周村七组,[],,[],[],tour,0.0,0.9,0.0,0.0,0.7,0.0,0.4,,nearby_city_phase2,outside_shanghai_municipality
B0GUU6X4AZ,五彩独山港,上海,历史街区,heritage,0.654,3.6,1,平湖市,121.135971,30.714768,121.140517,30.712615,,False,风景名胜;风景名胜;风景名胜,110200,X106周圩工业区,[],,[],[],tour,0.0,0.9,0.3,0.0,0.7,0.0,0.4,,nearby_city_phase2,outside_shanghai_municipality
B0HRDRYL82,启东市汇龙基督教堂,上海,历史街区,heritage,0.654,3.6,1,启东市,121.662367,31.819831,121.666688,31.817778,,False,风景名胜;风景名胜;教堂,110206,紫薇中路中国石化加油站迎鸿站北侧约40米,0513-83215527;18962735527,,[],[],tour,0.0,0.9,0.0,0.0,0.2,0.0,0.4,,nearby_city_phase2,outside_shanghai_municipality
B0J6J791JR,求子庙,上海,历史街区,heritage,0.654,3.6,1,太仓市,121.130547,31.638316,121.13518,31.63655,,False,风景名胜;风景名胜;寺庙道观,110205,荷花路8号,[],,[],[],tour,0.0,1.0,0.0,0.0,0.2,0.0,0.4,,nearby_city_phase2,outside_shanghai_municipality
B0J04HW0WJ,乐清园,上海,历史街区,heritage,0.654,3.6,1,太仓市,121.130001,31.63583,121.134635,31.634064,,False,风景名胜;风景名胜;风景名胜,110200,荷花路8号,[],,[],[],tour,0.0,0.9,0.0,0.0,0.2,0.0,0.4,,nearby_city_phase2,outside_shanghai_municipality
B0KK1SUVR7,汲道堂,上海,历史街区,heritage,0.65,2.5,3,崇川区,120.909342,31.965056,120.913558,31.96289,,False,风景名胜;风景名胜;风景名胜,110200,狼山街道南郊路150号啬园内(东侧),[],,[],[],tour,0.0,0.9,0.0,0.0,0.2,0.0,0.4,,nearby_city_phase2,outside_shanghai_municipality
B0LDA7I1ZS,唐家宅基桥,上海,历史街区,heritage,0.6437,2.9,2,平湖市,121.1917,30.7454,121.196144,30.743164,,False,风景名胜;风景名胜;风景名胜,110200,佳原烟花东北侧180米,[],,[],[],tour,0.0,0.9,0.0,0.0,0.2,0.0,0.4,,nearby_city_phase2,outside_shanghai_municipality
B0KUFCVVF9,永安旅社旧址,上海,历史街区,heritage,0.6437,2.9,2,太仓市,121.064921,31.564984,121.069532,31.563212,,False,风景名胜;风景名胜;风景名胜,110200,西市街61-63号沙溪古镇内(东侧),[],,[],[],tour,0.0,0.9,0.0,0.0,0.2,0.0,0.4,,nearby_city_phase2,outside_shanghai_municipality
B0FFG4UR5U,周庄古镇-相亲树,上海,历史街区,heritage,0.5,2.9,2,昆山市,120.857591,31.112448,120.861774,31.110213,,False,风景名胜;风景名胜;风景名胜,110200,全福路138号周庄古镇内(东侧),[],,[],[],tour,0.0,1.0,0.0,0.0,0.2,0.0,0.4,,nearby_city_phase2,outside_shanghai_municipality
B0FFG1OJJZ,周庄古镇-南湖游船,上海,历史街区,heritage,0.5,2.9,2,昆山市,120.851796,31.110912,120.85599,31.108685,,False,风景名胜;风景名胜;风景名胜,110200,南市街1号,[],,[],[],tour,0.0,1.0,0.3,0.0,0.7,0.0,0.4,,nearby_city_phase2,outside_shanghai_municipality
B0KRJOBHMZ,鸿祥塔,上海,历史街区,heritage,0.64,3.5,1,常熟市,120.854685,31.766215,120.858927,31.764128,,False,风景名胜;风景名胜;风景名胜,110200,梅李镇吴祥路,[],,[],[],tour,0.0,0.9,0.0,0.0,0.2,0.0,0.4,,nearby_city_phase2,outside_shanghai_municipality
B0HRG59XA0,寅阳基督教堂,上海,历史街区,heritage,0.64,3.5,1,启东市,121.898645,31.72185,121.902794,31.719742,,False,风景名胜;风景名胜;教堂,110206,寅阳镇圆陀角村十七组,[],,[],[],tour,0.0,0.9,0.0,0.0,0.2,0.0,0.4,,nearby_city_phase2,outside_shanghai_municipality
B0KRKL83RU,万安庙,上海,历史街区,heritage,0.64,3.5,1,昆山市,120.904124,31.2594,120.90828,31.2572,,False,风景名胜;风景名胜;寺庙道观,110205,古城南路与益群路交叉口东南440米,[],,[],[],tour,0.0,1.0,0.0,0.0,0.2,0.0,0.4,,nearby_city_phase2,outside_shanghai_municipality
B0J2R5WTND,巴城镇武城村消浜自然村村牌,上海,历史街区,heritage,0.64,3.5,1,昆山市,120.842806,31.515662,120.847051,31.513599,,False,风景名胜;风景名胜;风景名胜,110200,巴城镇武城村消浜自然村,[],,[],[],tour,0.0,0.9,0.3,0.0,0.2,0.0,0.4,,nearby_city_phase2,outside_shanghai_municipality
B0J2RUW72T,巴城镇武城村黄金河西自然村村牌,上海,历史街区,heritage,0.64,3.5,1,昆山市,120.828577,31.505845,120.832851,31.503807,,False,风景名胜;风景名胜;风景名胜,110200,巴城镇武城村黄金河西自然村,[],,[],[],tour,0.0,0.9,0.3,0.0,0.7,0.0,0.4,,nearby_city_phase2,outside_shanghai_municipality
B0FFH22GRH,魏塘叶宅,上海,历史街区,heritage,0.64,3.5,1,嘉善县,120.933444,30.839739,120.937595,30.83733,,False,风景名胜;风景名胜;风景名胜,110200,施家南路与净云路交叉口西南220米,[],,魏塘,[],tour,0.0,0.9,0.0,0.0,0.2,0.0,0.4,,nearby_city_phase2,outside_shanghai_municipality
B023D0R3QO,基督教堂,上海,历史街区,heritage,0.64,3.5,1,嘉善县,120.837198,30.906631,120.841404,30.904311,,False,风景名胜;风景名胜;教堂,110206,洪溪路与天凝洪溪滨河绿道交叉口西北40米,[],,[],[],tour,0.0,0.9,0.0,0.0,0.2,0.0,0.4,,nearby_city_phase2,outside_shanghai_municipality
B0H2F7MC9A,基督徒会堂,上海,历史街区,heritage,0.64,3.5,1,南湖区,120.819484,30.743321,120.823715,30.740943,,False,风景名胜;风景名胜;教堂,110206,亚欧路绿景名邸,[],,凌公塘路,[],tour,0.0,0.9,0.0,0.0,0.2,0.0,0.4,,nearby_city_phase2,outside_shanghai_municipality
B0FFL898SM,观音寺,上海,历史街区,heritage,0.64,3.5,1,昆山市,120.859069,31.354925,120.86327,31.352797,,False,风景名胜;风景名胜;寺庙道观,110205,新城南路与晨淞路交叉口西400米,[],,[],[],tour,0.0,1.0,0.0,0.0,0.2,0.0,0.4,,nearby_city_phase2,outside_shanghai_municipality
B0KKLDBN8F,褚家浜下沙东南侧亭子,上海,历史街区,heritage,0.64,3.5,1,昆山市,120.881219,31.20473,120.885378,31.202514,,False,风景名胜;风景名胜;风景名胜,110200,金城湖南侧260米,[],,[],[],tour,0.0,0.9,0.0,0.0,0.2,0.0,0.4,,nearby_city_phase2,outside_shanghai_municipality
B0FFJHC88O,基督堂,上海,历史街区,heritage,0.64,3.5,1,昆山市,120.867038,31.136854,120.871208,31.134618,,False,风景名胜;风景名胜;教堂,110206,周园路与锦周路交叉口东400米,[],,[],[],tour,0.0,0.9,0.0,0.0,0.2,0.0,0.4,,nearby_city_phase2,outside_shanghai_municipality
B0MB1RWGGV,南湖秋月园,上海,历史街区,heritage,0.64,3.5,1,昆山市,120.85126,31.111453,120.855455,31.109227,,False,风景名胜;风景名胜;风景名胜,110200,富贵路与银子浜路交叉口西300米,[],,[],[],tour,0.0,0.9,0.3,0.0,0.7,0.0,0.4,,nearby_city_phase2,outside_shanghai_municipality
B0JBG5N0NR,嘉善血防纪念馆,上海,历史街区,heritage,0.64,3.5,1,嘉善县,120.81648,30.885196,120.820729,30.882902,,False,风景名胜;风景名胜;纪念馆,110204,天凝镇东方红村唐家浜文化礼堂内,[],,[],[],tour,0.0,1.0,0.0,0.0,0.2,0.6,0.6,,nearby_city_phase2,outside_shanghai_municipality
B0FFJUZHSJ,杨林庙,上海,历史街区,heritage,0.64,3.5,1,太仓市,121.179078,31.56576,121.183616,31.563909,,False,风景名胜;风景名胜;回教寺,110207,[],[],,[],[],tour,0.0,1.0,0.0,0.0,0.2,0.0,0.4,,nearby_city_phase2,outside_shanghai_municipality
B023D02JOB,福臻寺,上海,历史街区,heritage,0.64,3.5,1,平湖市,121.025041,30.71793,121.029471,30.715694,,False,风景名胜;风景名胜;寺庙道观,110205,平成路,[],,[],[],tour,0.0,1.0,0.0,0.0,0.2,0.0,0.4,,nearby_city_phase2,outside_shanghai_municipality
B0L1D5TKND,云湖,上海,历史街区,heritage,0.64,3.5,1,平湖市,120.989771,30.778368,120.994079,30.776058,,False,风景名胜;风景名胜;风景名胜,110200,大云镇缪家村碧云路1号碧云花园(东南角),18368328756,,[],[],tour,0.0,0.9,0.3,0.0,0.7,0.0,0.4,,nearby_city_phase2,outside_shanghai_municipality
B0L6RD2UKK,南通市海门区临江镇天主堂,上海,历史街区,heritage,0.64,3.5,1,海门区,121.415785,31.88116,121.420489,31.879385,,False,风景名胜;风景名胜;教堂,110206,临江新区立周村,[],,[],[],tour,0.0,0.9,0.0,0.0,0.7,0.0,0.4,,nearby_city_phase2,outside_shanghai_municipality
B0H0JRXQU1,玉兰谷,上海,历史街区,heritage,0.64,3.5,1,崇川区,120.911423,31.964268,120.91564,31.962103,,False,风景名胜;风景名胜;风景名胜,110200,啬园景区内,[],,[],[],tour,0.0,0.9,0.0,0.0,0.2,0.0,0.4,,nearby_city_phase2,outside_shanghai_municipality
B0K3UX4ALK,昆山市树洞,上海,历史街区,heritage,0.64,3.5,1,昆山市,121.08671,31.386045,121.091335,31.384262,,False,风景名胜;风景名胜;风景名胜,110200,蓬溪北路与马家泾巷交叉口北80米,[],,[],[],tour,0.0,0.9,0.3,0.0,0.7,0.0,0.4,,nearby_city_phase2,outside_shanghai_municipality
B0JRB70GXN,像素乐园,上海,历史街区,heritage,0.64,3.5,1,昆山市,121.136288,31.288771,121.140883,31.286928,,False,风景名胜;风景名胜;风景名胜,110200,富隆路8号,[],,[],[],tour,0.0,0.9,0.0,0.0,0.2,0.0,0.4,,nearby_city_phase2,outside_shanghai_municipality
B02001H7Z3,周庄古镇-指归阁,上海,历史街区,heritage,0.5,2.4,3,昆山市,120.849915,31.110684,120.854112,31.10846,,False,风景名胜;风景名胜;风景名胜,110200,全福路138号周庄古镇内(南侧),[],,[],[],tour,0.0,1.0,0.0,0.0,0.2,0.0,0.4,,nearby_city_phase2,outside_shanghai_municipality
B0HDFUG96Q,时光步道,上海,历史街区,heritage,0.636,2.4,3,吴江区,120.85867,31.092024,120.86285,31.089776,,False,风景名胜;风景名胜;风景名胜,110200,黎里镇东联村,[],,[],[],tour,0.0,0.9,0.0,0.0,0.2,0.0,0.4,,nearby_city_phase2,outside_shanghai_municipality
B0KUBLO662,白莲寺旧址,上海,历史街区,heritage,0.6297,2.8,2,吴中区,120.871236,31.270254,120.875412,31.268078,,False,风景名胜;风景名胜;风景名胜,110200,甪直镇风景区-保圣寺内(北侧),[],,甪直,[],tour,0.0,1.0,0.0,0.0,0.2,0.0,0.4,,nearby_city_phase2,outside_shanghai_municipality
B0LGDOJIH0,寿昌桥,上海,历史街区,heritage,0.6297,2.8,2,吴中区,120.873424,31.263341,120.877596,31.261159,,False,风景名胜;风景名胜;风景名胜,110200,田肚江路30号,[],,甪直,[],tour,0.0,0.9,0.0,0.0,0.2,0.0,0.4,,nearby_city_phase2,outside_shanghai_municipality
B0FFI9TLFT,三义庙,上海,历史街区,heritage,0.626,3.4,1,平湖市,121.115623,30.718366,121.120191,30.716236,,False,风景名胜;风景名胜;回教寺,110207,圩水路,[],,[],[],tour,0.0,1.0,0.0,0.0,0.2,0.0,0.4,,nearby_city_phase2,outside_shanghai_municipality
B0FFHGFQC6,尤泾庙,上海,历史街区,heritage,0.626,3.4,1,昆山市,120.869803,31.453047,120.873995,31.450931,,False,风景名胜;风景名胜;寺庙道观,110205,古城北路与003县道交叉口西南340米,[],,巴城,[],tour,0.0,1.0,0.0,0.0,0.2,0.0,0.4,,nearby_city_phase2,outside_shanghai_municipality
B0KRKLFNLE,金仓湖疏朗草坪,上海,历史街区,heritage,0.626,3.4,1,太仓市,121.09564,31.512868,121.100281,31.511115,,False,风景名胜;风景名胜;风景名胜,110200,太沙线金仓湖内(西侧),[],,[],[],tour,0.0,0.9,0.3,0.0,0.7,0.0,0.4,,nearby_city_phase2,outside_shanghai_municipality
B0L295RJ81,水村上善馆,上海,历史街区,heritage,0.626,3.4,1,平湖市,121.027952,30.776273,121.032397,30.774075,,False,风景名胜;风景名胜;风景名胜,110200,兴寺公路东40米,[],,[],[],tour,0.0,0.9,0.0,0.0,0.2,0.0,0.4,,nearby_city_phase2,outside_shanghai_municipality
B0L67HUO1C,横塘庙,上海,历史街区,heritage,0.626,3.4,1,南湖区,120.868098,30.770464,120.872237,30.768017,,False,风景名胜;风景名胜;寺庙道观,110205,七大公路18号,[],,[],[],tour,0.0,1.0,0.0,0.0,0.2,0.0,0.4,,nearby_city_phase2,outside_shanghai_municipality
B0K3NCQM17,樱花湖,上海,历史街区,heritage,0.626,3.4,1,吴江区,120.875008,31.085162,120.879164,31.082889,,False,风景名胜;风景名胜;风景名胜,110200,[],[],,[],[],tour,0.0,0.9,0.3,0.0,0.7,0.0,0.4,,nearby_city_phase2,outside_shanghai_municipality
B0G0TAD1I3,八里桥城皇庙,上海,历史街区,heritage,0.626,3.4,1,太仓市,121.064195,31.457974,121.068796,31.456186,,False,风景名胜;风景名胜;寺庙道观,110205,沿塘路与共和新路交叉口西北100米,[],,[],[],tour,0.0,1.0,0.0,0.0,0.2,0.0,0.4,,nearby_city_phase2,outside_shanghai_municipality
B0KUFCSHPY,东阁龙寺院,上海,历史街区,heritage,0.626,3.4,1,昆山市,120.953895,31.439228,120.958141,31.437148,,False,风景名胜;风景名胜;寺庙道观,110205,五联路与志圣路交叉口东南60米,[],,[],[],tour,0.0,1.0,0.0,0.0,0.2,0.0,0.4,,nearby_city_phase2,outside_shanghai_municipality
B0G1FUONRM,昆山市道教协会巴城镇石牌东岭庙,上海,历史街区,heritage,0.626,3.4,1,昆山市,120.917048,31.499892,120.921231,31.497769,,False,风景名胜;风景名胜;寺庙道观,110205,升光路与中华路交叉口南140米,[],,[],[],tour,0.0,1.0,0.3,0.0,0.7,0.0,0.4,,nearby_city_phase2,outside_shanghai_municipality
B0FFKVVF10,永宁庵,上海,历史街区,heritage,0.626,3.4,1,昆山市,120.880337,31.171729,120.884494,31.169497,,False,风景名胜;风景名胜;寺庙道观,110205,锦周公路与晨霞路交叉口东南200米,[],,[],[],tour,0.0,0.9,0.0,0.0,0.2,0.0,0.4,,nearby_city_phase2,outside_shanghai_municipality
B0201068WI,大港路基督教堂,上海,历史街区,heritage,0.626,3.4,1,海门区,121.121929,31.850842,121.12659,31.849061,,False,风景名胜;风景名胜;教堂,110206,大港路3817号,[],,[],[],tour,0.0,0.9,0.0,0.0,0.2,0.0,0.4,,nearby_city_phase2,outside_shanghai_municipality
B0LAC5DO7N,俞创硕故居(装修中),上海,历史街区,heritage,0.626,3.4,1,平湖市,121.08344,30.82152,121.088014,30.819447,,False,风景名胜;风景名胜;纪念馆,110204,新埭镇西大街65号,[],,[],[],tour,0.0,1.0,0.0,0.0,0.2,0.0,0.4,,nearby_city_phase2,outside_shanghai_municipality
B0FFGHF61T,安乐王总官庙,上海,历史街区,heritage,0.626,3.4,1,常熟市,120.819328,31.618748,120.823631,31.616736,,False,风景名胜;风景名胜;寺庙道观,110205,常熟高新技术产业开发区,[],,[],[],tour,0.0,1.0,0.0,0.0,0.2,0.0,0.4,,nearby_city_phase2,outside_shanghai_municipality
B0FFHK7VB1,萃贞庵,上海,历史街区,heritage,0.626,3.4,1,平湖市,121.056038,30.792453,121.060564,30.790329,,False,风景名胜;风景名胜;寺庙道观,110205,新埭镇大齐塘村,[],,[],[],tour,0.0,0.9,0.0,0.0,0.2,0.0,0.4,,nearby_city_phase2,outside_shanghai_municipality
B0FFJA1PRA,碰湖庙,上海,历史街区,heritage,0.626,3.4,1,太仓市,121.112873,31.685626,121.117527,31.683874,,False,风景名胜;风景名胜;寺庙道观,110205,林场线,[],,[],[],tour,0.0,1.0,0.3,0.0,0.7,0.0,0.4,,nearby_city_phase2,outside_shanghai_municipality
B0FFH256IZ,芭比闪亮跨年展,上海,历史街区,heritage,0.626,3.4,1,崇川区,120.892225,31.968233,120.89644,31.966067,,False,风景名胜;风景名胜;风景名胜,110200,桃园路15号南通CBD大有境,[],,[],[],tour,0.0,0.9,0.0,0.0,0.2,0.0,0.4,,nearby_city_phase2,outside_shanghai_municipality
B0LGURGBYB,初心古巷,上海,历史街区,heritage,0.626,3.4,1,常熟市,120.875896,31.705497,120.880102,31.703389,,False,风景名胜;风景名胜;风景名胜,110200,梅东路与通塔路交叉口东南40米,[],,[],[],tour,0.0,1.0,0.0,0.0,0.2,0.0,0.4,,nearby_city_phase2,outside_shanghai_municipality
B0L6LCENGE,奇迹之谷,上海,历史街区,heritage,0.626,3.4,1,昆山市,120.928049,31.381185,120.932236,31.379046,,False,风景名胜;风景名胜;风景名胜,110200,万象汇负一楼B140(江浦地铁站4西北口步行60米),[],,玉山,[],tour,0.0,0.9,0.0,0.0,0.2,0.0,0.4,,nearby_city_phase2,outside_shanghai_municipality
B0IAP7PH8G,太仓市基督教双凤聚会点,上海,历史街区,heritage,0.626,3.4,1,太仓市,121.039253,31.51922,121.043797,31.517392,,False,风景名胜;风景名胜;教堂,110206,204国道与凤林路交叉口南120米,[],,[],[],tour,0.0,0.9,0.0,0.0,0.2,0.0,0.4,,nearby_city_phase2,outside_shanghai_municipality
B0KUFCQZW8,玉峰古文化遗址,上海,历史街区,heritage,0.626,3.4,1,昆山市,120.947666,31.387982,120.951892,31.385876,,False,风景名胜;风景名胜;风景名胜,110200,马鞍山东路1号亭林园(西南角),[],,玉山,[],tour,0.0,1.0,0.0,0.0,0.2,0.0,0.4,,nearby_city_phase2,outside_shanghai_municipality
B0FFG0K9Y9,启东市合作基督教堂,上海,历史街区,heritage,0.612,3.3,1,启东市,121.631318,31.885101,121.635593,31.882985,,False,风景名胜;风景名胜;教堂,110206,志圩线东50米加油站南隔壁,[],,[],[],tour,0.0,0.9,0.0,0.0,0.2,0.0,0.4,,nearby_city_phase2,outside_shanghai_municipality
B0K1J5FOVC,水乡明珠,上海,历史街区,heritage,0.612,3.3,1,嘉善县,120.927242,30.829303,120.931383,30.82688,,False,风景名胜;风景名胜;风景名胜,110200,人民大道与嘉善大道交叉口环岛中央,[],,嘉善大道,[],tour,0.0,0.9,0.0,0.0,0.2,0.0,0.4,,nearby_city_phase2,outside_shanghai_municipality
B020015Y9O,草庵禅院,上海,历史街区,heritage,0.612,3.3,1,常熟市,120.941787,31.727021,120.946028,31.724933,,False,风景名胜;风景名胜;寺庙道观,110205,法华禅寺,[],,[],[],tour,0.0,0.9,0.0,0.0,0.2,0.0,0.4,,nearby_city_phase2,outside_shanghai_municipality
B0LRNAKNW2,花海,上海,历史街区,heritage,0.612,3.3,1,海门区,121.072995,31.967701,121.077655,31.965892,,False,风景名胜;风景名胜;风景名胜,110200,叠林路,[],,[],[],tour,0.0,0.9,0.0,0.0,0.2,0.0,0.4,,nearby_city_phase2,outside_shanghai_municipality
B0FFG1D2RE,周庄古镇-全福桥,上海,历史街区,heritage,0.5,3.3,1,昆山市,120.846902,31.114519,120.851105,31.112303,,False,风景名胜;风景名胜;风景名胜,110200,蚬江街41号四季周庄内,[],,[],[],tour,0.0,1.0,0.0,0.0,0.2,0.0,0.4,,nearby_city_phase2,outside_shanghai_municipality
B020107VMT,六匡人民革命烈士纪念碑,上海,历史街区,heritage,0.612,3.3,1,海门区,121.374639,31.93392,121.379334,31.932122,,False,风景名胜;风景名胜;纪念馆,110204,三条桥路153号,[],,[],[],tour,0.0,1.0,0.0,0.0,0.2,0.0,0.4,,nearby_city_phase2,outside_shanghai_municipality
B0FFICA3Y8,云澜湾温泉景区-鸳鸯湖,上海,历史街区,heritage,0.5,3.3,1,嘉善县,120.978124,30.811078,120.982394,30.808752,,False,风景名胜;风景名胜;风景名胜,110200,温泉大道888号云澜湾温泉景区内(西北角),0573-84661288,,[],[],tour,0.0,0.9,0.3,0.0,0.7,0.0,0.4,,nearby_city_phase2,outside_shanghai_municipality
B0FFF394MG,万达广场(嘉兴南湖店),上海,商业休闲,leisure,0.972,4.8,3,南湖区,120.802685,30.735865,120.806949,30.733513,,False,购物服务;商场;购物中心,060101,广益路1108号,0573-82278555,,[],[],[],0.0,0.0,0.3,1.0,0.8,0.2,0.0,,nearby_city_phase2,outside_shanghai_municipality
B020017SG4,昆山金鹰国际购物中心,上海,商业休闲,leisure,0.972,4.8,3,昆山市,120.971776,31.375774,120.976071,31.373721,,False,购物服务;商场;购物中心,060101,玉山镇珠江中路199号,0512-57007788;0512-57008899,,玉山,[],[],1.0,0.0,0.3,1.0,0.8,0.2,0.0,,nearby_city_phase2,outside_shanghai_municipality
B0J1CAZ5C9,能达夜市,上海,景点,attraction,0.972,4.8,3,崇川区,120.956604,31.927002,120.960899,31.924909,,False,购物服务;特色商业街;特色商业街,061000,惠商路与长通路交叉口东140米,0513-83597952,31.0,[],"柠檬茶,炸串,锅包肉,生蚝,羊肉串,烤串,特色小吃,臭豆腐",[],0.0,0.0,0.0,0.3,0.5,0.0,0.0,,nearby_city_phase2,outside_shanghai_municipality
B0FFGFC6GB,昆山万象汇,上海,商业休闲,leisure,0.972,4.8,3,昆山市,120.927412,31.38146,120.931598,31.37932,,False,购物服务;商场;购物中心|购物服务;体育用品店;体育用品店,060101|060900,鹿城路与前进西路交叉口西北80米,0512-80660066,,玉山,[],[],1.0,0.0,0.3,1.0,0.8,0.2,0.0,,nearby_city_phase2,outside_shanghai_municipality
B0FFFGTAXW,世茂广场,上海,商业休闲,leisure,0.958,4.7,3,崇川区,120.952307,31.92048,120.956589,31.918379,,False,购物服务;商场;购物中心,060101,新河东路101号,0513-89168380;4008797185,,[],[],[],1.0,0.0,0.0,1.0,0.0,0.2,0.0,,nearby_city_phase2,outside_shanghai_municipality
B0201068QR,海门商业步行街,上海,景点,attraction,0.958,4.7,3,海门区,121.194405,31.895355,121.198942,31.893446,,False,购物服务;特色商业街;步行街,061001,海门镇解放东路3号,15312904562,,[],[],[],0.0,0.0,0.0,0.0,0.2,0.0,0.0,,nearby_city_phase2,outside_shanghai_municipality
B0FFI07URO,吾悦广场(昆山店),上海,公园,park,0.958,4.7,3,昆山市,120.967306,31.332577,120.971583,31.330498,,False,购物服务;商场;普通商场,060102,长江南路99号,0512-57159666;0512-57387688;0512-57387695,,[],[],[],1.0,0.0,1.0,0.3,0.7,0.0,0.0,,nearby_city_phase2,outside_shanghai_municipality
B0FFGJCS2R,万达广场(昆山青阳店),上海,商业休闲,leisure,0.958,4.7,3,昆山市,120.991816,31.413408,120.996185,31.411424,,False,购物服务;商场;购物中心,060101,青阳北路238号,0512-36633133,,周市,[],[],0.0,0.0,0.3,1.0,0.5,0.2,0.0,,nearby_city_phase2,outside_shanghai_municipality
B02001H9JR,万达广场(苏州太仓店),上海,商业休闲,leisure,0.958,4.7,3,太仓市,121.138132,31.460087,121.142739,31.458294,,False,购物服务;商场;购物中心,060101,上海东路188号,0512-33020999,,太仓,[],[],1.0,0.0,0.0,1.0,0.0,0.2,0.0,,nearby_city_phase2,outside_shanghai_municipality
B0FFG05V1G,龙信广场购物中心(南通海门店),上海,商业休闲,leisure,0.958,4.7,3,海门区,121.183731,31.880018,121.188287,31.878131,,False,购物服务;商场;购物中心,060101,长江南路99号,0513-81206332;0513-82660000,,[],[],[],0.0,0.0,0.0,1.0,0.0,0.2,0.0,,nearby_city_phase2,outside_shanghai_municipality
B0FFF3SUY0,万联购物中心,上海,商业休闲,leisure,0.958,4.7,3,嘉善县,120.930414,30.818235,120.934558,30.81581,,False,购物服务;商场;购物中心,060101,世纪大道1001号,[],,嘉善大道,[],[],0.0,0.0,0.0,1.0,0.0,0.6,0.0,,nearby_city_phase2,outside_shanghai_municipality
B0GRLUO9MB,天虹商场,上海,商业休闲,leisure,0.958,4.7,3,昆山市,120.951365,31.35782,120.955598,31.355712,,False,购物服务;商场;购物中心|购物服务;商场;普通商场,060101|060102,中华园路1555号5号商业楼,0512-55885888,,玉山,[],[],1.0,0.0,0.0,1.0,0.0,0.6,0.0,,nearby_city_phase2,outside_shanghai_municipality
B0FFF6SATI,世茂广场,上海,商业休闲,leisure,0.958,4.7,3,昆山市,121.053846,31.382931,121.058418,31.381106,,False,购物服务;商场;普通商场,060102,前进东路199号,0512-55158999,,[],[],[],0.0,0.0,0.0,1.0,0.0,0.2,0.0,,nearby_city_phase2,outside_shanghai_municipality
B0FFHOAHGJ,吾悦广场(启东店),上海,商业休闲,leisure,0.958,4.7,3,启东市,121.660446,31.787507,121.664761,31.785456,,False,购物服务;商场;购物中心,060101,民胜南路旁边,0513-68183777,,[],[],[],1.0,0.0,0.0,1.0,0.0,0.2,0.0,,nearby_city_phase2,outside_shanghai_municipality
B0200160DH,昆山慧聚广场,上海,景点,attraction,0.958,4.7,3,昆山市,121.028937,31.397281,121.033438,31.395402,,False,风景名胜;风景名胜;寺庙道观,110205,昆山经济技术开发区洞庭湖北路与杨树路交叉口(近东方罗马),0512-55188566,,[],[],tour,0.0,0.0,0.3,0.3,0.7,0.0,0.0,,nearby_city_phase2,outside_shanghai_municipality
B0FFG846G1,西塘-酒吧街,上海,景点,attraction,0.958,4.7,3,嘉善县,120.896017,30.943926,120.900147,30.941556,,False,购物服务;特色商业街;步行街,061001,塘东街91附近,18698529888,218.0,西塘,[],[],0.0,0.0,0.0,0.3,0.2,0.0,0.0,,nearby_city_phase2,outside_shanghai_municipality
B0FFGKKZWS,万嘉生活广场,上海,商业休闲,leisure,0.944,4.6,3,吴中区,120.865497,31.267392,120.86968,31.265222,,False,购物服务;商场;购物中心,060101,鸣市路18号,[],,甪直,[],[],0.0,0.0,0.0,1.0,0.0,0.2,0.0,,nearby_city_phase2,outside_shanghai_municipality
B02001BTPT,迪卡侬(花桥店),上海,商业休闲,leisure,0.944,4.6,3,昆山市,121.058443,31.30552,121.063018,31.303677,,False,购物服务;体育用品店;体育用品店|公司企业;公司;公司,060900|170200,花桥镇花集路667号,0512-36606922;0512-36606928,,[],[],[],0.0,0.0,0.0,1.0,0.0,0.6,0.0,,nearby_city_phase2,outside_shanghai_municipality
B0HKPH8BEK,昆山金鹰国际购物中心B座,上海,商业休闲,leisure,0.944,4.6,3,昆山市,120.9709,31.375806,120.975192,31.373751,,False,购物服务;商场;购物中心,060101,珠江中路198号,[],,玉山,[],[],0.0,0.0,0.3,1.0,0.5,0.2,0.0,,nearby_city_phase2,outside_shanghai_municipality
B0FFIPSSXV,蝶湖湾商业广场,上海,商业休闲,leisure,0.944,4.6,3,昆山市,120.96352,31.336715,120.967786,31.334628,,False,购物服务;商场;普通商场,060102,[],18013209880,,[],[],[],0.0,0.0,0.3,1.0,0.5,0.2,0.0,,nearby_city_phase2,outside_shanghai_municipality
B0FFG284ZE,昆城广场,上海,商业休闲,leisure,0.944,4.6,3,昆山市,120.95468,31.364113,120.958922,31.362014,,False,购物服务;商场;购物中心,060101,人民南路1168号,0512-55273388,,玉山,[],[],0.0,0.0,0.0,1.0,0.0,0.2,0.0,,nearby_city_phase2,outside_shanghai_municipality
B0FFMH54NA,海虞新天地商业广场,上海,商业休闲,leisure,0.98,4.6,3,常熟市,120.800317,31.744821,120.804669,31.742834,,False,购物服务;商场;购物中心|购物服务;商场;普通商场,060101|060102,海虞镇人民路218号,0512-52197777,,[],[],[],0.0,0.0,0.0,1.0,0.0,0.2,0.0,,nearby_city_phase2,outside_shanghai_municipality
B0FFMHDNR6,宇业天逸商业广场,上海,商业休闲,leisure,0.944,4.6,3,昆山市,120.974365,31.452303,120.978675,31.450277,,False,购物服务;特色商业街;特色商业街,061000,华昌路与金瑭路交叉口东北160米,0512-57883588,,周市,[],[],0.0,0.0,0.0,1.0,0.0,0.2,0.0,,nearby_city_phase2,outside_shanghai_municipality
B0FFFOMORX,超华城市广场,上海,商业休闲,leisure,0.944,4.6,3,昆山市,120.940431,31.379845,120.94464,31.377723,,False,购物服务;商场;购物中心,060101,玉山镇白马泾路46号,0512-57508888,,前进西路,[],[],1.0,0.0,0.0,1.0,0.0,0.2,0.0,,nearby_city_phase2,outside_shanghai_municipality
B0GDUA4H2G,启东凤凰荟购物中心,上海,商业休闲,leisure,0.944,4.6,3,启东市,121.639397,31.818543,121.643678,31.816451,,False,购物服务;商场;购物中心,060101,人民西路1188号,0513-83302286,,[],[],[],0.0,0.0,0.0,1.0,0.0,0.6,0.0,,nearby_city_phase2,outside_shanghai_municipality
B0HRDOY7WM,南通市凤凰文化广场,上海,商业休闲,leisure,0.944,4.6,3,崇川区,120.89739,31.975603,120.901605,31.973433,,False,购物服务;商场;普通商场,060102,崇文路6号(图书馆地铁站8号口步行80米),0513-81109000,,[],[],[],0.0,0.15,0.0,1.0,0.0,0.2,0.0,,nearby_city_phase2,outside_shanghai_municipality
B0H2H1L9Q8,帝恒广场,上海,商业休闲,leisure,0.944,4.6,3,嘉善县,120.951192,30.919377,120.955388,30.917046,,False,购物服务;商场;普通商场,060102,学仕路与兴业西路交叉口西南100米,0573-84771822,,[],[],[],0.0,0.0,0.0,1.0,0.0,0.2,0.0,,nearby_city_phase2,outside_shanghai_municipality
B0HROSIQ3T,嘉兴辰溪里,上海,景点,attraction,0.944,4.6,3,南湖区,120.79773,30.739865,120.802003,30.737523,,False,购物服务;特色商业街;特色商业街,061000,九曲路与竹园路交叉口,0573-83191888,,[],[],[],0.0,0.0,0.0,0.0,0.2,0.0,0.0,,nearby_city_phase2,outside_shanghai_municipality
B0FFK4LSQV,九曲里,上海,景点,attraction,0.944,4.6,3,南湖区,120.79666,30.74085,120.800935,30.73851,,False,购物服务;特色商业街;特色商业街,061000,东栅街道中港路紫澜别墅对面(国际中港城东北),[],,[],[],[],1.0,0.0,0.0,0.0,0.2,0.0,0.0,,nearby_city_phase2,outside_shanghai_municipality
B0FFJKN8Q1,海运堤太仓·风情水街,上海,景点,attraction,0.944,4.6,3,太仓市,121.130428,31.438071,121.135044,31.436284,,False,购物服务;特色商业街;特色商业街,061000,高新区海运堤路与小普陀路交叉口东北160米,0512-53665999;0512-55775577,,太仓,[],[],0.0,0.0,0.0,0.0,0.2,0.0,0.0,,nearby_city_phase2,outside_shanghai_municipality
B0LG1L4BQU,新湖夜市,上海,景点,attraction,0.944,4.6,3,太仓市,121.049025,31.472794,121.053592,31.470981,,False,购物服务;特色商业街;特色商业街,061000,建湖路287号,[],17.0,[],[],[],0.0,0.0,0.3,0.3,0.7,0.0,0.0,,nearby_city_phase2,outside_shanghai_municipality
B02010V5FC,南通·壹城,上海,景点,attraction,0.944,4.6,3,崇川区,120.907786,31.944685,120.912,31.942523,,False,购物服务;特色商业街;特色商业街,061000,工农南路18号,13585222986,,[],[],[],0.0,0.0,0.0,0.0,0.2,0.0,0.0,,nearby_city_phase2,outside_shanghai_municipality
B0FFFF9GDH,五洋滨江广场,上海,公园,park,0.944,4.6,3,太仓市,121.20775,31.61611,121.21224,31.614213,,False,购物服务;商场;购物中心,060101,龙江路与光华路交叉口,0512-53603688,,[],[],[],0.0,0.0,0.9,0.3,0.7,0.0,0.0,,nearby_city_phase2,outside_shanghai_municipality
B0FFGA6YUA,江南印象商业中心,上海,景点,attraction,0.944,4.6,3,常熟市,120.932777,31.742213,120.937001,31.740109,,False,购物服务;特色商业街;特色商业街|公司企业;公司;公司|生活服务;生活服务场所;生活服务场所,061000|170200|070000,同湖路与金港路交叉口东北150米,0512-52066888,,[],[],[],0.0,0.0,0.0,0.0,0.7,0.0,0.0,,nearby_city_phase2,outside_shanghai_municipality
B0K2N15CMP,江南印象夜市,上海,景点,attraction,0.944,4.6,3,常熟市,120.930754,31.741042,120.934975,31.738935,,False,购物服务;特色商业街;特色商业街,061000,江南大道73号,[],,[],[],[],0.0,0.0,0.0,0.3,0.7,0.0,0.0,,nearby_city_phase2,outside_shanghai_municipality
B0JBCUGMZF,大西门商业街,上海,景点,attraction,0.944,4.6,3,昆山市,120.946836,31.385553,120.95106,31.383444,,False,购物服务;特色商业街;特色商业街,061000,马鞍山东路155号,0512-50165766,,玉山,[],[],0.0,0.0,0.0,0.0,0.2,0.0,0.0,,nearby_city_phase2,outside_shanghai_municipality
B0FFI8NWYI,申港城美食街,上海,景点,attraction,0.944,4.6,3,启东市,121.634113,31.820332,121.638386,31.818232,,False,购物服务;特色商业街;特色商业街,061000,人民西路建德花苑,[],47.0,[],[],[],0.0,0.0,0.0,0.3,0.2,0.0,0.0,,nearby_city_phase2,outside_shanghai_municipality
B0FFJ59YLX,福地商业广场,上海,商业休闲,leisure,0.944,4.6,3,崇川区,120.997954,31.837419,121.002381,31.835459,,False,购物服务;商场;购物中心,060101,苏通科技产业园南通市苏通科技产业园区江安路33号,0513-85998833,,[],[],[],0.0,0.0,0.0,1.0,0.0,0.2,0.0,,nearby_city_phase2,outside_shanghai_municipality
B0FFJBVB5Q,太仓丽景商业广场,上海,商业休闲,leisure,0.944,4.6,3,太仓市,121.115852,31.459945,121.120484,31.458177,,False,购物服务;商场;普通商场,060102,郑和中路400号,0512-83583977,,太仓,[],[],0.0,0.0,0.0,1.0,0.0,0.2,0.0,,nearby_city_phase2,outside_shanghai_municipality
B0GUXUAJ42,太仓华发广场,上海,商业休闲,leisure,0.944,4.6,3,太仓市,121.129632,31.432814,121.134248,31.431026,,False,购物服务;商场;购物中心,060101,科教新城梅村路与太平新路交汇处,0512-56555888,,太仓,[],[],0.0,0.0,0.0,1.0,0.0,0.2,0.0,,nearby_city_phase2,outside_shanghai_municipality
B020017DC0,华旭广场,上海,商业休闲,leisure,0.944,4.6,3,太仓市,121.107833,31.444883,121.112468,31.443116,,False,购物服务;商场;购物中心,060101,人民南路95号,0512-53111999;0512-53523986,,太仓,[],[],1.0,0.0,0.0,1.0,0.0,0.2,0.0,,nearby_city_phase2,outside_shanghai_municipality
B0FFF9WRNM,建滔广场,上海,商业休闲,leisure,0.944,4.6,3,昆山市,121.115376,31.295471,121.119994,31.293653,,False,购物服务;商场;购物中心,060101,花桥经济开发区光明路(光明路地铁站2号口步行490米),0512-50133879;0512-86178888,,[],[],[],0.0,0.0,0.0,1.0,0.0,0.2,0.0,,nearby_city_phase2,outside_shanghai_municipality
B0FFK65H4T,乐尚城市广场,上海,商业休闲,leisure,0.944,4.6,3,昆山市,121.125461,31.28509,121.130069,31.283259,,False,购物服务;商场;购物中心,060101,花桥镇绿地大道269号,0512-57672995,,[],[],[],1.0,0.0,0.0,1.0,0.0,0.2,0.0,,nearby_city_phase2,outside_shanghai_municipality
B02010VKXS,华融和生国际商业广场,上海,商业休闲,leisure,0.944,4.6,3,通州区,121.066252,31.953286,121.0709,31.951471,,False,购物服务;商场;购物中心,060101,川叠路1555号,15996549612,,[],[],[],0.0,0.0,0.0,1.0,0.0,0.2,0.0,,nearby_city_phase2,outside_shanghai_municipality
B0KR9AIWJO,悦宇商业广场,上海,商业休闲,leisure,0.944,4.6,3,昆山市,120.973904,31.452882,120.978213,31.450855,,False,购物服务;商场;普通商场,060102,金塘路65号12号楼,17278358194,,周市,[],[],0.0,0.0,0.0,1.0,0.0,0.2,0.0,,nearby_city_phase2,outside_shanghai_municipality
B023D03QHW,温州商业街(亭桥北路店),上海,景点,attraction,0.93,4.5,3,嘉善县,120.918912,30.845925,120.923044,30.843504,,False,购物服务;特色商业街;特色商业街,061000,温州商业街与亭桥北路交叉口东20米,15824340335,,魏塘,[],[],0.0,0.0,0.0,0.0,0.2,0.0,0.0,,nearby_city_phase2,outside_shanghai_municipality
B0JRDARQZ5,良壤艺术街区,上海,景点,attraction,0.93,4.5,3,嘉善县,120.900725,30.950548,120.904855,30.948181,,False,购物服务;特色商业街;特色商业街,061000,西塘镇贞观路598号,[],,西塘,[],[],0.0,0.0,0.0,0.0,0.2,0.0,0.0,,nearby_city_phase2,outside_shanghai_municipality
B0IRG7BFDQ,花家湾滨水文化商业街,上海,景点,attraction,0.93,4.5,3,昆山市,121.08981,31.302811,121.09443,31.301001,,False,购物服务;特色商业街;特色商业街,061000,花溪路268号,0512-57608509,,[],[],[],0.0,0.15,0.0,0.0,0.2,0.0,0.0,,nearby_city_phase2,outside_shanghai_municipality
B0FFI7AXDE,奥邦广场,上海,商业休闲,leisure,0.93,4.5,3,启东市,121.663708,31.826804,121.668032,31.824753,,False,购物服务;商场;商场,060100,[],[],,[],[],[],0.0,0.0,0.0,1.0,0.0,0.2,0.0,,nearby_city_phase2,outside_shanghai_municipality
B02001EOBK,新盛商业广场,上海,商业休闲,leisure,0.93,4.5,3,吴中区,120.830363,31.302477,120.834616,31.30038,,False,购物服务;商场;商场,060100,苏州工业园区胜浦镇新胜路1号1幢(杰奎琳),18761983764,,苏州工业园区,[],[],0.0,0.0,0.0,1.0,0.0,0.2,0.0,,nearby_city_phase2,outside_shanghai_municipality
B0FFG92X9Y,NIKEKIDS(首创奥特莱斯购物中心昆山店),上海,商业休闲,leisure,0.93,4.5,3,昆山市,121.061258,31.3648,121.065845,31.362983,,False,购物服务;体育用品店;耐克专卖店,060902,开发区东城大道501号首创奥特莱斯F1-A12,[],,[],[],[],0.0,0.0,0.3,1.0,0.5,0.2,0.0,,nearby_city_phase2,outside_shanghai_municipality
B0I17MPK5L,沙溪风情小吃街,上海,景点,attraction,0.93,4.5,3,太仓市,121.06273,31.573463,121.067338,31.571688,,False,购物服务;特色商业街;特色商业街,061000,江苏省苏州市太仓市白云中路332号,[],18.0,[],小吃街,[],0.0,0.0,0.0,0.3,0.2,0.0,0.0,,nearby_city_phase2,outside_shanghai_municipality
B0HDRCTAE0,宝岛又一村,上海,景点,attraction,0.93,4.5,3,昆山市,121.02807,31.395303,121.032568,31.393421,,False,购物服务;特色商业街;特色商业街,061000,杨树路500号,0512-57507803,,[],[],[],0.0,0.0,0.0,0.0,0.2,0.0,0.0,,nearby_city_phase2,outside_shanghai_municipality
B0FFKX1I6G,凤和园商业广场,上海,商业休闲,leisure,0.93,4.5,3,昆山市,120.953289,31.505502,120.957539,31.503433,,False,购物服务;综合市场;蔬菜市场|购物服务;特色商业街;特色商业街|餐饮服务;冷饮店;冷饮店,060705|061000|050700,巴城镇长江北路凤竹园5幢,0512-36855883,,[],[],[],0.0,0.0,0.0,1.0,0.0,0.2,0.0,,nearby_city_phase2,outside_shanghai_municipality
B0HRACMFR1,骊湾瑜伽普拉提女子塑形馆(九曲里店),上海,商业休闲,leisure,0.93,4.5,3,南湖区,120.795884,30.739024,120.800161,30.736684,,False,体育休闲服务;运动场馆;健身中心|购物服务;体育用品店;体育用品店,080111|060900,云溪路108号世合大厦1F,0573-82862209;13819310468,541.0,[],[],[],0.0,0.0,0.0,1.0,0.0,0.6,0.0,,nearby_city_phase2,outside_shanghai_municipality
B0HU27T50A,彩虹漾购物中心,上海,商业休闲,leisure,0.93,4.5,3,海门区,121.174905,31.877573,121.179479,31.875703,,False,购物服务;商场;购物中心|购物服务;商场;普通商场,060101|060102,张謇大道999号,0513-68021818,,[],[],[],1.0,0.0,0.0,1.0,0.0,0.6,0.0,,nearby_city_phase2,outside_shanghai_municipality
B0FFGDYJXX,上海路夜市,上海,商业休闲,leisure,0.93,4.5,3,崇川区,120.928171,31.923655,120.932403,31.921512,,False,购物服务;特色商业街;特色商业街|购物服务;综合市场;综合市场,061000|060700,上海路36号,[],36.0,中央路,[],[],0.0,0.0,0.0,1.0,0.0,0.6,0.0,,nearby_city_phase2,outside_shanghai_municipality
B0FFJRXCOT,莲花广场(陆渡镇店),上海,商业休闲,leisure,0.93,4.5,3,太仓市,121.183496,31.475474,121.188017,31.473604,,False,购物服务;商场;购物中心,060101,娄东街道陆渡郑和中路96号,0512-53451666,,[],[],[],0.0,0.0,0.0,1.0,0.0,0.2,0.0,,nearby_city_phase2,outside_shanghai_municipality
B0FFHO20JW,叠石桥步行街,上海,景点,attraction,0.93,4.5,3,通州区,121.078896,31.963593,121.083564,31.961791,,False,购物服务;特色商业街;特色商业街,061000,绣女路与三万线交叉口南200米,13962907319,,[],[],[],0.0,0.0,0.0,0.0,0.2,0.0,0.0,,nearby_city_phase2,outside_shanghai_municipality
B0KRUS0X2J,朝阳荟·生活广场,上海,商业休闲,leisure,0.93,4.5,3,昆山市,120.960382,31.372991,120.964641,31.370908,,False,购物服务;商场;商场|商务住宅;商务住宅相关;商务住宅相关,060100|120000,跃进路168号,0512-57295988,,玉山,[],[],0.0,0.0,0.0,1.0,0.0,0.2,0.0,,nearby_city_phase2,outside_shanghai_municipality
B02001BGY4,吉麦隆购物中心(花桥店),上海,商业休闲,leisure,0.93,4.5,3,昆山市,121.092162,31.304272,121.096783,31.302463,,False,购物服务;商场;普通商场,060102,花溪路168号,[],,[],[],[],1.0,0.0,0.0,1.0,0.0,0.6,0.0,,nearby_city_phase2,outside_shanghai_municipality
B0LRUUDK0D,东润生活广场,上海,商业休闲,leisure,0.93,4.5,3,常熟市,121.025077,31.708427,121.029592,31.706565,,False,购物服务;商场;商场,060100,碧溪街道东张中心路125号,[],,[],[],[],0.0,0.0,0.0,1.0,0.0,0.2,0.0,,nearby_city_phase2,outside_shanghai_municipality
B0FFK4WC3R,花都艺墅宝裕广场,上海,商业休闲,leisure,0.93,4.5,3,昆山市,120.979546,31.414519,120.983871,31.412499,,False,商务住宅;楼宇;商务写字楼|购物服务;商场;商场,120201|060100,长江北路花都艺墅,13338643458,,周市,[],[],0.0,0.0,0.0,1.0,0.0,0.2,0.0,,nearby_city_phase2,outside_shanghai_municipality
B0H6HSI09O,昆山合盛嵘商业广场,上海,商业休闲,leisure,0.93,4.5,3,昆山市,121.02226,31.373843,121.026736,31.371939,,False,购物服务;商场;商场,060100,吴淞江南路666号,13676970868;18361977627,,[],[],[],0.0,0.0,0.3,1.0,0.5,0.2,0.0,,nearby_city_phase2,outside_shanghai_municipality
B0FFL0FZ7Y,万达广场(昆山经开店),上海,商业休闲,leisure,0.93,4.5,3,昆山市,120.974481,31.355236,120.978783,31.353184,,False,购物服务;商场;购物中心,060101,衡山路58号,0512-81632072,,玉山,[],[],0.0,0.0,0.3,1.0,0.5,0.2,0.0,,nearby_city_phase2,outside_shanghai_municipality
B0FFGW4KNB,金鹰(金鹰天地广场店),上海,商业休闲,leisure,0.93,4.5,3,昆山市,120.975044,31.376203,120.97935,31.37416,,False,购物服务;商场;普通商场|商务住宅;住宅区;住宅小区,060102|120302,玉山镇黄河中路288号,0512-55159100,,玉山,[],[],0.0,0.0,0.0,1.0,0.0,0.2,0.0,,nearby_city_phase2,outside_shanghai_municipality
B02001BNFP,温莎堡假日广场(装修中),上海,商业休闲,leisure,0.93,4.5,3,昆山市,120.951,31.403282,120.955236,31.401187,,False,购物服务;商场;购物中心,060101,北门路388号昆山商厦F1,0512-57163777,,北门路,[],[],0.0,0.0,0.0,1.0,0.0,0.2,0.0,,nearby_city_phase2,outside_shanghai_municipality
B0G09PLFF9,中蒋广场,上海,商业休闲,leisure,0.93,4.5,3,平湖市,121.184326,30.723437,121.188782,30.721203,,False,购物服务;商场;商场,060100,仓南路中天熙景诚品小区北,[],,[],[],[],0.0,0.0,0.0,1.0,0.0,0.2,0.0,,nearby_city_phase2,outside_shanghai_municipality
B0FFJ0ZK7H,天镜湖商业广场,上海,商业休闲,leisure,0.93,4.5,3,太仓市,121.133078,31.417503,121.137688,31.415707,,False,购物服务;商场;普通商场,060102,子冈路29号,[],,太仓,[],[],0.0,0.0,0.3,1.0,0.5,0.2,0.0,,nearby_city_phase2,outside_shanghai_municipality
B0FFJDJKAO,兆丰99生活广场,上海,商业休闲,leisure,0.93,4.5,3,昆山市,121.151823,31.288017,121.156392,31.286149,,False,购物服务;商场;普通商场,060102,曹安公路99号(兆丰路地铁站出入口旁),18556764677,,[],[],[],1.0,0.0,0.0,1.0,0.0,0.2,0.0,,nearby_city_phase2,outside_shanghai_municipality
B0FFH02EQE,鑫都汇商业广场,上海,商业休闲,leisure,0.93,4.5,3,昆山市,121.143976,31.297214,121.148559,31.295363,,False,购物服务;商场;普通商场,060102,泗泾路与外青松公路交叉口东南160米,15055723532,,安亭-地铁站,[],[],0.0,0.0,0.0,1.0,0.0,0.2,0.0,,nearby_city_phase2,outside_shanghai_municipality
B0HAKKG7Q7,汇悦商业广场,上海,商业休闲,leisure,0.93,4.5,3,昆山市,120.921685,31.281337,120.925855,31.279155,,False,购物服务;商场;商场,060100,新吴街与大直路交叉口西南120米,18852646680,,张浦,[],[],0.0,0.0,0.0,1.0,0.0,0.2,0.0,,nearby_city_phase2,outside_shanghai_municipality
B0FFIA8O06,张浦生活广场,上海,商业休闲,leisure,0.93,4.5,3,昆山市,120.924327,31.277863,120.9285,31.275682,,False,购物服务;商场;普通商场,060102,海虹路与锦上路交叉口西150米,[],,张浦,[],[],0.0,0.0,0.0,1.0,0.0,0.2,0.0,,nearby_city_phase2,outside_shanghai_municipality
B0FFJ80DMN,西城后街商业广场,上海,商业休闲,leisure,0.93,4.5,3,昆山市,120.920555,31.384209,120.924732,31.382063,,False,购物服务;商场;普通商场,060102,前进西路与虹祺路交叉口东北100米,0512-50137552;0512-57177225,,前进西路,[],[],0.0,0.0,0.0,1.0,0.0,0.2,0.0,,nearby_city_phase2,outside_shanghai_municipality
B0MBY552Q8,搜羽体育,上海,商业休闲,leisure,0.93,4.5,3,昆山市,120.976976,31.401956,120.981291,31.399925,,False,购物服务;体育用品店;体育用品店,060900,周市镇长江北路128号2层2-02,0512-57853222;18051887905,,玉山,[],[],0.0,0.0,0.0,1.0,0.0,0.6,0.0,,nearby_city_phase2,outside_shanghai_municipality
B023D0PN2N,平湖关帝庙商城,上海,景点,attraction,0.93,4.5,3,平湖市,121.016205,30.699622,121.020603,30.697351,,False,购物服务;特色商业街;特色商业街,061000,新华中路153号,18258304002,,当湖,[],[],0.0,0.15,0.3,0.0,0.7,0.0,0.0,,nearby_city_phase2,outside_shanghai_municipality
B0G0GMGXH7,百隆商业广场,上海,商业休闲,leisure,0.93,4.5,3,太仓市,121.104087,31.442568,121.108722,31.440802,,False,购物服务;商场;普通商场|购物服务;商场;购物中心,060102|060101,长春南路164-14号附近,[],,太仓,[],[],0.0,0.0,0.0,1.0,0.0,0.2,0.0,,nearby_city_phase2,outside_shanghai_municipality
B0FFHFHSNS,世茂广场2期,上海,商业休闲,leisure,0.93,4.5,3,昆山市,121.052177,31.382951,121.056745,31.381123,,False,购物服务;商场;购物中心,060101,前进东路205号,[],,[],[],[],1.0,0.0,0.0,1.0,0.0,0.2,0.0,,nearby_city_phase2,outside_shanghai_municipality
B0GRSABGE7,夜昆山水上夜市(中茵世贸广场店),上海,景点,attraction,0.93,4.5,3,昆山市,120.95228,31.383199,120.956517,31.381101,,False,购物服务;特色商业街;特色商业街,061000,中山路287号(前进路中山路交叉口),0512-57119999,57.0,玉山,小吃街,[],0.0,0.0,0.3,0.3,0.7,0.0,0.0,,nearby_city_phase2,outside_shanghai_municipality
B0200178NP,东盛广场,上海,景点,attraction,0.93,4.5,3,太仓市,121.14346,31.461012,121.148058,31.459211,,False,商务住宅;楼宇;商住两用楼宇|购物服务;特色商业街;特色商业街,120203|061000,上海东路199号,0512-53836815,,太仓,[],[],0.0,0.0,0.0,0.3,0.2,0.0,0.0,,nearby_city_phase2,outside_shanghai_municipality
B0J1OAG360,太仓高新区海运堤罗腾堡德风街,上海,景点,attraction,0.93,4.5,3,太仓市,121.122119,31.435808,121.126744,31.434029,,False,购物服务;特色商业街;特色商业街,061000,海运堤路86-88号,13901903956,,太仓,[],[],0.0,0.0,0.0,0.0,0.2,0.0,0.0,,nearby_city_phase2,outside_shanghai_municipality
B0J1OMCW3T,太仓高新区海运堤罗腾堡风情街三期,上海,景点,attraction,0.93,4.5,3,太仓市,121.117638,31.434483,121.122267,31.432708,,False,购物服务;特色商业街;特色商业街,061000,高新区海运堤路114号,[],,太仓,[],[],0.0,0.0,0.0,0.0,0.2,0.0,0.0,,nearby_city_phase2,outside_shanghai_municipality
B0L0T1BEZJ,匹克腕(太仓)文体俱乐部,上海,商业休闲,leisure,0.93,4.5,3,太仓市,121.154082,31.464452,121.158662,31.462634,,False,购物服务;体育用品店;体育用品店,060900,兴业南路18号太胜工业园一园,0512-81602168;18551219918,,太仓,[],[],0.0,0.0,0.0,1.0,0.0,0.6,0.0,,nearby_city_phase2,outside_shanghai_municipality
B0JDSHTFY1,长江后浪商业街区(晨曦雅苑店),上海,景点,attraction,0.93,4.5,3,太仓市,121.16727,31.48371,121.171825,31.481872,,False,购物服务;特色商业街;特色商业街,061000,陆渡街道万金北路88号,0512-53218886,,[],[],[],0.0,0.0,0.3,0.0,0.7,0.0,0.0,,nearby_city_phase2,outside_shanghai_municipality
B0FFJ96M9H,东城生活广场,上海,商业休闲,leisure,0.93,4.5,3,海门区,121.262523,31.890142,121.26701,31.888185,,False,购物服务;商场;普通商场,060102,中华东路与五七河路交叉口西南50米,13656276399,,[],[],[],0.0,0.0,0.0,1.0,0.0,0.2,0.0,,nearby_city_phase2,outside_shanghai_municipality
B0M6JHDT6U,滨江荟邻城市广场,上海,公园,park,0.93,4.5,3,太仓市,121.279484,31.511706,121.283956,31.509787,,False,购物服务;商场;商场,060100,广场南路与东港路交叉口东340米,[],,[],[],[],0.0,0.0,0.9,0.3,0.7,0.0,0.0,,nearby_city_phase2,outside_shanghai_municipality
B0H0HUCYFW,飞扬体育(海兴北路店),上海,文化场所,culture,0.93,4.5,3,海门区,121.159708,31.911508,121.164316,31.909659,,False,购物服务;体育用品店;体育用品店|科教文化服务;培训机构;培训机构,060900|141400,海兴路正大电子厂5号楼,15851229988,,[],[],[],0.0,0.2,0.0,0.0,0.0,0.0,0.0,,nearby_city_phase2,outside_shanghai_municipality
B0K6F5EVYN,海昌海洋探索馆(昆山金鹰国际购物中心B座店),上海,商业休闲,leisure,0.93,4.5,3,昆山市,120.971041,31.375784,120.975334,31.373729,,False,风景名胜;公园广场;水族馆,110104,昆山金鹰国际购物中心B座7层,[],,玉山,[],tour,0.0,0.0,0.3,1.0,0.5,0.2,0.0,,nearby_city_phase2,outside_shanghai_municipality
B0KKYCJQKC,紫荆广场,上海,景点,attraction,0.93,4.5,3,南湖区,120.813229,30.732839,120.817472,30.730467,,False,风景名胜;公园广场;城市广场,110105,紫荆路101号,[],,[],[],tour,0.0,0.0,0.0,0.3,0.2,0.0,0.0,,nearby_city_phase2,outside_shanghai_municipality
B020017A2C,商业步行街服装大世界,上海,景点,attraction,0.916,4.4,3,昆山市,120.957523,31.379663,120.961774,31.377576,,False,购物服务;特色商业街;步行街|购物服务;服装鞋帽皮具店;服装鞋帽皮具店,061001|061100,玉山镇人民路49号,17320673393,,人民路,[],[],0.0,0.0,0.0,0.0,0.2,0.0,0.0,,nearby_city_phase2,outside_shanghai_municipality
B0FFG9ABNH,嘉善禾众商业广场,上海,商业休闲,leisure,0.916,4.4,3,嘉善县,120.894829,30.829666,120.89895,30.82723,,False,购物服务;商场;购物中心,060101,人民大道1988号,0573-84756666,,[],[],[],0.0,0.0,0.0,1.0,0.0,0.2,0.0,,nearby_city_phase2,outside_shanghai_municipality
B02010US0P,吉买隆生活购物广场,上海,商业休闲,leisure,0.916,4.4,3,崇川区,120.939695,31.910171,120.943946,31.908048,,False,购物服务;商场;购物中心,060101,新开南路苏通商业广场4号楼,0513-81011829,,新开南路,[],[],0.0,0.0,0.0,1.0,0.0,0.2,0.0,,nearby_city_phase2,outside_shanghai_municipality
B0FFIB0VIT,旺角商业广场,上海,商业休闲,leisure,0.916,4.4,3,崇川区,120.9483,31.928555,120.952573,31.926444,,False,购物服务;商场;普通商场,060102,新开街道经济技术开发区复兴东路555号,0513-85981207,,[],[],[],0.0,0.0,0.0,1.0,0.0,0.2,0.0,,nearby_city_phase2,outside_shanghai_municipality
B0FFLPPIIJ,国盛购物广场,上海,商业休闲,leisure,0.916,4.4,3,常熟市,120.934359,31.739152,120.938586,31.73705,,False,购物服务;商场;商场,060100,永嘉路与同济路交叉口东80米,[],,[],[],[],0.0,0.0,0.0,1.0,0.0,0.2,0.0,,nearby_city_phase2,outside_shanghai_municipality
B0I14H7TVR,夜市美食城,上海,景点,attraction,0.916,4.4,3,吴江区,120.846785,31.018164,120.850981,31.015893,,False,购物服务;特色商业街;特色商业街,061000,芦莘大道与东港路交叉口南220米,[],33.0,汾湖,[],[],0.0,0.0,0.0,0.3,0.2,0.0,0.0,,nearby_city_phase2,outside_shanghai_municipality
B0FFGFP256,耐克Nike(时尚舞台奥特莱斯店),上海,商业休闲,leisure,0.916,4.4,3,吴中区,120.822282,31.341364,120.826556,31.339297,,False,购物服务;体育用品店;耐克专卖店,060902,现代大道后戴街9号时尚舞台奥特莱斯F1层,[],,高端制造与国际贸易区,[],[],0.0,0.0,0.0,1.0,0.0,0.6,0.0,,nearby_city_phase2,outside_shanghai_municipality
B0FFLKM2XG,启东1号广场,上海,商业休闲,leisure,0.916,4.4,3,启东市,121.641121,31.81775,121.645404,31.815661,,False,购物服务;商场;普通商场,060102,汇龙镇人民路1188号,0513-83286202,,[],[],[],0.0,0.0,0.0,1.0,0.0,0.2,0.0,,nearby_city_phase2,outside_shanghai_municipality
B02001H9JQ,太仓金街(太仓万达广场店),上海,景点,attraction,0.916,4.4,3,太仓市,121.137988,31.460457,121.142595,31.458664,,False,购物服务;特色商业街;特色商业街,061000,城厢镇万达广场,15716216525,,太仓,[],[],0.0,0.0,0.0,0.3,0.2,0.0,0.0,,nearby_city_phase2,outside_shanghai_municipality
B0L13U5Z6T,昆山市城市广场,上海,景点,attraction,0.916,4.4,3,昆山市,120.980852,31.384042,120.985179,31.382017,,False,风景名胜;公园广场;城市广场,110105,前进中路100号,[],,前进中路,[],tour,0.0,0.0,0.3,0.3,0.7,0.0,0.0,,nearby_city_phase2,outside_shanghai_municipality
B02000ISG9,昆山市民文化广场,上海,景点,attraction,0.916,4.4,3,昆山市,120.969483,31.380591,120.973771,31.378534,,False,风景名胜;公园广场;城市广场,110105,珠江北路128号,0512-57703688,,前进中路,[],tour,0.0,0.15,0.3,0.3,0.7,0.0,0.0,,nearby_city_phase2,outside_shanghai_municipality
B0JDOZC8MP,汇羽体育,上海,商业休闲,leisure,0.916,4.4,3,嘉善县,120.888502,30.821335,120.892625,30.818897,,False,购物服务;体育用品店;体育用品店,060900,金秀路与世纪大道交叉口东北200米,[],,[],[],[],0.0,0.0,0.0,1.0,0.0,0.6,0.0,,nearby_city_phase2,outside_shanghai_municipality
B0JUX7NQDP,花悦荟生活广场,上海,商业休闲,leisure,0.916,4.4,3,昆山市,121.134991,31.292447,121.139588,31.290607,,False,购物服务;商场;购物中心,060101,光明路与曹浦路交叉口西北180米,[],,花桥,[],[],0.0,0.0,0.0,1.0,0.0,0.2,0.0,,nearby_city_phase2,outside_shanghai_municipality
B0FFGXGZE5,平湖景乐步行街,上海,景点,attraction,0.916,4.4,3,平湖市,121.009699,30.702945,121.014074,30.700657,,False,地名地址信息;交通地名;道路名|购物服务;特色商业街;步行街,190301|061001,钟埭街道环城北路739号一楼,0573-85168666;17857256526,,当湖,[],[],0.0,0.0,0.3,0.0,0.7,0.0,0.0,,nearby_city_phase2,outside_shanghai_municipality
B0FFG7I8AK,烟雨长廊,上海,景点,attraction,0.916,4.4,3,嘉善县,120.895003,30.945549,120.899134,30.94318,,False,购物服务;特色商业街;步行街,061001,西塘镇南苑路258号西塘古镇景区内(东北角),[],,西塘,[],[],0.0,0.0,0.0,0.0,0.2,0.0,0.0,,nearby_city_phase2,outside_shanghai_municipality
B02000JTWO,吴淞商业广场,上海,商业休闲,leisure,0.916,4.4,3,吴中区,120.829206,31.296503,120.833461,31.294406,,False,购物服务;商场;普通商场,060102,胜浦镇,0512-67066626,,苏州工业园区高端制造与国际贸易区,[],[],0.0,0.0,0.0,1.0,0.0,0.2,0.0,,nearby_city_phase2,outside_shanghai_municipality
B0FFGPTWKA,甪直中翔广场,上海,商业休闲,leisure,0.916,4.4,3,吴中区,120.864017,31.277974,120.868203,31.27581,,False,购物服务;商场;普通商场|购物服务;综合市场;小商品市场,060102|060701,甫澄北路1号,0512-66180612,,甪直,[],[],0.0,0.0,0.0,1.0,0.0,0.2,0.0,,nearby_city_phase2,outside_shanghai_municipality
B020106VVD,金鹰广场(公园中路),上海,公园,park,0.916,4.4,3,启东市,121.66176,31.807718,121.666079,31.805666,,False,购物服务;商场;普通商场,060102,汇龙镇人民中路545号,15190839695,,[],[],[],0.0,0.0,1.0,0.3,0.2,0.0,0.0,,nearby_city_phase2,outside_shanghai_municipality
B0FFL2HFN3,慕森广场,上海,商业休闲,leisure,0.916,4.4,3,吴江区,120.844606,31.027911,120.848807,31.025649,,False,购物服务;商场;普通商场,060102,黎里镇芦莘大道777号,0512-60658888,,汾湖,[],[],0.0,0.0,0.0,1.0,0.0,0.2,0.0,,nearby_city_phase2,outside_shanghai_municipality
B0FFF9N1FN,世茂广场D3栋,上海,商业休闲,leisure,0.916,4.4,3,昆山市,121.0516,31.383434,121.056166,31.381605,,False,购物服务;商场;购物中心|购物服务;商场;普通商场,060101|060102,前进东路223号,0512-57378227,,[],[],[],0.0,0.0,0.0,1.0,0.0,0.2,0.0,,nearby_city_phase2,outside_shanghai_municipality
B0FFHFHSNT,世茂广场1期,上海,商业休闲,leisure,0.916,4.4,3,昆山市,121.056357,31.382856,121.060934,31.381036,,False,购物服务;商场;购物中心|购物服务;商场;普通商场,060101|060102,江开发区前进东路199号,0512-55161777,,[],[],[],1.0,0.0,0.0,1.0,0.0,0.2,0.0,,nearby_city_phase2,outside_shanghai_municipality
B0FFHY5J44,水岸金街(嘉兴万达广场春江中心店),上海,景点,attraction,0.916,4.4,3,南湖区,120.799847,30.735863,120.804116,30.733515,,False,购物服务;特色商业街;特色商业街,061000,广益路1108万达广场南侧河边,[],,[],[],[],0.0,0.0,0.0,0.3,0.7,0.0,0.0,,nearby_city_phase2,outside_shanghai_municipality
B0IKY7DT6J,欣悦商场(世硕家园二期店),上海,商业休闲,leisure,0.916,4.4,3,昆山市,121.018088,31.305657,121.022544,31.303717,,False,购物服务;商场;商场,060100,芦莺路与凤仙路交叉口西北80米,13601863743,,[],[],[],0.0,0.0,0.0,1.0,0.0,0.6,0.0,,nearby_city_phase2,outside_shanghai_municipality
B0FFGSZEDV,兴业商场,上海,商业休闲,leisure,0.916,4.4,3,太仓市,121.104043,31.450783,121.108679,31.449019,,False,购物服务;商场;普通商场,060102,人民南路139号兴业商场二楼β357铺,0512-65399688,,太仓,[],[],0.0,0.0,0.0,1.0,0.0,0.6,0.0,,nearby_city_phase2,outside_shanghai_municipality
B0200179ZV,新天地广场,上海,商业休闲,leisure,0.98,4.4,3,太仓市,121.105519,31.450948,121.110155,31.449183,,False,购物服务;商场;普通商场,060102,向阳路,[],,太仓,[],[],0.0,0.0,0.0,1.0,0.0,0.2,0.0,,nearby_city_phase2,outside_shanghai_municipality
B020106JNZ,欧洲风情街(公园中路),上海,公园,park,0.916,4.4,3,启东市,121.662071,31.808431,121.666391,31.80638,,False,购物服务;特色商业街;特色商业街,061000,汇龙镇欧洲风情街39号,13813618524,,[],[],[],0.0,0.0,1.0,0.0,0.2,0.0,0.0,,nearby_city_phase2,outside_shanghai_municipality
B0I26ZFIDH,嘉兴市嘉善县体育南路时博汇秋月影楼,上海,景点,attraction,0.916,4.4,3,嘉善县,120.91232,30.842062,120.916446,30.839634,,False,生活服务;摄影冲印店;摄影冲印|购物服务;特色商业街;特色商业街,071300|061000,时博汇B1-34商铺,0573-84038685;18957305610,,魏塘,[],[],0.0,0.0,0.0,0.0,0.2,0.0,0.0,,nearby_city_phase2,outside_shanghai_municipality
B0FFGMO5XU,辉煌银河商业中心,上海,景点,attraction,0.916,4.4,3,常熟市,120.827245,31.595392,120.831529,31.593364,,False,购物服务;特色商业街;特色商业街,061000,东南街道银河路87号,[],,[],[],[],0.0,0.0,0.0,0.0,0.7,0.0,0.0,,nearby_city_phase2,outside_shanghai_municipality
B0FFJIH2O6,麦稻星光商业广场,上海,商业休闲,leisure,0.902,4.3,3,吴中区,120.871751,31.263909,120.875925,31.261729,,False,购物服务;商场;普通商场,060102,南塘河路18号,[],,甪直,[],[],0.0,0.0,0.0,1.0,0.0,0.2,0.0,,nearby_city_phase2,outside_shanghai_municipality
B02001C0XY,瑞翔商业广场,上海,商业休闲,leisure,0.902,4.3,3,吴中区,120.820573,31.307758,120.824848,31.305682,,False,购物服务;商场;普通商场,060102,银胜路30号,0512-62827779,,苏州工业园区,[],[],0.0,0.0,0.0,1.0,0.0,0.2,0.0,,nearby_city_phase2,outside_shanghai_municipality
B0FFGXMLST,南江路生活广场,上海,商业休闲,leisure,0.902,4.3,3,南湖区,120.808581,30.743023,120.812834,30.740665,,False,购物服务;商场;普通商场,060102,九曲路902号,13736848236,,凌公塘路,[],[],0.0,0.0,0.0,1.0,0.5,0.2,0.0,,nearby_city_phase2,outside_shanghai_municipality
B020106IEG,天鼎购物休闲广场,上海,商业休闲,leisure,0.902,4.3,3,启东市,121.663017,31.808842,121.667339,31.806793,,False,购物服务;商场;购物中心,060101,人民中路528号,[],,[],[],[],0.0,0.0,0.0,1.0,0.0,0.2,0.0,,nearby_city_phase2,outside_shanghai_municipality
B0HADUESKI,苏乐模型,上海,商业休闲,leisure,0.902,4.3,3,昆山市,121.025481,31.355973,121.029967,31.354072,,False,购物服务;体育用品店;体育用品店,060900,昆山市开发区盛晞路61号,13962684569,,[],[],[],0.0,0.0,0.0,1.0,0.0,0.6,0.0,,nearby_city_phase2,outside_shanghai_municipality
B02001C0GD,石浦特步体育(兴浦街店),上海,商业休闲,leisure,0.902,4.3,3,昆山市,121.054672,31.253639,121.059234,31.251768,,False,购物服务;体育用品店;体育用品店,060900,兴浦街495-501号,[],,[],[],[],0.0,0.0,0.0,1.0,0.0,0.6,0.0,,nearby_city_phase2,outside_shanghai_municipality
B0FFI0A0DG,阿迪达斯(首创奥特莱斯店),上海,商业休闲,leisure,0.902,4.3,3,昆山市,121.062508,31.366472,121.067097,31.364657,,False,购物服务;体育用品店;阿迪达斯专卖店,060903,东城大道501号首创奥特莱斯F1层,0512-57557240,,[],[],[],0.0,0.0,0.0,1.0,0.0,0.6,0.0,,nearby_city_phase2,outside_shanghai_municipality
B0FFKHGAHJ,南德·爱都商业街(金都·南德大院店),上海,景点,attraction,0.902,4.3,3,南湖区,120.800844,30.752283,120.805113,30.749942,,False,购物服务;特色商业街;特色商业街,061000,庆丰路642号,18405831026,,东栅,[],[],0.0,0.0,0.0,0.0,0.2,0.0,0.0,,nearby_city_phase2,outside_shanghai_municipality
B0FFFHC9OQ,耐克Nike(员工店),上海,商业休闲,leisure,0.902,4.3,3,太仓市,121.084081,31.485103,121.088712,31.483341,,False,购物服务;体育用品店;耐克专卖店,060902,广州西路88号,4008806453,,[],[],[],0.0,0.0,0.0,1.0,0.0,0.6,0.0,,nearby_city_phase2,outside_shanghai_municipality
B0KRXSTQ7W,世茂广场缤纷夜市,上海,景点,attraction,0.902,4.3,3,昆山市,121.055518,31.383095,121.060094,31.381273,,False,风景名胜;公园广场;城市广场,110105,世茂广场一期外广场,15335250501,,[],[],tour,0.0,0.0,0.0,0.3,0.2,0.0,0.0,,nearby_city_phase2,outside_shanghai_municipality
B0FFF5BTG3,中心菜场商业街,上海,景点,attraction,0.902,4.3,3,太仓市,121.26026,31.507156,121.264713,31.505222,,False,购物服务;特色商业街;特色商业街,061000,听海路与上海东路交叉口西北280米,13814572239,,[],[],[],0.0,0.0,0.0,0.0,0.2,0.0,0.0,,nearby_city_phase2,outside_shanghai_municipality
B0IDL7E706,迈威体育(中南会所店),上海,商业休闲,leisure,0.902,4.3,3,海门区,121.204812,31.901765,121.209331,31.899838,,False,购物服务;体育用品店;体育用品店,060900,丝绸东路211号,[],,[],[],[],0.0,0.0,0.0,1.0,0.0,0.6,0.0,,nearby_city_phase2,outside_shanghai_municipality
B0FFGB8P07,青年公社商业街,上海,景点,attraction,0.902,4.3,3,吴中区,120.79951,31.323628,120.803828,31.321595,,False,购物服务;特色商业街;步行街,061001,星龙街与钟园路交叉口东南240米,0512-67600006,,苏州工业园区高端制造与国际贸易区,[],[],0.0,0.0,0.0,0.0,0.2,0.0,0.0,,nearby_city_phase2,outside_shanghai_municipality
B0G3ACHD04,劲益轮滑俱乐部(万联购物中心店),上海,商业休闲,leisure,0.902,4.3,3,嘉善县,120.93068,30.818611,120.934825,30.816186,,False,购物服务;体育用品店;体育用品店|体育休闲服务;运动场馆;运动场所,060900|080100,万联购物中心三楼,15958311697;18457305856,150.0,嘉善大道,[],[],0.0,0.0,0.0,1.0,0.0,0.6,0.0,,nearby_city_phase2,outside_shanghai_municipality
B0FFIUHJ4E,大渔商业广场,上海,商业休闲,leisure,0.902,4.3,3,昆山市,120.898444,31.41208,120.902612,31.409934,,False,购物服务;特色商业街;特色商业街,061000,杜克大道505号,0512-50166888;0512-57933718,,[],[],[],0.0,0.0,0.0,1.0,0.0,0.2,0.0,,nearby_city_phase2,outside_shanghai_municipality
B02000174C,玉山广场,上海,景点,attraction,0.902,4.3,3,昆山市,120.956917,31.382987,120.961167,31.380899,,False,风景名胜;公园广场;城市广场,110105,玉山镇,15370136888,,前进西路,[],tour,0.0,0.0,0.3,0.3,0.7,0.0,0.0,,nearby_city_phase2,outside_shanghai_municipality
B0JBSAPFMS,俊羽体育(网羽球拍穿线),上海,商业休闲,leisure,0.902,4.3,3,崇川区,120.939824,31.915164,120.944076,31.91304,,False,购物服务;体育用品店;体育用品店,060900,紫荆花园28幢3号,13901483731,,新开南路,[],[],0.0,0.0,0.0,1.0,0.0,0.6,0.0,,nearby_city_phase2,outside_shanghai_municipality
B02010TP75,幸福岛,上海,景点,attraction,0.902,4.3,3,启东市,121.667726,31.805514,121.672056,31.803474,,False,购物服务;特色商业街;特色商业街,061000,汇龙镇民乐中路,13943618795;18662871122,,[],[],[],0.0,0.0,0.0,0.0,0.2,0.0,0.0,,nearby_city_phase2,outside_shanghai_municipality
B0FFKWXYYP,凯乐石KAILAS(时尚舞台奥特莱斯店),上海,商业休闲,leisure,0.902,4.3,3,吴中区,120.821908,31.342653,120.826183,31.340587,,False,购物服务;体育用品店;户外用品,060907,现代大道后戴街9号时尚舞台奥特莱斯C8栋1楼8109号,15195633786,,苏州工业园区,[],[],0.0,0.0,0.0,1.0,0.0,0.6,0.0,,nearby_city_phase2,outside_shanghai_municipality
B02000K8JP,中大南星渎商业街,上海,景点,attraction,0.902,4.3,3,昆山市,120.903779,31.342752,120.907942,31.340585,,False,购物服务;特色商业街;特色商业街,061000,美丰路与大众路交叉口东200米,[],,[],[],[],0.0,0.0,0.0,0.0,0.2,0.0,0.0,,nearby_city_phase2,outside_shanghai_municipality
B0FFF9YSGR,思贤文化广场,上海,景点,attraction,0.902,4.3,3,嘉善县,120.922277,30.840946,120.926412,30.838525,,False,风景名胜;公园广场;城市广场,110105,步一街55号,[],,健康路,[],tour,0.0,0.15,0.0,0.3,0.2,0.0,0.0,,nearby_city_phase2,outside_shanghai_municipality
B0FFHRSJVJ,New Balance(苏州时尚舞台店),上海,商业休闲,leisure,0.902,4.3,3,吴中区,120.821462,31.342317,120.825738,31.340252,,False,购物服务;体育用品店;体育用品店,060900,苏州工业园区现代大道后戴街9号,0512-62966977;4008902887,,高端制造与国际贸易区,[],[],0.0,0.0,0.0,1.0,0.0,0.6,0.0,,nearby_city_phase2,outside_shanghai_municipality
B0FFKYQE5O,邮电路步行街,上海,景点,attraction,0.902,4.3,3,嘉善县,120.897455,30.94399,120.901585,30.94162,,False,购物服务;特色商业街;步行街,061001,西塘古镇景区宏福路与邮电东路交界处至祥福路与邮电东路交界处,0573-82098874,,西塘,[],[],0.0,0.0,0.0,0.0,0.2,0.0,0.0,,nearby_city_phase2,outside_shanghai_municipality
B023D03V2W,思贤商贸(思贤文化广场店),上海,景点,attraction,0.902,4.3,3,嘉善县,120.922254,30.841042,120.926389,30.838621,,False,购物服务;特色商业街;特色商业街,061000,步五街17号,[],,魏塘,[],[],0.0,0.15,0.0,0.3,0.2,0.0,0.0,,nearby_city_phase2,outside_shanghai_municipality
B0FFLMINJL,名创优品(昆山万象汇店),上海,商业休闲,leisure,0.902,4.3,3,昆山市,120.92788,31.381174,120.932066,31.379034,,False,购物服务;体育用品店;阿迪达斯专卖店,060903,鹿城路183号万象汇B137-139铺位,15061859099,,玉山,[],[],1.0,0.0,0.3,1.0,0.5,0.2,0.0,,nearby_city_phase2,outside_shanghai_municipality
B020001N7R,新城广场(人民南路),上海,商业休闲,leisure,0.902,4.3,3,太仓市,121.107314,31.448236,121.111949,31.44647,,False,购物服务;商场;普通商场,060102,城厢镇人民南路124号,0512-53526333,,太仓,[],[],1.0,0.0,0.0,1.0,0.0,0.2,0.0,,nearby_city_phase2,outside_shanghai_municipality
B0FFHMKU3E,98街区,上海,景点,attraction,0.902,4.3,3,崇川区,120.895682,31.970388,120.899897,31.96822,,False,购物服务;特色商业街;特色商业街,061000,江淮路与海韵街交叉口西北40米,[],,[],[],[],0.0,0.0,0.0,0.0,0.2,0.0,0.0,,nearby_city_phase2,outside_shanghai_municipality
B0LUFH2SGE,嵩山路活力夜市,上海,景点,attraction,0.902,4.3,3,昆山市,120.969386,31.358614,120.973672,31.35655,,False,购物服务;特色商业街;特色商业街,061000,嵩山路19-7号,[],33.0,玉山,[],[],0.0,0.0,0.3,0.3,0.7,0.0,0.0,,nearby_city_phase2,outside_shanghai_municipality
B02000KA1K,吴风·甫里,上海,景点,attraction,0.902,4.3,3,吴中区,120.867926,31.266921,120.872106,31.264747,,False,购物服务;特色商业街;特色商业街,061000,鸣市路6号,0512-66020355,,甪直,[],[],0.0,0.0,0.0,0.0,0.2,0.0,0.0,,nearby_city_phase2,outside_shanghai_municipality
B0H0KZIZX2,悦拾光广场(悦拾光店),上海,商业休闲,leisure,0.902,4.3,3,崇川区,120.947875,31.917575,120.952146,31.915465,,False,购物服务;商场;普通商场,060102,开发区星湖街区1号,[],,[],[],[],0.0,0.0,0.0,1.0,0.0,0.2,0.0,,nearby_city_phase2,outside_shanghai_municipality
B02000JULC,春秋水城蟹舫苑,上海,景点,attraction,0.902,4.3,3,昆山市,120.838165,31.489085,120.842417,31.487026,,False,购物服务;特色商业街;特色商业街,061000,巴城镇阳澄湖,[],,[],[],[],0.0,0.0,0.3,0.0,0.2,0.0,0.0,,nearby_city_phase2,outside_shanghai_municipality
B023D03PCM,市民广场,上海,景点,attraction,0.888,4.2,3,嘉善县,120.925952,30.830219,120.930091,30.827795,,False,风景名胜;公园广场;公园广场,110100,嘉善大道223号,[],,罗星,[],tour,0.0,0.0,0.0,0.3,0.2,0.0,0.0,,nearby_city_phase2,outside_shanghai_municipality
B0LG6OH7U4,茅家镇嗨街,上海,景点,attraction,0.888,4.2,3,海门区,121.194002,31.897365,121.19854,31.895456,,False,购物服务;特色商业街;特色商业街,061000,海门镇青海东路398号,[],,[],[],[],0.0,0.0,0.0,0.0,0.2,0.0,0.0,,nearby_city_phase2,outside_shanghai_municipality
B0FFJBSXIX,美食街(银泰百货店),上海,商业休闲,leisure,0.888,4.2,3,嘉善县,120.928414,30.824325,120.932556,30.821901,,False,购物服务;特色商业街;特色商业街,061000,嘉善大道399号置地广场银泰百货B1层,[],55.0,嘉善大道,[],[],0.0,0.0,0.0,1.0,0.0,0.6,0.0,,nearby_city_phase2,outside_shanghai_municipality
B0200168AS,甫田广场,上海,景点,attraction,0.888,4.2,3,吴中区,120.837444,31.261831,120.841679,31.259704,,False,风景名胜;公园广场;城市广场,110105,长虹南路166号,[],,甪直,[],tour,0.0,0.0,0.0,0.3,0.2,0.0,0.0,,nearby_city_phase2,outside_shanghai_municipality
B0LKCU1FRB,南洋广场,上海,商业休闲,leisure,0.888,4.2,3,太仓市,121.110453,31.445023,121.115087,31.443255,,False,购物服务;商场;商场,060100,人民南路96号,0512-53549992,,太仓,[],[],1.0,0.0,0.0,1.0,0.0,0.2,0.0,,nearby_city_phase2,outside_shanghai_municipality
B0KKK7R9FH,骆驼(南通星湖永旺梦乐城店),上海,公园,park,0.888,4.2,3,崇川区,120.961472,31.922437,120.96578,31.920356,,False,购物服务;体育用品店;体育用品店,060900,新开街道星湖大道1066号永旺梦乐城B1F024-027号,0513-89176666;13962998746,,[],[],[],0.0,0.0,1.0,0.0,0.7,0.0,0.0,,nearby_city_phase2,outside_shanghai_municipality
B0K0VUKDHL,骆驼户外运动城,上海,商业休闲,leisure,0.888,4.2,3,昆山市,121.061077,31.367707,121.065663,31.36589,,False,购物服务;体育用品店;体育用品店,060900,东城大道501号首创奥特莱斯F1层,18994377167,,[],[],[],0.0,0.0,0.0,1.0,0.0,0.6,0.0,,nearby_city_phase2,outside_shanghai_municipality
B0FFL18EZA,103西大厅(花都艺墅宝裕广场店),上海,商业休闲,leisure,0.888,4.2,3,昆山市,120.979023,31.414911,120.983346,31.41289,,False,购物服务;商场;普通商场,060102,花都艺墅宝裕广场,[],,周市,[],[],0.0,0.0,0.0,1.0,0.0,0.2,0.0,,nearby_city_phase2,outside_shanghai_municipality
B0J1HAAIYV,南河头历史文化街区二期,上海,景点,attraction,0.888,4.2,3,平湖市,121.021671,30.696285,121.026088,30.694029,,False,购物服务;特色商业街;特色商业街,061000,环城南路与建国北路辅路交叉口东120米,[],,当湖,[],[],0.0,0.15,0.0,0.0,0.7,0.0,0.0,,nearby_city_phase2,outside_shanghai_municipality
B020016HZK,银都广场(通江路),上海,商业休闲,leisure,0.888,4.2,3,常熟市,120.872663,31.707925,120.876873,31.70582,,False,购物服务;商场;商场,060100,通江路9号,[],,[],[],[],0.0,0.0,0.0,1.0,0.5,0.2,0.0,,nearby_city_phase2,outside_shanghai_municipality
B0H2KS70P1,金鹰·漫街(金鹰店),上海,景点,attraction,0.888,4.2,3,昆山市,120.974732,31.376396,120.979037,31.374352,,False,购物服务;特色商业街;特色商业街,061000,东新街金鹰天地广场,13773162978,,玉山,[],[],0.0,0.0,0.0,0.0,0.2,0.0,0.0,,nearby_city_phase2,outside_shanghai_municipality
B023D02THY,东湖广场,上海,景点,attraction,0.888,4.2,3,平湖市,121.024332,30.697495,121.028758,30.695247,,False,风景名胜;公园广场;公园广场,110100,人民东路143号,0573-85135667,,平湖,[],tour,0.0,0.0,0.3,0.3,0.7,0.0,0.0,,nearby_city_phase2,outside_shanghai_municipality
B02000K7FN,新莱迪时尚生活广场,上海,商业休闲,leisure,0.888,4.2,3,昆山市,120.957795,31.381375,120.962047,31.379289,,False,购物服务;商场;普通商场,060102,人民北路99号,0512-57531666,,人民路,[],[],1.0,0.0,0.0,1.0,0.0,0.2,0.0,,nearby_city_phase2,outside_shanghai_municipality
B0FFF9OH2P,甪直迎宾百货商场,上海,商业休闲,leisure,0.888,4.2,3,吴中区,120.869385,31.270176,120.873563,31.268002,,False,购物服务;商场;普通商场,060102,甪直镇晓市路38号,[],,甪直,[],[],0.0,0.0,0.0,1.0,0.0,0.6,0.0,,nearby_city_phase2,outside_shanghai_municipality
B0FFKYAV2Z,塔湾街,上海,景点,attraction,0.888,4.2,3,嘉善县,120.889583,30.945285,120.893715,30.942918,,False,购物服务;特色商业街;特色商业街,061000,西塘古镇景区核心区内,[],,西塘,[],[],0.0,0.0,0.0,0.0,0.2,0.0,0.0,,nearby_city_phase2,outside_shanghai_municipality
B0FFH6IXOK,西塘花巷,上海,景点,attraction,0.888,4.2,3,嘉善县,120.891293,30.946041,120.895425,30.943674,,False,购物服务;特色商业街;步行街,061001,西塘镇环镇北路33号,0573-89116169,,西塘,[],[],0.0,0.0,0.0,0.0,0.2,0.0,0.0,,nearby_city_phase2,outside_shanghai_municipality
B0FFFE77RT,汾湖金鼎世纪购物广场,上海,商业休闲,leisure,0.888,4.2,3,吴江区,120.846724,31.034499,120.850921,31.032237,,False,购物服务;商场;商场,060100,芦莘大道与常州路交叉口东南120米,13616252229,,汾湖,[],[],0.0,0.0,0.3,1.0,0.5,0.2,0.0,,nearby_city_phase2,outside_shanghai_municipality
B0FFGKKYBR,富力都商业广场,上海,商业休闲,leisure,0.888,4.2,3,吴中区,120.859665,31.265914,120.863857,31.263751,,False,购物服务;商场;普通商场,060102,甪直镇鸣市路29号,[],,甪直,[],[],0.0,0.0,0.0,1.0,0.0,0.2,0.0,,nearby_city_phase2,outside_shanghai_municipality
B0FFH2CV2F,游客中心商业广场(苏州海藏路步行街店),上海,商业休闲,leisure,0.888,4.2,3,吴中区,120.868996,31.267861,120.873174,31.265686,,False,购物服务;商场;普通商场,060102,海藏路步行街(金藏海花园店),13295141617,,甪直,[],[],0.0,0.0,0.0,1.0,0.0,0.2,0.0,,nearby_city_phase2,outside_shanghai_municipality
B0FFIWK5PH,张浦镇市民文化广场,上海,景点,attraction,0.888,4.2,3,昆山市,120.932531,31.284496,120.936717,31.282328,,False,风景名胜;公园广场;城市广场,110105,张浦镇新吴街1100号,[],,[],[],tour,0.0,0.15,0.0,0.3,0.2,0.0,0.0,,nearby_city_phase2,outside_shanghai_municipality
B0L25ZC4KN,蝶湖音乐广场,上海,景点,attraction,0.888,4.2,3,启东市,121.647216,31.78423,121.651506,31.782156,,False,风景名胜;公园广场;公园广场,110100,庙角一组蝶湖公园(东北角),[],,[],[],tour,0.0,0.0,0.3,0.3,0.7,0.0,0.0,,nearby_city_phase2,outside_shanghai_municipality
B0FFI7XOL5,广电广场,上海,景点,attraction,0.888,4.2,3,启东市,121.647368,31.817248,121.651662,31.815169,,False,风景名胜;公园广场;城市广场,110105,港东中路与民乐西路交叉口西北200米,[],,[],[],tour,0.0,0.0,0.0,0.3,0.2,0.0,0.0,,nearby_city_phase2,outside_shanghai_municipality
B0KUFCYVGA,紫琅公园湖山广场,上海,公园,park,0.888,4.2,3,崇川区,120.931663,31.962086,120.935904,31.959939,,False,风景名胜;公园广场;城市广场,110105,朝阳路10号紫琅公园(西南角),[],,[],[],tour,0.0,0.0,1.0,0.3,0.7,0.0,0.0,,nearby_city_phase2,outside_shanghai_municipality
B0FFM2MP8G,北宸易购生活购物广场(海门店),上海,商业休闲,leisure,0.888,4.2,3,海门区,121.199567,31.906385,121.204096,31.904465,,False,购物服务;商场;普通商场|购物服务;超级市场;超市,060102|060400,北海东路1号,13815232221,,[],[],[],0.0,0.0,0.0,1.0,0.0,0.2,0.0,,nearby_city_phase2,outside_shanghai_municipality
B0H2H1KA8U,宝龙城市广场商业街,上海,景点,attraction,0.888,4.2,3,太仓市,121.143439,31.464836,121.148038,31.463036,,False,购物服务;特色商业街;特色商业街,061000,娄东街道高新区上海东路288号,[],,太仓,[],[],0.0,0.0,0.0,0.3,0.2,0.0,0.0,,nearby_city_phase2,outside_shanghai_municipality
B0K3H5KS8E,耐克Nike(中骏世界城店),上海,商业休闲,leisure,0.888,4.2,3,昆山市,121.106375,31.299944,121.110997,31.298133,,False,购物服务;体育用品店;耐克专卖店,060902,花桥中骏世界城(花桥地铁站7号口步行260米),[],,花桥,[],[],0.0,0.0,0.0,1.0,0.0,0.6,0.0,,nearby_city_phase2,outside_shanghai_municipality
B0I64HQZRX,阿迪达斯(时尚舞台奥特莱斯店),上海,商业休闲,leisure,0.888,4.2,3,吴中区,120.821701,31.341014,120.825976,31.338948,,False,购物服务;体育用品店;阿迪达斯专卖店,060903,现代大道后戴街9号时尚舞台奥特莱斯F3层,4008801515,,苏州工业园区高端制造与国际贸易区,[],[],0.0,0.0,0.0,1.0,0.0,0.6,0.0,,nearby_city_phase2,outside_shanghai_municipality
B0FFKXINKK,FILA(时尚舞台奥特莱斯店),上海,商业休闲,leisure,0.888,4.2,3,吴中区,120.822331,31.340243,120.826605,31.338175,,False,购物服务;体育用品店;体育用品店|购物服务;服装鞋帽皮具店;服装鞋帽皮具店,060900|061100,现代大道后戴街9号时尚舞台奥特莱斯F1层,4008867699,,苏州工业园区高端制造与国际贸易区,[],[],0.0,0.0,0.0,1.0,0.0,0.6,0.0,,nearby_city_phase2,outside_shanghai_municipality
B0FFM7XSTC,京都之星城市广场(南通店)(装修中),上海,商业休闲,leisure,0.888,4.2,3,海门区,121.094639,31.952593,121.099318,31.950801,,False,购物服务;商场;普通商场|商务住宅;商务住宅相关;商务住宅相关,060102|120000,叠港路54号,0513-82399888,,[],[],[],0.0,0.0,0.0,1.0,0.0,0.2,0.0,,nearby_city_phase2,outside_shanghai_municipality
B023D03MTD,全塘文化广场,上海,景点,attraction,0.888,4.2,3,平湖市,121.231302,30.688666,121.235688,30.686351,,False,风景名胜;公园广场;城市广场,110105,全公亭东路附近,[],,[],[],tour,0.0,0.15,0.0,0.3,0.2,0.0,0.0,,nearby_city_phase2,outside_shanghai_municipality
B0GKCHREJL,润丰广场,上海,商业休闲,leisure,0.874,4.1,3,吴中区,120.845283,31.264752,120.849502,31.262613,,False,购物服务;商场;普通商场,060102,东方大道117号,0512-65018888,,甪直,[],[],0.0,0.0,0.0,1.0,0.0,0.2,0.0,,nearby_city_phase2,outside_shanghai_municipality
B0HRC9NGW7,欣乐城C区,上海,景点,attraction,0.874,4.1,3,启东市,121.676381,31.799844,121.680728,31.797821,,False,商务住宅;住宅区;住宅小区|购物服务;特色商业街;特色商业街,120302|061000,人民东路83号欣乐城,0513-68039999,,[],[],[],0.0,0.0,0.0,0.0,0.2,0.0,0.0,,nearby_city_phase2,outside_shanghai_municipality
B0GU5YVJD8,懒猫猫团购(永信汾湖商业广场店),上海,商业休闲,leisure,0.874,4.1,3,吴江区,120.846265,31.033505,120.850463,31.031244,,False,购物服务;商场;免税品店,060103,芦莘大道1000号永信汾湖商业广场F1层,13801557761;15050470128,,汾湖,[],[],0.0,0.0,0.3,1.0,0.5,0.2,0.0,,nearby_city_phase2,outside_shanghai_municipality
B02000778X,梅李综合市场商业街,上海,景点,attraction,0.874,4.1,3,常熟市,120.873591,31.706474,120.877799,31.704368,,False,购物服务;特色商业街;特色商业街,061000,梅李镇通塔路16号,[],,[],[],[],0.0,0.0,0.0,0.0,0.2,0.0,0.0,,nearby_city_phase2,outside_shanghai_municipality
B0JAVUPMLG,XDS喜德盛自行车(张謇大道专卖店),上海,商业休闲,leisure,0.874,4.1,3,海门区,121.17679,31.876834,121.18136,31.87496,,False,购物服务;体育用品店;体育用品店,060900,张謇大道142号,15190932268,,[],[],[],0.0,0.0,0.0,1.0,0.0,0.6,0.0,,nearby_city_phase2,outside_shanghai_municipality
B0FFME6GSC,龙信金街,上海,景点,attraction,0.874,4.1,3,海门区,121.183856,31.879914,121.188412,31.878026,,False,购物服务;特色商业街;特色商业街,061000,海门高新区高新区长江南路99号龙信购物广场,0513-81286801,,[],[],[],0.0,0.0,0.0,0.0,0.2,0.0,0.0,,nearby_city_phase2,outside_shanghai_municipality
B0IBOAHOUC,漫栖园商业广场,上海,商业休闲,leisure,0.874,4.1,3,昆山市,120.849571,31.465226,120.853798,31.463143,,False,购物服务;商场;普通商场,060102,湖滨路与学院路交叉口东北120米,[],,巴城,[],[],0.0,0.0,0.0,1.0,0.0,0.2,0.0,,nearby_city_phase2,outside_shanghai_municipality
B0FFM42X0T,风帆广场,上海,景点,attraction,0.874,4.1,3,崇川区,120.871219,31.957291,120.875451,31.955144,,False,风景名胜;公园广场;城市广场,110105,滨江公园(南侧),[],,[],[],tour,0.0,0.0,0.0,0.3,0.2,0.0,0.0,,nearby_city_phase2,outside_shanghai_municipality
B0J05ZTIEY,白驹体育(复游城·太仓店),上海,商业休闲,leisure,0.874,4.1,3,太仓市,121.147732,31.408697,121.152318,31.406877,,False,购物服务;体育用品店;体育用品店,060900,复游城小区,18657675257,,[],[],[],0.0,0.0,0.0,1.0,0.0,0.6,0.0,,nearby_city_phase2,outside_shanghai_municipality
B02001BW3W,PUMA彪马(时尚舞台奥特莱斯店),上海,商业休闲,leisure,0.874,4.1,3,吴中区,120.821723,31.341921,120.825998,31.339855,,False,购物服务;体育用品店;彪马专卖店,060905,现代大道后戴街9号时尚舞台奥特莱斯F1层,0512-62926389,,苏州工业园区,[],[],0.0,0.0,0.0,1.0,0.0,0.6,0.0,,nearby_city_phase2,outside_shanghai_municipality
B0FFGJQ7SR,永盛广场商业街,上海,景点,attraction,0.874,4.1,3,昆山市,120.950147,31.41635,120.954382,31.414257,,False,购物服务;特色商业街;特色商业街,061000,玉山镇北门路1054号,[],,北门路,[],[],0.0,0.0,0.0,0.3,0.2,0.0,0.0,,nearby_city_phase2,outside_shanghai_municipality
B0FFFEP99D,安踏(时尚舞台奥特莱斯店),上海,商业休闲,leisure,0.874,4.1,3,吴中区,120.821375,31.342825,120.825651,31.34076,,False,购物服务;体育用品店;体育用品店,060900,现代大道后戴街9号时尚舞台奥特莱斯-北区F2层,4008582020,,苏州工业园区,[],[],0.0,0.0,0.0,1.0,0.0,0.6,0.0,,nearby_city_phase2,outside_shanghai_municipality
B0K37LN2XK,探路者(时尚舞台奥特莱斯店),上海,商业休闲,leisure,0.874,4.1,3,吴中区,120.82149,31.34287,120.825766,31.340805,,False,购物服务;体育用品店;户外用品,060907,现代大道后戴街9号时尚舞台奥特莱斯F2层,[],,高端制造与国际贸易区,[],[],0.0,0.0,0.0,1.0,0.0,0.6,0.0,,nearby_city_phase2,outside_shanghai_municipality
B02001G7L3,耐克Nike(太仓万达广场店),上海,商业休闲,leisure,0.874,4.1,3,太仓市,121.138753,31.460208,121.143359,31.458414,,False,购物服务;体育用品店;耐克专卖店,060902,上海东路188号万达广场2层2035号,[],,太仓,[],[],1.0,0.0,0.0,1.0,0.0,0.2,0.0,,nearby_city_phase2,outside_shanghai_municipality
B0FFG06DAV,中南城购物中心(海门店),上海,商业休闲,leisure,0.874,4.1,3,海门区,121.17488,31.877502,121.179454,31.875632,,False,购物服务;商场;购物中心,060101,张謇大道999号,0513-68021818,,[],[],[],1.0,0.0,0.0,1.0,0.0,0.6,0.0,,nearby_city_phase2,outside_shanghai_municipality
B0HB47846R,吾器酷运动装备(南通旗舰店),上海,商业休闲,leisure,0.874,4.1,3,崇川区,120.882019,31.971545,120.886241,31.969384,,False,购物服务;体育用品店;体育用品店,060900,崇川路20号沃格体育3楼,18651376618,,[],[],[],0.0,0.0,0.0,1.0,0.0,0.6,0.0,,nearby_city_phase2,outside_shanghai_municipality
B0G257UTC2,亭林园-西大门广场,上海,景点,attraction,0.874,4.1,3,昆山市,120.949256,31.388246,120.953486,31.386143,,False,风景名胜;公园广场;城市广场,110105,马鞍山东路1号亭林园(南侧),0512-57510923,,玉山,[],tour,0.0,0.0,0.0,0.3,0.2,0.0,0.0,,nearby_city_phase2,outside_shanghai_municipality
B0FFGYFTY1,新纪元商业广场(世茂广场店),上海,商业休闲,leisure,0.874,4.1,3,崇川区,120.952015,31.919768,120.956296,31.917666,,False,购物服务;商场;商场,060100,上海东路19幢,[],,[],[],[],0.0,0.0,0.0,1.0,0.0,0.2,0.0,,nearby_city_phase2,outside_shanghai_municipality
B0FFGFC7HB,凯迪城广场,上海,景点,attraction,0.874,4.1,3,昆山市,120.93382,31.379637,120.938016,31.377505,,False,风景名胜;公园广场;城市广场,110105,虹桥路与前进西路交叉口西南60米,[],,玉山,[],tour,0.0,0.0,0.0,0.3,0.2,0.0,0.0,,nearby_city_phase2,outside_shanghai_municipality
B0FFGJC70X,SKECHERS 斯凯奇(时尚舞台奥特莱斯店),上海,商业休闲,leisure,0.874,4.1,3,吴中区,120.821865,31.340188,120.82614,31.338121,,False,购物服务;体育用品店;体育用品店,060900,后戴街9号时尚舞台1号楼1层,0512-67635307,,苏州工业园区,[],[],0.0,0.0,0.0,1.0,0.0,0.6,0.0,,nearby_city_phase2,outside_shanghai_municipality
B0H3SRMSZ0,家得福莱迪商业广场,上海,商业休闲,leisure,0.874,4.1,3,昆山市,120.952583,31.400901,120.956823,31.398809,,False,购物服务;商场;普通商场,060102,北门路283号,18006268888,,北门路,[],[],0.0,0.0,0.0,1.0,0.0,0.2,0.0,,nearby_city_phase2,outside_shanghai_municipality
B0HAFHSW1T,铠嘉商业街(日善电脑干部宿舍店),上海,景点,attraction,0.874,4.1,3,嘉善县,120.983795,30.85312,120.988088,30.850834,,False,购物服务;特色商业街;特色商业街,061000,经济开发区长江路25号,[],,[],[],[],0.0,0.0,0.0,0.0,0.2,0.0,0.0,,nearby_city_phase2,outside_shanghai_municipality
B0HKJH0HBZ,宋街,上海,景点,attraction,0.874,4.1,3,平湖市,121.104072,30.782388,121.10865,30.780297,,False,购物服务;特色商业街;特色商业街,061000,鱼新路与鱼苑路交叉口东20米,[],,[],[],[],0.0,0.0,0.0,0.0,0.2,0.0,0.0,,nearby_city_phase2,outside_shanghai_municipality
B0G14CEVMT,渔人码头文化街,上海,景点,attraction,0.874,4.1,3,启东市,121.879589,31.703029,121.883756,31.700933,,False,购物服务;特色商业街;特色商业街,061000,江枫路106号,0513-82118779,,[],[],[],0.0,0.15,0.0,0.0,0.2,0.0,0.0,,nearby_city_phase2,outside_shanghai_municipality
B0FFGA09G8,野马渡广场,上海,景点,attraction,0.874,4.1,3,昆山市,120.984558,31.403738,120.9889,31.40173,,False,风景名胜;公园广场;城市广场,110105,白塔路与萧林东路交叉口西北160米,[],,[],[],tour,0.0,0.0,0.0,0.3,0.2,0.0,0.0,,nearby_city_phase2,outside_shanghai_municipality
B020107VZQ,佳友购物中心,上海,商业休闲,leisure,0.874,4.1,3,崇川区,121.000662,31.854656,121.005101,31.852701,,False,购物服务;商场;购物中心,060101,太湖路与嵩山路交叉口东北80米,18912267797,,[],[],[],0.0,0.0,0.0,1.0,0.0,0.6,0.0,,nearby_city_phase2,outside_shanghai_municipality
B0FFH4JZY0,滨河廉政文化广场,上海,景点,attraction,0.874,4.1,3,海门区,121.162223,31.895197,121.166824,31.893347,,False,风景名胜;公园广场;公园广场,110100,新海路,[],,[],[],tour,0.0,0.15,0.0,0.3,0.7,0.0,0.0,,nearby_city_phase2,outside_shanghai_municipality
B0FFGMESMR,海藏路步行街(金藏海花园店),上海,景点,attraction,0.874,4.1,3,吴中区,120.866796,31.268873,120.870977,31.266702,,False,购物服务;特色商业街;步行街,061001,晓市路金藏海花园,0512-65016790,,甪直,[],[],0.0,0.0,0.3,0.0,0.2,0.0,0.0,,nearby_city_phase2,outside_shanghai_municipality
B0FFHRO8RF,华洲购物中心,上海,商业休闲,leisure,0.874,4.1,3,海门区,121.084781,31.954463,121.089454,31.952667,,False,购物服务;商场;购物中心|购物服务;超级市场;超市,060101|060400,三星镇集合桥北30米圣绣路星绣花苑小区西门对面,13813765058,,[],[],[],0.0,0.0,0.0,1.0,0.0,0.6,0.0,,nearby_city_phase2,outside_shanghai_municipality
B0KKRH08SC,VICTOR定陈体育城东旗舰店,上海,商业休闲,leisure,0.874,4.1,3,昆山市,121.063611,31.376244,121.068203,31.374434,,False,购物服务;体育用品店;体育用品店,060900,清江路188号,18626173126,,[],[],[],0.0,0.0,0.0,1.0,0.0,0.6,0.0,,nearby_city_phase2,outside_shanghai_municipality
B0FFLACQRH,苏尚家园商业步行街,上海,景点,attraction,0.874,4.1,3,昆山市,120.976798,31.453472,120.981117,31.451453,,False,购物服务;特色商业街;步行街,061001,华杨南路苏尚家园,[],,周市,[],[],0.0,0.0,0.0,0.0,0.2,0.0,0.0,,nearby_city_phase2,outside_shanghai_municipality
B0IKLZT5LG,昆山金街,上海,景点,attraction,0.874,4.1,3,昆山市,120.991268,31.412258,120.995635,31.410272,,False,购物服务;特色商业街;特色商业街,061000,新纬路与万华街交叉口东北80米,[],,周市,[],[],0.0,0.0,0.3,0.0,0.7,0.0,0.0,,nearby_city_phase2,outside_shanghai_municipality
B0FFKZI97K,真爱广场,上海,景点,attraction,0.874,4.1,3,昆山市,120.997693,31.141964,121.002061,31.139887,,False,风景名胜;公园广场;城市广场,110105,上海湾(环湖大道北),[],,[],[],tour,0.0,0.0,0.0,0.3,0.2,0.0,0.0,,nearby_city_phase2,outside_shanghai_municipality
B020017425,飞凡体育(珠江北路),上海,商业休闲,leisure,0.874,4.1,3,昆山市,120.972289,31.381269,120.976586,31.379219,,False,购物服务;体育用品店;体育用品店,060900,玉山镇珠江北路127号西湾新村,13806266217,,前进中路,[],[],0.0,0.0,0.0,1.0,0.5,0.6,0.0,,nearby_city_phase2,outside_shanghai_municipality
B0G39OWE21,温莎堡购物中心,上海,商业休闲,leisure,0.874,4.1,3,启东市,121.646992,31.806918,121.651284,31.80484,,False,购物服务;商场;普通商场,060102,和平中路368号,0513-83115555;0513-83116666,,[],[],[],0.0,0.0,0.0,1.0,0.0,0.6,0.0,,nearby_city_phase2,outside_shanghai_municipality
B0FFH1NO7X,南洋广场B区,上海,商业休闲,leisure,0.874,4.1,3,太仓市,121.109978,31.444696,121.114612,31.442928,,False,购物服务;商场;购物中心|购物服务;商场;普通商场,060101|060102,城厢镇人民南路96号南洋广场B座3楼,[],,太仓,[],[],1.0,0.0,0.0,1.0,0.0,0.2,0.0,,nearby_city_phase2,outside_shanghai_municipality
B0G0LZHG7Z,上海广场,上海,商业休闲,leisure,0.8677,4.5,2,太仓市,121.119301,31.447235,121.123929,31.445461,,False,购物服务;商场;普通商场,060102,城厢街道上海东路3号,0512-82025779,,太仓,[],[],0.0,0.0,0.0,1.0,0.0,0.2,0.0,,nearby_city_phase2,outside_shanghai_municipality
B0KK4M43RE,邻里之家·富江商业广场,上海,商业休闲,leisure,0.8677,4.5,2,海门区,121.15218,31.899476,121.156801,31.897643,,False,购物服务;商场;普通商场,060102,通江路58号,0513-82266666,,[],[],[],0.0,0.0,0.0,1.0,0.5,0.2,0.0,,nearby_city_phase2,outside_shanghai_municipality
B0FFKTVPHS,阿迪达斯(世茂折扣店),上海,商业休闲,leisure,0.86,4.0,3,昆山市,121.05207,31.383267,121.056637,31.381439,,False,购物服务;体育用品店;阿迪达斯专卖店,060903,前进东路223号世茂广场D3栋1层L111-112号,0512-57378227,,[],[],[],0.0,0.0,0.0,1.0,0.0,0.6,0.0,,nearby_city_phase2,outside_shanghai_municipality
B0H2CHSM2V,阿迪达斯(苏州工业园折扣店),上海,商业休闲,leisure,0.86,4.0,3,吴中区,120.821793,31.340953,120.826068,31.338887,,False,购物服务;体育用品店;阿迪达斯专卖店,060903,后戴街9号时尚舞台商城1-2层5101-5201,0512-67458590,,高端制造与国际贸易区,[],[],0.0,0.0,0.0,1.0,0.0,0.6,0.0,,nearby_city_phase2,outside_shanghai_municipality
B0FFGBGOCQ,李宁工厂店(首创奥特莱斯店),上海,商业休闲,leisure,0.86,4.0,3,昆山市,121.062322,31.364904,121.066911,31.363088,,False,购物服务;体育用品店;李宁专卖店,060901,东城大道501号首创奥特莱斯F1层,[],,[],[],[],0.0,0.0,0.0,1.0,0.0,0.6,0.0,,nearby_city_phase2,outside_shanghai_municipality
B0HROCL114,答案运动(世茂店),上海,商业休闲,leisure,0.86,4.0,3,昆山市,121.052363,31.382738,121.056931,31.38091,,False,体育休闲服务;运动场馆;健身中心|购物服务;体育用品店;体育用品店,080111|060900,开发区世茂广场二期金街5区3层西面大露台处,15995602111,,[],[],[],0.0,0.0,0.0,1.0,0.0,0.6,0.0,,nearby_city_phase2,outside_shanghai_municipality
B0FFFFL81Y,沙溪镇中心广场,上海,景点,attraction,0.86,4.0,3,太仓市,121.066392,31.568812,121.071006,31.567042,,False,风景名胜;公园广场;城市广场,110105,水产弄,[],,[],[],tour,0.0,0.0,0.0,0.3,0.2,0.0,0.0,,nearby_city_phase2,outside_shanghai_municipality
B0H3M79SEQ,星池体育搏击俱乐部(蓬曦园A4区店),上海,商业休闲,leisure,0.86,4.0,3,昆山市,121.078257,31.377085,121.082873,31.375293,,False,购物服务;体育用品店;体育用品店,060900,蓬莱路743号,18551113777,,[],[],[],0.0,0.0,0.0,1.0,0.0,0.6,0.0,,nearby_city_phase2,outside_shanghai_municipality
B0HDZD04QS,MLB(南通CBD大有境店),上海,商业休闲,leisure,0.86,4.0,3,崇川区,120.893032,31.968709,120.897247,31.966542,,False,购物服务;体育用品店;体育用品店,060900,桃园路12号一楼,18051216616;18601572520,,[],[],[],0.0,0.0,0.0,1.0,0.0,0.6,0.0,,nearby_city_phase2,outside_shanghai_municipality
B02000IU9G,长城国际广场,上海,商业休闲,leisure,0.86,4.0,3,昆山市,120.959387,31.382249,120.963644,31.380167,,False,购物服务;商场;购物中心|购物服务;商场;普通商场,060101|060102,玉山镇前进西路119号,0512-57579999,,玉山,[],[],0.0,0.0,0.0,1.0,0.5,0.2,0.0,,nearby_city_phase2,outside_shanghai_municipality
B020015ZJM,捷安特自行车(震川东路店),上海,商业休闲,leisure,0.86,4.0,3,昆山市,120.998421,31.379305,121.002811,31.377331,,False,购物服务;专卖店;自行车专卖店|购物服务;体育用品店;体育用品店,061208|060900,震川东路1030号-12,13862610668,,玉山,[],[],0.0,0.0,0.0,1.0,0.0,0.6,0.0,,nearby_city_phase2,outside_shanghai_municipality
B0JGTUTADF,NIKE南通星湖换季优惠店(永旺梦乐城店),上海,商业休闲,leisure,0.86,4.0,3,崇川区,120.963475,31.922663,120.96779,31.920587,,False,购物服务;体育用品店;耐克专卖店,060902,星湖大道1066号永旺梦乐城南通星湖店1F层,[],,[],[],[],1.0,0.0,0.3,1.0,0.5,0.2,0.0,,nearby_city_phase2,outside_shanghai_municipality
B0JK4RTEIA,环湖大道音乐广场,上海,景点,attraction,0.86,4.0,3,昆山市,121.016052,31.144246,121.020487,31.142225,,False,风景名胜;公园广场;公园广场,110100,环湖大道与双永路交叉口西340米,[],,[],[],tour,0.0,0.0,0.3,0.3,0.7,0.0,0.0,,nearby_city_phase2,outside_shanghai_municipality
B02001HOZQ,旺府井商业街,上海,景点,attraction,0.86,4.0,3,吴中区,120.866647,31.266362,120.870828,31.26419,,False,购物服务;特色商业街;特色商业街,061000,鸣市路7号12室,[],,甪直,[],[],0.0,0.0,0.0,0.0,0.2,0.0,0.0,,nearby_city_phase2,outside_shanghai_municipality
B0FFKQ3HP7,步行街,上海,景点,attraction,0.86,4.0,3,嘉善县,120.972331,30.841275,120.976584,30.83895,,False,购物服务;特色商业街;步行街,061001,永丰路与长江路交叉口西北260米,[],,[],[],[],0.0,0.0,0.0,0.0,0.2,0.0,0.0,,nearby_city_phase2,outside_shanghai_municipality
B0FFLA9LDX,苏通大桥服务区苏通大桥广场,上海,商业休闲,leisure,0.86,4.0,3,崇川区,120.99128,31.867904,120.995685,31.865918,,False,购物服务;商场;普通商场,060102,苏通大桥服务区西侧,[],,[],[],[],0.0,0.0,0.0,1.0,0.0,0.2,0.0,,nearby_city_phase2,outside_shanghai_municipality
B0LB2SLGPC,阿迪达斯(南通星湖永旺梦乐城店),上海,商业休闲,leisure,0.86,4.0,3,崇川区,120.96362,31.922889,120.967935,31.920814,,False,购物服务;体育用品店;阿迪达斯专卖店,060903,星湖大道1066号永旺梦乐城南通星湖店1F层,[],,[],[],[],1.0,0.0,0.3,1.0,0.5,0.2,0.0,,nearby_city_phase2,outside_shanghai_municipality
B0KAMA18LT,钟溪坊,上海,景点,attraction,0.86,4.0,3,平湖市,121.009981,30.728513,121.014359,30.726238,,False,购物服务;特色商业街;特色商业街,061000,新兴二路558-588号,[],,[],[],[],0.0,0.0,0.0,0.0,0.2,0.0,0.0,,nearby_city_phase2,outside_shanghai_municipality
B0KD0AW6IO,海悦广场,上海,商业休闲,leisure,0.86,4.0,3,崇川区,121.052907,31.847119,121.057517,31.845304,,False,购物服务;商场;普通商场,060102,海悦路6号,[],,[],[],[],0.0,0.0,0.0,1.0,0.0,0.2,0.0,,nearby_city_phase2,outside_shanghai_municipality
B0FFG0G9NT,滨江公园-金锚广场,上海,公园,park,0.86,4.0,3,崇川区,120.86933,31.96033,120.873565,31.958185,,False,风景名胜;公园广场;城市广场,110105,滨江公园(南郊路),[],,狼山,[],tour,0.0,0.0,1.0,0.3,0.7,0.0,0.0,,nearby_city_phase2,outside_shanghai_municipality
B02010VGQ7,滨江公园-南通廉洁文化广场,上海,公园,park,0.86,4.0,3,崇川区,120.870513,31.962097,120.874747,31.95995,,False,风景名胜;公园广场;城市广场,110105,滨江公园(西北角),[],,狼山,[],tour,0.0,0.15,1.0,0.3,0.7,0.0,0.0,,nearby_city_phase2,outside_shanghai_municipality
B020106V5D,开发区广场,上海,景点,attraction,0.86,4.0,3,崇川区,120.929488,31.922137,120.933722,31.919996,,False,风景名胜;公园广场;城市广场,110105,福州路7号-19,[],,福州路,[],tour,0.0,0.0,0.0,0.3,0.2,0.0,0.0,,nearby_city_phase2,outside_shanghai_municipality
B0FFG92XC6,New Balance(昆山首创奥特莱斯店),上海,商业休闲,leisure,0.86,4.0,3,昆山市,121.061146,31.365197,121.065732,31.36338,,False,购物服务;体育用品店;体育用品店,060900,开发区东城大道501号首创奥特莱斯1楼F1-A09,0512-36695555,,[],[],[],0.0,0.0,0.3,1.0,0.5,0.2,0.0,,nearby_city_phase2,outside_shanghai_municipality
B02010U9I4,星湖街区,上海,景点,attraction,0.86,4.0,3,崇川区,120.949132,31.920154,120.953406,31.918046,,False,购物服务;特色商业街;特色商业街,061000,开发区星湖大道和新开路交汇处,0513-85927799,,[],[],[],0.0,0.0,0.3,0.0,0.7,0.0,0.0,,nearby_city_phase2,outside_shanghai_municipality
B023D03S0K,北栅街,上海,景点,attraction,0.86,4.0,3,嘉善县,120.894982,30.946939,120.899113,30.944571,,False,购物服务;特色商业街;特色商业街,061000,西塘古镇景区内,0573-84561501,,西塘,[],[],0.0,0.0,0.0,0.0,0.2,0.0,0.0,,nearby_city_phase2,outside_shanghai_municipality
B0I2XH0SBK,支塘风物生活街区,上海,景点,attraction,0.86,4.0,3,常熟市,120.960819,31.607968,120.965099,31.605925,,False,购物服务;特色商业街;特色商业街,061000,淦昌路54号,0512-52550891,,[],[],[],0.0,0.0,0.0,0.0,0.2,0.0,0.0,,nearby_city_phase2,outside_shanghai_municipality
B0FFI7YKNI,亿丰国际家具广场B座(奥邦休闲购物中心店),上海,商业休闲,leisure,0.86,4.0,3,启东市,121.664479,31.826948,121.668805,31.824898,,False,购物服务;商场;普通商场,060102,汇龙镇亿丰商城2号亿丰国际家具广场B座8号楼302号,[],,[],[],[],0.0,0.0,0.0,1.0,0.0,0.2,0.0,,nearby_city_phase2,outside_shanghai_municipality
B0K1DUL0CK,东湖前街,上海,景点,attraction,0.86,4.0,3,平湖市,121.022924,30.693785,121.027345,30.691531,,False,购物服务;特色商业街;特色商业街,061000,当湖街道城南东路88号,0573-89501111,,平湖,[],[],0.0,0.0,0.3,0.0,0.7,0.0,0.0,,nearby_city_phase2,outside_shanghai_municipality
B0FFKYDS0X,隐·花园餐厅,上海,景点,attraction,0.86,4.0,3,嘉善县,120.89453,30.945493,120.898661,30.943125,,False,购物服务;特色商业街;特色商业街,061000,西塘古镇景区内,17357350306,68.0,西塘,[],[],0.0,0.0,0.3,0.3,0.2,0.0,0.0,,nearby_city_phase2,outside_shanghai_municipality
B0L1KPUNR5,赶大集夜市广场,上海,景点,attraction,0.86,4.0,3,昆山市,120.952962,31.382796,120.957201,31.380699,,False,购物服务;特色商业街;特色商业街,061000,前进西路316号碧乐时光前下沉广场,13585012599,,前进西路,[],[],0.0,0.0,0.0,0.3,0.2,0.0,0.0,,nearby_city_phase2,outside_shanghai_municipality
B0H0VMY855,优胜体育乐器(海门店),上海,商业休闲,leisure,0.86,4.0,3,海门区,121.177724,31.894321,121.182293,31.892442,,False,购物服务;体育用品店;体育用品店,060900,解放中路598号600号,15151382663,,[],[],[],0.0,0.0,0.0,1.0,0.0,0.6,0.0,,nearby_city_phase2,outside_shanghai_municipality
B02000J2KK,中心广场(府南街),上海,景点,attraction,0.86,4.0,3,太仓市,121.108847,31.447544,121.113482,31.445777,,False,风景名胜;公园广场;城市广场,110105,城厢镇人民路,[],,太仓,[],tour,0.0,0.0,0.0,0.3,0.2,0.0,0.0,,nearby_city_phase2,outside_shanghai_municipality
B0FFGY1XKG,天镜湖北广场,上海,景点,attraction,0.86,4.0,3,太仓市,121.129894,31.430729,121.13451,31.42894,,False,风景名胜;公园广场;城市广场,110105,高新区文治路8-1号天镜湖公园(西北角),[],,太仓,[],tour,0.0,0.0,0.3,0.3,0.7,0.0,0.0,,nearby_city_phase2,outside_shanghai_municipality
B0JR0ZROVK,鬼冢虎 Onitsuka Tiger(昆山万象汇),上海,商业休闲,leisure,0.86,4.0,3,昆山市,120.928874,31.381716,120.933062,31.379578,,False,购物服务;体育用品店;体育用品店,060900,玉山镇前进西路1266号昆山万象汇L1层,[],,前进西路,[],[],1.0,0.0,0.3,1.0,0.5,0.2,0.0,,nearby_city_phase2,outside_shanghai_municipality
B0J07SG6N0,博德体育,上海,商业休闲,leisure,0.86,4.0,3,启东市,121.635899,31.818322,121.640175,31.816225,,False,购物服务;体育用品店;体育用品店,060900,人民路1379号体育馆2层,14752631985,,[],[],[],0.0,0.0,0.0,1.0,0.0,0.6,0.0,,nearby_city_phase2,outside_shanghai_municipality
B0FFMBOUCL,张浦镇市民文化广场-张浦体育公园,上海,公园,park,0.86,4.0,3,昆山市,120.93252,31.284488,120.936706,31.28232,,False,风景名胜;公园广场;公园,110101,张浦镇新吴街1100号张浦镇市民文化广场,[],,[],[],tour,0.0,0.15,1.0,0.3,0.2,0.0,0.0,,nearby_city_phase2,outside_shanghai_municipality
B0FFGXGWHH,太极广场,上海,景点,attraction,0.86,4.0,3,昆山市,120.925384,31.246552,120.929556,31.244359,,False,风景名胜;公园广场;公园广场,110100,姜杭村,[],,[],[],tour,0.0,0.0,0.0,0.3,0.2,0.0,0.0,,nearby_city_phase2,outside_shanghai_municipality
B0J1BHLDLB,兴浦运动生活馆,上海,商业休闲,leisure,0.86,4.0,3,昆山市,120.94372,31.284745,120.947928,31.282595,,False,购物服务;体育用品店;体育用品店,060900,新吴街114号,13732663435,,张浦,[],[],0.0,0.0,0.0,1.0,0.0,0.6,0.0,,nearby_city_phase2,outside_shanghai_municipality
B0GUKCFIXV,亭林园-东大门广场,上海,景点,attraction,0.86,4.0,3,昆山市,120.95347,31.389904,120.957711,31.38781,,False,风景名胜;公园广场;城市广场,110105,马鞍山东路1号亭林园(东侧),0512-57510923,,玉山,[],tour,0.0,0.0,0.0,0.3,0.2,0.0,0.0,,nearby_city_phase2,outside_shanghai_municipality
B0FFKYQE5N,塘东街,上海,景点,attraction,0.86,4.0,3,嘉善县,120.896017,30.943926,120.900147,30.941556,,False,购物服务;特色商业街;步行街,061001,西塘古镇景区内鲁家桥南侧至邮电路,[],,西塘,[],[],0.0,0.0,0.0,0.0,0.2,0.0,0.0,,nearby_city_phase2,outside_shanghai_municipality
B0FFL93E0D,昆山市城市生态森林公园-好人广场,上海,公园,park,0.86,4.0,3,昆山市,120.909443,31.390178,120.913612,31.388027,,False,风景名胜;公园广场;城市广场,110105,马鞍山西路818号昆山市城市生态森林公园内(南侧),0512-57591130,,[],[],tour,0.0,0.0,1.0,0.3,0.7,0.0,0.0,,nearby_city_phase2,outside_shanghai_municipality
B0FFGNL5TT,三鲜街,上海,景点,attraction,0.8537,4.4,2,崇川区,120.884983,31.962957,120.889202,31.960796,,False,购物服务;特色商业街;特色商业街,061000,长江南路三鲜街7号楼(长江南路与紫琅路交叉口江海美食文化街区向东300米)江海渔港,0513-85701798,,狼山,[],[],0.0,0.0,0.0,0.0,0.2,0.0,0.0,,nearby_city_phase2,outside_shanghai_municipality
B0FFGQ2RPR,中环商业广场,上海,商业休闲,leisure,0.8537,4.4,2,昆山市,120.930813,31.371977,120.935003,31.369838,,False,购物服务;商场;普通商场,060102,朝阳西路与娄阳路交叉口东南100米,18021268302,,玉山,[],[],0.0,0.0,0.0,1.0,0.0,0.2,0.0,,nearby_city_phase2,outside_shanghai_municipality
B023D0R4TH,东芝空调特灵空调(体育南路店),上海,商业休闲,leisure,0.846,3.9,3,嘉善县,120.912922,30.841404,120.917048,30.838976,,False,购物服务;体育用品店;耐克专卖店|购物服务;家电电子卖场;家电电子卖场,060902|060300,体育南路179号,0573-84587999;18967309535;19535874131,,体育南路,[],[],0.0,0.0,0.0,1.0,0.0,0.6,0.0,,nearby_city_phase2,outside_shanghai_municipality
B0H2A77SGT,耐克Nike(嘉善银泰店),上海,商业休闲,leisure,0.846,3.9,3,嘉善县,120.928244,30.824814,120.932386,30.82239,,False,购物服务;体育用品店;耐克专卖店,060902,阳光东路702号,4008806453,,嘉善大道,[],[],0.0,0.0,0.0,1.0,0.0,0.6,0.0,,nearby_city_phase2,outside_shanghai_municipality
B0FFFV4QIQ,槃亭广场,上海,景点,attraction,0.846,3.9,3,昆山市,120.90613,31.172035,120.910279,31.169794,,False,风景名胜;公园广场;城市广场,110105,环湖北路与邵甸港路交汇处东北150米,[],,锦溪,[],tour,0.0,0.0,0.0,0.3,0.2,0.0,0.0,,nearby_city_phase2,outside_shanghai_municipality
B0HRAULLBD,乔丹体育(北门路店),上海,商业休闲,leisure,0.846,3.9,3,昆山市,120.951622,31.402588,120.955859,31.400494,,False,购物服务;体育用品店;体育用品店,060900,玉山镇北门路310号,0512-57770325;4007032333,,北门路,[],[],0.0,0.0,0.0,1.0,0.0,0.6,0.0,,nearby_city_phase2,outside_shanghai_municipality
B0LBC9EF65,梧桐小城(夜市),上海,景点,attraction,0.846,3.9,3,昆山市,120.92927,31.515026,120.933469,31.512917,,False,购物服务;特色商业街;特色商业街,061000,滨夹路与立基路交叉口东220米,[],,[],[],[],0.0,0.0,0.0,0.3,0.2,0.0,0.0,,nearby_city_phase2,outside_shanghai_municipality
B02000JP2M,伊芙时尚购物广场,上海,商业休闲,leisure,0.846,3.9,3,太仓市,121.110674,31.444902,121.115308,31.443134,,False,购物服务;商场;普通商场,060102,人民南路96号南洋广场F2,0512-53999908,,太仓,[],[],0.0,0.0,0.0,1.0,0.0,0.2,0.0,,nearby_city_phase2,outside_shanghai_municipality
B0JATUNNSL,骏桦高尔夫(张浦生活广场店),上海,商业休闲,leisure,0.846,3.9,3,昆山市,120.923971,31.277923,120.928143,31.275742,,False,购物服务;体育用品店;体育用品店,060900,张浦镇海虹路1000号生活广场三楼A2,13773135956,,张浦,[],[],0.0,0.0,0.0,1.0,0.0,0.2,0.0,,nearby_city_phase2,outside_shanghai_municipality
B0FFIRA0HL,启东半步堂公园道广场,上海,公园,park,0.846,3.9,3,启东市,121.673339,31.796918,121.67768,31.79489,,False,风景名胜;公园广场;城市广场,110105,汇龙镇华山中路588号,[],,[],[],tour,0.0,0.0,1.0,0.3,0.2,0.0,0.0,,nearby_city_phase2,outside_shanghai_municipality
B0IALSUHXX,甫澄商业广场,上海,商业休闲,leisure,0.846,3.9,3,吴中区,120.863619,31.264735,120.867805,31.262566,,False,购物服务;商场;普通商场,060102,甫澄中路10号,15906219803,,甪直,[],[],0.0,0.0,0.0,1.0,0.0,0.2,0.0,,nearby_city_phase2,outside_shanghai_municipality
B0FFG3EJZG,安踏(嘉兴南湖万达广场店),上海,商业休闲,leisure,0.846,3.9,3,南湖区,120.801183,30.735781,120.80545,30.733431,,False,购物服务;体育用品店;体育用品店,060900,广益路万达广场一楼25号,4008582020,,[],[],[],0.0,0.0,0.3,1.0,0.5,0.2,0.0,,nearby_city_phase2,outside_shanghai_municipality
B0KAAZ8VRB,蕉下(嘉兴南湖万达广场店),上海,商业休闲,leisure,0.846,3.9,3,南湖区,120.80278,30.73589,120.807044,30.733538,,False,购物服务;体育用品店;户外用品,060907,广益路1108号万达广场嘉兴南湖店,[],,[],[],[],0.0,0.0,0.3,1.0,0.5,0.2,0.0,,nearby_city_phase2,outside_shanghai_municipality
B0HU5LQLH5,耐克Nike(嘉兴南湖万达广场店),上海,商业休闲,leisure,0.846,3.9,3,南湖区,120.802444,30.735726,120.806708,30.733374,,False,购物服务;体育用品店;耐克专卖店,060902,广益路1108号嘉兴南湖万达广场F3层3017号,0573-82321182,,[],[],[],0.0,0.0,0.3,1.0,0.5,0.2,0.0,,nearby_city_phase2,outside_shanghai_municipality
B020007TSH,安踏(白云中路店),上海,商业休闲,leisure,0.846,3.9,3,太仓市,121.065441,31.566402,121.070053,31.564631,,False,购物服务;体育用品店;体育用品店,060900,白云中路143号安踏专卖,4008582020,,[],[],[],0.0,0.0,0.0,1.0,0.0,0.6,0.0,,nearby_city_phase2,outside_shanghai_municipality
B0L6B7VJLH,阿迪达斯(中骏世界城店),上海,商业休闲,leisure,0.846,3.9,3,昆山市,121.105625,31.300325,121.110248,31.298514,,False,购物服务;体育用品店;阿迪达斯专卖店,060903,花桥镇俞巷路中骏世界城1楼,[],,[],[],[],0.0,0.0,0.0,1.0,0.0,0.6,0.0,,nearby_city_phase2,outside_shanghai_municipality
B0FFL7CHBF,UNDER ARMOUR 安德玛(首创奥特莱斯店),上海,商业休闲,leisure,0.846,3.9,3,昆山市,121.062474,31.366145,121.067063,31.36433,,False,购物服务;体育用品店;体育用品店,060900,东城大道501号首创奥特莱斯F1层,[],,[],[],[],0.0,0.0,0.0,1.0,0.0,0.6,0.0,,nearby_city_phase2,outside_shanghai_municipality
B0FFGBGMVQ,探路者(首创奥特莱斯店),上海,商业休闲,leisure,0.846,3.9,3,昆山市,121.062313,31.365609,121.066902,31.363794,,False,购物服务;体育用品店;户外用品,060907,东城大道501号首创奥特莱斯F2层,0512-36695555,,[],[],[],0.0,0.0,0.0,1.0,0.0,0.6,0.0,,nearby_city_phase2,outside_shanghai_municipality
B0J22UUAHG,MLB(首创奥特莱斯店),上海,商业休闲,leisure,0.846,3.9,3,昆山市,121.061917,31.366105,121.066505,31.364289,,False,购物服务;体育用品店;体育用品店,060900,东城大道501号首创奥特莱斯F1-B26,[],,[],[],[],0.0,0.0,0.0,1.0,0.0,0.6,0.0,,nearby_city_phase2,outside_shanghai_municipality
B0MB6MNDCK,YONEX(珠江北路店),上海,商业休闲,leisure,0.846,3.9,3,昆山市,120.972309,31.379963,120.976606,31.377913,,False,购物服务;体育用品店;体育用品店,060900,玉山镇珠江北路127号西湾新村,13806266217,,震川路,[],[],0.0,0.0,0.0,1.0,0.5,0.6,0.0,,nearby_city_phase2,outside_shanghai_municipality
B0FFHCO42G,李宁(昆山金鹰国际购物中心店),上海,商业休闲,leisure,0.846,3.9,3,昆山市,120.973281,31.3757,120.977581,31.373651,,False,购物服务;体育用品店;体育用品店,060900,开发区开发区金鹰国际购物中心昆山店5楼,[],,玉山,[],[],1.0,0.0,0.3,1.0,0.5,0.2,0.0,,nearby_city_phase2,outside_shanghai_municipality
B0FFHXZ966,阿迪达斯(昆山金鹰国际购物中心店),上海,商业休闲,leisure,0.846,3.9,3,昆山市,120.973433,31.375386,120.977734,31.373338,,False,购物服务;体育用品店;阿迪达斯专卖店,060903,珠江中路199号金鹰国际购物中心(昆山店)L5层,[],,玉山,[],[],1.0,0.0,0.3,1.0,0.5,0.2,0.0,,nearby_city_phase2,outside_shanghai_municipality
B0JDR7PMAA,芝山广场,上海,景点,attraction,0.846,3.9,3,通州区,121.013453,31.92367,121.017945,31.921739,,False,风景名胜;公园广场;城市广场,110105,通启路28号,[],,[],[],tour,0.0,0.0,0.3,0.3,0.7,0.0,0.0,,nearby_city_phase2,outside_shanghai_municipality
B02001DXK2,名爵高尔夫球店,上海,商业休闲,leisure,0.846,3.9,3,吴中区,120.868113,31.247738,120.872291,31.245556,,False,购物服务;体育用品店;高尔夫用品店|购物服务;专卖店;专营店,060906|061200,甫澄中路戈家浜27号,13915417310,,甪直,[],[],0.0,0.0,0.0,1.0,0.0,0.6,0.0,,nearby_city_phase2,outside_shanghai_municipality
B020017CR1,白塔老街商业圈(嘉裕国际商务广场店),上海,景点,attraction,0.846,3.9,3,昆山市,120.984797,31.398155,120.989139,31.396146,,False,购物服务;特色商业街;特色商业街,061000,白塔老街与春晖路交叉口北20米,[],,玉山,[],[],0.0,0.0,0.0,0.3,0.2,0.0,0.0,,nearby_city_phase2,outside_shanghai_municipality
B023D0RG6H,干窑文化广场,上海,景点,attraction,0.8397,4.3,2,嘉善县,120.897411,30.886239,120.901536,30.883835,,False,风景名胜;公园广场;城市广场,110105,叶新路88号,[],,[],[],tour,0.0,0.15,0.0,0.3,0.2,0.0,0.0,,nearby_city_phase2,outside_shanghai_municipality
B0FFG9ZXPM,俊麟商业广场,上海,商业休闲,leisure,0.8397,4.3,2,昆山市,121.008101,31.248415,121.012516,31.246421,,False,购物服务;商场;商场,060100,南浦东路514号,[],,千灯,[],[],0.0,0.0,0.0,1.0,0.0,0.2,0.0,,nearby_city_phase2,outside_shanghai_municipality
B02001B5HL,千石商业广场,上海,商业休闲,leisure,0.8397,4.3,2,昆山市,121.014043,31.261791,121.018481,31.259821,,False,购物服务;特色商业街;特色商业街,061000,尚书路9号,[],,千灯,[],[],0.0,0.0,0.0,1.0,0.0,0.2,0.0,,nearby_city_phase2,outside_shanghai_municipality
B02000IQWQ,金色港湾商业街,上海,景点,attraction,0.8397,4.3,2,昆山市,120.989595,31.387817,120.993953,31.385819,,False,购物服务;特色商业街;特色商业街,061000,同丰东路北100米,0512-57712775,,[],[],[],0.0,0.0,0.0,0.0,0.2,0.0,0.0,,nearby_city_phase2,outside_shanghai_municipality
B02010UJDS,百润发购物广场(南通江心沙店),上海,商业休闲,leisure,0.8397,4.3,2,海门区,121.096996,31.814835,121.101664,31.813072,,False,购物服务;商场;普通商场|购物服务;超级市场;超市,060102|060400,立新北路22号,0513-82216789,,[],[],[],0.0,0.0,0.0,1.0,0.5,0.2,0.0,,nearby_city_phase2,outside_shanghai_municipality
B0FFF9N7TO,三鲜街江海美食文化街区,上海,景点,attraction,0.8397,4.3,2,崇川区,120.88156,31.962632,120.885782,31.960473,,False,购物服务;特色商业街;特色商业街,061000,长江南路123附近,0513-51013111,51.0,狼山,[],[],0.0,0.15,0.0,0.3,0.7,0.0,0.0,,nearby_city_phase2,outside_shanghai_municipality
B0FFGF2GLH,嘉善南站站前广场,上海,景点,attraction,0.832,,3,嘉善县,120.935221,30.788383,120.939371,30.785948,,False,风景名胜;公园广场;城市广场,110105,大云镇江家村(近善江公路),[],,[],[],tour,0.0,0.0,0.0,0.3,0.2,0.0,0.0,,nearby_city_phase2,outside_shanghai_municipality
B0KKZ5TCYE,苏州南站站前广场,上海,景点,attraction,0.832,,3,吴江区,120.801179,31.061828,120.805472,31.059665,,False,风景名胜;公园广场;城市广场,110105,黎川路1226号苏州南站,[],,[],[],tour,0.0,0.0,0.0,0.3,0.2,0.0,0.0,,nearby_city_phase2,outside_shanghai_municipality
B0FFFFLSI3,周庄古镇-富贵健身广场,上海,景点,attraction,0.6819999999999999,3.8,3,昆山市,120.85332,31.114907,120.857511,31.11268,,False,风景名胜;公园广场;城市广场,110105,全福路138号周庄古镇内(东侧),[],,[],[],tour,0.0,0.15,0.0,0.3,0.2,0.0,0.0,,nearby_city_phase2,outside_shanghai_municipality
B0FFI98AN5,天镜湖广场,上海,景点,attraction,0.832,3.8,3,太仓市,121.129466,31.430242,121.134082,31.428454,,False,风景名胜;公园广场;城市广场,110105,高新区文治路8-1号天镜湖公园内(西侧),[],,太仓,[],tour,0.0,0.0,0.3,0.3,0.7,0.0,0.0,,nearby_city_phase2,outside_shanghai_municipality
B0LUTZV2OW,亦拾柒回力1927,上海,商业休闲,leisure,0.832,3.8,3,常熟市,120.812053,31.598336,120.81637,31.596337,,False,购物服务;体育用品店;体育用品店,060900,金门路28号2幢101室,[],,[],[],[],0.0,0.0,0.0,1.0,0.0,0.6,0.0,,nearby_city_phase2,outside_shanghai_municipality
B02010UO1Q,海门市东城商业步行街,上海,景点,attraction,0.832,3.8,3,海门区,121.250749,31.892552,121.255232,31.890591,,False,购物服务;特色商业街;步行街,061001,中华中路123号,[],,[],[],[],0.0,0.0,0.0,0.0,0.2,0.0,0.0,,nearby_city_phase2,outside_shanghai_municipality
B0FFHJMDEK,鸿星尔克(银通路店),上海,商业休闲,leisure,0.832,3.8,3,常熟市,120.820325,31.609025,120.824625,31.607011,,False,购物服务;家电电子卖场;家电电子卖场|购物服务;体育用品店;体育用品店,060300|060900,庐山苑三区西区东门南50米,18913622720,,[],[],[],0.0,0.0,0.0,1.0,0.0,0.6,0.0,,nearby_city_phase2,outside_shanghai_municipality
B0FFFCNNOS,鸿星尔克(镇中路店),上海,商业休闲,leisure,0.832,3.8,3,太仓市,121.214369,31.602757,121.218849,31.600851,,False,购物服务;体育用品店;体育用品店,060900,镇中路与庆丰路交叉口东160米,15206225371,,[],[],[],0.0,0.0,0.0,1.0,0.0,0.6,0.0,,nearby_city_phase2,outside_shanghai_municipality
B0FFKQXMU1,启东站站前广场,上海,景点,attraction,0.832,,3,启东市,121.644897,31.855542,121.64919,31.853452,,False,风景名胜;公园广场;城市广场,110105,中群北路北50米,[],,[],[],tour,0.0,0.0,0.0,0.3,0.2,0.0,0.0,,nearby_city_phase2,outside_shanghai_municipality
B023D0PO1A,特步(车站南路二店),上海,商业休闲,leisure,0.832,3.8,3,嘉善县,120.923137,30.840824,120.927273,30.838404,,False,购物服务;体育用品店;体育用品店,060900,车站南路189号,0573-84984710,,魏塘,[],[],0.0,0.0,0.0,1.0,0.0,0.6,0.0,,nearby_city_phase2,outside_shanghai_municipality
B0H23BRH9Q,耐克Nike(南通海门龙信广场购物中心店),上海,商业休闲,leisure,0.832,3.8,3,海门区,121.183427,31.87995,121.187984,31.878063,,False,购物服务;体育用品店;耐克专卖店,060902,长江南路99号龙信广场购物中心南通海门店F2层,4008806453,,[],[],[],0.0,0.0,0.0,1.0,0.0,0.2,0.0,,nearby_city_phase2,outside_shanghai_municipality
B0FFIZQEKC,李宁(世茂广场店),上海,商业休闲,leisure,0.832,3.8,3,崇川区,120.950753,31.920874,120.955031,31.918769,,False,购物服务;体育用品店;李宁专卖店,060901,新河东路101号世茂广场F2层,4006100011,,[],[],[],0.0,0.0,0.0,1.0,0.0,0.2,0.0,,nearby_city_phase2,outside_shanghai_municipality
B0G0799PG4,李宁(江南印象商业中心店),上海,商业休闲,leisure,0.832,3.8,3,常熟市,120.932637,31.742008,120.936861,31.739904,,False,购物服务;体育用品店;李宁专卖店,060901,江南印象,15150378201,,[],[],[],0.0,0.0,0.0,1.0,0.5,0.6,0.0,,nearby_city_phase2,outside_shanghai_municipality
B0LA4S5VC9,361度超品(昆山首创奥特莱斯店),上海,公园,park,0.832,3.8,3,昆山市,121.062358,31.365441,121.066947,31.363626,,False,购物服务;体育用品店;体育用品店,060900,玉山镇开发区东城大道501号首创奥特莱斯F2C15-C17,4008855361,,[],[],[],0.0,0.0,1.0,0.0,0.7,0.0,0.0,,nearby_city_phase2,outside_shanghai_municipality
B02000K3F5,玉龙广场,上海,景点,attraction,0.832,3.8,3,昆山市,120.971942,31.386252,120.976239,31.384203,,False,风景名胜;公园广场;城市广场,110105,玉山镇玉龙东村6-1号楼302室,[],,玉山,[],tour,0.0,0.0,0.0,0.3,0.2,0.0,0.0,,nearby_city_phase2,outside_shanghai_municipality
B0LGGSYJP1,兰威体育,上海,商业休闲,leisure,0.832,3.8,3,平湖市,121.013493,30.698082,121.017881,30.695803,,False,购物服务;体育用品店;体育用品店,060900,新华中路126号,[],,当湖,[],[],0.0,0.0,0.0,1.0,0.0,0.6,0.0,,nearby_city_phase2,outside_shanghai_municipality
B020017RRU,李宁(专卖店),上海,商业休闲,leisure,0.832,3.8,3,昆山市,121.006322,31.268604,121.010732,31.266614,,False,购物服务;体育用品店;李宁专卖店,060901,千灯镇秦峰路185号,13646213800,,千灯,[],[],0.0,0.0,0.0,1.0,0.0,0.6,0.0,,nearby_city_phase2,outside_shanghai_municipality
B0KDC9PC84,耐克Nike(昆山招商花园城店),上海,商业休闲,leisure,0.832,3.8,3,昆山市,120.956888,31.405161,120.96114,31.403079,,False,购物服务;体育用品店;耐克专卖店,060902,萧林中路666号昆山九方购物中心F4层,0512-55213563,,玉山,[],[],1.0,0.0,0.3,1.0,0.5,0.2,0.0,,nearby_city_phase2,outside_shanghai_municipality
B0FFHCRDO9,FILA(昆山金鹰国际购物中心店),上海,商业休闲,leisure,0.832,3.8,3,昆山市,120.973109,31.37546,120.977409,31.373411,,False,购物服务;体育用品店;体育用品店,060900,珠江中路199号金鹰国际购物中心F5层,4008867699,,玉山,[],[],0.0,0.0,0.3,1.0,0.5,0.2,0.0,,nearby_city_phase2,outside_shanghai_municipality
B0FFGNWRGB,任阳文化广场,上海,景点,attraction,0.832,3.8,3,常熟市,120.964121,31.539749,120.968405,31.53771,,False,风景名胜;公园广场;公园广场,110100,朝阳路,[],,[],[],tour,0.0,0.15,0.0,0.3,0.2,0.0,0.0,,nearby_city_phase2,outside_shanghai_municipality
B0JACZU98G,渡城古街,上海,景点,attraction,0.832,3.8,3,昆山市,120.996493,31.164682,121.000858,31.162613,,False,购物服务;特色商业街;特色商业街,061000,万园路87号,[],,[],[],[],0.0,0.15,0.0,0.0,0.2,0.0,0.0,,nearby_city_phase2,outside_shanghai_municipality
B0FFHOMDPQ,MLB(昆山金鹰国际购物中心店),上海,商业休闲,leisure,0.832,3.8,3,昆山市,120.973409,31.375607,120.97771,31.373559,,False,购物服务;体育用品店;体育用品店,060900,金鹰国际购物中心B座一楼,18118102384,,玉山,[],[],1.0,0.0,0.3,1.0,0.5,0.2,0.0,,nearby_city_phase2,outside_shanghai_municipality
B0H3M59JBG,南通VICTOR胜利体育用品店,上海,商业休闲,leisure,0.832,3.8,3,崇川区,120.898239,31.966918,120.902453,31.96475,,False,购物服务;体育用品店;体育用品店,060900,桃园路7号国缘体育馆内,15006287714;15851205166,,[],[],[],0.0,0.0,0.0,1.0,0.0,0.6,0.0,,nearby_city_phase2,outside_shanghai_municipality
B0FFL7MC6O,李宁(昆山招商花园城店),上海,商业休闲,leisure,0.832,3.8,3,昆山市,120.956824,31.404728,120.961076,31.402646,,False,购物服务;体育用品店;李宁专卖店,060901,玉山镇萧林中路666号九方购物中心4楼,4006100011,,玉山,[],[],1.0,0.0,0.3,1.0,0.5,0.2,0.0,,nearby_city_phase2,outside_shanghai_municipality
B0I1RKWWB9,MLB(昆山招商花园城店),上海,公园,park,0.832,3.8,3,昆山市,120.956881,31.405045,120.961133,31.402963,,False,购物服务;体育用品店;体育用品店,060900,昆北路与萧林中路交叉口招商花园城F1,18036015923,,玉山,[],[],0.0,0.0,1.0,0.0,0.7,0.0,0.0,,nearby_city_phase2,outside_shanghai_municipality
B02001C36N,聚豪高尔夫体育用品,上海,商业休闲,leisure,0.832,3.8,3,吴中区,120.868176,31.246671,120.872354,31.244488,,False,购物服务;体育用品店;高尔夫用品店,060906,甪直镇甫澄中路28号,17666290969,,甪直,[],[],0.0,0.0,0.0,1.0,0.0,0.6,0.0,,nearby_city_phase2,outside_shanghai_municipality
B0200185RU,安踏(浦南路店),上海,商业休闲,leisure,0.832,3.8,3,吴江区,120.83993,31.008186,120.844139,31.005921,,False,购物服务;体育用品店;体育用品店,060900,芦墟镇浦南路小商品市场对面,[],,[],[],[],0.0,0.0,0.0,1.0,0.0,0.6,0.0,,nearby_city_phase2,outside_shanghai_municipality
B0FFINEA1M,SKECHERS 斯凯奇(南通星湖永旺梦乐城店),上海,公园,park,0.832,3.8,3,崇川区,120.963327,31.922424,120.967641,31.920348,,False,购物服务;体育用品店;体育用品店,060900,星湖大道1066号永旺梦乐城1楼127斯凯奇专柜,[],,[],[],[],1.0,0.0,1.0,0.0,0.7,0.0,0.0,,nearby_city_phase2,outside_shanghai_municipality
B0JUDCBLUY,蕉下(南通星湖永旺梦乐城店),上海,商业休闲,leisure,0.832,3.8,3,崇川区,120.961981,31.923201,120.966291,31.921122,,False,购物服务;体育用品店;户外用品|购物服务;服装鞋帽皮具店;服装鞋帽皮具店,060907|061100,星湖大道1066号永旺梦乐城南通星湖店1F层,13773677218,,[],[],[],1.0,0.0,0.3,1.0,0.5,0.2,0.0,,nearby_city_phase2,outside_shanghai_municipality
B0HBBX5PK0,耐克Nike(嘉兴南湖万达广场店),上海,商业休闲,leisure,0.832,3.8,3,南湖区,120.801098,30.73582,120.805365,30.73347,,False,购物服务;体育用品店;耐克专卖店,060902,"广益路1108号万达1楼1005A,1005B",0573-82335903,,[],[],[],0.0,0.0,0.3,1.0,0.5,0.2,0.0,,nearby_city_phase2,outside_shanghai_municipality
B0G26XPMNI,MLB(昆山万象汇店),上海,商业休闲,leisure,0.832,3.8,3,昆山市,120.92849,31.381145,120.932677,31.379006,,False,购物服务;体育用品店;体育用品店,060900,玉山镇前进西路1266号昆山万象汇L1层,15370128528;19951370739,,前进西路,[],[],1.0,0.0,0.3,1.0,0.5,0.2,0.0,,nearby_city_phase2,outside_shanghai_municipality
B02000JPM0,昆山站北广场,上海,景点,attraction,0.832,,3,昆山市,120.958457,31.366887,120.96271,31.364798,,False,风景名胜;公园广场;城市广场,110105,玉山镇人民南路1号,[],,玉山,[],tour,0.0,0.0,0.3,0.3,0.7,0.0,0.0,,nearby_city_phase2,outside_shanghai_municipality
B0FFLN92JQ,黄金海滩景区滨海广场,上海,景点,attraction,0.832,3.8,3,启东市,121.934547,31.745972,121.938712,31.743885,,False,风景名胜;公园广场;城市广场,110105,圆陀角旅游度假区黄金海滩景区,0513-68958088,,[],[],tour,0.0,0.0,0.3,0.3,0.2,0.0,0.0,,nearby_city_phase2,outside_shanghai_municipality
B0GK6HPWIP,李宁(昆城广场店),上海,商业休闲,leisure,0.832,3.8,3,昆山市,120.954514,31.362911,120.958756,31.360811,,False,购物服务;体育用品店;李宁专卖店,060901,人民南路与衡山路交叉口昆城广场2号楼一楼李宁专卖店,15995655260,,玉山,[],[],0.0,0.0,0.0,1.0,0.0,0.2,0.0,,nearby_city_phase2,outside_shanghai_municipality
B02000JPM1,昆山站南广场,上海,景点,attraction,0.832,,3,昆山市,120.956603,31.365057,120.960851,31.362963,,False,风景名胜;公园广场;城市广场,110105,人民南路1号,[],,玉山,[],tour,0.0,0.0,0.3,0.3,0.7,0.0,0.0,,nearby_city_phase2,outside_shanghai_municipality
B0FFF9JW5T,昆山南站南广场,上海,景点,attraction,0.832,,3,昆山市,120.951538,31.35187,120.955771,31.34976,,False,风景名胜;公园广场;城市广场,110105,熊庄路附近,[],,玉山,[],tour,0.0,0.0,0.3,0.3,0.7,0.0,0.0,,nearby_city_phase2,outside_shanghai_municipality
B02001BPPU,昆山南站北广场,上海,景点,attraction,0.832,,3,昆山市,120.951427,31.353949,120.95566,31.35184,,False,风景名胜;公园广场;城市广场,110105,人民南路与创业路交叉口,[],,玉山,[],tour,0.0,0.0,0.3,0.3,0.7,0.0,0.0,,nearby_city_phase2,outside_shanghai_municipality
B0L0LUA3X1,久虎体育,上海,商业休闲,leisure,0.832,3.8,3,昆山市,120.944075,31.280766,120.948284,31.278615,,False,购物服务;体育用品店;体育用品店,060900,大光明影院5楼久虎体育,19851878878,,张浦,[],[],0.0,0.0,0.0,1.0,0.0,0.6,0.0,,nearby_city_phase2,outside_shanghai_municipality
B0G2K9VY0R,BOY LONDON(昆山万象汇店),上海,商业休闲,leisure,0.832,3.8,3,昆山市,120.929026,31.381404,120.933214,31.379266,,False,购物服务;体育用品店;体育用品店,060900,玉山镇前进西路1266号昆山万象汇L1层L150,17351472960,,前进西路,[],[],1.0,0.0,0.3,1.0,0.5,0.2,0.0,,nearby_city_phase2,outside_shanghai_municipality
B0IAKAEIFX,李宁(天虹商场店),上海,商业休闲,leisure,0.832,3.8,3,昆山市,120.951758,31.357553,120.955992,31.355446,,False,购物服务;体育用品店;李宁专卖店,060901,中华园路1555号5号商业楼天虹商场F1层,4006100011,,玉山,[],[],1.0,0.0,0.0,1.0,0.0,0.6,0.0,,nearby_city_phase2,outside_shanghai_municipality
B0HD971SF6,江苏省太仓市绿辉高尔夫仓库,上海,商业休闲,leisure,0.832,3.8,3,太仓市,121.127721,31.446103,121.132341,31.444321,,False,购物服务;体育用品店;体育用品店,060900,朝阳东路19号3层绿辉高尔夫仓库,18261553309,,太仓,[],[],0.0,0.0,0.0,1.0,0.5,0.6,0.0,,nearby_city_phase2,outside_shanghai_municipality
B0FFFWDBK8,特步(步行街店),上海,商业休闲,leisure,0.832,3.8,3,太仓市,121.06582,31.566021,121.070433,31.56425,,False,购物服务;体育用品店;体育用品店,060900,乐荫园西南门南60米,13773069899,,[],[],[],0.0,0.0,0.0,1.0,0.0,0.2,0.0,,nearby_city_phase2,outside_shanghai_municipality
B0FFI12Z4R,鸿星尔克(县府街店),上海,商业休闲,leisure,0.832,3.8,3,太仓市,121.10714,31.448436,121.111775,31.44667,,False,购物服务;体育用品店;体育用品店,060900,城厢镇人民南路124号新城广场F1层,[],,太仓,[],[],1.0,0.0,0.0,1.0,0.0,0.6,0.0,,nearby_city_phase2,outside_shanghai_municipality
B020107USG,安踏(叠石桥店),上海,商业休闲,leisure,0.832,3.8,3,海门区,121.081715,31.968483,121.086387,31.966682,,False,购物服务;体育用品店;体育用品店,060900,百汇市场301幢16号楼,13814691747,,[],[],[],0.0,0.0,0.0,1.0,0.0,0.6,0.0,,nearby_city_phase2,outside_shanghai_municipality
B0GKY7JEER,启迪生活广场,上海,商业休闲,leisure,0.8257,4.2,2,太仓市,121.119772,31.444029,121.1244,31.442254,,False,购物服务;商场;普通商场,060102,太平南路与南园东路交叉口南100米,[],,太仓,[],[],0.0,0.0,0.0,1.0,0.0,0.2,0.0,,nearby_city_phase2,outside_shanghai_municipality
B0HUZHJM22,速风体育,上海,商业休闲,leisure,0.8257,4.2,2,昆山市,120.910291,31.387415,120.91446,31.385264,,False,购物服务;体育用品店;体育用品店,060900,玉山镇共青路368号游泳馆西面,0512-55080588,,玉山,[],[],0.0,0.0,0.0,1.0,0.0,0.6,0.0,,nearby_city_phase2,outside_shanghai_municipality
B0FFLQ1EFE,世贸华东商城(世茂广场店),上海,商业休闲,leisure,0.8257,4.2,2,昆山市,121.054216,31.382846,121.058788,31.381022,,False,购物服务;商场;普通商场,060102,前进东路205号世茂广场2期,0512-55158999,,[],[],[],0.0,0.0,0.0,1.0,0.0,0.2,0.0,,nearby_city_phase2,outside_shanghai_municipality
B0FFKS8T7V,万悦广场,上海,商业休闲,leisure,0.8257,4.2,2,常熟市,120.87355,31.707426,120.877759,31.70532,,False,购物服务;商场;普通商场,060102,梅李镇苏杭时代对面,[],,苏杭时代,[],[],0.0,0.0,0.0,1.0,0.0,0.2,0.0,,nearby_city_phase2,outside_shanghai_municipality
B020016ALM,甪直安踏店(文化步行街店),上海,商业休闲,leisure,0.818,3.7,3,吴中区,120.866876,31.268879,120.871057,31.266707,,False,购物服务;体育用品店;体育用品店|购物服务;服装鞋帽皮具店;服装鞋帽皮具店,060900|061100,海藏路8-5号,[],,甪直,[],[],0.0,0.15,0.0,1.0,0.0,0.2,0.0,,nearby_city_phase2,outside_shanghai_municipality
B020017PUA,李宁甪直店,上海,商业休闲,leisure,0.818,3.7,3,吴中区,120.866988,31.268682,120.871169,31.26651,,False,购物服务;服装鞋帽皮具店;服装鞋帽皮具店|购物服务;体育用品店;体育用品店,061100|060900,甪直镇海藏路7-3号(李宁店),15794258906,,甪直,[],[],0.0,0.0,0.0,1.0,0.0,0.6,0.0,,nearby_city_phase2,outside_shanghai_municipality
B0FFG9BQDR,特步(嘉兴南湖万达广场店),上海,商业休闲,leisure,0.818,3.7,3,南湖区,120.803506,30.735842,120.807768,30.733489,,False,购物服务;体育用品店;体育用品店,060900,广益路1108号万达广场嘉兴南湖店F3层,[],,[],[],[],0.0,0.0,0.3,1.0,0.5,0.2,0.0,,nearby_city_phase2,outside_shanghai_municipality
B0FFFR5563,Columbia(时尚舞台奥特莱斯店),上海,商业休闲,leisure,0.818,3.7,3,吴中区,120.821666,31.343037,120.825941,31.340972,,False,购物服务;体育用品店;户外用品,060907,现代大道后戴街9号时尚舞台奥特莱斯F1层,4000168095,,苏州工业园区高端制造与国际贸易区,[],[],0.0,0.0,0.0,1.0,0.0,0.6,0.0,,nearby_city_phase2,outside_shanghai_municipality
B02001H212,鸿星尔克(樾河北路店),上海,商业休闲,leisure,0.818,3.7,3,昆山市,121.001635,31.381801,121.006037,31.379838,,False,购物服务;体育用品店;体育用品店,060900,樾河北路106号,15062626922,,玉山,[],[],0.0,0.0,0.0,1.0,0.5,0.6,0.0,,nearby_city_phase2,outside_shanghai_municipality
B0FFI09868,手机维修(和群数码),上海,景点,attraction,0.818,3.7,3,昆山市,120.967405,31.354278,120.971684,31.352207,,False,购物服务;特色商业街;特色商业街,061000,和群市场(和群数码),18068099768,,玉山,[],[],0.0,0.0,0.0,0.0,0.2,0.0,0.0,,nearby_city_phase2,outside_shanghai_municipality
B0FFGIFHST,图博运动(宾唏苑店),上海,公园,park,0.818,3.7,3,昆山市,120.963726,31.388347,120.967996,31.386277,,False,购物服务;体育用品店;体育用品店,060900,环城北路最东端宾希苑小区一号楼门面房,13338050008,,玉山,[],[],0.0,0.0,1.0,0.0,0.2,0.0,0.0,,nearby_city_phase2,outside_shanghai_municipality
B0FFH43ZPU,世茂广场3栋,上海,商业休闲,leisure,0.818,3.7,3,崇川区,120.952347,31.919587,120.956629,31.917486,,False,购物服务;商场;普通商场,060102,星湖街与新景路交叉口西160米,[],,[],[],[],0.0,0.0,0.0,1.0,0.0,0.2,0.0,,nearby_city_phase2,outside_shanghai_municipality
B0J32545AE,安踏(昆山金鹰国际购物中心店),上海,商业休闲,leisure,0.818,3.7,3,昆山市,120.971775,31.375875,120.97607,31.373822,,False,购物服务;体育用品店;体育用品店,060900,珠江中路199号昆山金鹰国际购物中心L5层,[],,玉山,[],[],0.0,0.0,0.3,1.0,0.5,0.2,0.0,,nearby_city_phase2,outside_shanghai_municipality
B0HK5CMUQ1,顺航体育(世茂广场店),上海,商业休闲,leisure,0.818,3.7,3,崇川区,120.952464,31.920881,120.956747,31.91878,,False,购物服务;体育用品店;体育用品店,060900,新河东路101号世茂广场F3层,[],,[],[],[],0.0,0.0,0.0,1.0,0.0,0.2,0.0,,nearby_city_phase2,outside_shanghai_municipality
B0KD5L25AC,世茂金街,上海,景点,attraction,0.818,3.7,3,崇川区,120.950375,31.920025,120.954652,31.91792,,False,购物服务;特色商业街;特色商业街,061000,星湖街8-101号,[],,[],[],[],0.0,0.0,0.0,0.0,0.2,0.0,0.0,,nearby_city_phase2,outside_shanghai_municipality
B0L0XMK2P6,华旭广场,上海,景点,attraction,0.818,3.7,3,太仓市,121.107925,31.444873,121.11256,31.443106,,False,风景名胜;公园广场;城市广场|商务住宅;住宅区;住宅小区,110105|120302,城厢镇人民南路95号华旭广场3F层,[],,太仓,[],tour,0.0,0.0,0.0,0.3,0.2,0.0,0.0,,nearby_city_phase2,outside_shanghai_municipality
B0FFFGYDVK,特步(嘉兴塘绿道店),上海,商业休闲,leisure,0.818,3.7,3,平湖市,121.018124,30.699117,121.022529,30.696852,,False,购物服务;体育用品店;体育用品店,060900,当湖街道解放中路119号,0573-85111973,,当湖,[],[],0.0,0.0,0.0,1.0,0.0,0.6,0.0,,nearby_city_phase2,outside_shanghai_municipality
B0FFILYW1K,乔丹体育(首创奥特莱斯店),上海,商业休闲,leisure,0.818,3.7,3,昆山市,121.062256,31.365951,121.066845,31.364136,,False,购物服务;体育用品店;体育用品店,060900,东城大道501号首创奥特莱斯F2层,0512-50122307;4007032333,,[],[],[],0.0,0.0,0.0,1.0,0.0,0.6,0.0,,nearby_city_phase2,outside_shanghai_municipality
B0FFJ80GV1,MLB(太仓万达广场店),上海,商业休闲,leisure,0.818,3.7,3,太仓市,121.138912,31.46073,121.143518,31.458936,,False,购物服务;体育用品店;体育用品店,060900,城厢镇上海东路188号万达广场1楼,[],,太仓,[],[],1.0,0.0,0.0,1.0,0.0,0.2,0.0,,nearby_city_phase2,outside_shanghai_municipality
B0HDD5AXMV,能达广场,上海,景点,attraction,0.818,3.7,3,崇川区,120.952857,31.928162,120.957141,31.92606,,False,风景名胜;公园广场;城市广场,110105,南通经济技术开发区宏兴路9号能达大厦,[],,[],[],tour,0.0,0.0,0.0,0.3,0.2,0.0,0.0,,nearby_city_phase2,outside_shanghai_municipality
B0FFFF70TW,特步(北门路店),上海,商业休闲,leisure,0.818,3.7,3,昆山市,120.951923,31.400091,120.956161,31.397997,,False,购物服务;体育用品店;体育用品店,060900,玉山镇北门路234-236号,[],,北门路,[],[],0.0,0.0,0.0,1.0,0.0,0.6,0.0,,nearby_city_phase2,outside_shanghai_municipality
B0IUKC1U0O,安踏(苏州太仓万达广场店),上海,商业休闲,leisure,0.818,3.7,3,太仓市,121.138329,31.460373,121.142936,31.45858,,False,购物服务;服装鞋帽皮具店;品牌服装店|购物服务;体育用品店;体育用品店,061101|060900,上海东路188号万达广场1楼,4008582020,,太仓,[],[],1.0,0.0,0.0,1.0,0.0,0.2,0.0,,nearby_city_phase2,outside_shanghai_municipality
B023D0R3SB,市民广场,上海,景点,attraction,0.818,3.7,3,嘉善县,120.961175,30.909285,120.965398,30.906971,,False,风景名胜;公园广场;城市广场,110105,姚庄大道175号,[],,[],[],tour,0.0,0.0,0.0,0.3,0.2,0.0,0.0,,nearby_city_phase2,outside_shanghai_municipality
B0FFIAGJQN,特步(姜竹线店),上海,商业休闲,leisure,0.818,3.7,3,通州区,121.0099,31.927603,121.014379,31.92566,,False,购物服务;体育用品店;体育用品店,060900,张芝山,13861959102,,[],[],[],0.0,0.0,0.0,1.0,0.0,0.6,0.0,,nearby_city_phase2,outside_shanghai_municipality
B0FFJ4LQR9,光线轮滑(万达广场店),上海,商业休闲,leisure,0.818,3.7,3,太仓市,121.138394,31.459812,121.143,31.458019,,False,购物服务;体育用品店;体育用品店,060900,上海东路188号万达广场(太仓店)1F层,18625052505,,太仓,[],[],1.0,0.0,0.0,1.0,0.0,0.2,0.0,,nearby_city_phase2,outside_shanghai_municipality
B0HKALOIK7,鹿精灵广场,上海,景点,attraction,0.818,3.7,3,嘉善县,120.983111,30.787796,120.987396,30.785472,,False,风景名胜;公园广场;城市广场,110105,花海大道与云巧路交叉口西360米,[],,[],[],tour,0.0,0.0,0.0,0.3,0.2,0.0,0.0,,nearby_city_phase2,outside_shanghai_municipality
B0FFFS6TOF,新天地百货商场(义乌小商品直销),上海,商业休闲,leisure,0.98,3.7,3,常熟市,120.870713,31.705143,120.874925,31.703041,,False,购物服务;商场;普通商场,060102,梅李镇梅西路新天地广场,18962325727,,[],[],[],0.0,0.0,0.0,1.0,0.0,0.6,0.0,,nearby_city_phase2,outside_shanghai_municipality
B0FFKWEXEE,陆家全国特色文化广场,上海,景点,attraction,0.818,3.7,3,昆山市,121.035472,31.313959,121.039987,31.31207,,False,风景名胜;公园广场;城市广场,110105,富荣路与南粮路交叉口西北80米,[],,陆家,[],tour,0.0,0.15,0.0,0.3,0.2,0.0,0.0,,nearby_city_phase2,outside_shanghai_municipality
B0KAALCGWT,YOUNG李宁青少年(万联恒太城店),上海,商业休闲,leisure,0.818,3.7,3,嘉善县,120.927375,30.818775,120.931515,30.816347,,False,购物服务;体育用品店;李宁专卖店,060901,万联恒太城三楼3-112号,[],,嘉善大道,[],[],0.0,0.0,0.0,1.0,0.0,0.6,0.0,,nearby_city_phase2,outside_shanghai_municipality
B0FFG6JK4Y,乔丹体育(车站南路店),上海,商业休闲,leisure,0.818,3.7,3,嘉善县,120.923391,30.842719,120.927527,30.8403,,False,购物服务;体育用品店;体育用品店,060900,车站南路65号,4007032333,,魏塘,[],[],0.0,0.0,0.0,1.0,0.0,0.6,0.0,,nearby_city_phase2,outside_shanghai_municipality
B0FFM23JMV,VICTOR(博文府邸店),上海,商业休闲,leisure,0.818,3.7,3,嘉善县,120.939595,30.83747,120.943758,30.835069,,False,购物服务;体育用品店;体育用品店,060900,环城东路288号博文府邸,13736402155,,晋阳东路,[],[],0.0,0.0,0.0,1.0,0.0,0.6,0.0,,nearby_city_phase2,outside_shanghai_municipality
B0LUD1CBMQ,帝恒·贝蒂集市,上海,景点,attraction,0.818,3.7,3,嘉善县,120.900582,30.883049,120.904707,30.880643,,False,购物服务;特色商业街;特色商业街,061000,康民路2号,[],,[],[],[],0.0,0.0,0.0,0.0,0.2,0.0,0.0,,nearby_city_phase2,outside_shanghai_municipality
B0H3YU7D4M,李宁(张浦茶风街店),上海,商业休闲,leisure,0.818,3.7,3,昆山市,120.945935,31.286457,120.950148,31.284312,,False,购物服务;体育用品店;李宁专卖店,060901,张浦镇茶风街530号,17721157341,,张浦,[],[],0.0,0.0,0.0,1.0,0.0,0.6,0.0,,nearby_city_phase2,outside_shanghai_municipality
B0G2AN4Y7W,双湖花园中心广场,上海,景点,attraction,0.818,3.7,3,吴江区,120.855848,31.025418,120.860027,31.023136,,False,风景名胜;公园广场;城市广场,110105,芦墟镇蒲港南路528号双湖花园中心广场,[],,汾湖,[],tour,0.0,0.0,0.3,0.3,0.7,0.0,0.0,,nearby_city_phase2,outside_shanghai_municipality
B0FFJX02CX,滨江商业街,上海,景点,attraction,0.8117,4.1,2,常熟市,120.987153,31.74791,120.991533,31.745932,,False,购物服务;特色商业街;特色商业街,061000,兴港路与伟业路交叉口东南280米,[],,[],[],[],0.0,0.0,0.0,0.0,0.7,0.0,0.0,,nearby_city_phase2,outside_shanghai_municipality
B0FFIEEDOB,嘉乐城美食广场,上海,商业休闲,leisure,0.8117,4.1,2,吴江区,120.851975,31.034025,120.856162,31.031754,,False,购物服务;商场;普通商场|餐饮服务;餐饮相关场所;餐饮相关,060102|050000,嘉乐城A3地块8号楼3层整层,[],,汾湖,[],[],0.0,0.0,0.0,1.0,0.0,0.2,0.0,,nearby_city_phase2,outside_shanghai_municipality
B0FFI26Y6S,江南乐章步行街,上海,景点,attraction,0.8117,4.1,2,嘉善县,120.917981,30.834294,120.922111,30.831865,,False,购物服务;特色商业街;特色商业街,061000,魏塘镇亭桥南路436号,[],,罗星,[],[],0.0,0.0,0.0,0.0,0.7,0.0,0.0,,nearby_city_phase2,outside_shanghai_municipality
B0FFM43C37,大树·汇众广场北区,上海,商业休闲,leisure,0.8117,4.1,2,南湖区,120.831529,30.810678,120.835739,30.808314,,False,购物服务;商场;普通商场,060102,七星路与文仕路交叉口西北60米,[],,[],[],[],0.0,0.0,0.0,1.0,0.0,0.2,0.0,,nearby_city_phase2,outside_shanghai_municipality
B0FFH1IT75,南洋广场C区,上海,商业休闲,leisure,0.8117,4.1,2,太仓市,121.110758,31.444272,121.115392,31.442503,,False,购物服务;商场;购物中心|购物服务;商场;普通商场,060101|060102,人民南路96号,[],,太仓,[],[],1.0,0.0,0.0,1.0,0.0,0.2,0.0,,nearby_city_phase2,outside_shanghai_municipality
B0HKKSJ3TY,杭永瑞购物中心,上海,商业休闲,leisure,0.8117,4.1,2,启东市,121.71545,31.783741,121.719859,31.781786,,False,购物服务;商场;购物中心,060101,惠和镇区西河路与惠和南路交叉口东南100米,[],,[],[],[],0.0,0.0,0.0,1.0,0.0,0.6,0.0,,nearby_city_phase2,outside_shanghai_municipality
B0KKN6UHAP,MLB,上海,商业休闲,leisure,0.8117,4.1,2,崇川区,120.986125,31.811925,120.990507,31.809934,,False,购物服务;体育用品店;体育用品店,060900,苏通乐园内(西侧),[],,[],[],[],0.0,0.0,0.0,1.0,0.0,0.6,0.0,,nearby_city_phase2,outside_shanghai_municipality
B0M6UHPZC7,NIKE昆山光明优选体验店,上海,商业休闲,leisure,0.804,3.6,3,昆山市,121.106042,31.299952,121.110665,31.298141,,False,购物服务;体育用品店;体育用品店,060900,中骏世界城(花桥地铁站7号口步行260米),0512-85181951,,[],[],[],0.0,0.0,0.3,1.0,0.5,0.2,0.0,,nearby_city_phase2,outside_shanghai_municipality
B02000K75S,乔丹体育(新华西路店),上海,商业休闲,leisure,0.804,3.6,3,太仓市,121.107384,31.446499,121.112019,31.444733,,False,购物服务;体育用品店;体育用品店,060900,新华西路2号,18662104797,,太仓,[],[],0.0,0.0,0.0,1.0,0.0,0.6,0.0,,nearby_city_phase2,outside_shanghai_municipality
B0KUFC3JYF,龙舟广场,上海,景点,attraction,0.804,3.6,3,崇川区,120.967321,31.937073,120.971649,31.935004,,False,风景名胜;公园广场;城市广场,110105,能达生态通廊内(北侧),[],,[],[],tour,0.0,0.0,0.0,0.3,0.2,0.0,0.0,,nearby_city_phase2,outside_shanghai_municipality
B0FFFV90Q2,361°(浏河店),上海,商业休闲,leisure,0.804,3.6,3,太仓市,121.267661,31.504028,121.272119,31.502097,,False,购物服务;体育用品店;体育用品店,060900,浏河镇复兴东街148-8号,18110672813,,[],[],[],0.0,0.0,0.0,1.0,0.5,0.6,0.0,,nearby_city_phase2,outside_shanghai_municipality
B0JBOHLB6E,乔丹体育(苏州太仓万达广场店),上海,商业休闲,leisure,0.804,3.6,3,太仓市,121.138656,31.4602,121.143262,31.458406,,False,购物服务;体育用品店;体育用品店,060900,上海东路188号万达广场(太仓店)1F层,[],,太仓,[],[],1.0,0.0,0.0,1.0,0.0,0.2,0.0,,nearby_city_phase2,outside_shanghai_municipality
B0FFI9MOCL,SKECHERS 斯凯奇(苏州太仓万达广场店),上海,商业休闲,leisure,0.804,3.6,3,太仓市,121.137356,31.459544,121.141964,31.457752,,False,购物服务;体育用品店;体育用品店,060900,上海东路188号万达广场1楼,13812923491,,太仓,[],[],1.0,0.0,0.0,1.0,0.0,0.2,0.0,,nearby_city_phase2,outside_shanghai_municipality
B0JBGROQU0,袋鼠运动(海贝城店),上海,商业休闲,leisure,0.804,3.6,3,海门区,121.184326,31.884733,121.188881,31.882844,,False,体育休闲服务;运动场馆;运动场所|购物服务;体育用品店;体育用品店,080100|060900,长江路909号长海商务大夏2001商铺,15851380509,,[],[],[],0.0,0.0,0.0,1.0,0.0,0.6,0.0,,nearby_city_phase2,outside_shanghai_municipality
B0FFG6JJUL,鸿星尔克(嘉兴塘绿道店),上海,商业休闲,leisure,0.804,3.6,3,平湖市,121.017252,30.699187,121.021654,30.696919,,False,购物服务;体育用品店;体育用品店,060900,当湖街道解放中路159号,[],,平湖,[],[],0.0,0.0,0.0,1.0,0.0,0.6,0.0,,nearby_city_phase2,outside_shanghai_municipality
B0FFJSVQL7,浦湾星邻里商业街,上海,景点,attraction,0.804,3.6,3,吴中区,120.819552,31.30821,120.823829,31.306136,,False,购物服务;特色商业街;特色商业街,061000,振胜路与通江路交叉口东北40米,[],,苏州工业园区高端制造与国际贸易区,[],[],0.0,0.0,0.0,0.0,0.2,0.0,0.0,,nearby_city_phase2,outside_shanghai_municipality
B0FFKSFF9H,Timberland(南通CBD大有境店),上海,商业休闲,leisure,0.804,3.6,3,崇川区,120.893325,31.969025,120.89754,31.966858,,False,购物服务;体育用品店;户外用品,060907,桃源路12号中南城购物中心3层,0513-55087035,,[],[],[],0.0,0.0,0.0,1.0,0.0,0.6,0.0,,nearby_city_phase2,outside_shanghai_municipality
B0HKUDUB5R,特步(晓市路店),上海,商业休闲,leisure,0.804,3.6,3,吴中区,120.868857,31.269132,120.873036,31.266958,,False,购物服务;体育用品店;体育用品店,060900,甪直镇晓市路26号,[],,甪直,[],[],0.0,0.0,0.0,1.0,0.0,0.6,0.0,,nearby_city_phase2,outside_shanghai_municipality
B02000K58B,鸿星尔克(北门路店),上海,商业休闲,leisure,0.804,3.6,3,昆山市,120.951973,31.399696,120.956211,31.397602,,False,购物服务;体育用品店;体育用品店,060900,北门新村东1门旁,15850318907,,北门路,[],[],0.0,0.0,0.0,1.0,0.0,0.6,0.0,,nearby_city_phase2,outside_shanghai_municipality
B0FFM4VI3R,昆山市城市生态森林公园-北广场,上海,公园,park,0.654,3.6,3,昆山市,120.909141,31.39334,120.91331,31.39119,,False,风景名胜;公园广场;城市广场,110105,马鞍山西路818号昆山市城市生态森林公园内,0512-57591130,,[],[],tour,0.0,0.0,1.0,0.3,0.7,0.0,0.0,,nearby_city_phase2,outside_shanghai_municipality
B0FFJ6X9RM,鸿星尔克(万丰路店),上海,商业休闲,leisure,0.804,3.6,3,南湖区,120.925786,30.709673,120.929915,30.707185,,False,购物服务;体育用品店;体育用品店,060900,万丰路126-128号,18668339756,,[],[],[],0.0,0.0,0.0,1.0,0.0,0.6,0.0,,nearby_city_phase2,outside_shanghai_municipality
B0FFKQLWQC,大东(万联购物中心店),上海,商业休闲,leisure,0.804,3.6,3,嘉善县,120.929875,30.818625,120.934019,30.816199,,False,购物服务;服装鞋帽皮具店;品牌鞋店|购物服务;体育用品店;体育用品店,061102|060900,世纪大道1001号万联购物中心F1层,15557302220,,嘉善大道,[],[],0.0,0.0,0.0,1.0,0.0,0.6,0.0,,nearby_city_phase2,outside_shanghai_municipality
B020016079,网羽社,上海,商业休闲,leisure,0.804,3.6,3,昆山市,120.957985,31.37935,120.962238,31.377264,,False,购物服务;体育用品店;体育用品店,060900,人民北路51号,[],,人民路,[],[],0.0,0.0,0.0,1.0,0.0,0.6,0.0,,nearby_city_phase2,outside_shanghai_municipality
B0FFGBMU6I,361°(财富广场店),上海,商业休闲,leisure,0.804,3.6,3,嘉善县,120.934025,30.837775,120.938177,30.835366,,False,购物服务;体育用品店;体育用品店,060900,施家南路大润发超市1楼361度,[],,罗星,[],[],0.0,0.0,0.0,1.0,0.0,0.2,0.0,,nearby_city_phase2,outside_shanghai_municipality
B0FFF5WJOP,鸿星尔克(人民北路店),上海,商业休闲,leisure,0.804,3.6,3,昆山市,120.957394,31.378401,120.961645,31.376313,,False,购物服务;体育用品店;体育用品店,060900,人民北路22号,[],,玉山,[],[],0.0,0.0,0.0,1.0,0.0,0.6,0.0,,nearby_city_phase2,outside_shanghai_municipality
B0FFGJPM1Z,法制广场,上海,景点,attraction,0.804,3.6,3,常熟市,120.843658,31.631442,120.84791,31.629384,,False,风景名胜;公园广场;城市广场,110105,文学街40号,[],,[],[],tour,0.0,0.0,0.0,0.3,0.2,0.0,0.0,,nearby_city_phase2,outside_shanghai_municipality
B0G2KUSZEX,星盒荟(南星渎商业中心店),上海,景点,attraction,0.804,3.6,3,昆山市,120.900035,31.341705,120.904197,31.339537,,False,购物服务;特色商业街;特色商业街,061000,美丰路459号,[],,[],[],[],0.0,0.0,0.0,0.0,0.2,0.0,0.0,,nearby_city_phase2,outside_shanghai_municipality
B0FFHGLDRL,特步(恒源广场店),上海,商业休闲,leisure,0.804,3.6,3,昆山市,120.945967,31.286458,120.950181,31.284313,,False,购物服务;体育用品店;体育用品店,060900,茶风街附近,[],,张浦,[],[],0.0,0.0,0.0,1.0,0.0,0.2,0.0,,nearby_city_phase2,outside_shanghai_municipality
B0LDXH73ON,安踏(锦溪古镇店),上海,商业休闲,leisure,0.804,3.6,3,昆山市,120.902583,31.174449,120.906732,31.172209,,False,购物服务;体育用品店;体育用品店,060900,锦溪镇文昌路69-171号,4008582020,,锦溪,[],[],0.0,0.15,0.0,1.0,0.0,0.6,0.0,,nearby_city_phase2,outside_shanghai_municipality
B0FFG6JJWW,德尔惠运动(解放中路店),上海,商业休闲,leisure,0.804,3.6,3,平湖市,121.016833,30.699209,121.021233,30.69694,,False,购物服务;体育用品店;体育用品店,060900,解放中路183号,[],,当湖,[],[],0.0,0.0,0.0,1.0,0.0,0.6,0.0,,nearby_city_phase2,outside_shanghai_municipality
B0JB6CHJCK,平川轮滑,上海,商业休闲,leisure,0.804,3.6,3,嘉善县,120.879266,30.946107,120.883406,30.943748,,False,购物服务;体育用品店;体育用品店,060900,西糖平川商贸城六栋401,15106252199,,西塘,[],[],0.0,0.0,0.0,1.0,0.0,0.6,0.0,,nearby_city_phase2,outside_shanghai_municipality
B0FFFW3K97,鸿星尔克(鑫隆广场店),上海,商业休闲,leisure,0.804,3.6,3,昆山市,121.092895,31.303955,121.097516,31.302146,,False,购物服务;体育用品店;体育用品店,060900,花溪路168号鑫隆广场F1层,13524268568,,[],[],[],0.0,0.0,0.0,1.0,0.0,0.2,0.0,,nearby_city_phase2,outside_shanghai_municipality
B0I2350N96,回力(富荣花园店),上海,公园,park,0.804,3.6,3,昆山市,121.037321,31.316272,121.041841,31.314388,,False,购物服务;体育用品店;体育用品店,060900,友谊路189号,[],,陆家,[],[],0.0,0.0,1.0,0.0,0.2,0.0,0.0,,nearby_city_phase2,outside_shanghai_municipality
B0G231EBJK,回力(首创奥特莱斯店),上海,景点,attraction,0.804,3.6,3,昆山市,121.062257,31.365133,121.066846,31.363317,,False,购物服务;服装鞋帽皮具店;品牌鞋店|购物服务;体育用品店;体育用品店,061102|060900,东城大道501号首创奥特莱斯F2-C12,19921825635,,[],[],[],0.0,0.0,0.0,0.0,0.2,0.0,0.0,,nearby_city_phase2,outside_shanghai_municipality
B0H16702FG,鸿星尔克(首创奥特莱斯店),上海,商业休闲,leisure,0.804,3.6,3,昆山市,121.062147,31.366084,121.066736,31.364269,,False,购物服务;体育用品店;体育用品店,060900,首创奥特莱斯D区2层25-26,[],,[],[],[],0.0,0.0,0.0,1.0,0.0,0.6,0.0,,nearby_city_phase2,outside_shanghai_municipality
B02010UO9Q,金三角购物中心(天猫双11爆款产业带南通家纺店),上海,商业休闲,leisure,0.7977,4.0,2,海门区,121.117173,31.9643,121.121848,31.962498,,False,购物服务;商场;普通商场,060102,三星镇富民街2号,[],,[],[],[],0.0,0.0,0.0,1.0,0.0,0.6,0.0,,nearby_city_phase2,outside_shanghai_municipality
B0JB1ZCWZ7,璜泾美食街,上海,景点,attraction,0.7977,4.0,2,太仓市,121.07927,31.688348,121.083914,31.686592,,False,购物服务;特色商业街;特色商业街,061000,南鹿线与346国道交叉口东北80米,[],45.0,[],[],[],0.0,0.0,0.0,0.3,0.2,0.0,0.0,,nearby_city_phase2,outside_shanghai_municipality
B020008H8Z,步行街,上海,景点,attraction,0.7977,4.0,2,太仓市,121.06567,31.564844,121.070283,31.563073,,False,购物服务;特色商业街;特色商业街,061000,白云中路与中市街交叉口西80米,[],,[],[],[],0.0,0.0,0.0,0.0,0.2,0.0,0.0,,nearby_city_phase2,outside_shanghai_municipality
B02000K676,安踏(北门新村店),上海,商业休闲,leisure,0.7977,4.0,2,昆山市,120.951799,31.401377,120.956037,31.399283,,False,购物服务;体育用品店;体育用品店,060900,玉山镇北门路308号,15151558719,,玉山,[],[],0.0,0.0,0.0,1.0,0.0,0.6,0.0,,nearby_city_phase2,outside_shanghai_municipality
B020017G8V,农心购物中心,上海,商业休闲,leisure,0.7977,4.0,2,常熟市,120.846117,31.569144,120.850359,31.56708,,False,购物服务;商场;购物中心,060101,唐市三塘街135号,0512-52578353,,[],[],[],0.0,0.0,0.0,1.0,0.0,0.6,0.0,,nearby_city_phase2,outside_shanghai_municipality
B0FFHOVQ8Y,马路口商场,上海,商业休闲,leisure,0.7977,4.0,2,嘉善县,120.92254,30.840413,120.926675,30.837992,,False,购物服务;商场;普通商场,060102,中山西路8号,[],,健康路,[],[],0.0,0.0,0.0,1.0,0.0,0.6,0.0,,nearby_city_phase2,outside_shanghai_municipality
B0FFHLKVEG,亿丰商城C座(奥邦休闲购物中心店),上海,商业休闲,leisure,0.7977,4.0,2,启东市,121.663313,31.827536,121.667637,31.825484,,False,购物服务;商场;普通商场,060102,汇龙镇中央大道789号亿丰商城C座4楼,[],,[],[],[],0.0,0.0,0.0,1.0,0.0,0.6,0.0,,nearby_city_phase2,outside_shanghai_municipality
B0FFK6O1LY,群狼户外·酒业,上海,商业休闲,leisure,0.7977,4.0,2,昆山市,121.001756,31.392624,121.00616,31.390664,,False,购物服务;体育用品店;户外用品,060907,樾河北路与南浜路交叉口北120米,[],,[],[],[],0.0,0.0,0.0,1.0,0.0,0.6,0.0,,nearby_city_phase2,outside_shanghai_municipality
B0FFG6JJSQ,华联商场(解放中路店),上海,商业休闲,leisure,0.7977,4.0,2,平湖市,121.01621,30.699957,121.020608,30.697687,,False,购物服务;商场;普通商场,060102,解放中路202号,0573-85921243,,平湖,[],[],0.0,0.0,0.0,1.0,0.0,0.6,0.0,,nearby_city_phase2,outside_shanghai_municipality
B0FFKPSPKO,阿迪达斯(南通永旺折扣店),上海,商业休闲,leisure,0.7977,4.0,2,崇川区,120.961125,31.923525,120.965432,31.921443,,False,购物服务;体育用品店;阿迪达斯专卖店,060903,星湖大道1066号永旺梦乐城1层125号,0513-55096610,,[],[],[],0.0,0.0,0.0,1.0,0.0,0.6,0.0,,nearby_city_phase2,outside_shanghai_municipality
B0FFG6JJU5,耐克Nike(解放东路店),上海,商业休闲,leisure,0.7977,4.0,2,平湖市,121.021242,30.699069,121.025658,30.696813,,False,购物服务;体育用品店;耐克专卖店,060902,当湖街道解放东路11-15号,4008806453,,平湖,[],[],0.0,0.0,0.0,1.0,0.0,0.6,0.0,,nearby_city_phase2,outside_shanghai_municipality
B0FFH1SYHE,好人广场,上海,景点,attraction,0.7977,4.0,2,常熟市,120.933838,31.641987,120.938056,31.639891,,False,风景名胜;公园广场;城市广场,110105,星辰路6号附近,[],,[],[],tour,0.0,0.0,0.0,0.3,0.2,0.0,0.0,,nearby_city_phase2,outside_shanghai_municipality
B0FFJJ4QE7,美国·纽百伦(复兴东街店),上海,商业休闲,leisure,0.79,3.5,3,太仓市,121.270724,31.505254,121.275185,31.503326,,False,购物服务;体育用品店;体育用品店,060900,浏河镇复兴东街复兴东街55-10,[],,[],[],[],0.0,0.0,0.0,1.0,0.0,0.6,0.0,,nearby_city_phase2,outside_shanghai_municipality
B0LARCB0S0,361°(嘉兴南湖万达广场店),上海,景点,attraction,0.79,3.5,3,南湖区,120.803175,30.735725,120.807438,30.733372,,False,购物服务;服装鞋帽皮具店;服装鞋帽皮具店|购物服务;体育用品店;体育用品店,061100|060900,广益路万达广场三楼3056A361度,[],,[],[],[],0.0,0.0,0.3,0.3,0.7,0.0,0.0,,nearby_city_phase2,outside_shanghai_municipality
B0HR665C0Y,鸿星尔克(兵希店),上海,商业休闲,leisure,0.79,3.5,3,昆山市,121.038713,31.388169,121.043244,31.386312,,False,购物服务;体育用品店;体育用品店,060900,昆山市开发区同丰东路130号,15162606144,,[],[],[],0.0,0.0,0.0,1.0,0.0,0.6,0.0,,nearby_city_phase2,outside_shanghai_municipality
B0J0FXRARV,狼爪(首创奥特莱斯店),上海,商业休闲,leisure,0.79,3.5,3,昆山市,121.062487,31.365229,121.067076,31.363414,,False,购物服务;体育用品店;户外用品,060907,东城大道501号首创奥特莱斯F1层,[],,[],[],[],0.0,0.0,0.0,1.0,0.0,0.6,0.0,,nearby_city_phase2,outside_shanghai_municipality
B0I2UUY7FT,云尚行户外,上海,商业休闲,leisure,0.79,3.5,3,昆山市,121.101125,31.285675,121.105747,31.283859,,False,购物服务;体育用品店;体育用品店,060900,花桥镇春天大道258号37室,18913556640,,[],[],[],0.0,0.0,0.0,1.0,0.0,0.6,0.0,,nearby_city_phase2,outside_shanghai_municipality
B0FFG1CPVI,特步(友谊路店),上海,商业休闲,leisure,0.79,3.5,3,昆山市,121.033207,31.315174,121.037715,31.313279,,False,购物服务;体育用品店;体育用品店,060900,陆家镇友谊路405号,18326300057,,陆家,[],[],0.0,0.0,0.0,1.0,0.0,0.6,0.0,,nearby_city_phase2,outside_shanghai_municipality
B0J0OUATXH,361度(新仓店),上海,商业休闲,leisure,0.79,3.5,3,平湖市,121.185252,30.732056,121.189707,30.729825,,False,购物服务;体育用品店;体育用品店,060900,芦川新街529-531号,18058603293,,[],[],[],0.0,0.0,0.0,1.0,0.0,0.6,0.0,,nearby_city_phase2,outside_shanghai_municipality
B0L09CDJJ4,阿迪达斯(南通海门大有境店),上海,商业休闲,leisure,0.79,3.5,3,海门区,121.166201,31.879017,121.170793,31.877163,,False,购物服务;体育用品店;阿迪达斯专卖店,060903,江海中路337号南通海门大有境1F层,[],,[],[],[],1.0,0.0,0.0,1.0,0.0,0.6,0.0,,nearby_city_phase2,outside_shanghai_municipality
B0JDPSUGY6,回力(县府街店),上海,景点,attraction,0.79,3.5,3,太仓市,121.106941,31.448612,121.111576,31.446846,,False,购物服务;服装鞋帽皮具店;服装鞋帽皮具店|购物服务;体育用品店;体育用品店,061100|060900,县府街46-5回力鞋店,15190110218,,太仓,[],[],0.0,0.0,0.0,0.0,0.2,0.0,0.0,,nearby_city_phase2,outside_shanghai_municipality
B0FFJHHQXD,中和苑生活购物中心,上海,商业休闲,leisure,0.79,3.5,3,南湖区,120.851204,30.75662,120.85537,30.754191,,False,购物服务;商场;购物中心,060101,大桥镇中和苑5幢公建房(自东往西第五间商铺),[],,[],[],[],0.0,0.0,0.3,1.0,0.0,0.6,0.0,,nearby_city_phase2,outside_shanghai_municipality
B02001B8WB,特步(商茂路店),上海,商业休闲,leisure,0.79,3.5,3,昆山市,120.952326,31.465304,120.95657,31.463226,,False,购物服务;体育用品店;体育用品店,060900,陆杨镇商贸路140号,[],,周市,[],[],0.0,0.0,0.0,1.0,0.0,0.6,0.0,,nearby_city_phase2,outside_shanghai_municipality
B0FFHEX4LU,新阳商品街,上海,景点,attraction,0.79,3.5,3,昆山市,120.962578,31.378883,120.966844,31.376807,,False,购物服务;特色商业街;特色商业街,061000,樾阁南街与新阳街交叉口北60米,[],,前进西路,[],[],0.0,0.0,0.0,0.0,0.2,0.0,0.0,,nearby_city_phase2,outside_shanghai_municipality
B0201087XA,特步(人民中路店),上海,商业休闲,leisure,0.79,3.5,3,启东市,121.661394,31.808316,121.665712,31.806264,,False,购物服务;体育用品店;体育用品店,060900,人民中路565号,0513-83316479,,[],[],[],0.0,0.0,0.0,1.0,0.0,0.6,0.0,,nearby_city_phase2,outside_shanghai_municipality
B0FFG4GDEU,阿迪达斯(欧陆风情街店),上海,商业休闲,leisure,0.79,3.5,3,启东市,121.663995,31.809407,121.668319,31.807359,,False,购物服务;体育用品店;阿迪达斯专卖店,060903,欧洲风情街10-12号,[],,[],[],[],0.0,0.0,0.0,1.0,0.0,0.6,0.0,,nearby_city_phase2,outside_shanghai_municipality
B0HR3ABFAS,鸿星尔克(银都商业广场店),上海,商业休闲,leisure,0.79,3.5,3,昆山市,120.932868,31.281425,120.937054,31.279256,,False,购物服务;体育用品店;体育用品店,060900,张浦镇新吴街银都商业广场6幢12号,[],,张浦,[],[],0.0,0.0,0.0,1.0,0.0,0.2,0.0,,nearby_city_phase2,outside_shanghai_municipality
B0FFI8BM81,嘉兴皇牌台球桌,上海,商业休闲,leisure,0.79,3.5,3,嘉善县,120.942751,30.868481,120.946923,30.866104,,False,购物服务;体育用品店;体育用品店,060900,外环东路1703-1705号附近,13666741483,,[],[],[],0.0,0.0,0.0,1.0,0.0,0.6,0.0,,nearby_city_phase2,outside_shanghai_municipality
B020016EYU,特步(君子亭店),上海,商业休闲,leisure,0.79,3.5,3,昆山市,120.853092,31.370557,120.857305,31.368444,,False,购物服务;体育用品店;体育用品店,060900,巴城镇正仪君子亭西路115号,18061999333,,[],[],[],0.0,0.0,0.0,1.0,0.0,0.6,0.0,,nearby_city_phase2,outside_shanghai_municipality
B0JKADFZQA,乔丹体育QD(银杏苑南区店),上海,公园,park,0.79,3.5,3,昆山市,120.854325,31.371175,120.858535,31.36906,,False,购物服务;体育用品店;体育用品店,060900,正仪君子亭西路52号,[],,[],[],[],0.0,0.0,1.0,0.0,0.2,0.0,0.0,,nearby_city_phase2,outside_shanghai_municipality
B020005YHV,李宁(梅西路店),上海,商业休闲,leisure,0.79,3.5,3,常熟市,120.870724,31.704284,120.874936,31.702182,,False,购物服务;体育用品店;李宁专卖店,060901,梅西路23-9(近胜法路),4006100011,,[],[],[],0.0,0.0,0.0,1.0,0.0,0.6,0.0,,nearby_city_phase2,outside_shanghai_municipality
B02001B0XS,安踏(通周路店),上海,商业休闲,leisure,0.79,3.5,3,常熟市,120.809914,31.705155,120.814244,31.703156,,False,购物服务;体育用品店;体育用品店,060900,海陈线(近通周南路),13773047446,,[],[],[],0.0,0.0,0.0,1.0,0.0,0.6,0.0,,nearby_city_phase2,outside_shanghai_municipality
B0200189DM,鸿星尔克(晓市路店),上海,商业休闲,leisure,0.79,3.5,3,吴中区,120.86879,31.270088,120.872969,31.267915,,False,购物服务;体育用品店;体育用品店,060900,甪直镇晓市路26号,[],,甪直,[],[],0.0,0.0,0.0,1.0,0.0,0.6,0.0,,nearby_city_phase2,outside_shanghai_municipality
B0FFKYB0YQ,小桐圩街,上海,景点,attraction,0.79,3.5,3,嘉善县,120.89282,30.945414,120.896951,30.943046,,False,购物服务;特色商业街;特色商业街,061000,西塘古镇景区内毛家弄至送子来凤桥,[],,西塘,[],[],0.0,0.0,0.0,0.0,0.2,0.0,0.0,,nearby_city_phase2,outside_shanghai_municipality
B0K2A1ZIOG,昇隆商业广场,上海,商业休闲,leisure,0.79,3.5,3,吴江区,120.83301,31.022352,120.837235,31.020108,,False,购物服务;商场;普通商场,060102,越江路702号,18012639979,,汾湖,[],[],0.0,0.0,0.0,1.0,0.0,0.2,0.0,,nearby_city_phase2,outside_shanghai_municipality
B0FFKPCEO9,中星590广场,上海,商业休闲,leisure,0.79,3.5,3,启东市,121.662129,31.807454,121.666449,31.805403,,False,购物服务;商场;普通商场,060102,公园中路590号,[],,[],[],[],0.0,0.0,0.0,1.0,0.0,0.2,0.0,,nearby_city_phase2,outside_shanghai_municipality
B0FFH2DDYI,世茂广场8栋,上海,商业休闲,leisure,0.79,3.5,3,崇川区,120.950528,31.920067,120.954806,31.917962,,False,购物服务;商场;普通商场,060102,星湖街与新东路交叉口东60米,18962772757,,[],[],[],0.0,0.0,0.0,1.0,0.0,0.2,0.0,,nearby_city_phase2,outside_shanghai_municipality
B0L01AFC2A,NEW BALANCE(昆山金鹰国际购物中心店),上海,商业休闲,leisure,0.79,3.5,3,昆山市,120.970924,31.375473,120.975216,31.373418,,False,购物服务;体育用品店;体育用品店,060900,昆山金鹰国际购物中心B座5层,[],,玉山,[],[],0.0,0.0,0.3,1.0,0.5,0.2,0.0,,nearby_city_phase2,outside_shanghai_municipality
B0H2A99I97,李宁(昆山吾悦广场店),上海,商业休闲,leisure,0.79,3.5,3,昆山市,120.96711,31.332303,120.971386,31.330224,,False,购物服务;体育用品店;李宁专卖店,060901,长江南路99号吾悦广场(昆山店)F4层,[],,[],[],[],1.0,0.0,0.3,1.0,0.5,0.2,0.0,,nearby_city_phase2,outside_shanghai_municipality
B020016KPP,特步(秦峰中路店),上海,商业休闲,leisure,0.79,3.5,3,昆山市,121.006335,31.268691,121.010745,31.266701,,False,购物服务;体育用品店;体育用品店,060900,千灯镇秦峰中路193号,[],,千灯,[],[],0.0,0.0,0.0,1.0,0.0,0.6,0.0,,nearby_city_phase2,outside_shanghai_municipality
B0J07YB1LZ,MLB(启东吾悦广场店),上海,商业休闲,leisure,0.79,3.5,3,启东市,121.660555,31.787441,121.66487,31.78539,,False,购物服务;体育用品店;体育用品店,060900,建设南路281号启东吾悦广场一楼1041、1040,13862986683,,[],[],[],1.0,0.0,0.0,1.0,0.0,0.2,0.0,,nearby_city_phase2,outside_shanghai_municipality
B0J1C7GLMF,观鼎高尔夫,上海,商业休闲,leisure,0.79,3.5,3,崇川区,120.964885,31.921666,120.969204,31.919594,,False,购物服务;体育用品店;体育用品店,060900,星湖城市广场二期4幢402,15370996518,,[],[],[],0.0,0.0,0.0,1.0,0.0,0.6,0.0,,nearby_city_phase2,outside_shanghai_municipality
B0HR7ZQFF1,李宁(启东文峰大世界店),上海,商业休闲,leisure,0.79,3.5,3,启东市,121.658325,31.810825,121.662638,31.808766,,False,购物服务;体育用品店;李宁专卖店,060901,人民中路650号文峰大世界启东店F4层,4006100011,,[],[],[],0.0,0.0,0.0,1.0,0.0,0.6,0.0,,nearby_city_phase2,outside_shanghai_municipality
B0G1SLDAOX,卡车广场,上海,景点,attraction,0.79,3.5,3,启东市,121.628933,31.82088,121.6332,31.818773,,False,风景名胜;公园广场;城市广场,110105,清风路与人民西路交叉口西南80米,15190906091,,[],[],tour,0.0,0.0,0.0,0.3,0.2,0.0,0.0,,nearby_city_phase2,outside_shanghai_municipality
B0HRV99GAL,阿迪达斯(龙信广场购物中心店),上海,商业休闲,leisure,0.79,3.5,3,海门区,121.183039,31.880071,121.187596,31.878185,,False,购物服务;体育用品店;体育用品店,060900,长江南路99号龙信广场购物中心南通海门店F2层,[],,[],[],[],0.0,0.0,0.0,1.0,0.0,0.2,0.0,,nearby_city_phase2,outside_shanghai_municipality
B0FFI1NPXH,中航城商业街,上海,景点,attraction,0.7837,3.9,2,昆山市,121.027992,31.382947,121.032488,31.381061,,False,购物服务;特色商业街;特色商业街,061000,前进东路中航城3号,[],,[],[],[],0.0,0.0,0.0,0.0,0.2,0.0,0.0,,nearby_city_phase2,outside_shanghai_municipality
B0J3VS7R4N,风车广场,上海,景点,attraction,0.7837,3.9,2,昆山市,121.002228,31.145282,121.006613,31.14322,,False,风景名胜;公园广场;城市广场,110105,湖滨路与万园路交叉口东420米,[],,[],[],tour,0.0,0.0,0.0,0.3,0.2,0.0,0.0,,nearby_city_phase2,outside_shanghai_municipality
B0FFFOQU1S,鸿星尔克(富民新村店),上海,商业休闲,leisure,0.7837,3.9,2,崇川区,120.931705,31.919005,120.935942,31.916868,,False,购物服务;体育用品店;体育用品店,060900,厦门路2号-9,18015626520,,中央路,[],[],0.0,0.0,0.0,1.0,0.0,0.6,0.0,,nearby_city_phase2,outside_shanghai_municipality
B0FFG6JK5F,安踏(解放西路店),上海,商业休闲,leisure,0.7837,3.9,2,嘉善县,120.921279,30.843958,120.925413,30.841538,,False,购物服务;体育用品店;体育用品店,060900,解放西路126-128号,15024353141,,车站南路,[],[],0.0,0.0,0.0,1.0,0.0,0.6,0.0,,nearby_city_phase2,outside_shanghai_municipality
B0FFG92WE8,PUMA彪马(首创奥特莱斯店),上海,商业休闲,leisure,0.7837,3.9,2,昆山市,121.06226,31.364875,121.066849,31.363059,,False,购物服务;体育用品店;彪马专卖店,060905,东城大道501号首创奥特莱斯C区1层,0512-36695555,,[],[],[],0.0,0.0,0.0,1.0,0.0,0.6,0.0,,nearby_city_phase2,outside_shanghai_municipality
B0LA19AHOC,HOKA(昆山万象汇店),上海,商业休闲,leisure,0.7837,3.9,2,昆山市,120.928228,31.381232,120.932415,31.379093,,False,购物服务;体育用品店;体育用品店,060900,玉山镇前进西路1266号昆山万象汇L1层,[],,玉山,[],[],1.0,0.0,0.3,1.0,0.5,0.2,0.0,,nearby_city_phase2,outside_shanghai_municipality
B0HDGZOG4R,耐克NIKE(公园中路店),上海,商业休闲,leisure,0.7837,3.9,2,启东市,121.664342,31.809385,121.668666,31.807338,,False,购物服务;体育用品店;耐克专卖店,060902,汇龙镇公园中路670-8号,4008806453,,[],[],[],0.0,0.0,0.3,1.0,0.0,0.2,0.0,,nearby_city_phase2,outside_shanghai_municipality
B0HKOUL927,UNDER ARMOUR 安德玛(时尚舞台奥特莱斯店),上海,商业休闲,leisure,0.7837,3.9,2,吴中区,120.822042,31.341963,120.826316,31.339897,,False,购物服务;体育用品店;耐克专卖店,060902,现代大道后戴街9号时尚舞台奥特莱斯F1层,[],,苏州工业园区,[],[],0.0,0.0,0.0,1.0,0.0,0.6,0.0,,nearby_city_phase2,outside_shanghai_municipality
B0FFK8W989,世贸金街(世茂广场店),上海,景点,attraction,0.7837,3.9,2,昆山市,121.053825,31.382925,121.058397,31.3811,,False,购物服务;特色商业街;特色商业街,061000,开发区前进东路223号,[],,[],[],[],0.0,0.0,0.0,0.3,0.2,0.0,0.0,,nearby_city_phase2,outside_shanghai_municipality
B0FFHU71F1,耐克Nike(昆山金鹰国际购物中心店),上海,商业休闲,leisure,0.7837,3.9,2,昆山市,120.973386,31.376094,120.977687,31.374046,,False,购物服务;专卖店;儿童用品店|购物服务;体育用品店;耐克专卖店,061207|060902,珠江中路199号金鹰国际购物中心(昆山店)L3层,4008806453,,玉山,[],[],1.0,0.0,0.3,1.0,0.5,0.2,0.0,,nearby_city_phase2,outside_shanghai_municipality
B023D03MHC,世纪华联购物中心(前港路),上海,商业休闲,leisure,0.7837,3.9,2,平湖市,121.0826,30.751543,121.087167,30.749431,,False,购物服务;商场;购物中心,060101,广陈镇前港集镇佳阳路(长红大药房隔壁),[],,[],[],[],0.0,0.0,0.0,1.0,0.0,0.6,0.0,,nearby_city_phase2,outside_shanghai_municipality
B0LUJRANRW,甪端新区夜市集散点,上海,景点,attraction,0.7837,3.9,2,吴中区,120.834062,31.279568,120.838305,31.277455,,False,购物服务;特色商业街;特色商业街,061000,甪直大道107号,13142065376,,[],[],[],0.0,0.0,0.0,0.3,0.2,0.0,0.0,,nearby_city_phase2,outside_shanghai_municipality
B0KRSDF6D8,老庙黄金(宇业天逸商业广场店),上海,商业休闲,leisure,0.7837,3.9,2,昆山市,120.972885,31.452897,120.97719,31.450867,,False,购物服务;商场;购物中心,060101,金瑭路65号宇业天逸商业广场13号楼12号商铺,0512-50314988,,周市,[],[],0.0,0.15,0.0,1.0,0.0,0.2,0.0,,nearby_city_phase2,outside_shanghai_municipality
B02001BPAQ,璞俪广场(璞俪公馆店),上海,景点,attraction,0.776,3.4,3,昆山市,120.979044,31.421959,120.983368,31.41994,,False,购物服务;商场;普通商场|风景名胜;公园广场;城市广场,060102|110105,一九一村道璞俪公馆,[],,周市,[],[],0.0,0.0,0.0,0.3,0.2,0.0,0.0,,nearby_city_phase2,outside_shanghai_municipality
B0I10S59DL,MLB(南通海门龙信广场购物中心店),上海,商业休闲,leisure,0.776,3.4,3,海门区,121.183662,31.879868,121.188218,31.877981,,False,购物服务;体育用品店;体育用品店,060900,长江南路99号龙信广场购物中心南通海门店F1层,4006129686,,[],[],[],0.0,0.0,0.0,1.0,0.0,0.2,0.0,,nearby_city_phase2,outside_shanghai_municipality
B0L01MFBXC,UNDER ARMOUR 安德玛(昆山金鹰国际购物中心店),上海,商业休闲,leisure,0.776,3.4,3,昆山市,120.971012,31.375952,120.975305,31.373897,,False,购物服务;体育用品店;户外用品,060907,昆山金鹰国际购物中心B座5层,[],,玉山,[],[],0.0,0.0,0.3,1.0,0.5,0.2,0.0,,nearby_city_phase2,outside_shanghai_municipality
B02001BC56,安踏(南大街店),上海,商业休闲,leisure,0.776,3.4,3,常熟市,121.014421,31.698141,121.018897,31.69625,,False,购物服务;体育用品店;体育用品店,060900,东张南大街12-24号,13338028821;13646233098,,[],[],[],0.0,0.0,0.0,1.0,0.0,0.6,0.0,,nearby_city_phase2,outside_shanghai_municipality
B0FFIXFT5K,琪晨外贸运动工厂店,上海,景点,attraction,0.776,3.4,3,崇川区,120.897072,31.961957,120.901286,31.959791,,False,购物服务;服装鞋帽皮具店;服装鞋帽皮具店|购物服务;体育用品店;体育用品店,061100|060900,南郊路63号,18862945321,,狼山,[],[],0.0,0.0,0.0,0.0,0.2,0.0,0.0,,nearby_city_phase2,outside_shanghai_municipality
B0L3FH5O1C,鸿星尔克,上海,商业休闲,leisure,0.776,3.4,3,崇川区,120.950875,31.920625,120.955154,31.918521,,False,购物服务;体育用品店;体育用品店,060900,新河东路101号世茂广场F2层,[],,[],[],[],0.0,0.0,0.0,1.0,0.0,0.6,0.0,,nearby_city_phase2,outside_shanghai_municipality
B0K64DLMJ2,特步(昆山吾悦广场店),上海,商业休闲,leisure,0.776,3.4,3,昆山市,120.967452,31.33257,120.97173,31.330492,,False,购物服务;体育用品店;体育用品店,060900,长江南路99号吾悦广场(昆山店)F4层,[],,[],[],[],1.0,0.0,0.3,1.0,0.5,0.2,0.0,,nearby_city_phase2,outside_shanghai_municipality
B0FFGIBE1V,阿迪达斯(启东文峰大世界店),上海,商业休闲,leisure,0.776,3.4,3,启东市,121.658351,31.810819,121.662664,31.80876,,False,购物服务;体育用品店;阿迪达斯专卖店,060903,人民中路650号文峰大世界启东店F4层,4008801515,,[],[],[],0.0,0.0,0.0,1.0,0.0,0.6,0.0,,nearby_city_phase2,outside_shanghai_municipality
B0200168BO,特步(新胜路店),上海,商业休闲,leisure,0.776,3.4,3,吴中区,120.822782,31.301499,120.827051,31.299416,,False,购物服务;体育用品店;体育用品店,060900,苏州工业园区甪直镇工业园区胜浦镇嘉馨苑二栋,[],,高端制造与国际贸易区,[],[],0.0,0.0,0.0,1.0,0.0,0.6,0.0,,nearby_city_phase2,outside_shanghai_municipality
B0FFKYAAEP,斜塘湾街,上海,景点,attraction,0.776,3.4,3,嘉善县,120.887548,30.942227,120.891681,30.93986,,False,购物服务;特色商业街;特色商业街,061000,西塘古镇景区内,0573-84561501,,西塘,[],[],0.0,0.0,0.0,0.0,0.2,0.0,0.0,,nearby_city_phase2,outside_shanghai_municipality
B0HDFAGSVG,特步(碧溪东路店),上海,商业休闲,leisure,0.776,3.4,3,常熟市,120.93821,31.723867,120.942443,31.721773,,False,购物服务;体育用品店;体育用品店,060900,碧溪东路33-20号,[],,[],[],[],0.0,0.0,0.0,1.0,0.0,0.6,0.0,,nearby_city_phase2,outside_shanghai_municipality
B020017PCL,361°(晓市路店),上海,商业休闲,leisure,0.776,3.4,3,吴中区,120.868883,31.269019,120.873062,31.266845,,False,购物服务;体育用品店;体育用品店,060900,甪直镇晓市路26号,15050107016,,甪直,[],[],0.0,0.0,0.0,1.0,0.0,0.6,0.0,,nearby_city_phase2,outside_shanghai_municipality
B02000KA53,乔丹体育(甪直店),上海,商业休闲,leisure,0.776,3.4,3,吴中区,120.866652,31.268708,120.870834,31.266537,,False,购物服务;体育用品店;体育用品店,060900,甪直镇海藏路7-10号,15962243418,,甪直,[],[],0.0,0.0,0.0,1.0,0.0,0.6,0.0,,nearby_city_phase2,outside_shanghai_municipality
B0FFH88CZN,特步(叠三路),上海,商业休闲,leisure,0.776,3.4,3,海门区,121.115583,31.964554,121.12026,31.962754,,False,购物服务;体育用品店;体育用品店,060900,区三星幼儿园南门东260米,13862849689,,[],[],[],0.0,0.0,0.0,1.0,0.0,0.6,0.0,,nearby_city_phase2,outside_shanghai_municipality
B0FFKDR212,金浦公园-揽胜广场,上海,公园,park,0.626,3.4,3,吴中区,120.82395,31.304753,120.828217,31.302669,,False,风景名胜;公园广场;城市广场,110105,沽浦路与中胜路交叉口西北20米,[],,苏州工业园区,[],tour,0.0,0.0,1.0,0.3,0.2,0.0,0.0,,nearby_city_phase2,outside_shanghai_municipality
B0J1YHKPFY,歇马桥韩世忠纪念广场,上海,景点,attraction,0.776,3.4,3,昆山市,121.058106,31.223673,121.062674,31.221794,,False,风景名胜;公园广场;城市广场,110105,千灯镇歇马桥村村民委员会,[],,[],[],tour,0.0,0.15,0.0,0.3,0.2,0.0,0.0,,nearby_city_phase2,outside_shanghai_municipality
B020007Z7A,特步(复兴东街店),上海,商业休闲,leisure,0.776,3.4,3,太仓市,121.270439,31.505383,121.2749,31.503454,,False,购物服务;体育用品店;体育用品店,060900,复兴东街与迎福南路交叉口东80米,13338727585,,[],[],[],0.0,0.0,0.0,1.0,0.0,0.6,0.0,,nearby_city_phase2,outside_shanghai_municipality
B0LR35CDHZ,花巷广场,上海,景点,attraction,0.776,3.4,3,嘉善县,120.89245,30.946233,120.896581,30.943866,,False,风景名胜;公园广场;城市广场,110105,西塘镇南苑路258号西塘古镇内(北侧),[],,西塘,[],tour,0.0,0.0,0.0,0.3,0.2,0.0,0.0,,nearby_city_phase2,outside_shanghai_municipality
B0G0XU26VP,富士光仪麻将机(江夏路店),上海,商业休闲,leisure,0.776,3.4,3,常熟市,120.874146,31.713114,120.878354,31.711007,,False,购物服务;专卖店;专营店|购物服务;体育用品店;体育用品店,061200|060900,江夏路43-7号,13773062148,,[],[],[],0.0,0.0,0.0,1.0,0.5,0.6,0.0,,nearby_city_phase2,outside_shanghai_municipality
B0JAFRJWUG,MLB(启东文峰大世界店),上海,商业休闲,leisure,0.776,3.4,3,启东市,121.658303,31.810622,121.662616,31.808563,,False,购物服务;体育用品店;体育用品店,060900,人民中路650号,15343227551,,[],[],[],0.0,0.0,0.0,1.0,0.0,0.6,0.0,,nearby_city_phase2,outside_shanghai_municipality
B0FFFDI3GM,阿迪达斯(昆山商厦店),上海,商业休闲,leisure,0.776,3.4,3,昆山市,120.957607,31.375441,120.961858,31.373352,,False,购物服务;体育用品店;阿迪达斯专卖店,060903,人民南路146-148号昆山商厦F5层,0512-36821040,,人民路,[],[],1.0,0.0,0.3,1.0,0.5,0.2,0.0,,nearby_city_phase2,outside_shanghai_municipality
B0KUFCXL0N,亲水广场,上海,景点,attraction,0.776,3.4,3,崇川区,120.970818,31.930755,120.975157,31.928697,,False,风景名胜;公园广场;城市广场,110105,能达生态通廊(东北角),[],,[],[],tour,0.0,0.0,0.0,0.3,0.2,0.0,0.0,,nearby_city_phase2,outside_shanghai_municipality
B02000K2K5,361°(人民北路店),上海,商业休闲,leisure,0.776,3.4,3,昆山市,120.957327,31.378577,120.961578,31.376489,,False,购物服务;体育用品店;体育用品店,060900,人民路42号新世界商厦F1,4008855361,,人民路,[],[],0.0,0.0,0.0,1.0,0.0,0.6,0.0,,nearby_city_phase2,outside_shanghai_municipality
B0JG95DILF,迈橙体育(大渔商业广场店),上海,商业休闲,leisure,0.7697,3.8,2,昆山市,120.896024,31.411182,120.900192,31.409036,,False,购物服务;体育用品店;体育用品店,060900,玉山镇杜克大道505号大渔商业广场B10,[],,[],[],[],0.0,0.0,0.0,1.0,0.0,0.2,0.0,,nearby_city_phase2,outside_shanghai_municipality
B023D0SQM5,鸿星尔克(嘉善车站南路专卖店),上海,商业休闲,leisure,0.7697,3.8,2,嘉善县,120.922822,30.840518,120.926958,30.838097,,False,购物服务;体育用品店;体育用品店,060900,车站南路158号,[],,车站南路,[],[],0.0,0.0,0.0,1.0,0.0,0.6,0.0,,nearby_city_phase2,outside_shanghai_municipality
B0200167XX,福客隆文化广场,上海,景点,attraction,0.7697,3.8,2,吴中区,120.828652,31.296814,120.832908,31.294718,,False,风景名胜;公园广场;城市广场,110105,胜浦镇吴淞商业广场,[],,高端制造与国际贸易区,[],tour,0.0,0.15,0.0,0.3,0.2,0.0,0.0,,nearby_city_phase2,outside_shanghai_municipality
B0IAKAD8YE,耐克Nike(天虹商场店),上海,商业休闲,leisure,0.7697,3.8,2,昆山市,120.951575,31.357975,120.955808,31.355868,,False,购物服务;体育用品店;耐克专卖店,060902,中华园路1555号天虹商场F3层,4008806453,,玉山,[],[],0.0,0.0,0.0,1.0,0.0,0.6,0.0,,nearby_city_phase2,outside_shanghai_municipality
B02010VEFJ,腾飞体育(河南中路店),上海,商业休闲,leisure,0.7697,3.8,2,启东市,121.65705,31.805948,121.66136,31.803888,,False,购物服务;体育用品店;体育用品店,060900,河南中路563号宝岛花园C区,0513-83302578,,[],[],[],0.0,0.0,0.0,1.0,0.5,0.6,0.0,,nearby_city_phase2,outside_shanghai_municipality
B0JK26S6FD,叮当体育(花悦荟生活广场店),上海,商业休闲,leisure,0.7697,3.8,2,昆山市,121.134991,31.292447,121.139588,31.290607,,False,购物服务;体育用品店;体育用品店,060900,花桥镇光明路60号花悦荟广场3楼,19901458218,,花桥,[],[],0.0,0.0,0.0,1.0,0.0,0.2,0.0,,nearby_city_phase2,outside_shanghai_municipality
B0FFF9E6GT,世茂广场D1座,上海,商业休闲,leisure,0.7697,,2,昆山市,121.053942,31.38274,121.058514,31.380915,,False,购物服务;商场;商场,060100,前进东路205号,[],,[],[],[],0.0,0.0,0.0,1.0,0.0,0.2,0.0,,nearby_city_phase2,outside_shanghai_municipality
B0LRU4BOD3,即乐体育,上海,商业休闲,leisure,0.7697,3.8,2,昆山市,120.977032,31.370982,120.981344,31.368942,,False,购物服务;体育用品店;体育用品店,060900,玉山镇黄河中路109号,[],,玉山,[],[],0.0,0.0,0.0,1.0,0.0,0.6,0.0,,nearby_city_phase2,outside_shanghai_municipality
B0FFG6JH86,阿迪达斯(解放东路店),上海,商业休闲,leisure,0.7697,3.8,2,平湖市,121.021242,30.699127,121.025658,30.696871,,False,购物服务;体育用品店;阿迪达斯专卖店,060903,解放东路11-15号,0573-85025213,,当湖,[],[],0.0,0.0,0.0,1.0,0.0,0.6,0.0,,nearby_city_phase2,outside_shanghai_municipality
B0FFG6BQUA,361°(北门路店),上海,商业休闲,leisure,0.7697,3.8,2,昆山市,120.951871,31.40123,120.956109,31.399136,,False,购物服务;体育用品店;体育用品店,060900,玉山镇北门路302号,4008855361,,北门路,[],[],0.0,0.0,0.0,1.0,0.0,0.6,0.0,,nearby_city_phase2,outside_shanghai_municipality
B0IUDGGAWY,耐克Nike(昆山青阳万达广场店),上海,商业休闲,leisure,0.7697,3.8,2,昆山市,120.991743,31.412563,120.996111,31.410578,,False,购物服务;体育用品店;耐克专卖店,060902,青阳北路238号万达广场昆山青阳店F2层,[],,周市,[],[],0.0,0.0,0.3,1.0,0.5,0.2,0.0,,nearby_city_phase2,outside_shanghai_municipality
B0K1CCN6ZQ,鸿星尔克(姚庄店),上海,商业休闲,leisure,0.7697,3.8,2,嘉善县,120.959064,30.912614,120.963281,30.910297,,False,购物服务;体育用品店;体育用品店,060900,姚庄镇洪福路106号,18668339756,,[],[],[],0.0,0.0,0.0,1.0,0.0,0.6,0.0,,nearby_city_phase2,outside_shanghai_municipality
B0K3KLMKQJ,澄湖小香港美食广场,上海,景点,attraction,0.766,4.4,1,吴中区,120.868967,31.244367,120.873143,31.242182,,False,购物服务;特色商业街;特色商业街,061000,金澄湖白领公寓西南侧250米,[],32.0,甪直,[],[],0.0,0.0,0.3,0.3,0.7,0.0,0.0,,nearby_city_phase2,outside_shanghai_municipality
B0JU492VY9,新天地广场夜市(德力新天地店),上海,景点,attraction,0.98,4.4,1,通州区,121.009317,31.924756,121.013794,31.922812,,False,购物服务;特色商业街;特色商业街,061000,张芝山镇张江路99号德力新天地F1,[],25.0,[],[],[],0.0,0.0,0.0,0.4,0.2,0.0,0.0,,nearby_city_phase2,outside_shanghai_municipality
B02000JTTR,芝溪美食街,上海,景点,attraction,0.766,4.4,1,常熟市,120.961205,31.606312,120.965486,31.60427,,False,购物服务;特色商业街;特色商业街,061000,支塘镇芝溪路12号,[],30.0,[],[],[],0.0,0.0,0.0,0.3,0.2,0.0,0.0,,nearby_city_phase2,outside_shanghai_municipality
B0J1GCCO0F,长牵桥自然村健身广场,上海,景点,attraction,0.766,4.4,1,昆山市,120.837609,31.187751,120.841837,31.18559,,False,风景名胜;公园广场;城市广场,110105,兴泽路与长牵港路交叉口东120米,[],,[],[],tour,0.0,0.0,0.3,0.3,0.2,0.0,0.0,,nearby_city_phase2,outside_shanghai_municipality
B020005Y18,莱茵广场,上海,景点,attraction,0.766,4.4,1,昆山市,120.966239,31.378317,120.970516,31.376251,,False,购物服务;特色商业街;特色商业街,061000,柏庐中路205号,15050234731;18796853610,,前进中路,[],[],0.0,0.0,0.0,0.3,0.2,0.0,0.0,,nearby_city_phase2,outside_shanghai_municipality
B020015V4B,新湖邻里商业广场,上海,商业休闲,leisure,0.766,4.4,1,太仓市,121.054913,31.468575,121.059495,31.466773,,False,购物服务;特色商业街;特色商业街,061000,双凤镇新湖建业路29号,13962609174,,[],[],[],0.0,0.0,0.3,1.0,0.5,0.2,0.0,,nearby_city_phase2,outside_shanghai_municipality
B02001AJI5,秦峰广场,上海,景点,attraction,0.766,4.4,1,昆山市,121.015606,31.258044,121.020049,31.256077,,False,购物服务;特色商业街;特色商业街,061000,千灯镇黄浦江路和琼花路交汇处,0512-57279777,,千灯,[],[],0.0,0.0,0.0,0.3,0.2,0.0,0.0,,nearby_city_phase2,outside_shanghai_municipality
B0FFG21QZB,文昌市民跳舞健身广场,上海,景点,attraction,0.762,3.3,3,昆山市,120.902732,31.171533,120.90688,31.169291,,False,风景名胜;公园广场;城市广场,110105,锦溪镇长寿路南侧苏杭时代大厦南边锦溪古镇内(东南角),0512-57224669,,锦溪,[],tour,0.0,0.0,0.0,0.3,0.2,0.0,0.0,,nearby_city_phase2,outside_shanghai_municipality
B0FFL7MBPZ,特步(万达店),上海,商业休闲,leisure,0.762,3.3,3,昆山市,120.991918,31.412619,120.996287,31.410635,,False,购物服务;体育用品店;体育用品店,060900,青阳北路238号万达广场昆山青阳店F2层,[],,周市,[],[],0.0,0.0,0.0,1.0,0.0,0.6,0.0,,nearby_city_phase2,outside_shanghai_municipality
B020107USJ,安踏(川港店),上海,商业休闲,leisure,0.762,3.3,3,通州区,121.066426,31.926777,121.071072,31.924969,,False,购物服务;体育用品店;体育用品店,060900,川姜镇川南村一组(川港医院社区卫生服务站东),4008582020,,[],[],[],0.0,0.0,0.0,1.0,0.0,0.6,0.0,,nearby_city_phase2,outside_shanghai_municipality
B0201025DA,特步(镇中路店),上海,商业休闲,leisure,0.762,3.3,3,通州区,121.065915,31.926758,121.07056,31.924949,,False,购物服务;体育用品店;体育用品店,060900,川姜镇川港派出所东隔壁,[],,[],[],[],0.0,0.0,0.0,1.0,0.0,0.6,0.0,,nearby_city_phase2,outside_shanghai_municipality
B0J21RF63T,斯凯奇(昆山首创奥特莱斯店),上海,公园,park,0.762,3.3,3,昆山市,121.061136,31.364979,121.065722,31.363162,,False,购物服务;体育用品店;体育用品店,060900,东城大道501号首创奥特莱斯F1层,[],,[],[],[],0.0,0.0,1.0,0.0,0.7,0.0,0.0,,nearby_city_phase2,outside_shanghai_municipality
B02001B3B3,特步(富荣花园店),上海,公园,park,0.762,3.3,3,昆山市,121.038725,31.31662,121.04325,31.31474,,False,购物服务;体育用品店;体育用品店,060900,陆家镇友谊路91号富荣花园,18550073812,,陆家,[],[],0.0,0.0,1.0,0.0,0.2,0.0,0.0,,nearby_city_phase2,outside_shanghai_municipality
B0J0MZYR0X,金家港南面健身器材,上海,商业休闲,leisure,0.762,3.3,3,昆山市,121.040952,31.143257,121.045469,31.141302,,False,购物服务;体育用品店;体育用品店,060900,自然本草养生馆(金家港店)东南侧50米,[],,[],[],[],0.0,0.0,0.0,1.0,0.0,0.6,0.0,,nearby_city_phase2,outside_shanghai_municipality
B0L01MFQDN,VANS(昆山金鹰国际购物中心店),上海,商业休闲,leisure,0.762,3.3,3,昆山市,120.971686,31.375803,120.975981,31.37375,,False,购物服务;体育用品店;体育用品店,060900,昆山金鹰国际购物中心B座5层,[],,玉山,[],[],0.0,0.0,0.3,1.0,0.5,0.2,0.0,,nearby_city_phase2,outside_shanghai_municipality
B0G3LCJ4R0,乔丹体育(新优路店),上海,商业休闲,leisure,0.762,3.3,3,嘉善县,120.972674,30.841551,120.976928,30.839227,,False,购物服务;体育用品店;体育用品店,060900,新优路138号,4007032333,,[],[],[],0.0,0.0,0.0,1.0,0.0,0.6,0.0,,nearby_city_phase2,outside_shanghai_municipality
B020105CQN,特步(富民新村店),上海,商业休闲,leisure,0.762,3.3,3,崇川区,120.931074,31.91917,120.93531,31.917032,,False,购物服务;体育用品店;体育用品店,060900,富民新村-西区西南门旁,[],,振兴路,[],[],0.0,0.0,0.0,1.0,0.0,0.6,0.0,,nearby_city_phase2,outside_shanghai_municipality
B020017P6W,乔丹体育(锦溪古镇店),上海,商业休闲,leisure,0.762,3.3,3,昆山市,120.902563,31.174567,120.906712,31.172327,,False,购物服务;体育用品店;体育用品店,060900,锦溪镇文昌路75-77号,4007032333,,锦溪,[],[],0.0,0.15,0.0,1.0,0.0,0.6,0.0,,nearby_city_phase2,outside_shanghai_municipality
B0FFIWO0V4,乔丹体育(嘉善大润发店),上海,商业休闲,leisure,0.762,3.3,3,嘉善县,120.934629,30.837528,120.938782,30.83512,,False,购物服务;体育用品店;体育用品店,060900,施家南路318号大润发一楼,13957358657;4007032333,,罗星,[],[],0.0,0.0,0.0,1.0,0.0,0.6,0.0,,nearby_city_phase2,outside_shanghai_municipality
B0FFM1A6C0,361度(嘉兴嘉善一店),上海,商业休闲,leisure,0.762,3.3,3,嘉善县,120.923175,30.841568,120.927311,30.839148,,False,购物服务;体育用品店;体育用品店,060900,魏塘街道车站南路141-143号,15990349271,,车站南路,[],[],0.0,0.0,0.0,1.0,0.0,0.6,0.0,,nearby_city_phase2,outside_shanghai_municipality
B0JRPUVIL3,回力(嘉善银泰百货店),上海,商业休闲,leisure,0.762,3.3,3,嘉善县,120.928189,30.824799,120.932331,30.822375,,False,购物服务;体育用品店;体育用品店,060900,嘉善大道399号银泰百货F2层,[],,嘉善大道,[],[],0.0,0.0,0.0,1.0,0.0,0.6,0.0,,nearby_city_phase2,outside_shanghai_municipality
B0FFKYPURY,多可爱金街(龙信广场店),上海,景点,attraction,0.762,3.3,3,海门区,121.183976,31.879437,121.188532,31.877549,,False,购物服务;特色商业街;特色商业街,061000,龙信广场金街115号,[],,[],[],[],0.0,0.0,0.0,0.3,0.2,0.0,0.0,,nearby_city_phase2,outside_shanghai_municipality
B0JR7ZE0VA,361度浮桥店,上海,商业休闲,leisure,0.762,3.3,3,太仓市,121.214256,31.602601,121.218736,31.600695,,False,购物服务;体育用品店;体育用品店,060900,浮桥镇镇中路,[],,[],[],[],0.0,0.0,0.0,1.0,0.0,0.6,0.0,,nearby_city_phase2,outside_shanghai_municipality
B0FFL8LFZN,安踏(新星路店),上海,商业休闲,leisure,0.7557,3.7,2,昆山市,121.080491,31.367421,121.085108,31.365628,,False,购物服务;体育用品店;体育用品店,060900,新星路790室142号,17601586698,,[],[],[],0.0,0.0,0.0,1.0,0.0,0.6,0.0,,nearby_city_phase2,outside_shanghai_municipality
B0HKLUTOH7,匹克(首创奥特莱斯店),上海,商业休闲,leisure,0.7557,3.7,2,昆山市,121.06234,31.365335,121.066929,31.36352,,False,购物服务;体育用品店;体育用品店,060900,东城大道501号首创奥特莱斯F2层,[],,[],[],[],0.0,0.0,0.0,1.0,0.0,0.6,0.0,,nearby_city_phase2,outside_shanghai_municipality
B0FFGFUM33,安踏(车站南路店),上海,商业休闲,leisure,0.7557,3.7,2,嘉善县,120.923406,30.843268,120.927542,30.840849,,False,购物服务;体育用品店;体育用品店,060900,解放西路83号,4008582020,,车站南路,[],[],0.0,0.0,0.0,1.0,0.0,0.6,0.0,,nearby_city_phase2,outside_shanghai_municipality
B0LRDD7AQK,VICTOR定陈体育城西专卖店(花园路店),上海,商业休闲,leisure,0.7557,3.7,2,昆山市,120.923471,31.400553,120.927653,31.398414,,False,购物服务;体育用品店;体育用品店,060900,玉山镇花园路2813号清水湾,13962451212,,玉山,[],[],0.0,0.0,0.3,1.0,0.0,0.6,0.0,,nearby_city_phase2,outside_shanghai_municipality
B0FFG7ISJY,李宁(启东5店),上海,商业休闲,leisure,0.7557,3.7,2,启东市,121.661686,31.808752,121.666005,31.8067,,False,购物服务;体育用品店;李宁专卖店,060901,汇龙镇欧洲风情街138-142号,0513-80673980,,[],[],[],0.0,0.0,0.0,1.0,0.0,0.6,0.0,,nearby_city_phase2,outside_shanghai_municipality
B0FFF4JJD1,华地·商业广场(天地华城店),上海,商业休闲,leisure,0.7557,3.7,2,昆山市,120.918221,31.381713,120.922395,31.379564,,False,购物服务;商场;普通商场,060102,前进西路1188号(共青地铁站3东北口步行110米),[],,玉山,[],[],0.0,0.0,0.0,1.0,0.0,0.2,0.0,,nearby_city_phase2,outside_shanghai_municipality
B0H1VZP285,金湾文化广场,上海,景点,attraction,0.7557,3.7,2,常熟市,120.937498,31.745411,120.941731,31.743313,,False,风景名胜;公园广场;城市广场,110105,龙溪北路常熟理文铂尔曼酒店,[],,[],[],tour,0.0,0.15,0.0,0.3,0.2,0.0,0.0,,nearby_city_phase2,outside_shanghai_municipality
B0KUNUD78R,KIS-T轮滑,上海,商业休闲,leisure,0.6057,3.7,2,昆山市,120.981687,31.398122,120.986018,31.396104,,False,购物服务;体育用品店;体育用品店,060900,周市镇吉麦隆三楼,17337682208,,玉山,[],[],0.0,0.0,0.0,1.0,0.0,0.6,0.0,,nearby_city_phase2,outside_shanghai_municipality
B0FFGLFJ6L,安踏(千灯店),上海,商业休闲,leisure,0.7557,3.7,2,昆山市,121.006,31.268284,121.010409,31.266293,,False,购物服务;体育用品店;体育用品店,060900,千灯镇秦峰中路220号,[],,千灯,[],[],0.0,0.0,0.0,1.0,0.0,0.6,0.0,,nearby_city_phase2,outside_shanghai_municipality
B0FFFQ62YN,鸿星尔克(金邻苑店),上海,公园,park,0.7557,3.7,2,吴中区,120.829088,31.303196,120.833344,31.301102,,False,购物服务;体育用品店;体育用品店,060900,兴浦路103号吉麦隆(胜浦店)F1层,15385730108,,苏州工业园区,[],[],1.0,0.0,1.0,0.0,0.2,0.0,0.0,,nearby_city_phase2,outside_shanghai_municipality
B0J0MZV4JL,金家港东面健身器材,上海,商业休闲,leisure,0.7557,3.7,2,昆山市,121.040975,31.144325,121.045492,31.142371,,False,购物服务;体育用品店;体育用品店,060900,维漫·乡隐民宿(淀山湖镇店)东南侧90米,[],,[],[],[],0.0,0.0,0.0,1.0,0.0,0.6,0.0,,nearby_city_phase2,outside_shanghai_municipality
B0FFG6QGOU,安踏(梅西路店),上海,商业休闲,leisure,0.7557,3.7,2,常熟市,120.870302,31.704145,120.874514,31.702043,,False,购物服务;体育用品店;体育用品店,060900,梅西路23-9号,15851626603,,[],[],[],0.0,0.0,0.0,1.0,0.0,0.6,0.0,,nearby_city_phase2,outside_shanghai_municipality
B02000KA2J,马鞍山路步行街,上海,景点,attraction,0.7557,3.7,2,昆山市,120.883043,31.388756,120.887216,31.386611,,False,购物服务;特色商业街;步行街,061001,巴城镇金澄路284号,[],,[],[],[],0.0,0.0,0.3,0.0,0.7,0.0,0.0,,nearby_city_phase2,outside_shanghai_municipality
B0FFGC8R50,阿迪达斯(华联天地店),上海,商业休闲,leisure,0.7557,3.7,2,太仓市,121.107675,31.445675,121.11231,31.443908,,False,购物服务;体育用品店;阿迪达斯专卖店,060903,人民南路2号华联天地F4层,[],,太仓,[],[],0.0,0.0,0.0,1.0,0.0,0.6,0.0,,nearby_city_phase2,outside_shanghai_municipality
B0FFHGUYBR,沪士广场,上海,商业休闲,leisure,0.752,4.3,1,昆山市,120.981933,31.380264,120.986263,31.378241,,False,购物服务;商场;普通商场,060102,黑龙江北路88号,[],,震川路,[],[],0.0,0.0,0.0,1.0,0.0,0.2,0.0,,nearby_city_phase2,outside_shanghai_municipality
B0LAC5JJ09,甪端新区夜市美食城,上海,景点,attraction,0.752,4.3,1,吴中区,120.842839,31.275478,120.847064,31.273347,,False,购物服务;特色商业街;特色商业街,061000,汇凯路18号,[],,甪直,[],[],0.0,0.0,0.0,0.3,0.2,0.0,0.0,,nearby_city_phase2,outside_shanghai_municipality
B0FFI84QVQ,温州商业街(车站北路店),上海,景点,attraction,0.752,4.3,1,嘉善县,120.923413,30.845514,120.92755,30.843096,,False,购物服务;特色商业街;特色商业街,061000,温州商业街格林春天,[],,魏塘,[],[],0.0,0.0,0.0,0.0,0.2,0.0,0.0,,nearby_city_phase2,outside_shanghai_municipality
B020007VXP,安踏儿童,上海,商业休闲,leisure,0.748,3.2,3,太仓市,121.270451,31.505219,121.274912,31.50329,,False,购物服务;专卖店;儿童用品店|购物服务;体育用品店;体育用品店,061207|060900,复兴东街与迎福南路交叉口东100米,13812915878,,[],[],[],0.0,0.0,0.0,1.0,0.0,0.6,0.0,,nearby_city_phase2,outside_shanghai_municipality
B0G0DY65OX,昆山当代昆剧院-南广场,上海,景点,attraction,0.598,3.2,3,昆山市,120.971335,31.382149,120.975629,31.380097,,False,风景名胜;公园广场;城市广场,110105,当代昆剧院,[],,前进中路,[],tour,0.0,0.0,0.3,0.3,0.7,0.2,0.0,,nearby_city_phase2,outside_shanghai_municipality
B0GRGDPL58,361度(飞马路店),上海,商业休闲,leisure,0.748,3.2,3,太仓市,121.262094,31.558442,121.266552,31.556514,,False,购物服务;体育用品店;体育用品店,060900,浏家港飞马路214号,18110672813,,太仓港港口开发区,[],[],0.0,0.0,0.0,1.0,0.0,0.6,0.0,,nearby_city_phase2,outside_shanghai_municipality
B0FFL9DRA6,特步(晓市路店),上海,商业休闲,leisure,0.748,3.2,3,吴中区,120.868825,31.270125,120.873004,31.267952,,False,购物服务;体育用品店;体育用品店,060900,晓市路12号,17768065635,,甪直,[],[],0.0,0.0,0.0,1.0,0.0,0.6,0.0,,nearby_city_phase2,outside_shanghai_municipality
B0FFIOUFOQ,碧溪公园-体育文化广场,上海,公园,park,0.598,3.2,3,常熟市,120.934406,31.732165,120.938632,31.730064,,False,风景名胜;公园广场;城市广场,110105,艾湾路碧溪公园(西南角),[],,[],[],tour,0.0,0.15,1.0,0.3,0.2,0.0,0.0,,nearby_city_phase2,outside_shanghai_municipality
B0FFGAVT5L,乔丹体育(江南春堤店),上海,商业休闲,leisure,0.748,3.2,3,昆山市,120.957901,31.314727,120.962148,31.312618,,False,购物服务;体育用品店;体育用品店,060900,张浦镇江南春堤步行街64号(新联华超市北门),15051666478,,张浦,[],[],0.0,0.0,0.0,1.0,0.5,0.6,0.0,,nearby_city_phase2,outside_shanghai_municipality
B020107V24,曙光广场,上海,景点,attraction,0.748,3.2,3,启东市,121.645738,31.81578,121.650029,31.813698,,False,风景名胜;公园广场;城市广场,110105,港西中路与人民西路交叉口东北80米,[],,[],[],tour,0.0,0.0,0.0,0.3,0.2,0.0,0.0,,nearby_city_phase2,outside_shanghai_municipality
B0JRGC04N0,回力(SMP星悦城店),上海,商业休闲,leisure,0.748,3.2,3,嘉善县,120.920351,30.841085,120.924484,30.838662,,False,购物服务;体育用品店;体育用品店,060900,中山西路118号SMP星悦城F1层,[],,魏塘,[],[],1.0,0.0,0.0,1.0,0.0,0.6,0.0,,nearby_city_phase2,outside_shanghai_municipality
B02010VPXB,惠萍镇休闲广场,上海,景点,attraction,0.7417,3.6,2,启东市,121.761507,31.762124,121.765922,31.760192,,False,风景名胜;公园广场;城市广场,110105,惠萍镇休闲广场(启东市惠萍镇政府南),[],,[],[],tour,0.0,0.0,0.0,0.3,0.2,0.0,0.0,,nearby_city_phase2,outside_shanghai_municipality
B0K0LSQTET,ASICS KIDS(昆山招商花园城店),上海,公园,park,0.7417,3.6,2,昆山市,120.955849,31.404888,120.960098,31.402804,,False,购物服务;体育用品店;体育用品店,060900,萧林中路666号昆山招商花园城F4层,[],,玉山,[],[],0.0,0.0,1.0,0.0,0.7,0.0,0.0,,nearby_city_phase2,outside_shanghai_municipality
B0FFGJUYIW,乔丹体育(商业街店),上海,商业休闲,leisure,0.7417,3.6,2,昆山市,121.038679,31.317046,121.043204,31.315166,,False,购物服务;体育用品店;体育用品店,060900,陆家友谊路122号,13222259771,,陆家,[],[],0.0,0.0,0.0,1.0,0.0,0.6,0.0,,nearby_city_phase2,outside_shanghai_municipality
B0FFJT2N78,时思市民广场,上海,景点,attraction,0.7417,3.6,2,太仓市,121.155314,31.642982,121.159907,31.641177,,False,风景名胜;公园广场;城市广场,110105,甘林路与时九线交叉口北40米,[],,[],[],tour,0.0,0.0,0.0,0.3,0.2,0.0,0.0,,nearby_city_phase2,outside_shanghai_municipality
B0H2Y91PQM,鸿星尔克(友谊路店),上海,商业休闲,leisure,0.7417,3.6,2,昆山市,121.033175,31.315125,121.037682,31.31323,,False,购物服务;体育用品店;体育用品店,060900,友谊路403号,[],,陆家,[],[],0.0,0.0,0.0,1.0,0.0,0.6,0.0,,nearby_city_phase2,outside_shanghai_municipality
B0I1JRJS6T,安踏kids(昆山招商花园城店),上海,商业休闲,leisure,0.7417,3.6,2,昆山市,120.956131,31.404716,120.960381,31.402633,,False,购物服务;体育用品店;体育用品店,060900,萧林中路666号昆山招商花园城L4层,[],,玉山,[],[],1.0,0.0,0.3,1.0,0.5,0.2,0.0,,nearby_city_phase2,outside_shanghai_municipality
B0J1GCALOA,橙天生活广场,上海,商业休闲,leisure,0.7417,3.6,2,昆山市,120.85557,31.13336,120.859759,31.131139,,False,购物服务;商场;普通商场,060102,大桥路与高新路交叉口西南160米,[],,[],[],[],0.0,0.0,0.0,1.0,0.0,0.2,0.0,,nearby_city_phase2,outside_shanghai_municipality
B0FFGYES5G,乔丹体育(大岛路店),上海,商业休闲,leisure,0.7417,3.6,2,海门区,121.081062,31.965806,121.085733,31.964005,,False,购物服务;体育用品店;体育用品店,060900,三星镇叠石桥农民城81号,13813636600,,[],[],[],0.0,0.0,0.0,1.0,0.0,0.6,0.0,,nearby_city_phase2,outside_shanghai_municipality
B0FFH7KETA,鸿星尔克(新中路店),上海,商业休闲,leisure,0.7417,3.6,2,平湖市,121.089633,30.821637,121.094211,30.819567,,False,购物服务;体育用品店;体育用品店,060900,新埭镇新中路12号,[],,[],[],[],0.0,0.0,0.0,1.0,0.0,0.6,0.0,,nearby_city_phase2,outside_shanghai_municipality
B0L1FRZMFJ,ANTAGUANJUN安踏冠军(南通枫叶小镇奥特莱斯店),上海,商业休闲,leisure,0.7417,3.6,2,崇川区,120.988398,31.812708,120.992788,31.810724,,False,购物服务;体育用品店;体育用品店,060900,海澳路77号枫叶小镇奥特莱斯F1层,15996649907,,[],[],[],0.0,0.0,0.0,1.0,0.0,0.6,0.0,,nearby_city_phase2,outside_shanghai_municipality
B020016BJ7,安踏(欧特福购物中心店),上海,商业休闲,leisure,0.7417,3.6,2,太仓市,121.135817,31.488159,121.14043,31.486374,,False,购物服务;体育用品店;体育用品店,060900,板桥镇五洲路1-8号,4008582020,,太仓,[],[],0.0,0.0,0.0,1.0,0.0,0.6,0.0,,nearby_city_phase2,outside_shanghai_municipality
B0HR0KLHP4,安踏(南通海门龙信广场购物中心店),上海,商业休闲,leisure,0.7417,3.6,2,海门区,121.182976,31.880095,121.187534,31.878209,,False,购物服务;体育用品店;体育用品店,060900,长江南路99号龙信广场购物中心南通海门店F2层,4008582020,,[],[],[],0.0,0.0,0.0,1.0,0.0,0.2,0.0,,nearby_city_phase2,outside_shanghai_municipality
B0FFF9WXSS,鸿星尔克(合丰农贸市场店),上海,商业休闲,leisure,0.7417,3.6,2,昆山市,121.001726,31.341209,121.006125,31.339233,,False,购物服务;体育用品店;体育用品店,060900,合丰农贸市场东门旁,[],,[],[],[],0.0,0.0,0.0,1.0,0.0,0.6,0.0,,nearby_city_phase2,outside_shanghai_municipality
B0FFHSTCDL,富士花园商业街,上海,景点,attraction,0.7417,3.6,2,昆山市,120.983684,31.4004,120.988022,31.398388,,False,购物服务;特色商业街;特色商业街,061000,周市镇白塘路(裕元幼儿园对面),[],,玉山,[],[],0.0,0.0,0.3,0.0,0.2,0.0,0.0,,nearby_city_phase2,outside_shanghai_municipality
B0FFI1YP55,衡山城商业街(衡山城国际花园店),上海,景点,attraction,0.7417,3.6,2,昆山市,120.954962,31.362079,120.959205,31.35998,,False,购物服务;特色商业街;特色商业街,061000,人民南路与衡山路交叉口南20米,[],,玉山,[],[],0.0,0.0,0.3,0.0,0.7,0.0,0.0,,nearby_city_phase2,outside_shanghai_municipality
B02000IGI6,特步(南街店),上海,商业休闲,leisure,0.7417,3.6,2,昆山市,120.95741,31.378225,120.961661,31.376137,,False,购物服务;体育用品店;体育用品店,060900,玉山镇正阳桥人民路南街一号,[],,人民路,[],[],0.0,0.0,0.0,1.0,0.0,0.6,0.0,,nearby_city_phase2,outside_shanghai_municipality
B0FFF91VGS,梅李镇体育健身中心广场,上海,景点,attraction,0.7417,3.6,2,常熟市,120.870606,31.712952,120.874819,31.710849,,False,风景名胜;公园广场;城市广场,110105,人民路与银塘路交叉口北160米,[],,[],[],tour,0.0,0.0,0.0,0.3,0.2,0.0,0.0,,nearby_city_phase2,outside_shanghai_municipality
B0J1ZUPRNS,盛巷花园小广场,上海,景点,attraction,0.7417,3.6,2,昆山市,120.940868,31.298046,120.945071,31.295896,,False,风景名胜;公园广场;城市广场,110105,张浦镇商秧路1333号,[],,[],[],tour,0.0,0.0,0.3,0.3,0.2,0.0,0.0,,nearby_city_phase2,outside_shanghai_municipality
B0LRMOYSSU,THE NORTH FACE(南通CBD大有境店),上海,商业休闲,leisure,0.738,4.2,1,崇川区,120.893695,31.969103,120.89791,31.966936,,False,购物服务;体育用品店;体育用品店,060900,南通CBD大有境A座一楼1023北面专柜,13524445965,,[],[],[],0.0,0.0,0.0,1.0,0.0,0.6,0.0,,nearby_city_phase2,outside_shanghai_municipality
B0K3LC61S6,昆山茗辉体育,上海,公园,park,0.738,4.2,1,昆山市,121.064311,31.378765,121.068905,31.376957,,False,购物服务;体育用品店;体育用品店,060900,昆山奥体中心A-s7,18652959267,,[],[],[],0.0,0.0,1.0,0.0,0.7,0.0,0.0,,nearby_city_phase2,outside_shanghai_municipality
B0FFKZPPP5,欣乐城商业街B区,上海,景点,attraction,0.738,4.2,1,启东市,121.675411,31.800486,121.679756,31.798462,,False,购物服务;特色商业街;特色商业街,061000,人民东路83号欣乐城,0513-68039999,,[],[],[],0.0,0.0,0.0,0.0,0.2,0.0,0.0,,nearby_city_phase2,outside_shanghai_municipality
B0IGACQCD9,时代尚城壹号街,上海,景点,attraction,0.738,4.2,1,通州区,121.009293,31.919157,121.013769,31.917215,,False,购物服务;特色商业街;特色商业街,061000,张芝山镇时代尚城,13003559381,,[],[],[],0.0,0.0,0.0,0.0,0.2,0.0,0.0,,nearby_city_phase2,outside_shanghai_municipality
B0K1OBTMCV,龙辰高新商业广场,上海,商业休闲,leisure,0.738,4.2,1,昆山市,120.888475,31.388675,120.892644,31.386526,,False,购物服务;商场;普通商场,060102,马鞍山西路与才清路交叉口南60米,[],,[],[],[],0.0,0.0,0.0,1.0,0.0,0.2,0.0,,nearby_city_phase2,outside_shanghai_municipality
B0FFHO1VNO,通富商业广场,上海,商业休闲,leisure,0.738,4.2,1,崇川区,120.925398,31.970787,120.92963,31.968631,,False,购物服务;商场;购物中心,060101,通富北路89-91号,[],,[],[],[],0.0,0.0,0.0,1.0,0.0,0.2,0.0,,nearby_city_phase2,outside_shanghai_municipality
B0I2HAZKE7,启东鼎珈美购物中心,上海,商业休闲,leisure,0.738,4.2,1,启东市,121.6335,31.788829,121.63777,31.786733,,False,购物服务;商场;商场,060100,南郊家园D区邻里中心二楼,[],,[],[],[],0.0,0.0,0.0,1.0,0.0,0.6,0.0,,nearby_city_phase2,outside_shanghai_municipality
B0FFGVXX9V,支塘购物广场,上海,商业休闲,leisure,0.738,4.2,1,常熟市,120.962538,31.605679,120.966823,31.60364,,False,购物服务;商场;购物中心,060101,芝溪路与依荷路交叉口东100米,0512-52558699,,[],[],[],0.0,0.0,0.0,1.0,0.0,0.2,0.0,,nearby_city_phase2,outside_shanghai_municipality
B0FFJYLOSU,钧森广场(苏州海藏路步行街店),上海,商业休闲,leisure,0.738,4.2,1,吴中区,120.865464,31.26836,120.869647,31.26619,,False,购物服务;商场;普通商场,060102,甪直镇鸣市路18号万嘉生活广场北面,[],,甪直,[],[],0.0,0.0,0.0,1.0,0.0,0.2,0.0,,nearby_city_phase2,outside_shanghai_municipality
B02001BVG1,大唐商业广场,上海,商业休闲,leisure,0.738,4.2,1,昆山市,121.004218,31.261914,121.00862,31.259915,,False,购物服务;特色商业街;特色商业街,061000,千灯镇秦峰南路1796号,[],,千灯,[],[],0.0,0.0,0.0,1.0,0.0,0.2,0.0,,nearby_city_phase2,outside_shanghai_municipality
B0JUHCVS6L,海虞夜市(海虞新天地商业广场店),上海,商业休闲,leisure,0.98,4.2,1,常熟市,120.800425,31.744425,120.804777,31.742438,,False,购物服务;特色商业街;特色商业街,061000,海虞镇人民路和迎宾路交叉口,[],36.0,[],[],[],0.0,0.0,0.0,1.0,0.0,0.2,0.0,,nearby_city_phase2,outside_shanghai_municipality
B0IAKZEBCN,特步(海虞新天地商业广场店),上海,商业休闲,leisure,0.98,3.1,3,常熟市,120.800425,31.744925,120.804777,31.742938,,False,购物服务;体育用品店;体育用品店,060900,人民路与迎宾路交叉口北140米海虞新天地商业广场C区一楼,18662622329,,[],[],[],0.0,0.0,0.0,1.0,0.0,0.2,0.0,,nearby_city_phase2,outside_shanghai_municipality
B02010VPWV,和平广场,上海,景点,attraction,0.734,3.1,3,启东市,121.65121,31.819609,121.65551,31.817536,,False,风景名胜;公园广场;城市广场,110105,汇龙镇港东中路人口文化主题公园(东北角),[],,[],[],tour,0.0,0.0,0.0,0.3,0.2,0.0,0.0,,nearby_city_phase2,outside_shanghai_municipality
B0FFF9JRI2,小康园购物广场,上海,商业休闲,leisure,0.734,3.1,3,昆山市,120.992352,31.355441,120.996718,31.353441,,False,购物服务;商场;普通商场|购物服务;超级市场;超市,060102|060400,开发区庆丰东路537号,18912650219,,玉山,[],[],0.0,0.0,0.0,1.0,0.0,0.2,0.0,,nearby_city_phase2,outside_shanghai_municipality
B0GDL5IBBW,昆山吾悦匹克专卖店,上海,商业休闲,leisure,0.734,3.1,3,昆山市,120.968188,31.332155,120.972468,31.330078,,False,购物服务;体育用品店;体育用品店,060900,吾悦广场四楼4015,13913759613,,[],[],[],0.0,0.0,0.3,1.0,0.5,0.2,0.0,,nearby_city_phase2,outside_shanghai_municipality
B0FFHNF5QF,沙家浜风景区-瞻仰广场,上海,景点,attraction,0.584,3.1,3,常熟市,120.798793,31.55111,120.803132,31.54913,,False,风景名胜;公园广场;城市广场,110105,沙家浜风景区内(西南角),0512-52500000,,[],[],tour,0.0,0.0,0.3,0.3,0.7,0.0,0.0,,nearby_city_phase2,outside_shanghai_municipality
B020016J8V,特步(浦南路店),上海,商业休闲,leisure,0.7277,3.5,2,吴江区,120.840263,31.008669,120.844471,31.006404,,False,购物服务;体育用品店;体育用品店,060900,浦南路522号,[],,[],[],[],0.0,0.0,0.0,1.0,0.0,0.6,0.0,,nearby_city_phase2,outside_shanghai_municipality
B0FFFY1RI3,鸿星尔克(三塘路店),上海,商业休闲,leisure,0.7277,3.5,2,常熟市,120.84325,31.56868,120.847498,31.566621,,False,购物服务;体育用品店;体育用品店,060900,三塘路与康达路交叉口西240米,[],,[],[],[],0.0,0.0,0.0,1.0,0.0,0.6,0.0,,nearby_city_phase2,outside_shanghai_municipality
B0HUNZ9WT5,泛华·东福广场,上海,商业休闲,leisure,0.7277,3.5,2,平湖市,121.02022,30.73064,121.024635,30.728396,,False,购物服务;商场;普通商场,060102,宏建路与新华北路交叉口西南40米,[],,[],[],[],0.0,0.0,0.0,1.0,0.0,0.2,0.0,,nearby_city_phase2,outside_shanghai_municipality
B02001E461,安踏(琴剑苑店),上海,商业休闲,leisure,0.7277,3.5,2,常熟市,120.839205,31.632828,120.843467,31.630778,,False,购物服务;体育用品店;体育用品店,060900,古里镇铜剑北街110号琴剑苑,15851538614,,[],[],[],0.0,0.0,0.3,1.0,0.0,0.6,0.0,,nearby_city_phase2,outside_shanghai_municipality
B0FFH46G9K,阳光昆城商业街(阳光昆城店),上海,景点,attraction,0.7277,3.5,2,昆山市,120.954913,31.402238,120.959159,31.400151,,False,购物服务;特色商业街;特色商业街,061000,萧林中路阳光昆城,13912666472,,玉山,[],[],0.0,0.0,0.0,0.0,0.2,0.0,0.0,,nearby_city_phase2,outside_shanghai_municipality
B0FFF9WI37,吉田国际广场2期,上海,商业休闲,leisure,0.7277,3.5,2,昆山市,120.960831,31.35146,120.96509,31.349371,,False,购物服务;商场;商场,060100,玉山镇柏庐南路999号,[],,[],[],[],0.0,0.0,0.0,1.0,0.0,0.2,0.0,,nearby_city_phase2,outside_shanghai_municipality
B0J0MZRYPH,神童泾河西健身器材,上海,商业休闲,leisure,0.7277,3.5,2,昆山市,121.025075,31.149175,121.029542,31.147182,,False,购物服务;体育用品店;体育用品店,060900,永鸿路与新童路交叉口东北340米,[],,[],[],[],0.0,0.0,0.0,1.0,0.5,0.6,0.0,,nearby_city_phase2,outside_shanghai_municipality
B020016CT0,安踏(淦昌路店),上海,商业休闲,leisure,0.7277,3.5,2,常熟市,120.959535,31.606344,120.963811,31.604298,,False,购物服务;体育用品店;体育用品店,060900,淦昌路与支中路交叉口东40米,[],,[],[],[],0.0,0.0,0.0,1.0,0.0,0.6,0.0,,nearby_city_phase2,outside_shanghai_municipality
B0HG0L2LQ6,回力,上海,商业休闲,leisure,0.7277,3.5,2,昆山市,120.957696,31.378001,120.961948,31.375913,,False,购物服务;体育用品店;体育用品店,060900,人民北路15号,[],,玉山,[],[],0.0,0.0,0.0,1.0,0.0,0.6,0.0,,nearby_city_phase2,outside_shanghai_municipality
B0FFL896J2,海虞镇东方广场-初心广场,上海,景点,attraction,0.5777,3.5,2,常熟市,120.802857,31.743027,120.807204,31.741036,,False,风景名胜;公园广场;城市广场,110105,海虞镇东方广场(西南角),[],,[],[],tour,0.0,0.0,0.0,0.3,0.2,0.0,0.0,,nearby_city_phase2,outside_shanghai_municipality
B0G07Z1P56,FILA(启东文峰大世界店),上海,商业休闲,leisure,0.7277,3.5,2,启东市,121.658299,31.810825,121.662612,31.808766,,False,购物服务;体育用品店;体育用品店,060900,人民中路650号文峰大世界4层,4008867699,,[],[],[],0.0,0.0,0.0,1.0,0.0,0.6,0.0,,nearby_city_phase2,outside_shanghai_municipality
B0FFFYP03E,特步(嘉兴塘绿道店),上海,商业休闲,leisure,0.7277,3.5,2,平湖市,121.016959,30.69918,121.02136,30.696911,,False,购物服务;体育用品店;体育用品店,060900,解放西路与新华中路交叉口东260米,0573-85111271,,当湖,[],[],0.0,0.0,0.0,1.0,0.0,0.6,0.0,,nearby_city_phase2,outside_shanghai_municipality
B0FFH87A7B,安踏(姜竹线店),上海,商业休闲,leisure,0.7277,3.5,2,通州区,121.010263,31.927724,121.014744,31.925783,,False,购物服务;专卖店;儿童用品店|购物服务;体育用品店;体育用品店,061207|060900,姜竹线与工农路交叉口南60米,4008582020,,[],[],[],0.0,0.0,0.0,1.0,0.0,0.6,0.0,,nearby_city_phase2,outside_shanghai_municipality
B023D043XS,德尔惠新仓店,上海,商业休闲,leisure,0.7277,3.5,2,平湖市,121.187252,30.731739,121.191703,30.729504,,False,购物服务;体育用品店;体育用品店,060900,新仓镇芦川新街442-444号,18058603293,,[],[],[],0.0,0.0,0.0,1.0,0.0,0.6,0.0,,nearby_city_phase2,outside_shanghai_municipality
B0LAV57DH6,乾兵军事广场,上海,景点,attraction,0.7277,3.5,2,太仓市,121.073922,31.50568,121.078543,31.503913,,False,风景名胜;风景名胜;风景名胜,110200,城厢镇生态园路,[],,[],[],tour,0.0,0.0,0.0,0.3,0.2,0.0,0.0,,nearby_city_phase2,outside_shanghai_municipality
B0FFHRQ5X3,瑞力动漫生活广场,上海,商业休闲,leisure,0.724,4.1,1,嘉善县,120.907389,30.824756,120.911511,30.822317,,False,购物服务;商场;商场,060100,嘉善阳光路与子胥路交叉口,[],,[],[],[],0.0,0.0,0.0,1.0,0.0,0.2,0.0,,nearby_city_phase2,outside_shanghai_municipality
B0FFG7JX1J,英皇国际广场,上海,商业休闲,leisure,0.724,4.1,1,启东市,121.664743,31.800082,121.669067,31.798037,,False,购物服务;商场;购物中心,060101,民胜中路与灵秀路交叉口,[],,[],[],[],0.0,0.0,0.0,1.0,0.0,0.2,0.0,,nearby_city_phase2,outside_shanghai_municipality
B0FFFTAO9N,尚城广场,上海,商业休闲,leisure,0.724,4.1,1,常熟市,120.840157,31.749267,120.844427,31.747208,,False,购物服务;商场;普通商场,060102,美迪洋路25号,15716207982,,[],[],[],0.0,0.0,0.0,1.0,0.0,0.2,0.0,,nearby_city_phase2,outside_shanghai_municipality
B0FFH4XDK7,路能跑步体验店(体育中心店),上海,商业休闲,leisure,0.724,4.1,1,昆山市,120.909722,31.384934,120.91389,31.382782,,False,购物服务;体育用品店;体育用品店,060900,体育馆路与文体路交叉口东200米,0512-55228866,,前进西路,[],[],0.0,0.0,0.0,1.0,0.0,0.6,0.0,,nearby_city_phase2,outside_shanghai_municipality
B0L3Z50FAK,YONEX寺铭体育(耀江广场店),上海,商业休闲,leisure,0.724,4.1,1,崇川区,120.919282,31.950685,120.923505,31.948528,,False,购物服务;体育用品店;体育用品店,060900,开发区耀江商业广场2号楼103室,18094351102,,[],[],[],0.0,0.15,0.0,1.0,0.5,0.2,0.0,,nearby_city_phase2,outside_shanghai_municipality
B0HBO1LTT8,汇邻生活广场,上海,商业休闲,leisure,0.724,4.1,1,太仓市,121.191326,31.591449,121.195842,31.589578,,False,购物服务;商场;普通商场|购物服务;超级市场;超市,060102|060400,华正路与南环路交叉口北40米,0512-53730121,,[],[],[],0.0,0.0,0.0,1.0,0.0,0.2,0.0,,nearby_city_phase2,outside_shanghai_municipality
B0FFL5BHDH,天凝文化体育广场,上海,景点,attraction,0.724,4.1,1,嘉善县,120.814962,30.894513,120.819214,30.892228,,False,风景名胜;公园广场;城市广场,110105,东方路与凝溪东路交叉口西南120米,[],,[],[],tour,0.0,0.15,0.0,0.3,0.2,0.0,0.0,,nearby_city_phase2,outside_shanghai_municipality
B0FFGJCUWZ,薇尼诗商业街(薇尼诗花园西区店),上海,景点,attraction,0.724,4.1,1,常熟市,120.804059,31.597364,120.808392,31.595378,,False,购物服务;特色商业街;特色商业街,061000,金门路北50米,[],,[],[],[],0.0,0.0,0.3,0.0,0.2,0.0,0.0,,nearby_city_phase2,outside_shanghai_municipality
B0FFIAUVXU,中南比邻好街区,上海,景点,attraction,0.724,4.1,1,海门区,121.190124,31.874464,121.194667,31.872566,,False,购物服务;特色商业街;特色商业街,061000,海门高新区海门镇中南锦苑(嘉陵江南路西),0513-82218896,,[],[],[],0.0,0.0,0.0,0.0,0.2,0.0,0.0,,nearby_city_phase2,outside_shanghai_municipality
B0LAZ1XOO1,361°(中骏世界城店),上海,商业休闲,leisure,0.72,3.0,3,昆山市,121.106572,31.300279,121.111194,31.298468,,False,购物服务;体育用品店;体育用品店,060900,中骏世界城(花桥地铁站7号口步行280米),[],,[],[],[],0.0,0.0,0.0,1.0,0.0,0.6,0.0,,nearby_city_phase2,outside_shanghai_municipality
B0JK17KOGK,鸿星尔克(启东吾悦广场店),上海,商业休闲,leisure,0.72,3.0,3,启东市,121.660056,31.786902,121.66437,31.784851,,False,购物服务;体育用品店;体育用品店,060900,民胜南路旁边吾悦广场(启东店)F2层,13849661528,,[],[],[],1.0,0.0,0.0,1.0,0.0,0.2,0.0,,nearby_city_phase2,outside_shanghai_municipality
B0HKDL2QFS,鸿星尔克(昆山吾悦广场店),上海,商业休闲,leisure,0.7137,3.4,2,昆山市,120.967283,31.33258,120.97156,31.330501,,False,购物服务;体育用品店;体育用品店,060900,玉山镇长江南路99号吾悦广场四层,[],,[],[],[],1.0,0.0,0.3,1.0,0.5,0.2,0.0,,nearby_city_phase2,outside_shanghai_municipality
B0FFG155X6,新丰中心商业街,上海,景点,attraction,0.7137,3.4,2,南湖区,120.922405,30.700511,120.926529,30.698015,,False,购物服务;特色商业街;特色商业街,061000,平林路与人民路交叉口西20米,[],,[],[],[],0.0,0.0,0.0,0.0,0.2,0.0,0.0,,nearby_city_phase2,outside_shanghai_municipality
B020017RZX,鸿星尔克(秦峰中路店),上海,商业休闲,leisure,0.7137,3.4,2,昆山市,121.005756,31.267144,121.010164,31.265151,,False,购物服务;体育用品店;体育用品店,060900,秦峰中路与少卿中路交叉口西南80米,[],,千灯,[],[],0.0,0.0,0.0,1.0,0.0,0.6,0.0,,nearby_city_phase2,outside_shanghai_municipality
B0J0MZS6I0,啧噢村健身器材,上海,商业休闲,leisure,0.7137,3.4,2,昆山市,121.024259,31.164964,121.028724,31.162977,,False,购物服务;体育用品店;体育用品店,060900,永字路与永利路交叉口南400米,[],,[],[],[],0.0,0.0,0.0,1.0,0.0,0.6,0.0,,nearby_city_phase2,outside_shanghai_municipality
B0FFI1OL78,特步(甪直镇店),上海,商业休闲,leisure,0.7137,3.4,2,吴中区,120.867051,31.268858,120.871232,31.266686,,False,购物服务;体育用品店;体育用品店,060900,海藏路8-9号,[],,甪直,[],[],0.0,0.0,0.0,1.0,0.0,0.6,0.0,,nearby_city_phase2,outside_shanghai_municipality
B0FFL1NAY9,百花喷泉广场,上海,景点,attraction,0.7137,3.4,2,太仓市,121.096849,31.510501,121.10149,31.508748,,False,风景名胜;公园广场;城市广场,110105,金仓湖路与毛家市路交叉口东280米,0512-82706002,,[],[],tour,0.0,0.0,0.0,0.3,0.2,0.0,0.0,,nearby_city_phase2,outside_shanghai_municipality
B0FFH46IIX,室内步行街(万达广场店),上海,景点,attraction,0.7137,3.4,2,太仓市,121.138866,31.460713,121.143472,31.458919,,False,购物服务;特色商业街;步行街,061001,娄江南路与上海东路交叉口西180米,[],,太仓,[],[],0.0,0.0,0.0,0.3,0.2,0.2,0.0,,nearby_city_phase2,outside_shanghai_municipality
B023D0RBZ8,古银杏广场,上海,景点,attraction,0.7137,3.4,2,嘉善县,120.914724,30.840276,120.918851,30.837849,,False,风景名胜;公园广场;城市广场,110105,魏塘街道中山西路388号银杏大楼,[],,体育南路,[],tour,0.0,0.15,0.0,0.3,0.2,0.0,0.0,,nearby_city_phase2,outside_shanghai_municipality
B0I1O596BD,乔丹体育(新城广场店),上海,商业休闲,leisure,0.7137,3.4,2,太仓市,121.10749,31.448553,121.112125,31.446787,,False,购物服务;体育用品店;体育用品店,060900,县府街43-2号43-3号,4007032333,,太仓,[],[],0.0,0.0,0.0,1.0,0.0,0.2,0.0,,nearby_city_phase2,outside_shanghai_municipality
B0FFG4E28F,食1街区,上海,景点,attraction,0.7137,3.4,2,常熟市,120.959503,31.60232,120.963779,31.600274,,False,购物服务;特色商业街;特色商业街,061000,204国道与支川路交汇处西50米,[],,[],[],[],0.0,0.0,0.0,0.0,0.2,0.0,0.0,,nearby_city_phase2,outside_shanghai_municipality
B0HRJ4MYZ8,阿迪达斯(海门文峰大世界店),上海,商业休闲,leisure,0.7137,3.4,2,海门区,121.186287,31.890292,121.190839,31.888398,,False,购物服务;体育用品店;阿迪达斯专卖店,060903,长江路608号文峰大世界海门店F4层,[],,[],[],[],0.0,0.0,0.0,1.0,0.0,0.6,0.0,,nearby_city_phase2,outside_shanghai_municipality
B0K3MZR18U,CONVERSE匡威(平湖银泰百货店),上海,商业休闲,leisure,0.7137,3.4,2,平湖市,121.019498,30.693337,121.023907,30.691073,,False,购物服务;体育用品店;体育用品店,060900,建国南路237号银泰百货平湖店F3层,[],,当湖,[],[],0.0,0.0,0.3,1.0,0.5,0.2,0.0,,nearby_city_phase2,outside_shanghai_municipality
B0FFM44T6E,碧溪新区吴市办事处党建文化广场,上海,景点,attraction,0.7137,3.4,2,常熟市,120.991845,31.721678,120.99624,31.719716,,False,风景名胜;公园广场;城市广场,110105,通化路与振兴路交叉口东北80米,[],,[],[],tour,0.0,0.15,0.0,0.3,0.2,0.0,0.0,,nearby_city_phase2,outside_shanghai_municipality
B0J0MZRYPR,六如墩村南门健身器材,上海,商业休闲,leisure,0.7137,3.4,2,昆山市,121.036228,31.149157,121.040731,31.147194,,False,购物服务;体育用品店;体育用品店,060900,双永路与曙光路交叉口东北480米,[],,[],[],[],0.0,0.0,0.0,1.0,0.0,0.6,0.0,,nearby_city_phase2,outside_shanghai_municipality
B020007E9J,特步(梅西路店),上海,商业休闲,leisure,0.7137,3.4,2,常熟市,120.870145,31.704426,120.874358,31.702324,,False,购物服务;体育用品店;体育用品店,060900,梅李镇梅西路6号,[],,[],[],[],0.0,0.0,0.0,1.0,0.0,0.6,0.0,,nearby_city_phase2,outside_shanghai_municipality
B020015WKE,尉州广场,上海,景点,attraction,0.7137,3.4,2,昆山市,120.994022,31.465813,120.998403,31.463848,,False,风景名胜;公园广场;城市广场,110105,开发区青阳北路828号,18962659515,,周市,[],tour,0.0,0.0,0.0,0.3,0.2,0.0,0.0,,nearby_city_phase2,outside_shanghai_municipality
B02010UPR0,廉洁文化广场,上海,景点,attraction,0.7137,3.4,2,崇川区,120.929447,31.928786,120.933681,31.926644,,False,风景名胜;公园广场;城市广场,110105,天津路与通州路交叉口北100米,[],,中央路,[],tour,0.0,0.15,0.0,0.3,0.2,0.0,0.0,,nearby_city_phase2,outside_shanghai_municipality
B0FFLLFROI,商和休闲商业广场5号楼,上海,商业休闲,leisure,0.71,4.0,1,海门区,121.189738,31.881711,121.194282,31.879812,,False,购物服务;商场;普通商场,060102,政法路商和不夜城(东侧),15996528005,,[],[],[],0.0,0.0,0.0,1.0,0.0,0.2,0.0,,nearby_city_phase2,outside_shanghai_municipality
B020106J7S,优山美地风情商业街,上海,景点,attraction,0.71,4.0,1,崇川区,120.914606,31.942471,120.918824,31.940312,,False,购物服务;特色商业街;特色商业街,061000,开发区星湖大道1888号,[],,[],[],[],0.0,0.0,0.3,0.0,0.7,0.0,0.0,,nearby_city_phase2,outside_shanghai_municipality
B0GUBKLD1Y,好人广场,上海,景点,attraction,0.71,4.0,1,太仓市,121.127115,31.439307,121.131735,31.437524,,False,风景名胜;公园广场;城市广场,110105,滨河路与锦州路交叉口南40米,[],,太仓,[],tour,0.0,0.0,0.0,0.3,0.2,0.0,0.0,,nearby_city_phase2,outside_shanghai_municipality
B0HRV99BY0,CONVERSE匡威(首创奥特莱斯店),上海,商业休闲,leisure,0.71,4.0,1,昆山市,121.062495,31.365532,121.067084,31.363717,,False,购物服务;体育用品店;体育用品店,060900,C街区F1-C23,0512-57593583,,[],[],[],0.0,0.0,0.0,1.0,0.0,0.6,0.0,,nearby_city_phase2,outside_shanghai_municipality
B0J13RMYW3,巴城镇武城村赵泾活动广场,上海,景点,attraction,0.71,4.0,1,昆山市,120.84956,31.512065,120.853791,31.509989,,False,风景名胜;公园广场;城市广场,110105,巴城镇武城村赵泾垃圾分类收集亭北侧,[],,[],[],tour,0.0,0.0,0.0,0.3,0.2,0.0,0.0,,nearby_city_phase2,outside_shanghai_municipality
B0FFGA6NON,中兴商业街(浮桥欧德福城市生活广场店),上海,景点,attraction,0.71,4.0,1,太仓市,121.211508,31.598739,121.215991,31.596837,,False,购物服务;特色商业街;特色商业街,061000,中兴街与中兴南街交叉口东北60米,[],,[],[],[],0.0,0.0,0.0,0.3,0.2,0.0,0.0,,nearby_city_phase2,outside_shanghai_municipality
B0FFGPUVYZ,耐克Nike(星悦城店),上海,商业休闲,leisure,0.71,4.0,1,嘉善县,120.920258,30.841098,120.924391,30.838675,,False,购物服务;体育用品店;耐克专卖店,060902,中山西路118号恒利购物广场3楼,13646736628,,健康路,[],[],1.0,0.0,0.0,1.0,0.0,0.6,0.0,,nearby_city_phase2,outside_shanghai_municipality
B023D0RTHH,商业文化广场B区,上海,商业休闲,leisure,0.71,4.0,1,平湖市,121.02501,30.6997,121.029439,30.697455,,False,购物服务;商场;普通商场,060102,环城东路21号,[],,平湖,[],[],0.0,0.15,0.0,1.0,0.0,0.2,0.0,,nearby_city_phase2,outside_shanghai_municipality
B0FFH9H3BR,金浦商苑,上海,景点,attraction,0.71,4.0,1,昆山市,120.988124,31.408086,120.992479,31.406089,,False,购物服务;特色商业街;特色商业街,061000,金浦路与横泾路交叉口西100米,[],,周市,[],[],0.0,0.0,0.3,0.0,0.2,0.0,0.0,,nearby_city_phase2,outside_shanghai_municipality
B0FFHIV0CO,耐克Nike(万嘉生活广场店),上海,商业休闲,leisure,0.706,2.9,3,吴中区,120.865909,31.267675,120.870092,31.265504,,False,购物服务;体育用品店;耐克专卖店,060902,鸣市路18号万嘉生活广场F1层,[],,甪直,[],[],0.0,0.0,0.0,1.0,0.0,0.2,0.0,,nearby_city_phase2,outside_shanghai_municipality
B0HKD964C2,休闲广场,上海,景点,attraction,0.706,2.9,3,嘉善县,120.934169,30.849732,120.938322,30.84733,,False,风景名胜;公园广场;城市广场,110105,谈公北路333号泗洲公园,0573-84128440,,谈公北路,[],tour,0.0,0.0,0.0,0.3,0.2,0.0,0.0,,nearby_city_phase2,outside_shanghai_municipality
B0I19MRSTB,问村商业街,上海,景点,attraction,0.706,2.9,3,常熟市,120.897425,31.737625,120.90162,31.7355,,False,购物服务;特色商业街;特色商业街,061000,浦江路17-1号,[],,[],[],[],0.0,0.0,0.0,0.0,0.2,0.0,0.0,,nearby_city_phase2,outside_shanghai_municipality
B0J0MZQW5U,东南村健身器材,上海,商业休闲,leisure,0.6997,3.3,2,昆山市,121.026615,31.164243,121.031088,31.162263,,False,购物服务;体育用品店;体育用品店,060900,永字路与盈湖路交叉口北460米,[],,[],[],[],0.0,0.0,0.0,1.0,0.0,0.6,0.0,,nearby_city_phase2,outside_shanghai_municipality
B0FFIOZ8SE,昆山市文化广场,上海,景点,attraction,0.6997,3.3,2,昆山市,120.888036,31.383675,120.892205,31.381525,,False,风景名胜;公园广场;城市广场,110105,[],[],,[],[],tour,0.0,0.15,0.3,0.3,0.7,0.0,0.0,,nearby_city_phase2,outside_shanghai_municipality
B0K2F9OOW2,疏林广场,上海,景点,attraction,0.6997,3.3,2,平湖市,121.028921,30.695452,121.033362,30.693215,,False,风景名胜;公园广场;城市广场,110105,环城东路东湖景区内(南侧),[],,平湖,[],tour,0.0,0.0,0.0,0.3,0.2,0.0,0.0,,nearby_city_phase2,outside_shanghai_municipality
B0HRAUM7RT,特步(淦昌路店),上海,商业休闲,leisure,0.6997,3.3,2,常熟市,120.959128,31.606045,120.963403,31.603998,,False,购物服务;体育用品店;体育用品店,060900,淦昌路与支中路交叉口南40米,[],,[],[],[],0.0,0.0,0.0,1.0,0.0,0.6,0.0,,nearby_city_phase2,outside_shanghai_municipality
B0J0MZUHJV,金家港北面健身器材,上海,商业休闲,leisure,0.6997,3.3,2,昆山市,121.039369,31.145736,121.043881,31.143779,,False,购物服务;体育用品店;体育用品店,060900,红枫林农家乐南侧130米,[],,[],[],[],0.0,0.0,0.0,1.0,0.0,0.6,0.0,,nearby_city_phase2,outside_shanghai_municipality
B0KUL9FOIP,回力1927(新优路店),上海,商业休闲,leisure,0.6997,3.3,2,嘉善县,120.972617,30.841551,120.976871,30.839227,,False,购物服务;体育用品店;体育用品店,060900,长江路与新优路交叉口西240米,[],,[],[],[],0.0,0.0,0.0,1.0,0.0,0.6,0.0,,nearby_city_phase2,outside_shanghai_municipality
B0FFI6DJJB,耐克Nike(华联天地店),上海,商业休闲,leisure,0.6997,3.3,2,太仓市,121.107628,31.446141,121.112263,31.444374,,False,购物服务;体育用品店;耐克专卖店,060902,人民南路2号华联商厦4层,0512-53280533;4008806453,,太仓,[],[],1.0,0.0,0.0,1.0,0.0,0.6,0.0,,nearby_city_phase2,outside_shanghai_municipality
B0I6BUHKNE,华睿购物中心,上海,商业休闲,leisure,0.6997,3.3,2,通州区,121.053145,31.969551,121.057766,31.967711,,False,购物服务;商场;购物中心,060101,温州东路与223省道交叉口东420米,[],,[],[],[],0.0,0.0,0.0,1.0,0.0,0.6,0.0,,nearby_city_phase2,outside_shanghai_municipality
B0K6XRAADY,adidas OUTLET,上海,商业休闲,leisure,0.696,3.9,1,太仓市,121.137286,31.459629,121.141894,31.457837,,False,购物服务;体育用品店;阿迪达斯专卖店,060903,上海东路188号万达广场(太仓店)2F层,[],,太仓,[],[],1.0,0.0,0.0,1.0,0.0,0.6,0.0,,nearby_city_phase2,outside_shanghai_municipality
B0KDVURHZV,太仓励步(万达星耀中心店),上海,商业休闲,leisure,0.696,3.9,1,太仓市,121.136983,31.458673,121.141591,31.456881,,False,购物服务;体育用品店;体育用品店,060900,上海东路180号星耀之光2楼,18012755353,,太仓,[],[],0.0,0.0,0.0,1.0,0.0,0.6,0.0,,nearby_city_phase2,outside_shanghai_municipality
B0KRRBPSUO,李宁(嘉兴南湖万达广场店),上海,商业休闲,leisure,0.696,3.9,1,南湖区,120.802874,30.735678,120.807138,30.733325,,False,购物服务;体育用品店;李宁专卖店,060901,广益路1108号万达广场嘉兴南湖店F3层,[],,[],[],[],0.0,0.0,0.3,1.0,0.5,0.2,0.0,,nearby_city_phase2,outside_shanghai_municipality
B02001GXDN,中茵街,上海,景点,attraction,0.696,3.9,1,昆山市,120.965006,31.373033,120.969279,31.370962,,False,购物服务;特色商业街;特色商业街,061000,朝阳西路与柏庐南路交叉口西南80米,[],,玉山,[],[],0.0,0.0,0.0,0.0,0.2,0.0,0.0,,nearby_city_phase2,outside_shanghai_municipality
B02010US8L,江苏省南通市桃坞路步行街,上海,景点,attraction,0.696,3.9,1,崇川区,120.904638,31.94499,120.908851,31.942827,,False,购物服务;特色商业街;步行街,061001,新港东路南通壹城,[],,狼山,[],[],0.0,0.0,0.0,0.0,0.7,0.0,0.0,,nearby_city_phase2,outside_shanghai_municipality
B0FFH2IUSD,中南百货美食广场,上海,商业休闲,leisure,0.696,3.9,1,崇川区,120.895525,31.969325,120.899739,31.967157,,False,购物服务;特色商业街;特色商业街,061000,桃园路10号中南百货B1层,[],34.0,[],[],[],0.0,0.0,0.0,1.0,0.0,0.2,0.0,,nearby_city_phase2,outside_shanghai_municipality
B0FFGMS8DA,箬帽街,上海,景点,attraction,0.696,3.9,1,嘉善县,120.895223,30.945845,120.899353,30.943477,,False,地名地址信息;交通地名;路口名|购物服务;特色商业街;特色商业街,190302|061000,西塘古镇景区内,[],,西塘,[],[],0.0,0.0,0.0,0.0,0.2,0.0,0.0,,nearby_city_phase2,outside_shanghai_municipality
B0K17ONFWX,727商业街,上海,景点,attraction,0.696,3.9,1,启东市,121.938498,31.725944,121.942667,31.723866,,False,购物服务;特色商业街;特色商业街,061000,日内瓦大道614栋,[],,[],[],[],0.0,0.0,0.0,0.0,0.2,0.0,0.0,,nearby_city_phase2,outside_shanghai_municipality
B0FFF7GLN7,九龙广场3号楼,上海,商业休闲,leisure,0.696,3.9,1,平湖市,121.021716,30.717998,121.026135,30.715752,,False,购物服务;商场;普通商场,060102,新华北路855号平湖九龙建材家具市场,[],,新华北路,[],[],0.0,0.0,0.0,1.0,0.0,0.2,0.0,,nearby_city_phase2,outside_shanghai_municipality
B0FFGTUKWH,九龙广场18号楼,上海,商业休闲,leisure,0.696,3.9,1,平湖市,121.022011,30.715782,121.026431,30.713536,,False,购物服务;商场;普通商场,060102,新华北路855号平湖九龙建材家具市场,[],,当湖,[],[],0.0,0.0,0.0,1.0,0.0,0.2,0.0,,nearby_city_phase2,outside_shanghai_municipality
B0IA1RXXH3,中国南通家纺城家纺文化广场,上海,景点,attraction,0.696,3.9,1,通州区,121.070499,31.962266,121.075155,31.960455,,False,风景名胜;公园广场;城市广场,110105,金川大道与华章路交叉口西200米,[],,[],[],tour,0.0,0.15,0.0,0.3,0.2,0.0,0.0,,nearby_city_phase2,outside_shanghai_municipality
B0FFMEPBN3,瓯嘉福购物广场,上海,商业休闲,leisure,0.696,3.9,1,海门区,121.096603,31.817791,121.101271,31.816027,,False,购物服务;商场;普通商场,060102,国营江心沙农场新北路,[],,[],[],[],0.0,0.0,0.0,1.0,0.0,0.2,0.0,,nearby_city_phase2,outside_shanghai_municipality
B0I6J6Z8HL,泰富广场,上海,商业休闲,leisure,0.696,3.9,1,常熟市,120.96558,31.606987,120.969874,31.604956,,False,购物服务;商场;普通商场,060102,宝芝路与支川路交叉口东40米,[],,[],[],[],0.0,0.0,0.0,1.0,0.0,0.2,0.0,,nearby_city_phase2,outside_shanghai_municipality
B020016BHV,太仓博物馆,上海,博物馆,museum,0.958,4.7,3,太仓市,121.133124,31.456919,121.137738,31.455132,,False,科教文化服务;博物馆;博物馆,140100,城厢街道上海东路100号,0512-53890911,,太仓,[],[],0.0,1.0,0.0,0.0,0.0,0.8,0.7,,nearby_city_phase2,outside_shanghai_municipality
B0GKAR36FJ,昆山戏曲百戏博物馆,上海,博物馆,museum,0.958,4.7,3,昆山市,120.85919,31.374327,120.863392,31.372205,,False,科教文化服务;博物馆;博物馆,140100,并蒂莲路10号,0512-36686999,,[],[],[],0.0,1.0,0.3,0.0,0.5,0.4,0.7,,nearby_city_phase2,outside_shanghai_municipality
B0FFFD2VM0,周庄生命奥秘博物馆,上海,博物馆,museum,0.944,4.6,3,昆山市,120.84682,31.122428,120.851024,31.120216,,False,科教文化服务;博物馆;博物馆,140100,周庄镇大桥路82号,0512-83670999;15950903510,,[],[],[],0.0,1.0,0.0,0.0,0.0,0.8,0.7,,nearby_city_phase2,outside_shanghai_municipality
B0FFH27ZD4,嘉善博物馆,上海,博物馆,museum,0.93,4.5,3,嘉善县,120.925507,30.824921,120.929645,30.822494,,False,科教文化服务;博物馆;博物馆,140100,阳光东路188号,0573-84606011,,嘉善大道,[],[],0.0,1.0,0.0,0.0,0.0,0.8,0.7,,nearby_city_phase2,outside_shanghai_municipality
B0FFHLXMBR,江苏省江海博物馆,上海,博物馆,museum,0.93,4.5,3,海门区,121.182929,31.864093,121.187485,31.86221,,False,科教文化服务;博物馆;博物馆,140100,东布洲中路99号,0513-81263936,,[],[],[],0.0,1.0,0.0,0.0,0.5,0.8,0.7,,nearby_city_phase2,outside_shanghai_municipality
B0L6SMSMZN,昆山科博中心,上海,博物馆,museum,0.916,4.4,3,昆山市,120.98095,31.382635,120.985277,31.38061,,False,科教文化服务;展览馆;展览馆|科教文化服务;博物馆;博物馆,140200|140100,前进中路109号,0512-57366101,,前进中路,[],[],0.0,1.0,0.3,0.0,0.5,0.4,0.7,,nearby_city_phase2,outside_shanghai_municipality
B02001AKPV,周庄博物馆,上海,博物馆,museum,0.916,4.4,3,昆山市,120.848341,31.113104,120.852541,31.110884,,False,科教文化服务;博物馆;博物馆,140100,后港街38号,0512-57212886,,[],[],[],0.0,1.0,0.0,0.0,0.0,0.8,0.7,,nearby_city_phase2,outside_shanghai_municipality
B0IBA7VJFY,启东博物馆,上海,博物馆,museum,0.902,4.3,3,启东市,121.640444,31.780466,121.644723,31.778382,,False,科教文化服务;博物馆;博物馆,140100,钱塘江路1698号,0513-83222690,,[],[],[],0.0,1.0,0.0,0.0,0.0,0.8,0.7,,nearby_city_phase2,outside_shanghai_municipality
B0HA6Z9WQC,万三酒庄文创工厂,上海,博物馆,museum,0.888,4.2,3,昆山市,120.852815,31.158556,120.857011,31.156353,,False,购物服务;家电电子卖场;国美|公司企业;工厂;工厂|科教文化服务;博物馆;博物馆|体育休闲服务;体育休闲服务场所;体育休闲服务场所,060302|170300|140100|080000,周庄镇寒贞路,0512-57605179,,[],[],[],0.0,1.0,0.0,0.0,0.0,0.8,0.7,,nearby_city_phase2,outside_shanghai_municipality
B0FFF0G2LM,昆曲博物馆,上海,博物馆,museum,0.888,4.2,3,昆山市,120.951942,31.390948,120.956179,31.388851,,False,科教文化服务;博物馆;博物馆,140100,马鞍山东路1号亭林园内,0512-67271663,,玉山,[],[],0.0,1.0,0.0,0.0,0.0,0.8,0.7,,nearby_city_phase2,outside_shanghai_municipality
B02001AKBQ,安佑猪文化博物馆,上海,博物馆,museum,0.874,4.1,3,太仓市,121.15345,31.540577,121.158037,31.538772,,False,科教文化服务;博物馆;博物馆,140100,新港中路239号,0512-33006553,,[],[],[],0.0,1.0,0.0,0.0,0.0,0.8,0.7,,nearby_city_phase2,outside_shanghai_municipality
B0G1P7MEMT,平湖玺印篆刻博物馆,上海,博物馆,museum,0.874,4.1,3,平湖市,121.028685,30.702305,121.033126,30.700071,,False,科教文化服务;博物馆;博物馆,140100,锦绣路18号,0573-85219657,,当湖,[],[],0.0,1.0,0.3,0.0,0.5,0.4,0.7,,nearby_city_phase2,outside_shanghai_municipality
B023D01C8F,陆维钊书画院,上海,博物馆,museum,0.874,4.1,3,平湖市,121.021964,30.690942,121.026382,30.688684,,False,科教文化服务;博物馆;博物馆|科教文化服务;美术馆;美术馆|科教文化服务;展览馆;展览馆,140100|140400|140200,当湖街道乐园路80-136号,0573-85113751;0573-85119181,,南市路,[],[],0.0,1.0,0.0,0.0,0.0,0.8,0.7,,nearby_city_phase2,outside_shanghai_municipality
B023D03S0D,西塘酒文化博物馆,上海,博物馆,museum,0.86,4.0,3,嘉善县,120.895192,30.947639,120.899323,30.945272,,False,科教文化服务;博物馆;博物馆,140100,西塘镇南苑路258号西塘古镇景区,0573-28950885,,西塘,[],[],0.0,1.0,0.0,0.0,0.0,0.8,0.7,,nearby_city_phase2,outside_shanghai_municipality
B02001AKP7,甪直水乡农具博物馆,上海,博物馆,museum,0.846,3.9,3,吴中区,120.873005,31.267156,120.877178,31.264976,,False,科教文化服务;博物馆;博物馆,140100,甪直镇南市下塘街62号,0512-65028727,,甪直,[],[],0.0,1.0,0.0,0.0,0.0,0.8,0.7,,nearby_city_phase2,outside_shanghai_municipality
B02000IVF5,中国古砖瓦博物馆,上海,博物馆,museum,0.846,3.9,3,昆山市,120.900031,31.173416,120.904179,31.171175,,False,科教文化服务;博物馆;博物馆,140100,锦溪镇下塘街24号,0512-57238096,,锦溪,[],[],0.0,1.0,0.0,0.0,0.0,0.8,0.7,,nearby_city_phase2,outside_shanghai_municipality
B0I2MZDS09,常熟中医药博物馆,上海,博物馆,museum,0.832,3.8,3,常熟市,120.838948,31.63021,120.84321,31.628161,,False,科教文化服务;博物馆;博物馆,140100,古里镇文昌街6号,0512-52800445,,新古里文化街区,[],[],0.0,1.0,0.0,0.0,0.0,0.8,0.7,,nearby_city_phase2,outside_shanghai_municipality
B0FFL6MP86,嘉善九德堂博物馆,上海,博物馆,museum,0.832,3.8,3,嘉善县,120.893898,30.946676,120.898029,30.944308,,False,科教文化服务;博物馆;博物馆,140100,西塘镇南苑路258号西塘古镇内(北侧),0573-84561501,,西塘,[],[],0.0,1.0,0.0,0.0,0.0,0.8,0.7,,nearby_city_phase2,outside_shanghai_municipality
B02000K59C,太仓市顺宝斋钟表博物馆,上海,博物馆,museum,0.818,3.7,3,太仓市,121.110568,31.439457,121.115201,31.437687,,False,科教文化服务;博物馆;博物馆,140100,南门街21-1号,13906222333,,太仓,[],[],0.0,1.0,0.0,0.0,0.0,0.8,0.7,,nearby_city_phase2,outside_shanghai_municipality
B02000JU0N,梅李历史文化博物馆,上海,博物馆,museum,0.818,3.7,3,常熟市,120.877704,31.70645,120.881908,31.70434,,False,科教文化服务;博物馆;博物馆,140100,梅李镇梅东路63号,[],,苏杭时代,[],[],0.0,1.0,0.0,0.0,0.0,0.8,0.7,,nearby_city_phase2,outside_shanghai_municipality
B0FFHF10JO,甪直水乡妇女服饰博物馆,上海,博物馆,museum,0.79,3.5,3,吴中区,120.873586,31.268849,120.877758,31.266669,,False,科教文化服务;博物馆;博物馆,140100,甪直镇晓市路甪直古镇江南文化园内(西侧),0512-69007900,,甪直,[],[],0.0,1.0,0.0,0.0,0.0,0.8,0.7,,nearby_city_phase2,outside_shanghai_municipality
B0G3Z9UHHY,南通CBD大有境,上海,商业休闲,leisure,0.972,4.8,3,崇川区,120.894041,31.969084,120.898256,31.966917,,False,购物服务;商场;普通商场,060102,桃园路15号,0513-89156588;0513-89156688,,[],[],[],0.0,0.0,0.0,1.0,0.3,0.6,0.0,,nearby_city_phase2,outside_shanghai_municipality
B0FFILE4TN,永旺梦乐城(南通星湖店),上海,公园,park,0.972,4.8,3,崇川区,120.962022,31.923368,120.966332,31.921289,,False,购物服务;商场;购物中心|购物服务;商场;普通商场|购物服务;特色商业街;特色商业街,060101|060102|061000,星湖大道1066号(航运学院地铁站2号口步行170米),0513-55096000;0513-55096888,,[],[],[],1.0,0.0,1.0,0.0,1.0,0.0,0.0,,nearby_city_phase2,outside_shanghai_municipality
B0FFKYROHM,平湖八佰伴,上海,公园,park,0.958,4.7,3,平湖市,121.044089,30.696871,121.048577,30.694673,,False,购物服务;商场;商场,060100,三港路555号,0573-85126666,,平湖,[],[],0.0,0.0,1.0,0.0,0.7,0.0,0.0,,nearby_city_phase2,outside_shanghai_municipality
B0JKDASFYH,银泰百货(平湖店),上海,商业休闲,leisure,0.958,4.7,3,平湖市,121.019172,30.693062,121.02358,30.690797,,False,购物服务;商场;商场,060100,建国南路237号彩虹广场,0573-85951117,,当湖,[],[],0.0,0.0,0.3,1.0,0.5,0.2,0.0,,nearby_city_phase2,outside_shanghai_municipality
B0GRGKM9XN,中南南通彩虹漾,上海,商业休闲,leisure,0.958,4.7,3,崇川区,120.89286,31.970809,120.897075,31.968642,,False,购物服务;商场;商场,060100,江淮路中南世纪城41号,0513-85206383,,[],[],[],0.0,0.0,0.0,1.0,0.0,0.6,0.0,,nearby_city_phase2,outside_shanghai_municipality
B0IDTHTUQ2,紫琅新天地,上海,商业休闲,leisure,0.98,4.7,3,崇川区,120.933214,31.96078,120.937457,31.958636,,False,购物服务;商场;购物中心,060101,崇州大道63号,0513-59003109,,[],[],[],0.0,0.0,0.0,1.0,0.0,0.6,0.0,,nearby_city_phase2,outside_shanghai_municipality
B0J0TSX3W5,枫叶小镇奥特莱斯,上海,商业休闲,leisure,0.958,4.7,3,崇川区,120.987114,31.812097,120.991499,31.810109,,False,购物服务;商场;购物中心|购物服务;服装鞋帽皮具店;服装鞋帽皮具店,060101|061100,海澳路77号,0513-85597777,,[],[],[],0.0,0.0,0.0,1.0,0.0,0.6,0.0,,nearby_city_phase2,outside_shanghai_municipality
B0FFI2A9LW,昆山招商花园城,上海,公园,park,0.958,4.7,3,昆山市,120.956888,31.404731,120.96114,31.402649,,False,购物服务;商场;购物中心,060101,玉山镇萧林中路666号招商花园城,0512-36606999,,玉山,[],[],1.0,0.0,1.0,0.0,0.7,0.0,0.0,,nearby_city_phase2,outside_shanghai_municipality
B0J6HSH7BJ,梅李大梦想城,上海,商业休闲,leisure,0.958,4.7,3,常熟市,120.86904,31.707254,120.873254,31.705153,,False,购物服务;商场;购物中心,060101,梅李镇梅北路31号,13962364635,,[],[],[],0.0,0.0,0.0,1.0,0.0,0.6,0.0,,nearby_city_phase2,outside_shanghai_municipality
B02000KBQ6,时尚舞台奥特莱斯,上海,商业休闲,leisure,0.958,4.7,3,吴中区,120.82162,31.342009,120.825895,31.339943,,False,购物服务;商场;购物中心,060101,现代大道后戴街9号,0512-69369999,,苏州工业园区,[],[],0.0,0.0,0.0,1.0,0.0,0.6,0.0,,nearby_city_phase2,outside_shanghai_municipality
B0G3LCIXBP,南通海门大有境,上海,商业休闲,leisure,0.958,4.7,3,海门区,121.166196,31.879754,121.170788,31.877899,,False,购物服务;商场;普通商场,060102,江海中路337号,0513-69978088,,[],[],[],1.0,0.0,0.0,1.0,0.0,0.6,0.0,,nearby_city_phase2,outside_shanghai_municipality
B0FFHU9M4A,银泰百货(嘉善店),上海,商业休闲,leisure,0.958,4.7,3,嘉善县,120.928372,30.82482,120.932514,30.822396,,False,购物服务;商场;普通商场,060102,嘉善大道399号置地广场,18667876670,,嘉善大道,[],[],0.0,0.0,0.0,1.0,0.0,0.6,0.0,,nearby_city_phase2,outside_shanghai_municipality
B0FFIUFKDH,大渔湾湖滨风情商业街,上海,公园,park,0.958,4.7,3,昆山市,120.897041,31.411294,120.901209,31.409148,,False,购物服务;商场;购物中心,060101,大渔街昆山智谷小镇,0512-50166888,,[],[],[],0.0,0.0,1.0,0.0,0.7,0.0,0.0,,nearby_city_phase2,outside_shanghai_municipality
B0FFF3C4T2,首创奥特莱斯,上海,商业休闲,leisure,0.958,4.7,3,昆山市,121.061453,31.366015,121.06604,31.364198,,False,购物服务;商场;购物中心,060101,东城大道501号,0512-36695555,,[],[],[],0.0,0.0,0.0,1.0,0.0,0.6,0.0,,nearby_city_phase2,outside_shanghai_municipality
B0I1XSO9S0,胜浦邻里中心,上海,商业休闲,leisure,0.944,4.6,3,吴中区,120.823017,31.314789,120.827287,31.312711,,False,购物服务;商场;商场,060100,民胜路与兴浦路交叉口西120米,[],,苏州工业园区,[],[],0.0,0.0,0.0,1.0,0.0,0.6,0.0,,nearby_city_phase2,outside_shanghai_municipality
B0FFLHNL19,东方明珠,上海,景点,attraction,1.0,4.6,3,启东市,121.660126,31.81039,121.664442,31.808335,东方明珠,True,购物服务;商场;购物中心,060101,汇龙镇华康大厦旁边,[],,[],[],[],1.0,0.0,0.0,0.0,0.2,0.0,0.0,,nearby_city_phase2,outside_shanghai_municipality
B0FFHKFG6C,南星渎商业中心,上海,商业休闲,leisure,0.944,4.6,3,昆山市,120.900983,31.341676,120.905145,31.339508,,False,购物服务;商场;普通商场,060102,美丰路439号,13382526146,,[],[],[],0.0,0.0,0.0,1.0,0.0,0.6,0.0,,nearby_city_phase2,outside_shanghai_municipality
B0KDXZY7AX,淀山湖·漾PARK,上海,公园,park,0.944,4.6,3,昆山市,121.015776,31.175143,121.020212,31.173137,,False,购物服务;商场;商场,060100,朝山江路与南苑路交叉口西南100米,[],24.0,[],[],[],0.0,0.0,1.0,0.0,0.7,0.0,0.0,,nearby_city_phase2,outside_shanghai_municipality
B0H02ZD61A,南通CBD大有境B座,上海,商业休闲,leisure,0.944,4.6,3,崇川区,120.895508,31.969318,120.899722,31.96715,,False,购物服务;商场;商场,060100,桃园路12号,0513-55886207,,[],[],[],0.0,0.0,0.0,1.0,0.0,0.6,0.0,,nearby_city_phase2,outside_shanghai_municipality
B0200160NZ,昆山碧乐时光,上海,公园,park,0.944,4.6,3,昆山市,120.953288,31.382942,120.957528,31.380846,,False,购物服务;商场;购物中心,060101,前进西路310号(玉山广场地铁站3西北口步行270米),0512-55237772;0512-57375888,,玉山,[],[],1.0,0.0,1.0,0.0,0.7,0.0,0.0,,nearby_city_phase2,outside_shanghai_municipality
B0FFKQPA5Q,万联恒太城,上海,商业休闲,leisure,0.944,4.6,3,嘉善县,120.92784,30.818516,120.931981,30.816088,,False,购物服务;商场;普通商场|商务住宅;住宅区;住宅小区|购物服务;商场;购物中心,060102|120302|060101,罗星街道嘉善大道688号,0573-84631111,,嘉善大道,[],[],1.0,0.0,0.0,1.0,0.0,0.6,0.0,,nearby_city_phase2,outside_shanghai_municipality
B0FFFYR820,SMP星悦城,上海,商业休闲,leisure,0.944,4.6,3,嘉善县,120.920105,30.84078,120.924237,30.838357,,False,购物服务;商场;购物中心,060101,中山西路118号,0573-84738888,,健康路,[],[],1.0,0.0,0.0,1.0,0.0,0.6,0.0,,nearby_city_phase2,outside_shanghai_municipality
B0H2HBGUQE,新江南·生活荟,上海,商业休闲,leisure,0.944,4.6,3,昆山市,120.895996,31.382718,120.900162,31.380564,,False,购物服务;商场;普通商场,060102,玉山镇前进西路2200号,0512-50161515,,前进西路,[],[],0.0,0.0,0.0,1.0,0.5,0.6,0.0,,nearby_city_phase2,outside_shanghai_municipality
B0I069VDZ3,南通CBD大有境A座,上海,商业休闲,leisure,0.944,4.6,3,崇川区,120.893958,31.969595,120.898173,31.967428,,False,购物服务;商场;购物中心,060101,桃园路12号南通CBD大有境,0513-89156688,,[],[],[],0.0,0.0,0.0,1.0,0.0,0.6,0.0,,nearby_city_phase2,outside_shanghai_municipality
B0FFHIOIK4,复悦里,上海,商业休闲,leisure,0.944,4.6,3,崇川区,120.890105,31.965591,120.894321,31.963426,,False,购物服务;商场;购物中心,060101,工农南路100号,0513-51085500;0513-51085555,,狼山,[],[],1.0,0.0,0.0,1.0,0.0,0.6,0.0,,nearby_city_phase2,outside_shanghai_municipality
B02001AYYX,正泰隆·国际工贸城,上海,商业休闲,leisure,0.944,4.6,3,昆山市,120.929142,31.428844,120.933334,31.426719,,False,购物服务;商场;商场,060100,[],0512-57758888,,[],[],[],0.0,0.0,0.0,1.0,0.0,0.6,0.0,,nearby_city_phase2,outside_shanghai_municipality
B02001IHRZ,苏杭幸福里,上海,商业休闲,leisure,0.944,4.6,3,昆山市,121.002716,31.375399,121.007122,31.373437,,False,购物服务;商场;购物中心,060101,樾河南路863号,0512-57891888,,[],[],[],0.0,0.0,0.0,1.0,0.0,0.6,0.0,,nearby_city_phase2,outside_shanghai_municipality
B0J6UUJLUN,海门碧乐汇,上海,商业休闲,leisure,0.944,4.6,3,海门区,121.182368,31.895298,121.186928,31.89341,,False,购物服务;商场;购物中心|生活服务;洗浴推拿场所;洗浴推拿场所,060101|071400,解放中路369号,[],,[],[],[],0.0,0.0,0.0,1.0,0.0,0.6,0.0,,nearby_city_phase2,outside_shanghai_municipality
B0FFFIAI0Q,德力新天地,上海,商业休闲,leisure,0.98,4.6,3,通州区,121.008712,31.923643,121.013187,31.921698,,False,购物服务;商场;购物中心|商务住宅;商务住宅相关;商务住宅相关,060101|120000,张芝山镇张江路99号,18962977223,,[],[],[],0.0,0.0,0.0,1.0,0.0,0.6,0.0,,nearby_city_phase2,outside_shanghai_municipality
B020104LHW,海门大千商贸城,上海,商业休闲,leisure,0.944,4.6,3,海门区,121.145972,31.890088,121.150604,31.888267,,False,购物服务;商场;普通商场,060102,人民西路519号,13912436791,,[],[],[],0.0,0.0,0.0,1.0,0.0,0.6,0.0,,nearby_city_phase2,outside_shanghai_municipality
B0K2TAVYIO,中骏世界城,上海,商业休闲,leisure,0.944,4.6,3,昆山市,121.105692,31.300201,121.110315,31.29839,,False,购物服务;商场;购物中心,060101,沿沪大道辅路与商吉路交叉口西180米,0512-57788808;18550552003,,[],[],[],0.0,0.0,0.0,1.0,0.0,0.6,0.0,,nearby_city_phase2,outside_shanghai_municipality
B0I6Z1H2HU,昆山钜潮荟,上海,公园,park,0.944,4.6,3,昆山市,121.061499,31.368954,121.066086,31.367138,,False,购物服务;商场;普通商场,060102,昆嘉路318号首创·悦都,0512-57901555,,[],[],[],0.0,0.0,1.0,0.0,0.7,0.0,0.0,,nearby_city_phase2,outside_shanghai_municipality
B0GKKHYKKW,首创奥特莱斯D街区,上海,商业休闲,leisure,0.944,4.6,3,昆山市,121.061525,31.366955,121.066112,31.365139,,False,购物服务;商场;普通商场,060102,盛悦路与景王东路交叉口西南340米,[],,[],[],[],0.0,0.0,0.0,1.0,0.0,0.6,0.0,,nearby_city_phase2,outside_shanghai_municipality
B0FFHMTXJJ,碧乐时光·汾湖,上海,公园,park,0.93,4.5,3,吴江区,120.855875,31.027829,120.860054,31.025548,,False,购物服务;商场;普通商场|生活服务;生活服务场所;生活服务场所,060102|070000,芦墟镇南京路369号碧乐时光地锅饭店,0512-63093677,,汾湖,[],[],0.0,0.0,1.0,0.0,0.7,0.0,0.0,,nearby_city_phase2,outside_shanghai_municipality
B0FFG0675I,文峰大世界(海门店),上海,商业休闲,leisure,0.93,4.5,3,海门区,121.186264,31.889981,121.190816,31.888087,,False,购物服务;商场;普通商场,060102,长江路608号,0513-82209011;0513-82209172,,[],[],[],0.0,0.0,0.0,1.0,0.0,0.6,0.0,,nearby_city_phase2,outside_shanghai_municipality
B0IK5SQPNE,海贝城,上海,商业休闲,leisure,0.93,4.5,3,海门区,121.184635,31.884727,121.18919,31.882837,,False,购物服务;商场;商场,060100,海门经济技术开发区长江路909号,15250317170,,[],[],[],0.0,0.0,0.0,1.0,0.0,0.6,0.0,,nearby_city_phase2,outside_shanghai_municipality
B0G3MR38HM,苏州南山维乐城,上海,公园,park,0.93,4.5,3,吴中区,120.841853,31.278187,120.84608,31.276059,,False,购物服务;商场;普通商场,060102,长虹北路南山维拉花园,0512-66503588,,[],[],[],0.0,0.0,1.0,0.0,0.7,0.0,0.0,,nearby_city_phase2,outside_shanghai_municipality
B0FFF4JNJ3,滨江新城邻里中心,上海,公园,park,0.93,4.5,3,常熟市,120.924151,31.737734,120.928362,31.73562,,False,购物服务;商场;购物中心,060101,碧溪新区江南大道95号,15962331037,,[],[],[],0.0,0.0,0.9,0.0,0.7,0.0,0.0,,nearby_city_phase2,outside_shanghai_municipality
B0HD2HCYY8,悦拾光(南通上海东路店),上海,商业休闲,leisure,0.93,4.5,3,崇川区,120.948243,31.918395,120.952515,31.916286,,False,购物服务;商场;普通商场|餐饮服务;餐饮相关场所;餐饮相关,060102|050000,上海东路66号,18761717572,,[],[],[],0.0,0.0,0.0,1.0,0.0,0.6,0.0,,nearby_city_phase2,outside_shanghai_municipality
B0FFGKW3KV,昆山花桥国际商务城,上海,公园,park,0.93,4.5,3,昆山市,121.096588,31.291924,121.10121,31.290111,,False,购物服务;商场;普通商场,060102,塞纳大道300号,[],,花桥,[],[],0.0,0.0,1.0,0.0,0.7,0.0,0.0,,nearby_city_phase2,outside_shanghai_municipality
B02001AI59,富贵商业街,上海,商业休闲,leisure,0.93,4.5,3,昆山市,121.037648,31.181716,121.042158,31.179773,,False,购物服务;商场;商场,060100,淀兴路588号,0512-57492777,,淀山湖镇,[],[],0.0,0.0,0.0,1.0,0.0,0.6,0.0,,nearby_city_phase2,outside_shanghai_municipality
B020016D9U,中宏新农中心,上海,商业休闲,leisure,0.93,4.5,3,常熟市,120.968611,31.605047,120.972915,31.603024,,False,购物服务;商场;购物中心,060101,支塘镇宝芝路1号,[],,[],[],[],0.0,0.0,0.0,1.0,0.0,0.6,0.0,,nearby_city_phase2,outside_shanghai_municipality
B02001FW36,百澜地,上海,商业休闲,leisure,0.93,4.5,3,昆山市,120.97248,31.402262,120.97678,31.400219,,False,购物服务;商场;购物中心,060101,玉山镇苍轩跆拳道城北馆萧林路与汉林路交叉口,18350897335,,玉山,[],[],0.0,0.0,0.0,1.0,0.0,0.6,0.0,,nearby_city_phase2,outside_shanghai_municipality
B0KKD74MY9,昆山璀璨招商花园里,上海,公园,park,0.93,4.5,3,昆山市,121.006479,31.388934,121.0109,31.386988,,False,购物服务;商场;商场,060100,顺帆北路258号,18625132012,,[],[],[],0.0,0.0,1.0,0.0,0.7,0.0,0.0,,nearby_city_phase2,outside_shanghai_municipality
B02000ISC7,巴黎春天百货(昆山店),上海,商业休闲,leisure,0.93,4.5,3,昆山市,120.964385,31.378176,120.968657,31.376105,,False,购物服务;商场;购物中心,060101,震川西路18号,0512-57998184,,玉山,[],[],1.0,0.0,0.3,1.0,0.5,0.2,0.0,,nearby_city_phase2,outside_shanghai_municipality
B0200067KK,望族国际商城,上海,商业休闲,leisure,0.93,4.5,3,昆山市,120.981742,31.398239,120.986073,31.396221,,False,购物服务;商场;普通商场,060102,周市镇春晖路758号,15862670903,,玉山,[],[],0.0,0.0,0.0,1.0,0.0,0.6,0.0,,nearby_city_phase2,outside_shanghai_municipality
B02001GYJJ,金城商苑,上海,公园,park,0.93,4.5,3,昆山市,120.957912,31.379746,120.962165,31.377659,,False,购物服务;商场;普通商场,060102,人民路61号(玉山广场地铁站1东南口步行360米),[],,人民路,[],[],0.0,0.0,1.0,0.0,0.2,0.0,0.0,,nearby_city_phase2,outside_shanghai_municipality
B0GKKSY4YQ,首创奥特莱斯E街区,上海,商业休闲,leisure,0.93,4.5,3,昆山市,121.06207,31.36709,121.066658,31.365275,,False,购物服务;商场;普通商场,060102,盛悦路与景王东路交叉口南320米,[],,[],[],[],0.0,0.0,0.0,1.0,0.0,0.6,0.0,,nearby_city_phase2,outside_shanghai_municipality
B0FFJR0IP8,绿地乐和城,上海,公园,park,0.93,4.5,3,太仓市,121.120896,31.431745,121.125522,31.429966,,False,购物服务;商场;普通商场,060102,科教新城人民新路97号绿地乐科教新城人民新路97号,18360886077,,太仓,[],[],0.0,0.0,1.0,0.0,0.2,0.0,0.0,,nearby_city_phase2,outside_shanghai_municipality
B0FFIFPT5N,嘉善国贸奥特莱斯,上海,商业休闲,leisure,0.93,4.5,3,嘉善县,120.923035,30.798911,120.927167,30.796467,,False,购物服务;商场;购物中心,060101,武水路99号嘉善越里附近,0573-84992666,,[],[],[],0.0,0.0,0.0,1.0,0.0,0.6,0.0,,nearby_city_phase2,outside_shanghai_municipality
B0FFHOSQDH,物美超市(嘉善店),上海,商业休闲,leisure,0.93,4.5,3,嘉善县,120.930618,30.818653,120.934763,30.816228,,False,购物服务;商场;购物中心|购物服务;超级市场;超市,060101|060400,罗星街道世纪大道1001号万联购物中心物美超市,0573-84596900,,嘉善大道,[],[],0.0,0.0,0.0,1.0,0.0,0.6,0.0,,nearby_city_phase2,outside_shanghai_municipality
B0FFG18YFZ,生活荟美食集市,上海,商业休闲,leisure,0.93,4.5,3,昆山市,120.895952,31.382636,120.900118,31.380482,,False,购物服务;商场;普通商场|购物服务;特色商业街;特色商业街|餐饮服务;餐饮相关场所;餐饮相关,060102|061000|050000,前进西路2200号新江南生活荟C105,0512-50166888;0512-57685717,86.0,前进西路,"重庆小面,麻辣烫,酸菜鱼",[],0.0,0.0,0.0,1.0,0.0,0.6,0.0,,nearby_city_phase2,outside_shanghai_municipality
B020103MDM,文峰大世界(启东店),上海,商业休闲,leisure,0.93,4.5,3,启东市,121.658347,31.810953,121.66266,31.808894,,False,购物服务;商场;普通商场,060102,人民中路650号3F泰兰尼斯,0513-68269010;15062719088,,[],[],[],1.0,0.0,0.0,1.0,0.0,0.6,0.0,,nearby_city_phase2,outside_shanghai_municipality
B02000K8IG,昆山商厦,上海,公园,park,0.93,4.5,3,昆山市,120.957138,31.375674,120.961388,31.373584,,False,购物服务;商场;普通商场,060102,人民南路146号,0512-57328911;13776345184,,人民路,[],[],1.0,0.0,1.0,0.0,0.7,0.0,0.0,,nearby_city_phase2,outside_shanghai_municipality
B0FFGAJUO8,正泰隆国际工贸城1号馆,上海,商业休闲,leisure,0.916,4.4,3,昆山市,120.928677,31.42844,120.932868,31.426314,,False,购物服务;商场;普通商场,060102,玉山镇昆山城北中路1288号,0512-57758888,,[],[],[],0.0,0.0,0.0,1.0,0.0,0.6,0.0,,nearby_city_phase2,outside_shanghai_municipality
B0JB3MAUUR,象屿两岸贸易中心,上海,商业休闲,leisure,0.916,4.4,3,昆山市,120.948036,31.356196,120.95226,31.354081,,False,购物服务;商场;普通商场|商务住宅;楼宇;商务写字楼|商务住宅;楼宇;商住两用楼宇|生活服务;生活服务场所;生活服务场所,060102|120201|120203|070000,玉山镇小虞河路和九华山路交叉口4号楼,[],,玉山,[],[],0.0,0.0,0.0,1.0,0.0,0.6,0.0,,nearby_city_phase2,outside_shanghai_municipality
B023D046CS,梅谷商城,上海,商业休闲,leisure,0.916,4.4,3,嘉善县,120.921341,30.840947,120.925475,30.838525,,False,购物服务;商场;普通商场,060102,健康路153号,18705875383,,魏塘,[],[],0.0,0.0,0.0,1.0,0.0,0.6,0.0,,nearby_city_phase2,outside_shanghai_municipality
B0FFJN7CSR,芦浦市集,上海,商业休闲,leisure,0.916,4.4,3,昆山市,121.105239,31.285464,121.10986,31.283647,,False,购物服务;商场;普通商场,060102,花桥香榭丽大道711号,18556945308,,花桥,[],[],0.0,0.0,0.0,1.0,0.0,0.6,0.0,,nearby_city_phase2,outside_shanghai_municipality
B0KGYCFIN6,华杨邻里中心,上海,商业休闲,leisure,0.916,4.4,3,昆山市,120.968918,31.472659,120.973212,31.470623,,False,购物服务;商场;商场,060100,"周市镇华杨北路西侧,倪浜路南侧",18260544771,,周市,[],[],0.0,0.0,0.0,1.0,0.0,0.6,0.0,,nearby_city_phase2,outside_shanghai_municipality
B020017F9S,万客隆(紫竹店),上海,商业休闲,leisure,0.916,4.4,3,昆山市,120.959812,31.410462,120.964073,31.408389,,False,购物服务;商场;购物中心,060101,玉山镇紫竹路799号,18501559551,,玉山,[],[],0.0,0.0,0.0,1.0,0.0,0.6,0.0,,nearby_city_phase2,outside_shanghai_municipality
B0G3FCLBGU,艾·里中心,上海,商业休闲,leisure,0.916,4.4,3,昆山市,121.020827,31.172593,121.025281,31.170601,,False,购物服务;商场;商场,060100,淀山湖镇扬帆路55号艾·里中心二楼,13382518767,,[],[],[],0.0,0.0,0.0,1.0,0.0,0.6,0.0,,nearby_city_phase2,outside_shanghai_municipality
B020016DJM,青年汇彩世界,上海,商业休闲,leisure,0.916,4.4,3,吴中区,120.799674,31.323852,120.803992,31.321818,,False,购物服务;商场;普通商场,060102,苏州工业园区三区星龙街298号,[],,高端制造与国际贸易区,[],[],0.0,0.0,0.0,1.0,0.0,0.6,0.0,,nearby_city_phase2,outside_shanghai_municipality
B0FFI90J3D,嘉凯城·城市客厅,上海,商业休闲,leisure,0.916,4.4,3,平湖市,121.083577,30.825029,121.088151,30.822958,,False,购物服务;商场;普通商场,060102,虹桥路与新北路交叉口东南120米,0573-85602002,,[],[],[],0.0,0.0,0.0,1.0,0.0,0.6,0.0,,nearby_city_phase2,outside_shanghai_municipality
B0LBLHHVAJ,中建泓里,上海,商业休闲,leisure,0.916,4.4,3,昆山市,121.070702,31.37274,121.075307,31.370939,,False,购物服务;商场;购物中心,060101,钱塘江路与浣花塘路交叉口东160米,[],,[],[],[],0.0,0.0,0.0,1.0,0.0,0.6,0.0,,nearby_city_phase2,outside_shanghai_municipality
B023D0QY78,信源商业城,上海,商业休闲,leisure,0.916,4.4,3,南湖区,120.811224,30.73784,120.815471,30.735474,,False,购物服务;商场;普通商场,060102,广益路1319号,0573-82699999,,[],[],[],0.0,0.0,0.0,1.0,0.0,0.6,0.0,,nearby_city_phase2,outside_shanghai_municipality
B020005M2S,第五季百货(人民南路店),上海,商业休闲,leisure,0.916,4.4,3,太仓市,121.106546,31.448295,121.111181,31.446529,,False,购物服务;商场;普通商场,060102,人民南路115号,[],,太仓,[],[],0.0,0.0,0.0,1.0,0.0,0.6,0.0,,nearby_city_phase2,outside_shanghai_municipality
B0FFH901L4,太平洋百货,上海,商业休闲,leisure,0.902,4.3,3,启东市,121.678893,31.798792,121.683245,31.796774,,False,购物服务;商场;普通商场|购物服务;商场;购物中心,060102|060101,人民东路29号,0513-83838588;0513-85609936,,[],[],[],0.0,0.0,0.0,1.0,0.0,0.6,0.0,,nearby_city_phase2,outside_shanghai_municipality
B0FFG23FUY,美嘉商业中心,上海,商业休闲,leisure,0.902,4.3,3,昆山市,120.941744,31.284134,120.945948,31.28198,,False,购物服务;商场;普通商场,060102,张浦镇新吴街商鞅路交叉路口,[],,张浦,[],[],0.0,0.0,0.0,1.0,0.0,0.6,0.0,,nearby_city_phase2,outside_shanghai_municipality
B020015XMH,中宏新农中心小商品市场,上海,商业休闲,leisure,0.902,4.3,3,常熟市,120.831063,31.636048,120.835342,31.634014,,False,购物服务;商场;购物中心,060101,银河北路9号,0512-52196951,,[],[],[],0.0,0.0,0.0,1.0,0.0,0.6,0.0,,nearby_city_phase2,outside_shanghai_municipality
B023D0Q47I,香弄商城,上海,商业休闲,leisure,0.902,4.3,3,平湖市,121.018152,30.700308,121.022557,30.698043,,False,购物服务;商场;普通商场,060102,县后底69号,13750736860,,当湖,[],[],0.0,0.0,0.0,1.0,0.0,0.6,0.0,,nearby_city_phase2,outside_shanghai_municipality
B0J3FY6C6T,YKL文和里,上海,商业休闲,leisure,0.902,4.3,3,平湖市,121.020288,30.69755,121.0247,30.69529,,False,购物服务;商场;商场,060100,建国南路70-72号,18157363813;18966361378,,当湖,[],[],0.0,0.0,0.0,1.0,0.0,0.6,0.0,,nearby_city_phase2,outside_shanghai_municipality
B0FFGA7KRK,正泰隆国际工贸城4号馆(正泰隆·国际工贸城店),上海,商业休闲,leisure,0.902,4.3,3,昆山市,120.927954,31.429807,120.932144,31.427681,,False,购物服务;商场;普通商场,060102,玉山镇城北中路1288号(正泰隆国际工贸城),0512-57758888,,[],[],[],0.0,0.0,0.0,1.0,0.0,0.6,0.0,,nearby_city_phase2,outside_shanghai_municipality
B0FFKOZ2TY,爱尚铜锣湾KTV(启东吾悦店),上海,商业休闲,leisure,0.902,4.3,3,启东市,121.660248,31.786703,121.664562,31.784652,,False,体育休闲服务;娱乐场所;KTV|购物服务;商场;商场,080302|060100,汇龙镇建设南路新城吾悦广场3层,0513-83111177,63.0,[],[],[],1.0,0.0,0.0,1.0,0.0,0.6,0.0,,nearby_city_phase2,outside_shanghai_municipality
B023D0PN4N,中百商都(新华中路店),上海,商业休闲,leisure,0.888,4.2,3,平湖市,121.014676,30.699,121.019069,30.696725,,False,购物服务;商场;普通商场,060102,新华中路203号,0573-85022690;13906731800,,当湖,[],[],0.0,0.0,0.0,1.0,0.0,0.6,0.0,,nearby_city_phase2,outside_shanghai_municipality
B0J6VZ7UJP,星湖101(星湖郡店),上海,公园,park,0.888,4.2,3,崇川区,120.96488,31.921958,120.969199,31.919886,,False,购物服务;商场;普通商场,060102,星湖城市广场,[],,[],[],[],0.0,0.0,1.0,0.0,0.7,0.0,0.0,,nearby_city_phase2,outside_shanghai_municipality
B0FFI6MH02,复悦里2号楼,上海,商业休闲,leisure,0.888,4.2,3,崇川区,120.890412,31.966737,120.894628,31.964572,,False,购物服务;商场;普通商场,060102,工农南路100号复悦里,[],,狼山,[],[],0.0,0.0,0.0,1.0,0.0,0.6,0.0,,nearby_city_phase2,outside_shanghai_municipality
B0FFGA7V8Q,正泰隆国际工贸城2号馆,上海,商业休闲,leisure,0.888,4.2,3,昆山市,120.927991,31.428485,120.932181,31.426358,,False,购物服务;商场;普通商场,060102,城北西路辅路与兴友路交叉口北200米,0512-57758888,,[],[],[],0.0,0.0,0.0,1.0,0.0,0.6,0.0,,nearby_city_phase2,outside_shanghai_municipality
B023D00IUO,锦江百货(健康南路店),上海,商业休闲,leisure,0.888,4.2,3,嘉善县,120.921129,30.840287,120.925263,30.837864,,False,购物服务;商场;普通商场,060102,魏塘街道中山西路58号,13185930555,,车站南路,[],[],0.0,0.0,0.0,1.0,0.5,0.6,0.0,,nearby_city_phase2,outside_shanghai_municipality
B0G1MRX4ZM,甪直梦之城,上海,商业休闲,leisure,0.888,4.2,3,吴中区,120.818284,31.280198,120.822561,31.278115,,False,购物服务;商场;普通商场,060102,凌港路2号,[],,[],[],[],0.0,0.0,0.0,1.0,0.0,0.6,0.0,,nearby_city_phase2,outside_shanghai_municipality
B0I25OIEVI,香都数字奥特莱斯(平湖店),上海,公园,park,0.888,4.2,3,平湖市,121.093183,30.850784,121.097766,30.848732,,False,购物服务;商场;普通商场,060102,科创大道与兴新公路交叉口东北440米,[],,[],[],[],0.0,0.0,1.0,0.0,0.7,0.0,0.0,,nearby_city_phase2,outside_shanghai_municipality
B0FFGL282E,易买盛,上海,商业休闲,leisure,0.888,4.2,3,太仓市,121.069865,31.610612,121.074489,31.608849,,False,购物服务;商场;普通商场,060102,利民西路与岳鹿公路交叉口,[],,[],[],[],0.0,0.0,0.0,1.0,0.0,0.6,0.0,,nearby_city_phase2,outside_shanghai_municipality
B02010VUI0,上海如海超市(张芝山店),上海,商业休闲,leisure,0.888,4.2,3,通州区,121.006142,31.925918,121.010607,31.923965,,False,购物服务;商场;普通商场|购物服务;超级市场;超市,060102|060400,张芝山农贸市场2层,13921511658,,[],[],[],0.0,0.0,0.3,1.0,0.5,0.2,0.0,,nearby_city_phase2,outside_shanghai_municipality
B0JGH5L77R,嘉凯城新埭招商中心(嘉凯城·城市客厅店),上海,商业休闲,leisure,0.874,4.1,3,平湖市,121.083723,30.825617,121.088297,30.823546,,False,购物服务;商场;商场|生活服务;生活服务场所;生活服务场所,060100|070000,新埭镇虹桥路669弄1幢333-334室,0573-85601331,,[],[],[],0.0,0.0,0.0,1.0,0.0,0.6,0.0,,nearby_city_phase2,outside_shanghai_municipality
B0JAFHDOS1,春晓·邻聚里,上海,商业休闲,leisure,0.874,4.1,3,昆山市,120.865659,31.370586,120.86985,31.368454,,False,购物服务;商场;商场,060100,正仪林场路88号阳澄春晓苑12号楼,0512-57269669;18013128819,,[],[],[],0.0,0.0,0.0,1.0,0.0,0.6,0.0,,nearby_city_phase2,outside_shanghai_municipality
B0GDRLBXOK,夏桥邻里中心,上海,商业休闲,leisure,0.874,4.1,3,昆山市,121.043739,31.342148,121.048281,31.340289,,False,购物服务;商场;商场,060100,夏桥路与丰夏路交叉口西南120米,[],,[],[],[],0.0,0.0,0.0,1.0,0.0,0.6,0.0,,nearby_city_phase2,outside_shanghai_municipality
B0FFF874K8,超华商贸城二区1幢,上海,商业休闲,leisure,0.874,4.1,3,昆山市,120.941732,31.378455,120.945944,31.376335,,False,购物服务;商场;普通商场,060102,白马泾路52号超华商贸城,[],,前进西路,[],[],0.0,0.0,0.0,1.0,0.0,0.6,0.0,,nearby_city_phase2,outside_shanghai_municipality
B0K2N50CI0,仁恒邻里商业中心,上海,商业休闲,leisure,0.874,4.1,3,太仓市,121.137901,31.424984,121.142505,31.423183,,False,购物服务;商场;普通商场,060102,仁恒时代天镜,[],,太仓,[],[],0.0,0.0,0.0,1.0,0.0,0.6,0.0,,nearby_city_phase2,outside_shanghai_municipality
B0FFGA3RZW,昆山市百盛世天乐乐城,上海,公园,park,0.8677,4.5,2,昆山市,120.953705,31.382368,120.957946,31.380273,,False,购物服务;商场;商场,060100,前进西路310号昆山碧乐时光3F层,[],,玉山,[],[],0.0,0.0,1.0,0.0,0.7,0.0,0.0,,nearby_city_phase2,outside_shanghai_municipality
B0FFH7PLT7,三顶织带(金川大道),上海,商业休闲,leisure,0.86,4.0,3,通州区,121.07529,31.961828,121.079953,31.960023,,False,购物服务;专卖店;专营店|购物服务;商场;商场,061200|060100,江苏省南通市通州区川姜镇金川大道东123号,13912878487;15995913296,,[],[],[],0.0,0.0,0.0,1.0,0.0,0.6,0.0,,nearby_city_phase2,outside_shanghai_municipality
B023D0R3ZD,旺家园副食超市(天凝店),上海,商业休闲,leisure,0.86,4.0,3,嘉善县,120.838169,30.907331,120.842373,30.90501,,False,购物服务;商场;商场,060100,洪兴路219号-235号,[],,[],[],[],0.0,0.0,0.0,1.0,0.0,0.6,0.0,,nearby_city_phase2,outside_shanghai_municipality
B0FFHU44W8,板桥欧特福超市(五洲西路店),上海,商业休闲,leisure,0.8537,4.4,2,太仓市,121.13561,31.488418,121.140223,31.486634,,False,购物服务;商场;普通商场|购物服务;服装鞋帽皮具店;服装鞋帽皮具店,060102|061100,经济开发区五洲路3号,18301950376,,太仓,[],[],0.0,0.0,0.0,1.0,0.0,0.6,0.0,,nearby_city_phase2,outside_shanghai_municipality
B0FFG1J88D,昆山商厦(周市店),上海,公园,park,0.8537,4.4,2,昆山市,120.994731,31.403015,120.99911,31.401037,,False,购物服务;商场;普通商场,060102,青阳北路133号,[],,[],[],[],0.0,0.0,1.0,0.0,0.7,0.0,0.0,,nearby_city_phase2,outside_shanghai_municipality
B0201018AA,东风商城,上海,商业休闲,leisure,0.8537,4.4,2,海门区,121.173249,31.894334,121.177828,31.892463,,False,购物服务;商场;普通商场|商务住宅;楼宇;商务写字楼,060102|120201,海门镇解放中路771-777号,13912222770,,海门高新区,[],[],0.0,0.0,0.0,1.0,0.0,0.6,0.0,,nearby_city_phase2,outside_shanghai_municipality
B020104BXH,万丰商城(解放中路),上海,商业休闲,leisure,0.846,3.9,3,海门区,121.166362,31.893539,121.170955,31.891681,,False,购物服务;商场;普通商场,060102,解放中路1081号,[],,海门高新区,[],[],0.0,0.0,0.0,1.0,0.0,0.6,0.0,,nearby_city_phase2,outside_shanghai_municipality
B0FFJC9G99,佐邻佑社(大渔湾店),上海,商业休闲,leisure,0.846,3.9,3,昆山市,120.896834,31.411401,120.901002,31.409255,,False,购物服务;商场;普通商场,060102,玉山镇杜克大道505号,0512-57328911,,[],[],[],0.0,0.0,0.0,1.0,0.0,0.6,0.0,,nearby_city_phase2,outside_shanghai_municipality
B0LAO1SDFK,荟丰里,上海,商业休闲,leisure,0.846,3.9,3,昆山市,120.976055,31.435142,120.980369,31.433117,,False,购物服务;商场;商场,060100,荟品仓城市奥莱广场(昆山),[],,周市,[],[],0.0,0.0,0.0,1.0,0.0,0.6,0.0,,nearby_city_phase2,outside_shanghai_municipality
B0I0ZA7X7Y,松风台商城,上海,商业休闲,leisure,0.8397,4.3,2,平湖市,121.021728,30.701885,121.026146,30.699631,,False,购物服务;商场;普通商场,060102,建国北路与环城北路交叉口东南80米,13757338891;15825714832,,平湖,[],[],0.0,0.0,0.0,1.0,0.0,0.6,0.0,,nearby_city_phase2,outside_shanghai_municipality
B0FFGIOEQK,中宏新农中心(新安江路),上海,商业休闲,leisure,0.8397,4.3,2,常熟市,120.819641,31.611968,120.823943,31.609955,,False,购物服务;商场;购物中心,060101,古里镇东南开发区小康村庐山苑3区1号,13372127805,,东南开发区,[],[],0.0,0.0,0.0,1.0,0.5,0.6,0.0,,nearby_city_phase2,outside_shanghai_municipality
B0FFFOUUEY,惠得来(启东店),上海,商业休闲,leisure,0.832,3.8,3,启东市,121.661844,31.806943,121.666163,31.804892,,False,购物服务;商场;购物中心|购物服务;超级市场;超市,060101|060400,汇龙镇公园中路590号,[],,[],[],[],0.0,0.0,0.0,1.0,0.0,0.6,0.0,,nearby_city_phase2,outside_shanghai_municipality
B0FFI7MKL1,快得购超市,上海,商业休闲,leisure,0.832,3.8,3,吴中区,120.826086,31.367606,120.830354,31.365541,,False,购物服务;商场;购物中心,060101,金陵东路36号,13857921422;15867940856,,苏州工业园区,[],[],0.0,0.0,0.0,1.0,0.0,0.6,0.0,,nearby_city_phase2,outside_shanghai_municipality
B0FFFP4WIS,望族商城小区,上海,商业休闲,leisure,0.832,,3,昆山市,120.982717,31.397936,120.987052,31.395921,,False,购物服务;商场;普通商场,060102,周市镇春晖路718号,18994470313,,玉山,[],[],0.0,0.0,0.0,1.0,0.0,0.6,0.0,,nearby_city_phase2,outside_shanghai_municipality
B020005SQK,吉隆商城,上海,商业休闲,leisure,0.8257,4.2,2,昆山市,120.958345,31.374392,120.962598,31.372305,,False,购物服务;商场;普通商场,060102,玉山镇人民南路131号,[],,人民路,[],[],1.0,0.0,0.0,1.0,0.0,0.6,0.0,,nearby_city_phase2,outside_shanghai_municipality
B0FFFEOZ5X,港城邻里中心,上海,商业休闲,leisure,0.8257,4.2,2,太仓市,121.212039,31.61625,121.216523,31.614347,,False,购物服务;商场;购物中心,060101,浮桥镇龙江路与映雪路交汇处,0512-53706688,,[],[],[],0.0,0.0,0.0,1.0,0.0,0.6,0.0,,nearby_city_phase2,outside_shanghai_municipality
B0FFGIOWIJ,汇金百货(剧场街),上海,商业休闲,leisure,0.818,3.7,3,昆山市,120.957808,31.380694,120.96206,31.378608,,False,购物服务;商场;普通商场,060102,玉山镇人民路77号一楼彩石轩,18914951934,,人民路,[],[],0.0,0.0,0.0,1.0,0.0,0.6,0.0,,nearby_city_phase2,outside_shanghai_municipality
B0FFIHFXXF,初晨百货,上海,商业休闲,leisure,0.818,3.7,3,崇川区,120.941824,31.920238,120.946081,31.918116,,False,购物服务;商场;普通商场,060102,南通市开发区南通经济技术开发区上海路乐天玛特3楼,0513-81587888,,新开南路,[],[],0.0,0.0,0.0,1.0,0.0,0.6,0.0,,nearby_city_phase2,outside_shanghai_municipality
B0FFKPC9VK,仟亩堂名茶运营中心(嘉善国际农商城店),上海,商业休闲,leisure,0.818,3.7,3,嘉善县,120.931128,30.814279,120.935273,30.811853,,False,购物服务;商场;免税品店,060103,国际农商城23幢10号,[],,嘉善大道,[],[],0.0,0.0,0.0,1.0,0.0,0.6,0.0,,nearby_city_phase2,outside_shanghai_municipality
B020016HZH,良基商城,上海,商业休闲,leisure,0.8117,4.1,2,常熟市,120.873948,31.70889,120.878156,31.706784,,False,购物服务;商场;普通商场,060102,梅李镇通江路11号,[],,苏杭时代,[],[],0.0,0.0,0.0,1.0,0.0,0.6,0.0,,nearby_city_phase2,outside_shanghai_municipality
B0FFF9YFRU,锦景商业中心,上海,商业休闲,leisure,0.8117,4.1,2,昆山市,121.011511,31.257535,121.015939,31.255556,,False,购物服务;商场;普通商场,060102,炎中路与景唐北路交叉口东140米,[],,千灯,[],[],0.0,0.0,0.0,1.0,0.0,0.6,0.0,,nearby_city_phase2,outside_shanghai_municipality
