poi_id,original_name,verified_name,issue_type,review_decision,travel_role,review_note,verification_method,verification_source,verified_at,review_confidence
B0L365A92X,小东街127号朱氏住宅,,高德ID未返回,保留实体,cultural_experience,历史、宗教或文化实体具有旅行内容价值。开放、预约与校内/宗教场所访问限制在推荐时实时核验。,规则复核,,2026-09-20,中
B0MGHSSHKT,联影小镇,,高德ID未返回,从服务库排除,needs_review,企业园区、私营门店、宠物善终机构、临时展陈或用户生成标记不适合作为MVP通用旅行推荐点；保留原始记录。,规则复核,,2026-09-20,中高
B0IGPCJS2F,三桑公园,,高德ID未返回,保留实体,urban_experience,公园及公共绿地可服务散步、休息、亲子和低体力场景。高德ID失效不等于实体消失，开放状态推荐时实时确认。,规则复核,,2026-09-20,中
B0FFGY2IKC,观音姐姐佛堂,,高德ID未返回,保留实体,cultural_experience,历史、宗教或文化实体具有旅行内容价值。开放、预约与校内/宗教场所访问限制在推荐时实时核验。,规则复核,,2026-09-20,中
B0LKS5IOEN,飞云岛·雁南飞广场,,高德ID未返回,保留实体,urban_experience,公园及公共绿地可服务散步、休息、亲子和低体力场景。高德ID失效不等于实体消失，开放状态推荐时实时确认。,规则复核,,2026-09-20,中
B0LKC510N3,鼎丰酱园旧址(装修中),鼎丰酱园旧址,名称变化；开放状态提示,保留实体,cultural_experience,历史、宗教或文化实体具有旅行内容价值。开放、预约与校内/宗教场所访问限制在推荐时实时核验。,规则复核,,2026-09-20,中
B001508241,上海市基督教吴淞堂(装修中),上海市基督教吴淞堂(装修中),开放状态提示,保留实体,cultural_experience,历史、宗教或文化实体具有旅行内容价值。开放、预约与校内/宗教场所访问限制在推荐时实时核验。,规则复核,,2026-09-20,中
B00156EKMZ,上海闻道园,上海闻道园(暂停开放),名称变化；开放状态提示,保留实体,core_attraction,上海市文旅局4A级景区名录仍列上海闻道园；2026年文旅年票亦纳入。开放、预约与票务在推荐时实时查询。,联网核验,https://whlyj.sh.gov.cn/4ajjq/20191008/0022-28627.html,2026-09-20,高
B0JKMAKLNE,华庆汇(魔方9号楼公寓店)(装修中),华庆汇(魔方9号楼公寓店)(装修中),开放状态提示,保留实体,indoor_leisure,商业综合体可服务雨天、休息、餐饮和购物场景。装修或开业状态属于实时信息，推荐前调用地图工具确认。,规则复核,,2026-09-20,高
B0L01HFM9E,川流石太库,,高德ID未返回,暂不入服务库,needs_review,高德ID已失效且缺少足够稳定的公共旅行价值证据；原始记录保留，MVP阶段不参与自动推荐。,规则复核,,2026-09-20,中
B0LA3YLTBI,康文小游园,,高德ID未返回,保留实体,urban_experience,公园及公共绿地可服务散步、休息、亲子和低体力场景。高德ID失效不等于实体消失，开放状态推荐时实时确认。,规则复核,,2026-09-20,中
B0FFJ2NVJZ,斯凯奇(上海宝山万达广场店),,高德ID未返回,从服务库排除,ordinary_store,普通品牌门店不进入上海静态旅行服务库；用户明确提出品牌购物需求时调用地图工具实时检索。,规则复核,,2026-09-20,高
B00156YKF0,旭惠·海江新天地A区(装修中),旭惠·海江新天地A区(装修中),开放状态提示,保留实体,indoor_leisure,商业综合体可服务雨天、休息、餐饮和购物场景。装修或开业状态属于实时信息，推荐前调用地图工具确认。,规则复核,,2026-09-20,高
B0L0LUA3L0,海上美兰(陈皮村品牌中心),,高德ID未返回,从服务库排除,needs_review,企业园区、私营门店、宠物善终机构、临时展陈或用户生成标记不适合作为MVP通用旅行推荐点；保留原始记录。,规则复核,,2026-09-20,中高
B0KAVCEOBV,润路时尚体育公园,,高德ID未返回,保留实体,urban_experience,公园及公共绿地可服务散步、休息、亲子和低体力场景。高德ID失效不等于实体消失，开放状态推荐时实时确认。,规则复核,,2026-09-20,中
B0KK0HDW43,灯塔步行街(装修中),灯塔步行街(装修中),开放状态提示；旅行类别与购物类型冲突,保留实体,urban_experience,商业街和城市漫游空间可作为夜游、餐饮和逛街场景。当前营业状态在推荐时实时查询。,规则复核,,2026-09-20,高
B00156EFAC,祁连花园(装修中),祁连花园(装修中),开放状态提示,保留实体,core_attraction,公园及公共绿地可服务散步、休息、亲子和低体力场景。高德ID失效不等于实体消失，开放状态推荐时实时确认。,规则复核,,2026-09-20,中
B0L2XSXC4O,黄花流路花海,,高德ID未返回,暂不入服务库,needs_review,高德ID已失效且缺少足够稳定的公共旅行价值证据；原始记录保留，MVP阶段不参与自动推荐。,规则复核,,2026-09-20,中
B001576JLM,上海崇明向化灶文化博物馆,,高德ID未返回,保留实体,cultural_experience,历史、宗教或文化实体具有旅行内容价值。开放、预约与校内/宗教场所访问限制在推荐时实时核验。,规则复核,,2026-09-20,中
B0FFLG6XPD,天主堂,,高德ID未返回,保留实体,cultural_experience,历史、宗教或文化实体具有旅行内容价值。开放、预约与校内/宗教场所访问限制在推荐时实时核验。,规则复核,,2026-09-20,中
B0FFF2WPV5,自行车主题公园,自行车主题公园(暂停开放),名称变化；开放状态提示,保留实体,core_attraction,公园及公共绿地可服务散步、休息、亲子和低体力场景。高德ID失效不等于实体消失，开放状态推荐时实时确认。,规则复核,,2026-09-20,中
B0FFLKISQJ,中国慰安妇历史博物馆,中国慰安妇历史博物馆(暂停开放),名称变化；开放状态提示,保留并更名,cultural_experience,上海师范大学官方页面确认场馆实体及校内地址。规范名建议为“中国‘慰安妇’历史博物馆”；校内参观限制和开放日需实时确认。,联网核验,https://renwen.shnu.edu.cn/_t92/ee/e4/c3128a126692/page.htm,2026-09-20,高
B0FFIDRU6Q,Dainese Shanghai(车迷辰),,高德ID未返回,从服务库排除,ordinary_store,普通品牌门店不进入上海静态旅行服务库；用户明确提出品牌购物需求时调用地图工具实时检索。,规则复核,,2026-09-20,高
B0I1VSUTMI,苏州河工业文明展示馆,苏州河工业文明展示馆(暂停开放),名称变化；开放状态提示,保留实体,cultural_experience,上海市文旅局2026年8月仍推荐该馆，并给出周二至周日9:00-16:30的开放信息。,联网核验,https://whlyj.sh.gov.cn/gqfc/20260826/a452ab32fb3840bc91af366d609015ef.html,2026-09-20,高
B0FFGRD272,鬼塚虎 Onitsuka Tiger(上海月星环球港店),,高德ID未返回,从服务库排除,ordinary_store,普通品牌门店不进入上海静态旅行服务库；用户明确提出品牌购物需求时调用地图工具实时检索。,规则复核,,2026-09-20,高
B0FFL1KXDA,万斯VANS,,高德ID未返回,从服务库排除,ordinary_store,普通品牌门店不进入上海静态旅行服务库；用户明确提出品牌购物需求时调用地图工具实时检索。,规则复核,,2026-09-20,高
B0FFFAQ0LX,上海海洋大学鱼文化博物馆(军工路校区),,高德ID未返回,保留并更名,cultural_experience,上海海洋大学博物馆官方参观须知确认实体；旧称鱼文化博物馆，建议统一到“上海海洋大学博物馆（军工路校区）”。,联网核验,https://bwg.shou.edu.cn/cgxz/list.htm,2026-09-20,高
B0FFL04AWT,佛夙精舍,,高德ID未返回,从服务库排除,needs_review,企业园区、私营门店、宠物善终机构、临时展陈或用户生成标记不适合作为MVP通用旅行推荐点；保留原始记录。,规则复核,,2026-09-20,中高
B001524C2C,假日百货(装修中),假日百货(装修中),开放状态提示,保留实体,indoor_leisure,商业综合体可服务雨天、休息、餐饮和购物场景。装修或开业状态属于实时信息，推荐前调用地图工具确认。,规则复核,,2026-09-20,高
B0MDG5QHW6,复兴岛岛北公园,,高德ID未返回,保留实体,urban_experience,公园及公共绿地可服务散步、休息、亲子和低体力场景。高德ID失效不等于实体消失，开放状态推荐时实时确认。,规则复核,,2026-09-20,中
B0L0KSPKDO,丁香生活广场(装修中),丁香生活广场(装修中),开放状态提示,保留实体,indoor_leisure,商业综合体可服务雨天、休息、餐饮和购物场景。装修或开业状态属于实时信息，推荐前调用地图工具确认。,规则复核,,2026-09-20,高
B0KUFC6H6G,佘北水杉森林公园,,高德ID未返回,暂不入服务库,needs_review,高德ID已失效且缺少足够稳定的公共旅行价值证据；原始记录保留，MVP阶段不参与自动推荐。,规则复核,,2026-09-20,中
B0FFLFOYX0,叶榭桂花公园(装修中),叶榭桂花公园(装修中),开放状态提示,保留实体,core_attraction,公园及公共绿地可服务散步、休息、亲子和低体力场景。高德ID失效不等于实体消失，开放状态推荐时实时确认。,规则复核,,2026-09-20,中
B0FFH16CDO,女人街,,高德ID未返回,保留实体,urban_experience,商业街和城市漫游空间可作为夜游、餐饮和逛街场景。当前营业状态在推荐时实时查询。,规则复核,,2026-09-20,高
B0LUVAE031,宠忆生宠物火化善终纪念馆(松江店),,高德ID未返回,从服务库排除,needs_review,企业园区、私营门店、宠物善终机构、临时展陈或用户生成标记不适合作为MVP通用旅行推荐点；保留原始记录。,规则复核,,2026-09-20,中高
B0KRJO6ARD,岩生植物园,,高德ID未返回,保留实体,urban_experience,公园及公共绿地可服务散步、休息、亲子和低体力场景。高德ID失效不等于实体消失，开放状态推荐时实时确认。,规则复核,,2026-09-20,中
B0FFLDZ2PI,松江新城金街(上海松江万达广场店),,高德ID未返回,保留实体,urban_experience,商业街和城市漫游空间可作为夜游、餐饮和逛街场景。当前营业状态在推荐时实时查询。,规则复核,,2026-09-20,高
B0FFFWPXD7,泰晤士天主堂,泰晤士天主堂(暂停开放),名称变化；开放状态提示,保留实体,cultural_experience,历史、宗教或文化实体具有旅行内容价值。开放、预约与校内/宗教场所访问限制在推荐时实时核验。,规则复核,,2026-09-20,中
B0LDZMMZ7G,碎片记忆馆,,高德ID未返回,从服务库排除,needs_review,企业园区、私营门店、宠物善终机构、临时展陈或用户生成标记不适合作为MVP通用旅行推荐点；保留原始记录。,规则复核,,2026-09-20,中高
B0LU3U8UIY,鸿星尔克(松江中山中路店),,高德ID未返回,从服务库排除,ordinary_store,普通品牌门店不进入上海静态旅行服务库；用户明确提出品牌购物需求时调用地图工具实时检索。,规则复核,,2026-09-20,高
B0LK41XCH0,HOUDINI(浦东嘉里城店),HOUDINI(浦东嘉里城店)(装修中),名称变化；开放状态提示；普通门店候选,从服务库排除,ordinary_store,保留高德原始记录；普通品牌门店按明确购物需求实时检索,规则复核,,2026-09-20,高
B0JRHUE3S2,PRISMA新嘉中心(装修中),PRISMA新嘉中心,名称变化；开放状态提示,保留实体,indoor_leisure,商业综合体可服务雨天、休息、餐饮和购物场景。装修或开业状态属于实时信息，推荐前调用地图工具确认。,规则复核,,2026-09-20,高
B0FFF63NMA,Pandora潘多拉珠宝(浦东第一八佰伴店),,高德ID未返回,从服务库排除,ordinary_store,普通品牌门店不进入上海静态旅行服务库；用户明确提出品牌购物需求时调用地图工具实时检索。,规则复核,,2026-09-20,高
B0FFFWQW5C,SKECHERS 斯凯奇(浦建巴黎春天店),,高德ID未返回,从服务库排除,ordinary_store,普通品牌门店不进入上海静态旅行服务库；用户明确提出品牌购物需求时调用地图工具实时检索。,规则复核,,2026-09-20,高
B0FFLLI8YA,Tims咖啡(旭辉广场店)(装修中),Tims咖啡(旭辉广场店)(装修中),开放状态提示；普通门店候选,从服务库排除,ordinary_store,保留高德原始记录；普通品牌门店按明确购物需求实时检索,规则复核,,2026-09-20,高
B0KDX7YVGG,WeCycle(世纪公园),,高德ID未返回,从服务库排除,ordinary_store,普通品牌门店不进入上海静态旅行服务库；用户明确提出品牌购物需求时调用地图工具实时检索。,规则复核,,2026-09-20,高
B0HKLSSRJK,上海薰衣草公园-南园,,高德ID未返回,保留实体,core_attraction,上海市文旅局将上海薰衣草公园（南园）列为需实名购票场所，确认其为独立可游览分区；运营状态实时查询。,联网核验,https://whlyj.sh.gov.cn/wlyw/20240609/715719df29ac4b009bb5504139156ab1.html,2026-09-20,高
B0LKPAZKVU,临港城市公园,,高德ID未返回,保留实体,urban_experience,公园及公共绿地可服务散步、休息、亲子和低体力场景。高德ID失效不等于实体消失，开放状态推荐时实时确认。,规则复核,,2026-09-20,中
B0FFJHRGOW,利永·紫砂汇茶馆(联洋星座店),,高德ID未返回,从服务库排除,needs_review,企业园区、私营门店、宠物善终机构、临时展陈或用户生成标记不适合作为MVP通用旅行推荐点；保留原始记录。,规则复核,,2026-09-20,中高
B0IKYH9TRR,千年古银杏园(装修中),千年古银杏园(装修中),开放状态提示,保留实体,core_attraction,公园及公共绿地可服务散步、休息、亲子和低体力场景。高德ID失效不等于实体消失，开放状态推荐时实时确认。,规则复核,,2026-09-20,中
B0FFLG0YFC,天主堂,,高德ID未返回,保留实体,cultural_experience,历史、宗教或文化实体具有旅行内容价值。开放、预约与校内/宗教场所访问限制在推荐时实时核验。,规则复核,,2026-09-20,中
B001557N7X,天主教上海教区唐墓桥露德圣母堂,天主教上海教区唐墓桥露德圣母堂(暂停开放),名称变化；开放状态提示,暂不入服务库,needs_review,高德ID已失效且缺少足够稳定的公共旅行价值证据；原始记录保留，MVP阶段不参与自动推荐。,规则复核,,2026-09-20,中
B00155BFV0,天王殿(装修中),天王殿(装修中),开放状态提示,保留实体,cultural_experience,历史、宗教或文化实体具有旅行内容价值。开放、预约与校内/宗教场所访问限制在推荐时实时核验。,规则复核,,2026-09-20,中
B0KRTDVZJC,小当家落水处,,高德ID未返回,从服务库排除,needs_review,企业园区、私营门店、宠物善终机构、临时展陈或用户生成标记不适合作为MVP通用旅行推荐点；保留原始记录。,规则复核,,2026-09-20,中高
B0MGR5K3HB,幽邃地窟,,高德ID未返回,从服务库排除,needs_review,企业园区、私营门店、宠物善终机构、临时展陈或用户生成标记不适合作为MVP通用旅行推荐点；保留原始记录。,规则复核,,2026-09-20,中高
B0MGR6J7GT,春花秋色公园-童趣花园,,高德ID未返回,保留实体,urban_experience,公园及公共绿地可服务散步、休息、亲子和低体力场景。高德ID失效不等于实体消失，开放状态推荐时实时确认。,规则复核,,2026-09-20,中
B0K0KA1VBF,汇和8号城市滨江露台,,高德ID未返回,暂不入服务库,needs_review,高德ID已失效且缺少足够稳定的公共旅行价值证据；原始记录保留，MVP阶段不参与自动推荐。,规则复核,,2026-09-20,中
B0LG5SUSR7,江海绿舟园(装修中),江海绿舟园(装修中),开放状态提示,保留实体,core_attraction,公园及公共绿地可服务散步、休息、亲子和低体力场景。高德ID失效不等于实体消失，开放状态推荐时实时确认。,规则复核,,2026-09-20,中
B0M6AHYKOX,洲海公园,,高德ID未返回,保留实体,urban_experience,公园及公共绿地可服务散步、休息、亲子和低体力场景。高德ID失效不等于实体消失，开放状态推荐时实时确认。,规则复核,,2026-09-20,中
B0L6998KQ7,浦东红领巾博物馆,浦东红领巾博物馆(暂停开放),名称变化；开放状态提示,保留实体,cultural_experience,历史、宗教或文化实体具有旅行内容价值。开放、预约与校内/宗教场所访问限制在推荐时实时核验。,规则复核,,2026-09-20,中
B0MBTXDPD2,爱达·花城号邮轮,,高德ID未返回,从服务库排除,needs_review,企业园区、私营门店、宠物善终机构、临时展陈或用户生成标记不适合作为MVP通用旅行推荐点；保留原始记录。,规则复核,,2026-09-20,中高
B0J0OHDIUN,秘境花园,,高德ID未返回,暂不入服务库,needs_review,高德ID已失效且缺少足够稳定的公共旅行价值证据；原始记录保留，MVP阶段不参与自动推荐。,规则复核,,2026-09-20,中
B0LRVDJH4W,航头未来城(装修中),航头未来城(装修中),开放状态提示,保留实体,indoor_leisure,商业综合体可服务雨天、休息、餐饮和购物场景。装修或开业状态属于实时信息，推荐前调用地图工具确认。,规则复核,,2026-09-20,高
B0ID6980R1,锦尊湿地公园,锦尊湿地公园(装修中),名称变化；开放状态提示,保留实体,core_attraction,公园及公共绿地可服务散步、休息、亲子和低体力场景。高德ID失效不等于实体消失，开放状态推荐时实时确认。,规则复核,,2026-09-20,中
B0LDDM6V72,音乐之林-露天剧场,,高德ID未返回,暂不入服务库,needs_review,高德ID已失效且缺少足够稳定的公共旅行价值证据；原始记录保留，MVP阶段不参与自动推荐。,规则复核,,2026-09-20,中
B00155IKHF,左联会址纪念馆,左联会址纪念馆(暂停开放),名称变化；开放状态提示,保留实体,cultural_experience,上海市文旅局2026年3月活动信息确认左联会址纪念馆仍在运营体系中；具体开放时段推荐时实时查询。,联网核验,https://whlyj.sh.gov.cn/gqfc/20260302/7517d43ef448452cb0c6e026b85ef8b9.html,2026-09-20,高
B0LU45Y2VW,未来博物馆next.museum(1933馆),,高德ID未返回,从服务库排除,needs_review,企业园区、私营门店、宠物善终机构、临时展陈或用户生成标记不适合作为MVP通用旅行推荐点；保留原始记录。,规则复核,,2026-09-20,中高
B00154502C,上海儿童博物馆,上海儿童博物馆(暂停开放),名称变化；开放状态提示,保留实体,cultural_experience,上海儿童博物馆官网确认实体，并公告自2026-06-29起暂停开放。保留场馆，当前状态标记为临时关闭，恢复时间实时查询。,联网核验,https://www.shetbwg.cn/p-index1.html,2026-09-20,高
B0FFFS32K1,上海动物园-亚洲象馆,,高德ID未返回,保留实体,urban_experience,属于大型景区内部具有游览意义的子地点，保留父子关系；不作为跨景区路线中的独立停靠点。,规则复核,,2026-09-20,中
B0FFK944FN,哈密公园(装修中),哈密公园,名称变化；开放状态提示,保留实体,core_attraction,公园及公共绿地可服务散步、休息、亲子和低体力场景。高德ID失效不等于实体消失，开放状态推荐时实时确认。,规则复核,,2026-09-20,中
B0M6R51I0W,TODTOWN MALL天荟广场(装修中),TODTOWN MALL天荟广场,名称变化；坐标偏移>100m；开放状态提示,保留实体,indoor_leisure,商业综合体可服务雨天、休息、餐饮和购物场景。装修或开业状态属于实时信息，推荐前调用地图工具确认。,规则复核,,2026-09-20,高
B0JAJL1JIQ,中国宣纸博物馆上海馆(装修中),中国宣纸博物馆上海馆(装修中),开放状态提示,保留实体,cultural_experience,历史、宗教或文化实体具有旅行内容价值。开放、预约与校内/宗教场所访问限制在推荐时实时核验。,规则复核,,2026-09-20,中
B0LKX5O20V,京东MALL上海七宝店(装修中),京东MALL上海七宝店,名称变化；开放状态提示,保留实体,indoor_leisure,商业综合体可服务雨天、休息、餐饮和购物场景。装修或开业状态属于实时信息，推荐前调用地图工具确认。,规则复核,,2026-09-20,高
B0FFI9ZXCK,奇迹花园,奇迹花园(暂停开放),名称变化；开放状态提示,保留实体,core_attraction,上海市文旅局确认奇迹花园为浦江郊野公园内分区并持续举办季节性花展；活动期、票务与开放状态实时查询。,联网核验,https://whlyj.sh.gov.cn/gqfc/20251113/3c0280a85df3412e881320459e9e37aa.html,2026-09-20,高
B0K3FUJ9I4,浦江梦时代(装修中),浦江梦时代(装修中),开放状态提示,保留实体,indoor_leisure,商业综合体可服务雨天、休息、餐饮和购物场景。装修或开业状态属于实时信息，推荐前调用地图工具确认。,规则复核,,2026-09-20,高
B00156GQ1V,满天星广场(装修中),满天星广场(装修中),开放状态提示,保留实体,indoor_leisure,商业综合体可服务雨天、休息、餐饮和购物场景。装修或开业状态属于实时信息，推荐前调用地图工具确认。,规则复核,,2026-09-20,高
B0FFMEY4JR,上海市青浦区基督教,,高德ID未返回,保留实体,cultural_experience,历史、宗教或文化实体具有旅行内容价值。开放、预约与校内/宗教场所访问限制在推荐时实时核验。,规则复核,,2026-09-20,中
B0FFIDGF8M,EVA雕像(装修中),EVA雕像,名称变化；开放状态提示,暂不入服务库,needs_review,高德ID已失效且缺少足够稳定的公共旅行价值证据；原始记录保留，MVP阶段不参与自动推荐。,规则复核,,2026-09-20,中
B0FFJ262EL,吴江路休闲街(四季坊店)(装修中),吴江路休闲街(四季坊店)(装修中),开放状态提示；旅行类别与购物类型冲突,保留实体,urban_experience,商业街和城市漫游空间可作为夜游、餐饮和逛街场景。当前营业状态在推荐时实时查询。,规则复核,,2026-09-20,高
B00155KLPR,宋家老宅(装修中),宋家老宅,名称变化；开放状态提示,保留实体,cultural_experience,历史、宗教或文化实体具有旅行内容价值。开放、预约与校内/宗教场所访问限制在推荐时实时核验。,规则复核,,2026-09-20,中
B0FFHXI6DJ,lululemon(上海新天地南里店),,高德ID未返回,从服务库排除,ordinary_store,普通品牌门店不进入上海静态旅行服务库；用户明确提出品牌购物需求时调用地图工具实时检索。,规则复核,,2026-09-20,高
B00155IVUX,华狮广场,华狮广场(装修中),名称变化；开放状态提示,保留实体,indoor_leisure,商业综合体可服务雨天、休息、餐饮和购物场景。装修或开业状态属于实时信息，推荐前调用地图工具确认。,规则复核,,2026-09-20,高
B0H3J754UU,新天地时尚(装修中),新天地时尚(装修中),开放状态提示,保留实体,indoor_leisure,商业综合体可服务雨天、休息、餐饮和购物场景。装修或开业状态属于实时信息，推荐前调用地图工具确认。,规则复核,,2026-09-20,高
B0FFFEPU7R,湖心亭(豫园店),,高德ID未返回,从服务库排除,needs_review,企业园区、私营门店、宠物善终机构、临时展陈或用户生成标记不适合作为MVP通用旅行推荐点；保留原始记录。,规则复核,,2026-09-20,中高
B0J32AB5RN,龙凤PRSCO(装修中),龙凤PRSCO,名称变化；开放状态提示,保留实体,indoor_leisure,商业综合体可服务雨天、休息、餐饮和购物场景。装修或开业状态属于实时信息，推荐前调用地图工具确认。,规则复核,,2026-09-20,高
B00156GUEM,乔丹体育(百华商厦店),,高德ID未返回,从服务库排除,ordinary_store,普通品牌门店或餐饮门店的高德ID已失效，不进入静态旅行服务库；明确需求时实时检索。,规则复核,,2026-09-20,高
B0KRA5AYEG,南翔心域广场,,高德ID未返回,暂不入服务库,needs_review,高德ID失效且缺少足够稳定的通用旅行价值证据；保留原始记录，MVP阶段不参与自动推荐。,规则复核,,2026-09-20,中
B0LBF7UK9L,南翔镇云翔我嘉·邻里中心,我嘉邻里中心,名称变化,保留并更名,commercial_support,高德详情接口已返回同一POI的新名称。保留实体并以高德名称作为候选展示名；品牌化后缀可在展示层清洗。,规则复核,,2026-09-20,高
B0KANHZDZ7,嘉悦荟(新城·香溢璟庭二期店),嘉悦荟,名称变化,保留并更名,commercial_support,高德详情接口已返回同一POI的新名称。保留实体并以高德名称作为候选展示名；品牌化后缀可在展示层清洗。,规则复核,,2026-09-20,高
B0FFG6P1CM,大融城,嘉定大融城IMIX PARK,名称变化,保留并更名,commercial_support,高德详情接口已返回同一POI的新名称。保留实体并以高德名称作为候选展示名；品牌化后缀可在展示层清洗。,规则复核,,2026-09-20,高
B0K22LGQS2,安踏(江桥万达店),安踏(上海嘉定江桥万达店),名称变化；普通门店候选,从服务库排除,ordinary_store,保留高德原始记录；普通品牌门店按明确购物需求实时检索,规则复核,,2026-09-20,高
B0FFH2PD7T,小小mall,,高德ID未返回,保留实体,indoor_leisure,高德ID失效不等于实体消失；现有名称、地址和坐标仍可作为候选。开放状态和新ID在进入推荐结果前实时确认。,规则复核,,2026-09-20,中
B0IRNSVDBI,德利得蛋糕面包西点(南翔印象城店),,高德ID未返回,从服务库排除,ordinary_store,普通品牌门店或餐饮门店的高德ID已失效，不进入静态旅行服务库；明确需求时实时检索。,规则复核,,2026-09-20,高
B0FFIK93GC,步行街(清河商场店),,高德ID未返回,保留实体,urban_experience,高德ID失效不等于实体消失；现有名称、地址和坐标仍可作为候选。开放状态和新ID在进入推荐结果前实时确认。,规则复核,,2026-09-20,中
B00155L8U1,清河商场,清河玖街坊,名称变化,保留并更名,indoor_leisure,高德详情接口已返回同一POI的新名称。保留实体并以高德名称作为候选展示名；品牌化后缀可在展示层清洗。,规则复核,,2026-09-20,高
B0JBYHSKRU,骑欢体育环法自行车体验店,骑欢体育,名称变化；普通门店候选,从服务库排除,ordinary_store,保留高德原始记录；普通品牌门店按明确购物需求实时检索,规则复核,,2026-09-20,高
B0FFMH4EG8,PUMA彪马(奉贤宝龙广场店),,高德ID未返回,从服务库排除,ordinary_store,普通品牌门店或餐饮门店的高德ID已失效，不进入静态旅行服务库；明确需求时实时检索。,规则复核,,2026-09-20,高
B0KR24HDYL,光明公园,光明公园,坐标偏移>100m,暂不入服务库,needs_review,实体可以保留，但坐标偏移会直接影响步行时间、入口选择和路线可执行性；自动推荐前需按官方地址或地图重新匹配坐标。,规则复核,,2026-09-20,高
B0IK3CV2Y0,安踏(龙湖·上海奉贤天街店),安踏(上海奉贤龙湖天街店),名称变化；普通门店候选,从服务库排除,ordinary_store,保留高德原始记录；普通品牌门店按明确购物需求实时检索,规则复核,,2026-09-20,高
B0K0JMB0SB,海国李宁羽毛球专卖店,海国体育李宁羽毛球专卖店,名称变化；普通门店候选,从服务库排除,ordinary_store,保留高德原始记录；普通品牌门店按明确购物需求实时检索,规则复核,,2026-09-20,高
B0FFG8EPIM,特步(金汇中街店),,高德ID未返回,从服务库排除,ordinary_store,普通品牌门店或餐饮门店的高德ID已失效，不进入静态旅行服务库；明确需求时实时检索。,规则复核,,2026-09-20,高
B0FFG8EP97,特步泰日新建路店,,高德ID未返回,从服务库排除,ordinary_store,普通品牌门店或餐饮门店的高德ID已失效，不进入静态旅行服务库；明确需求时实时检索。,规则复核,,2026-09-20,高
B0IKTHJB5K,耐克nike(TOP滔搏·奉贤金汇龙湖天街店),耐克(滔搏龙湖金汇天街店),名称变化；普通门店候选,从服务库排除,ordinary_store,保留高德原始记录；普通品牌门店按明确购物需求实时检索,规则复核,,2026-09-20,高
B0FFKZXWGV,NIKE KICKS LOUNGE(上海宝山万达广场店),,高德ID未返回,从服务库排除,ordinary_store,普通品牌门店或餐饮门店的高德ID已失效，不进入静态旅行服务库；明确需求时实时检索。,规则复核,,2026-09-20,高
B0J24S0VG8,YONEX苗江运动城(宝山店),,高德ID未返回,从服务库排除,ordinary_store,普通品牌门店或餐饮门店的高德ID已失效，不进入静态旅行服务库；明确需求时实时检索。,规则复核,,2026-09-20,高
B0H3TDHIMA,上海淞沪抗战纪念馆-胜利广场,上海淞沪抗战纪念馆-胜利广场,坐标偏移>100m,暂不入服务库,needs_review,实体可以保留，但坐标偏移会直接影响步行时间、入口选择和路线可执行性；自动推荐前需按官方地址或地图重新匹配坐标。,规则复核,,2026-09-20,高
B00156E3VY,上海顾村公园,顾村公园,名称变化,保留并更名,core_attraction,高德详情接口已返回同一POI的新名称。保留实体并以高德名称作为候选展示名；品牌化后缀可在展示层清洗。,规则复核,,2026-09-20,高
B00155MEFX,云瑞邻里中心,云锦中心,名称变化,保留并更名,commercial_support,高德详情接口已返回同一POI的新名称。保留实体并以高德名称作为候选展示名；品牌化后缀可在展示层清洗。,规则复核,,2026-09-20,高
B0K3RDZNRV,呈康青少年篮球运动培训(花园城店),呈康体育(杨泰路店),名称变化；旅行类别与购物类型冲突；普通门店候选,从服务库排除,ordinary_store,保留高德原始记录；普通品牌门店按明确购物需求实时检索,规则复核,,2026-09-20,高
B0LBGC5725,安踏(宝杨宝龙广场店),安踏(上海宝山宝杨路宝龙店),名称变化；普通门店候选,从服务库排除,ordinary_store,保留高德原始记录；普通品牌门店按明确购物需求实时检索,规则复核,,2026-09-20,高
B0K0HROPCD,安踏(龙湖上海宝山天街店),安踏(上海宝山龙湖天街店),名称变化；普通门店候选,从服务库排除,ordinary_store,保留高德原始记录；普通品牌门店按明确购物需求实时检索,规则复核,,2026-09-20,高
B0J1PX6VKF,安踏kids(上海宝山宝杨路宝龙店),,高德ID未返回,从服务库排除,ordinary_store,普通品牌门店或餐饮门店的高德ID已失效，不进入静态旅行服务库；明确需求时实时检索。,规则复核,,2026-09-20,高
B001574L6R,宝体羽毛球专卖店(北翼生活馆店),,高德ID未返回,从服务库排除,ordinary_store,普通品牌门店或餐饮门店的高德ID已失效，不进入静态旅行服务库；明确需求时实时检索。,规则复核,,2026-09-20,高
B0FFF05113,尚优里·乐坊生活广场,浦发·尚优里,名称变化,保留并更名,indoor_leisure,高德详情接口已返回同一POI的新名称。保留实体并以高德名称作为候选展示名；品牌化后缀可在展示层清洗。,规则复核,,2026-09-20,高
B0L6YHIC70,早樱林,顾村公园-早樱林,名称变化,保留并更名,core_attraction,高德详情接口已返回同一POI的新名称。保留实体并以高德名称作为候选展示名；品牌化后缀可在展示层清洗。,规则复核,,2026-09-20,高
B00156GUPA,海德坊,招商·海德坊商业步行街,名称变化；坐标偏移>100m；旅行类别与购物类型冲突,暂不入服务库,needs_review,实体可以保留，但坐标偏移会直接影响步行时间、入口选择和路线可执行性；自动推荐前需按官方地址或地图重新匹配坐标。,规则复核,,2026-09-20,高
B0JDPDM4YR,清美鲜家(长白山路店),清美生鲜(长白山路店),名称变化；旅行类别与购物类型冲突,保留并更名,commercial_support,高德详情接口已返回同一POI的新名称。保留实体并以高德名称作为候选展示名；品牌化后缀可在展示层清洗。,规则复核,,2026-09-20,高
B0HADRGXV1,生活购物中心(吉卖隆购物中心店),,高德ID未返回,保留实体,indoor_leisure,高德ID失效不等于实体消失；现有名称、地址和坐标仍可作为候选。开放状态和新ID在进入推荐结果前实时确认。,规则复核,,2026-09-20,中
B0FFIS0R8N,罗泾天主堂,天主教上海教区罗泾天主堂,名称变化,保留并更名,core_attraction,高德详情接口已返回同一POI的新名称。保留实体并以高德名称作为候选展示名；品牌化后缀可在展示层清洗。,规则复核,,2026-09-20,高
B0LRFZ6CVP,麒麟社·KYLIN CLUB·台球酒吧,麒麟社·KYLIN CLUB·酒吧烧烤,名称变化,保留并更名,core_attraction,高德详情接口已返回同一POI的新名称。保留实体并以高德名称作为候选展示名；品牌化后缀可在展示层清洗。,规则复核,,2026-09-20,高
B001572IFX,前卫生态村-上海雷锋纪念馆,上海雷锋事迹展览馆,名称变化,保留并更名,core_attraction,高德详情接口已返回同一POI的新名称。保留实体并以高德名称作为候选展示名；品牌化后缀可在展示层清洗。,规则复核,,2026-09-20,高
B0FFLG9OUS,FILA(环贸iapm商场店),,高德ID未返回,从服务库排除,ordinary_store,普通品牌门店或餐饮门店的高德ID已失效，不进入静态旅行服务库；明确需求时实时检索。,规则复核,,2026-09-20,高
B0LBDCY53E,NEW BALANCE 1906(上海徐汇万科店),NEW BALANCE 1906(上海徐汇万科店),坐标偏移>100m；普通门店候选,从服务库排除,ordinary_store,保留高德原始记录；普通品牌门店按明确购物需求实时检索,规则复核,,2026-09-20,高
B00156YQE7,PUMA彪马(上海长途客运南站店),,高德ID未返回,从服务库排除,ordinary_store,普通品牌门店或餐饮门店的高德ID已失效，不进入静态旅行服务库；明确需求时实时检索。,规则复核,,2026-09-20,高
B0015730GT,VANS(飞洲国际广场店),,高德ID未返回,从服务库排除,ordinary_store,普通品牌门店或餐饮门店的高德ID已失效，不进入静态旅行服务库；明确需求时实时检索。,规则复核,,2026-09-20,高
B00155NEWG,上海光大会展中心(东馆),上海光大会展中心,名称变化,保留并更名,cultural_experience,高德详情接口已返回同一POI的新名称。保留实体并以高德名称作为候选展示名；品牌化后缀可在展示层清洗。,规则复核,,2026-09-20,高
B0LUFAXA5Y,上海诺尔雪平睡眠博物馆,诺尔雪平睡眠体验上海店,名称变化,保留并更名,cultural_experience,高德详情接口已返回同一POI的新名称。保留实体并以高德名称作为候选展示名；品牌化后缀可在展示层清洗。,规则复核,,2026-09-20,高
B00154DRNM,华轻梅陇购物中心,徐汇梅陇商业中心,名称变化,保留并更名,indoor_leisure,高德详情接口已返回同一POI的新名称。保留实体并以高德名称作为候选展示名；品牌化后缀可在展示层清洗。,规则复核,,2026-09-20,高
ZTRIP_SH_007,安福路,,自建POI ID,保留实体,needs_review,自建ID用于维护安福路、武康路、外滩等路线级目的地；它们不是高德失效记录，不应因缺少高德ID而排除。,规则复核,,2026-09-20,高
B0FFHCIE03,探路者(汇金奥特莱斯南商场店),探路者(汇金奥特莱斯南商场店),坐标偏移>100m；普通门店候选,从服务库排除,ordinary_store,保留高德原始记录；普通品牌门店按明确购物需求实时检索,规则复核,,2026-09-20,高
B0L1451FZQ,枫篁谷,枫篁里,名称变化,保留并更名,core_attraction,高德详情接口已返回同一POI的新名称。保留实体并以高德名称作为候选展示名；品牌化后缀可在展示层清洗。,规则复核,,2026-09-20,高
ZTRIP_SH_002,武康路,,自建POI ID,保留实体,needs_review,自建ID用于维护安福路、武康路、外滩等路线级目的地；它们不是高德失效记录，不应因缺少高德ID而排除。,规则复核,,2026-09-20,高
B0K2LRN7AY,西岸中環,西岸中环,名称变化,保留并更名,commercial_support,高德详情接口已返回同一POI的新名称。保留实体并以高德名称作为候选展示名；品牌化后缀可在展示层清洗。,规则复核,,2026-09-20,高
B0FFIVFIGQ,阿迪达斯(环贸iapm商场店),,高德ID未返回,从服务库排除,ordinary_store,普通品牌门店或餐饮门店的高德ID已失效，不进入静态旅行服务库；明确需求时实时检索。,规则复核,,2026-09-20,高
B0FFG95G2F,麦斯卡体育用品商店,麦斯卡体育用品商店(凌云路店),名称变化；普通门店候选,从服务库排除,ordinary_store,保留高德原始记录；普通品牌门店按明确购物需求实时检索,规则复核,,2026-09-20,高
B0H1H7TFI2,FILA(上海月星环球港店),,高德ID未返回,从服务库排除,ordinary_store,普通品牌门店或餐饮门店的高德ID已失效，不进入静态旅行服务库；明确需求时实时检索。,规则复核,,2026-09-20,高
B0KBK1G4ZE,安踏(上海真如环宇城MAX店),安踏(上海普陀环宇城店),名称变化；普通门店候选,从服务库排除,ordinary_store,保留高德原始记录；普通品牌门店按明确购物需求实时检索,规则复核,,2026-09-20,高
B0LKFRUJ8S,安踏kids(上海月星环球港店),安踏kids(上海普陀环球港店),名称变化；普通门店候选,从服务库排除,ordinary_store,保留高德原始记录；普通品牌门店按明确购物需求实时检索,规则复核,,2026-09-20,高
B0I07MHJGG,近铁南里小街(淘宝闪购访客接待中心店),近铁南里小街(淘宝闪购访客接待中心店),坐标偏移>100m；旅行类别与购物类型冲突,暂不入服务库,needs_review,实体可以保留，但坐标偏移会直接影响步行时间、入口选择和路线可执行性；自动推荐前需按官方地址或地图重新匹配坐标。,规则复核,,2026-09-20,高
B0FFH10NQG,AIGLE(合生汇店),AIGLE(五角场合生汇店),名称变化；普通门店候选,从服务库排除,ordinary_store,保留高德原始记录；普通品牌门店按明确购物需求实时检索,规则复核,,2026-09-20,高
B0KUCCZ3K9,G MALLB区,,高德ID未返回,保留实体,indoor_leisure,高德ID失效不等于实体消失；现有名称、地址和坐标仍可作为候选。开放状态和新ID在进入推荐结果前实时确认。,规则复核,,2026-09-20,中
B0IALL4CFI,New Balance(又一城店),new balance(上海五角场万达广场店),名称变化；普通门店候选,从服务库排除,ordinary_store,保留高德原始记录；普通品牌门店按明确购物需求实时检索,规则复核,,2026-09-20,高
B0LA379PHT,SOLE速尔健身器材授权体验店,SOLE速尔健身器材授权体验店(江湾体育场店),名称变化；普通门店候选,从服务库排除,ordinary_store,保留高德原始记录；普通品牌门店按明确购物需求实时检索,规则复核,,2026-09-20,高
B0G2AK3WAZ,SPADERS黑桃雪具(五角场店),,高德ID未返回,从服务库排除,ordinary_store,普通品牌门店或餐饮门店的高德ID已失效，不进入静态旅行服务库；明确需求时实时检索。,规则复核,,2026-09-20,高
B0J03572R2,VICTOR威克多.跨玮体育专卖店(上海理工大学店),,高德ID未返回,从服务库排除,ordinary_store,普通品牌门店或餐饮门店的高德ID已失效，不进入静态旅行服务库；明确需求时实时检索。,规则复核,,2026-09-20,高
B0FFGYVFC7,Z18生活广场,,高德ID未返回,保留实体,indoor_leisure,高德ID失效不等于实体消失；现有名称、地址和坐标仍可作为候选。开放状态和新ID在进入推荐结果前实时确认。,规则复核,,2026-09-20,中
B0JBYSTEWZ,中东美食博物馆,中东美食博物馆(万达广场店),名称变化,保留并更名,cultural_experience,高德详情接口已返回同一POI的新名称。保留实体并以高德名称作为候选展示名；品牌化后缀可在展示层清洗。,规则复核,,2026-09-20,高
B0FFF358XU,同济大学四平路校区音乐广场,同济大学-音乐广场,名称变化,保留并更名,core_attraction,高德详情接口已返回同一POI的新名称。保留实体并以高德名称作为候选展示名；品牌化后缀可在展示层清洗。,规则复核,,2026-09-20,高
B0FFF9KYLJ,安踏(上海国际时尚中心店),,高德ID未返回,从服务库排除,ordinary_store,普通品牌门店或餐饮门店的高德ID已失效，不进入静态旅行服务库；明确需求时实时检索。,规则复核,,2026-09-20,高
B0L0PP0FJY,安踏(百联又一城购物中心店),安踏(上海杨浦百联又一城店),名称变化；普通门店候选,从服务库排除,ordinary_store,保留高德原始记录；普通品牌门店按明确购物需求实时检索,规则复核,,2026-09-20,高
B001572VUA,李宁(上海国际时尚中心店),,高德ID未返回,从服务库排除,ordinary_store,普通品牌门店或餐饮门店的高德ID已失效，不进入静态旅行服务库；明确需求时实时检索。,规则复核,,2026-09-20,高
B0J0JAGQIW,船台PARK,船台公园,名称变化,保留并更名,core_attraction,高德详情接口已返回同一POI的新名称。保留实体并以高德名称作为候选展示名；品牌化后缀可在展示层清洗。,规则复核,,2026-09-20,高
B0KU3M7F12,雪乐山室内滑雪(五角场万达店),,高德ID未返回,从服务库排除,ordinary_store,普通品牌门店或餐饮门店的高德ID已失效，不进入静态旅行服务库；明确需求时实时检索。,规则复核,,2026-09-20,高
B0H09ZLRST,MLB(上海松江印象城店),MLB kids,名称变化；旅行类别与购物类型冲突；普通门店候选,从服务库排除,ordinary_store,保留高德原始记录；普通品牌门店按明确购物需求实时检索,规则复核,,2026-09-20,高
B0FFFOK0ZS,上海辰山植物园-岩石和药用植物园,岩生植物园,名称变化,保留并更名,core_attraction,高德详情接口已返回同一POI的新名称。保留实体并以高德名称作为候选展示名；品牌化后缀可在展示层清洗。,规则复核,,2026-09-20,高
B0KR55YXWF,安踏(上海松江万达广场店),安踏(上海松江万达店),名称变化；普通门店候选,从服务库排除,ordinary_store,保留高德原始记录；普通品牌门店按明确购物需求实时检索,规则复核,,2026-09-20,高
B0FFL6WRRW,安踏(鹿都国际购物广场店),安踏(上海松江鹿都店),名称变化；普通门店候选,从服务库排除,ordinary_store,保留高德原始记录；普通品牌门店按明确购物需求实时检索,规则复核,,2026-09-20,高
B0I63ZVTW9,富林少年村,广富林少年村,名称变化,保留并更名,core_attraction,高德详情接口已返回同一POI的新名称。保留实体并以高德名称作为候选展示名；品牌化后缀可在展示层清洗。,规则复核,,2026-09-20,高
B0LBL7PJLC,廉洁文化主题公园,中山街道五龙湖廉政文化主题公园,名称变化,保留并更名,core_attraction,高德详情接口已返回同一POI的新名称。保留实体并以高德名称作为候选展示名；品牌化后缀可在展示层清洗。,规则复核,,2026-09-20,高
B0MG74GO3K,松江辰山采石坑采矿遗址,辰山采石坑矿山遗址,名称变化；坐标偏移>100m,暂不入服务库,needs_review,实体可以保留，但坐标偏移会直接影响步行时间、入口选择和路线可执行性；自动推荐前需按官方地址或地图重新匹配坐标。,规则复核,,2026-09-20,高
B0KGPM2CX9,永乐生活广场(金地自在城2期店),永乐生活广场,名称变化,保留并更名,indoor_leisure,高德详情接口已返回同一POI的新名称。保留实体并以高德名称作为候选展示名；品牌化后缀可在展示层清洗。,规则复核,,2026-09-20,高
B0FFFWRQ54,车墩天主堂,天主堂(车墩镇),名称变化；坐标偏移>100m,暂不入服务库,needs_review,实体可以保留，但坐标偏移会直接影响步行时间、入口选择和路线可执行性；自动推荐前需按官方地址或地图重新匹配坐标。,规则复核,,2026-09-20,高
B0L11SKV6V,ACMEITEM爱棵米(上海佛罗伦萨小镇店),ACMEITEM爱棵米(上海佛罗伦萨小镇店),坐标偏移>100m；普通门店候选,从服务库排除,ordinary_store,保留高德原始记录；普通品牌门店按明确购物需求实时检索,规则复核,,2026-09-20,高
B0LB4SZ6BM,Beneunder蕉下(长泰广场店),蕉下(上海长泰广场店),名称变化；普通门店候选,从服务库排除,ordinary_store,保留高德原始记录；普通品牌门店按明确购物需求实时检索,规则复核,,2026-09-20,高
B0LAC5KLN1,Discovery Expedition(上海世纪汇),Discovery Expedition(上海世纪汇店),名称变化；普通门店候选,从服务库排除,ordinary_store,保留高德原始记录；普通品牌门店按明确购物需求实时检索,规则复核,,2026-09-20,高
B0FFGY84FI,FOR天物空间,芳甸里,名称变化,保留并更名,commercial_support,高德详情接口已返回同一POI的新名称。保留实体并以高德名称作为候选展示名；品牌化后缀可在展示层清洗。,规则复核,,2026-09-20,高
B0KGOSJ3IU,MAMMUT(比斯特上海购物村店),,高德ID未返回,从服务库排除,ordinary_store,普通品牌门店或餐饮门店的高德ID已失效，不进入静态旅行服务库；明确需求时实时检索。,规则复核,,2026-09-20,高
B0FFHXS4SX,New Balance(世博源2区店),,高德ID未返回,从服务库排除,ordinary_store,普通品牌门店或餐饮门店的高德ID已失效，不进入静态旅行服务库；明确需求时实时检索。,规则复核,,2026-09-20,高
B0L6G71EBD,PS普拉提(百联川沙购物中心),,高德ID未返回,从服务库排除,ordinary_store,普通品牌门店或餐饮门店的高德ID已失效，不进入静态旅行服务库；明确需求时实时检索。,规则复核,,2026-09-20,高
B0G3ZHQX6G,SKECHERS 斯凯奇(晶耀前滩Crystal Plaza北区店),SKECHERS 斯凯奇(晶耀前滩Crystal Plaza北区店),坐标偏移>100m；普通门店候选,从服务库排除,ordinary_store,保留高德原始记录；普通品牌门店按明确购物需求实时检索,规则复核,,2026-09-20,高
B0KAL6FCA1,THE NORTH FACE(商场世纪汇广场店),THE NORTH FACE(上海第一八佰伴店),名称变化；普通门店候选,从服务库排除,ordinary_store,保留高德原始记录；普通品牌门店按明确购物需求实时检索,规则复核,,2026-09-20,高
B0FFGXQ2NW,VANS(比斯特上海购物村店),,高德ID未返回,从服务库排除,ordinary_store,普通品牌门店或餐饮门店的高德ID已失效，不进入静态旅行服务库；明确需求时实时检索。,规则复核,,2026-09-20,高
B0FFGCC84Z,Y18-星愿公园,Y18-星愿公园,坐标偏移>100m,暂不入服务库,needs_review,实体可以保留，但坐标偏移会直接影响步行时间、入口选择和路线可执行性；自动推荐前需按官方地址或地图重新匹配坐标。,规则复核,,2026-09-20,高
B0LA6C6YTT,上南路夜市,上南路夜市,坐标偏移>100m,暂不入服务库,needs_review,实体可以保留，但坐标偏移会直接影响步行时间、入口选择和路线可执行性；自动推荐前需按官方地址或地图重新匹配坐标。,规则复核,,2026-09-20,高
B00155G0CP,上海东方地质科普馆,上海东方地质博物馆,名称变化,保留并更名,cultural_experience,高德详情接口已返回同一POI的新名称。保留实体并以高德名称作为候选展示名；品牌化后缀可在展示层清洗。,规则复核,,2026-09-20,高
B0FFJXOAJV,上海老佛爷百货,老佛爷百货(上海店),名称变化,保留并更名,indoor_leisure,高德详情接口已返回同一POI的新名称。保留实体并以高德名称作为候选展示名；品牌化后缀可在展示层清洗。,规则复核,,2026-09-20,高
B0FFKTGH5N,世博文化公园,世博文化公园,坐标偏移>100m,暂不入服务库,needs_review,实体可以保留，但坐标偏移会直接影响步行时间、入口选择和路线可执行性；自动推荐前需按官方地址或地图重新匹配坐标。,规则复核,,2026-09-20,高
B00156YKRG,世纪公园管理楼,上海世纪公园管理有限公司,名称变化,保留并更名,needs_review,高德详情接口已返回同一POI的新名称。保留实体并以高德名称作为候选展示名；品牌化后缀可在展示层清洗。,规则复核,,2026-09-20,高
B0HKOHHG0V,乐黎体育,乐黎体育(恒生万鹂广场店),名称变化；普通门店候选,从服务库排除,ordinary_store,保留高德原始记录；普通品牌门店按明确购物需求实时检索,规则复核,,2026-09-20,高
B0L6N9DGFU,五哲体育(森兰商都店),,高德ID未返回,从服务库排除,ordinary_store,普通品牌门店或餐饮门店的高德ID已失效，不进入静态旅行服务库；明确需求时实时检索。,规则复核,,2026-09-20,高
B0HKKRNV5Z,北面(佛罗伦萨小镇上海名品奥特莱斯店),,高德ID未返回,从服务库排除,ordinary_store,普通品牌门店或餐饮门店的高德ID已失效，不进入静态旅行服务库；明确需求时实时检索。,规则复核,,2026-09-20,高
B0L6YH8GZ4,同策体育浦东旗舰店,同策体育浦东旗舰店&蝴蝶浦东试打体验中心,名称变化；普通门店候选,从服务库排除,ordinary_store,保留高德原始记录；普通品牌门店按明确购物需求实时检索,规则复核,,2026-09-20,高
B0FFL0B2HM,回力(小马宝莉古镇休闲广场店),,高德ID未返回,从服务库排除,ordinary_store,普通品牌门店或餐饮门店的高德ID已失效，不进入静态旅行服务库；明确需求时实时检索。,规则复核,,2026-09-20,高
B0FFGNHA0J,基督教堂,学士耶稣堂,名称变化,保留并更名,core_attraction,高德详情接口已返回同一POI的新名称。保留实体并以高德名称作为候选展示名；品牌化后缀可在展示层清洗。,规则复核,,2026-09-20,高
B0FFILJLAJ,基督教涌恩堂,涌恩堂,名称变化,保留并更名,core_attraction,高德详情接口已返回同一POI的新名称。保留实体并以高德名称作为候选展示名；品牌化后缀可在展示层清洗。,规则复核,,2026-09-20,高
B0I2ZDME1V,天旭高尔夫工坊(东江店)PXG订制中心,天旭高尔夫工坊PXG订制中心(东江店),名称变化,保留并更名,commercial_support,高德详情接口已返回同一POI的新名称。保留实体并以高德名称作为候选展示名；品牌化后缀可在展示层清洗。,规则复核,,2026-09-20,高
B0H3F9CGWF,安踏(上海第一八佰伴店),安踏(上海浦东八佰伴店),名称变化,保留并更名,commercial_support,高德详情接口已返回同一POI的新名称。保留实体并以高德名称作为候选展示名；品牌化后缀可在展示层清洗。,规则复核,,2026-09-20,高
B0H3DCSULQ,安踏(佛罗伦萨小镇上海名品奥特莱斯2期店),安踏(上海浦东佛罗伦萨小镇店),名称变化；普通门店候选,从服务库排除,ordinary_store,保留高德原始记录；普通品牌门店按明确购物需求实时检索,规则复核,,2026-09-20,高
B0KDJRA3SQ,安踏(商场世纪汇广场店),安踏(上海浦东世纪汇店),名称变化；普通门店候选,从服务库排除,ordinary_store,保留高德原始记录；普通品牌门店按明确购物需求实时检索,规则复核,,2026-09-20,高
B0FFFEO5Z1,安踏(文峰广场店三楼),安踏(上海浦东文峰店),名称变化；普通门店候选,从服务库排除,ordinary_store,保留高德原始记录；普通品牌门店按明确购物需求实时检索,规则复核,,2026-09-20,高
B0L6D58LO3,安踏(浦东招商花园城店),安踏(上海浦东曹路花园城店),名称变化；普通门店候选,从服务库排除,ordinary_store,保留高德原始记录；普通品牌门店按明确购物需求实时检索,规则复核,,2026-09-20,高
B0K03BX4UX,安踏(潮人商场店),安踏(上海浦东川沙路综合店),名称变化；普通门店候选,从服务库排除,ordinary_store,保留高德原始记录；普通品牌门店按明确购物需求实时检索,规则复核,,2026-09-20,高
B0LB45HNKQ,安踏ANTA(上海浦东LCM置汇旭辉广场店),安踏(上海浦东LCM置汇旭辉广场店),名称变化；普通门店候选,从服务库排除,ordinary_store,保留高德原始记录；普通品牌门店按明确购物需求实时检索,规则复核,,2026-09-20,高
B0HDNREZ7E,小李子足球装备店(浦东芳华店),小李子足球装备店(浦东龙汇店),名称变化；坐标偏移>100m；普通门店候选,从服务库排除,ordinary_store,保留高德原始记录；普通品牌门店按明确购物需求实时检索,规则复核,,2026-09-20,高
B0LDG7EVMC,思集荟生活广场,思集荟邻里中心,名称变化,保留并更名,indoor_leisure,高德详情接口已返回同一POI的新名称。保留实体并以高德名称作为候选展示名；品牌化后缀可在展示层清洗。,规则复核,,2026-09-20,高
B0J19HWRPV,探拓户外(百联川沙店),,高德ID未返回,从服务库排除,ordinary_store,普通品牌门店或餐饮门店的高德ID已失效，不进入静态旅行服务库；明确需求时实时检索。,规则复核,,2026-09-20,高
B0FFI1NC6S,新大陆电脑广场(新大陆广场店),新大陆电脑广场,名称变化,保留并更名,commercial_support,高德详情接口已返回同一POI的新名称。保留实体并以高德名称作为候选展示名；品牌化后缀可在展示层清洗。,规则复核,,2026-09-20,高
B0FFIBV74I,昌里路商场(上南二村昌里路167弄店),,高德ID未返回,保留实体,indoor_leisure,高德ID失效不等于实体消失；现有名称、地址和坐标仍可作为候选。开放状态和新ID在进入推荐结果前实时确认。,规则复核,,2026-09-20,中
B0L12ATO1M,朱玉林宅,朱氏住宅朱玉林,名称变化,保留并更名,core_attraction,高德详情接口已返回同一POI的新名称。保留实体并以高德名称作为候选展示名；品牌化后缀可在展示层清洗。,规则复核,,2026-09-20,高
B0L6JMMY20,李宁羽毛球旗舰店浦东店,,高德ID未返回,从服务库排除,ordinary_store,普通品牌门店或餐饮门店的高德ID已失效，不进入静态旅行服务库；明确需求时实时检索。,规则复核,,2026-09-20,高
B0KBSD0MCT,杨社廟,上海杨社庙,名称变化,保留并更名,core_attraction,高德详情接口已返回同一POI的新名称。保留实体并以高德名称作为候选展示名；品牌化后缀可在展示层清洗。,规则复核,,2026-09-20,高
B0L1FMWAEL,林博购物中心,旺林购物中心(林博菜市场店),名称变化,保留并更名,indoor_leisure,高德详情接口已返回同一POI的新名称。保留实体并以高德名称作为候选展示名；品牌化后缀可在展示层清洗。,规则复核,,2026-09-20,高
B0M61AGKI4,淳百味(成山路浦乐汇店),淳百味·沙县小吃研究所(成山浦乐汇店),名称变化,保留并更名,commercial_support,高德详情接口已返回同一POI的新名称。保留实体并以高德名称作为候选展示名；品牌化后缀可在展示层清洗。,规则复核,,2026-09-20,高
B0KKM554KT,燕青颜.九六广场,燕青颜SALON(九六广场店),名称变化,保留并更名,needs_review,高德详情接口已返回同一POI的新名称。保留实体并以高德名称作为候选展示名；品牌化后缀可在展示层清洗。,规则复核,,2026-09-20,高
B00156CT2Z,由由步行街(严中路店),由由步行街,名称变化；坐标偏移>100m；旅行类别与购物类型冲突,暂不入服务库,needs_review,实体可以保留，但坐标偏移会直接影响步行时间、入口选择和路线可执行性；自动推荐前需按官方地址或地图重新匹配坐标。,规则复核,,2026-09-20,高
B0IUPHV2IN,禹洲商业广场,上海浦东禹悦汇,名称变化,保留并更名,commercial_support,高德详情接口已返回同一POI的新名称。保留实体并以高德名称作为候选展示名；品牌化后缀可在展示层清洗。,规则复核,,2026-09-20,高
B0IK1UN1W5,耐克(TOP滔搏·浦东前滩太古里店),,高德ID未返回,从服务库排除,ordinary_store,普通品牌门店或餐饮门店的高德ID已失效，不进入静态旅行服务库；明确需求时实时检索。,规则复核,,2026-09-20,高
B0FFJ1I2XC,耐克Nike(世博源店),,高德ID未返回,从服务库排除,ordinary_store,普通品牌门店或餐饮门店的高德ID已失效，不进入静态旅行服务库；明确需求时实时检索。,规则复核,,2026-09-20,高
B00156R4RA,航头镇人口文化风情园,航头镇文化中心,名称变化,保留并更名,core_attraction,高德详情接口已返回同一POI的新名称。保留实体并以高德名称作为候选展示名；品牌化后缀可在展示层清洗。,规则复核,,2026-09-20,高
B0FFH8QI8J,融创精彩天地,融创精彩天地,坐标偏移>100m,暂不入服务库,needs_review,实体可以保留，但坐标偏移会直接影响步行时间、入口选择和路线可执行性；自动推荐前需按官方地址或地图重新匹配坐标。,规则复核,,2026-09-20,高
B0LKMA5KM6,龙阳广场店,龙阳便利店(龙阳广场店),名称变化,保留并更名,commercial_support,高德详情接口已返回同一POI的新名称。保留实体并以高德名称作为候选展示名；品牌化后缀可在展示层清洗。,规则复核,,2026-09-20,高
B0GRTXFEXZ,base(同丰路店),,高德ID未返回,从服务库排除,ordinary_store,普通品牌门店或餐饮门店的高德ID已失效，不进入静态旅行服务库；明确需求时实时检索。,规则复核,,2026-09-20,高
B0L3S93S7G,太阳宫安德玛,UNDERARMOUR OUTDOOR(瑞虹新天地太阳宫店),名称变化；普通门店候选,从服务库排除,ordinary_store,保留高德原始记录；普通品牌门店按明确购物需求实时检索,规则复核,,2026-09-20,高
B0FFH192L1,欧阳文化活动街,欧阳文化活动街,坐标偏移>100m；旅行类别与购物类型冲突,暂不入服务库,needs_review,实体可以保留，但坐标偏移会直接影响步行时间、入口选择和路线可执行性；自动推荐前需按官方地址或地图重新匹配坐标。,规则复核,,2026-09-20,高
B0LBC78EMI,鸿星尔克,,高德ID未返回,从服务库排除,ordinary_store,普通品牌门店或餐饮门店的高德ID已失效，不进入静态旅行服务库；明确需求时实时检索。,规则复核,,2026-09-20,高
B0J3473J3A,安踏(上海金山万达广场店),安踏(上海金山万达店),名称变化；普通门店候选,从服务库排除,ordinary_store,保留高德原始记录；普通品牌门店按明确购物需求实时检索,规则复核,,2026-09-20,高
B0I6FZK6AO,牡丹园,上海廊下郊野公园-牡丹观赏园,名称变化,保留并更名,core_attraction,高德详情接口已返回同一POI的新名称。保留实体并以高德名称作为候选展示名；品牌化后缀可在展示层清洗。,规则复核,,2026-09-20,高
B0KDVUQES5,芳香小镇商业街,芳香小镇商业街,坐标偏移>100m；旅行类别与购物类型冲突,暂不入服务库,needs_review,实体可以保留，但坐标偏移会直接影响步行时间、入口选择和路线可执行性；自动推荐前需按官方地址或地图重新匹配坐标。,规则复核,,2026-09-20,高
B0FFKPZMSR,ASICS 亚瑟士(尚嘉中心店),,高德ID未返回,从服务库排除,ordinary_store,普通品牌门店或餐饮门店的高德ID已失效，不进入静态旅行服务库；明确需求时实时检索。,规则复核,,2026-09-20,高
B0K2OU2FUZ,Columbia,Columbia(上海荟聚店),名称变化；坐标偏移>100m；普通门店候选,从服务库排除,ordinary_store,保留高德原始记录；普通品牌门店按明确购物需求实时检索,规则复核,,2026-09-20,高
B0HGNCLMDM,NIKE KIDS(长宁来福士广场店),,高德ID未返回,从服务库排除,ordinary_store,普通品牌门店或餐饮门店的高德ID已失效，不进入静态旅行服务库；明确需求时实时检索。,规则复核,,2026-09-20,高
B0FFFSXSSE,SKECHERS 斯凯奇(长宁龙之梦城市生活中心店),,高德ID未返回,从服务库排除,ordinary_store,普通品牌门店或餐饮门店的高德ID已失效，不进入静态旅行服务库；明确需求时实时检索。,规则复核,,2026-09-20,高
B0FFF6XD4C,THE NORTH FACE(百联西郊购物中心店),,高德ID未返回,从服务库排除,ordinary_store,普通品牌门店或餐饮门店的高德ID已失效，不进入静态旅行服务库；明确需求时实时检索。,规则复核,,2026-09-20,高
B0FFLIBST7,YONEX蓝天网羽(长宁店),YONEX尤尼克斯(元丰天山花园店),名称变化；普通门店候选,从服务库排除,ordinary_store,保留高德原始记录；普通品牌门店按明确购物需求实时检索,规则复核,,2026-09-20,高
B0FFIQXM00,上海荟聚,上海荟聚Livat,名称变化,保留并更名,commercial_support,高德详情接口已返回同一POI的新名称。保留实体并以高德名称作为候选展示名；品牌化后缀可在展示层清洗。,规则复核,,2026-09-20,高
B0HUKN5FQ7,呈康体育青少年篮球培训(江苏北路店),呈康体育(江苏北路店),名称变化；普通门店候选,从服务库排除,ordinary_store,保留高德原始记录；普通品牌门店按明确购物需求实时检索,规则复核,,2026-09-20,高
B0FFHR8QS0,圣约翰大学历史建筑群(交谊楼-解放上海第一宿营地),圣约翰大学历史建筑群(交谊楼-解放上海第一宿营地),坐标偏移>100m,暂不入服务库,needs_review,实体可以保留，但坐标偏移会直接影响步行时间、入口选择和路线可执行性；自动推荐前需按官方地址或地图重新匹配坐标。,规则复核,,2026-09-20,高
B00156YKQ5,天山公园-水杉林,水杉林,名称变化,保留并更名,core_attraction,高德详情接口已返回同一POI的新名称。保留实体并以高德名称作为候选展示名；品牌化后缀可在展示层清洗。,规则复核,,2026-09-20,高
B0FFF41O4Q,孙科故宅,孙科故宅,坐标偏移>100m,暂不入服务库,needs_review,实体可以保留，但坐标偏移会直接影响步行时间、入口选择和路线可执行性；自动推荐前需按官方地址或地图重新匹配坐标。,规则复核,,2026-09-20,高
B0FFHE5NX3,安踏(百盛优客城市广场西楼店),安踏kids(上海长宁百盛优客奥莱店),名称变化；普通门店候选,从服务库排除,ordinary_store,保留高德原始记录；普通品牌门店按明确购物需求实时检索,规则复核,,2026-09-20,高
B0FFJD1AIO,耐克Nike(长宁来福士广场东区店),,高德ID未返回,从服务库排除,ordinary_store,普通品牌门店或餐饮门店的高德ID已失效，不进入静态旅行服务库；明确需求时实时检索。,规则复核,,2026-09-20,高
B0L0ZRFT37,鸿峰体育,,高德ID未返回,从服务库排除,ordinary_store,普通品牌门店或餐饮门店的高德ID已失效，不进入静态旅行服务库；明确需求时实时检索。,规则复核,,2026-09-20,高
B0FFM7J5JV,Champion(虹桥天地店),Champion(虹桥天地购物中心店),名称变化；旅行类别与购物类型冲突；普通门店候选,从服务库排除,ordinary_store,保留高德原始记录；普通品牌门店按明确购物需求实时检索,规则复核,,2026-09-20,高
B0G1PKFDX5,Columbia(上海万象城购物中心店),Columbia(上海万象城店),名称变化；普通门店候选,从服务库排除,ordinary_store,保留高德原始记录；普通品牌门店按明确购物需求实时检索,规则复核,,2026-09-20,高
B0LBTG5KMU,FILA FUSION(虹桥天地购物中心店),,高德ID未返回,从服务库排除,ordinary_store,普通品牌门店或餐饮门店的高德ID已失效，不进入静态旅行服务库；明确需求时实时检索。,规则复核,,2026-09-20,高
B0H2H1KGZO,GOLFZON室内高尔夫(吴中路店),GOLFZON PARK室内高尔夫(吴中路店),名称变化；普通门店候选,从服务库排除,ordinary_store,保留高德原始记录；普通品牌门店按明确购物需求实时检索,规则复核,,2026-09-20,高
B0JK1RKIJ3,KOLON SPORT(虹桥天地店),KOLON SPORT(虹桥新天地店),名称变化；普通门店候选,从服务库排除,ordinary_store,保留高德原始记录；普通品牌门店按明确购物需求实时检索,规则复核,,2026-09-20,高
B0L3HD7UBU,Koni Sport寇尼网球用品店,,高德ID未返回,从服务库排除,ordinary_store,普通品牌门店或餐饮门店的高德ID已失效，不进入静态旅行服务库；明确需求时实时检索。,规则复核,,2026-09-20,高
B0HK1Z6YPW,LaLa station上海莲花路,SH Metro Mall,名称变化,保留并更名,indoor_leisure,高德详情接口已返回同一POI的新名称。保留实体并以高德名称作为候选展示名；品牌化后缀可在展示层清洗。,规则复核,,2026-09-20,高
B0L0D1OVWG,New Balance(虹桥天地店),,高德ID未返回,从服务库排除,ordinary_store,普通品牌门店或餐饮门店的高德ID已失效，不进入静态旅行服务库；明确需求时实时检索。,规则复核,,2026-09-20,高
B0LGMG4UAF,VICTOR威克多(万象城店),,高德ID未返回,从服务库排除,ordinary_store,普通品牌门店或餐饮门店的高德ID已失效，不进入静态旅行服务库；明确需求时实时检索。,规则复核,,2026-09-20,高
B0FFF6XB5R,new balance(仲盛世界商城),New Balance(仲盛世界商城店),名称变化；普通门店候选,从服务库排除,ordinary_store,保留高德原始记录；普通品牌门店按明确购物需求实时检索,规则复核,,2026-09-20,高
B0ID7CJAG5,saucony(上海万象城店),saucony(万象城吴中路店),名称变化；普通门店候选,从服务库排除,ordinary_store,保留高德原始记录；普通品牌门店按明确购物需求实时检索,规则复核,,2026-09-20,高
B0HBXCQOFA,三叶草(上海七宝领展广场店),三叶草(上海领展广场店),名称变化；普通门店候选,从服务库排除,ordinary_store,保留高德原始记录；普通品牌门店按明确购物需求实时检索,规则复核,,2026-09-20,高
B00156NVSE,上海万象城购物中心,上海万象城,名称变化；坐标偏移>100m,暂不入服务库,needs_review,实体可以保留，但坐标偏移会直接影响步行时间、入口选择和路线可执行性；自动推荐前需按官方地址或地图重新匹配坐标。,规则复核,,2026-09-20,高
B0FFHIWA8A,兴福寺,兴福古寺,名称变化,保留并更名,core_attraction,高德详情接口已返回同一POI的新名称。保留实体并以高德名称作为候选展示名；品牌化后缀可在展示层清洗。,规则复核,,2026-09-20,高
B0FFIQAUVG,凯乐石 KAILAS(七宝领展广场店),,高德ID未返回,从服务库排除,ordinary_store,普通品牌门店或餐饮门店的高德ID已失效，不进入静态旅行服务库；明确需求时实时检索。,规则复核,,2026-09-20,高
B0L297RZV7,千霞湖,云霞湖,名称变化,保留并更名,core_attraction,高德详情接口已返回同一POI的新名称。保留实体并以高德名称作为候选展示名；品牌化后缀可在展示层清洗。,规则复核,,2026-09-20,高
B0HU6X5TRP,安踏(上海浦江万达广场店),安踏(上海闵行浦江万达综合店),名称变化；普通门店候选,从服务库排除,ordinary_store,保留高德原始记录；普通品牌门店按明确购物需求实时检索,规则复核,,2026-09-20,高
B0J6VUDAF6,攀达体育,,高德ID未返回,从服务库排除,ordinary_store,普通品牌门店或餐饮门店的高德ID已失效，不进入静态旅行服务库；明确需求时实时检索。,规则复核,,2026-09-20,高
B0HBXCRPBM,李宁(七宝领展运动店),,高德ID未返回,从服务库排除,ordinary_store,普通品牌门店或餐饮门店的高德ID已失效，不进入静态旅行服务库；明确需求时实时检索。,规则复核,,2026-09-20,高
B0K1RHQG10,李宁羽毛球专卖店(罗秀路店),,高德ID未返回,从服务库排除,ordinary_store,普通品牌门店或餐饮门店的高德ID已失效，不进入静态旅行服务库；明确需求时实时检索。,规则复核,,2026-09-20,高
B0FFIXR1U9,超级安踏(上海颛桥万达广场店),超级安踏(上海闵行颛桥万达店),名称变化；普通门店候选,从服务库排除,ordinary_store,保留高德原始记录；普通品牌门店按明确购物需求实时检索,规则复核,,2026-09-20,高
B0LU55OV5H,阿迪达斯(TOP滔搏·维璟印象城店),,高德ID未返回,从服务库排除,ordinary_store,普通品牌门店或餐饮门店的高德ID已失效，不进入静态旅行服务库；明确需求时实时检索。,规则复核,,2026-09-20,高
B0G064KR3F,阿迪达斯(上海浦江万达广场店),,高德ID未返回,从服务库排除,ordinary_store,普通品牌门店或餐饮门店的高德ID已失效，不进入静态旅行服务库；明确需求时实时检索。,规则复核,,2026-09-20,高
B0FFHRLJKU,阿迪达斯(虹桥新天地购物中心店),,高德ID未返回,从服务库排除,ordinary_store,普通品牌门店或餐饮门店的高德ID已失效，不进入静态旅行服务库；明确需求时实时检索。,规则复核,,2026-09-20,高
B0HA6M54JH,麦檬虹桥天地购物中心(虹桥天地南区店),,高德ID未返回,从服务库排除,ordinary_store,普通品牌门店或餐饮门店的高德ID已失效，不进入静态旅行服务库；明确需求时实时检索。,规则复核,,2026-09-20,高
B0FFJFG5T6,龙湖上海闵行星悦荟,龙湖上海闵行欢肆,名称变化,保留并更名,commercial_support,高德详情接口已返回同一POI的新名称。保留实体并以高德名称作为候选展示名；品牌化后缀可在展示层清洗。,规则复核,,2026-09-20,高
B0FFGBBJH2,399商业广场,怀盛商业广场(满天星399广场店),名称变化,保留并更名,commercial_support,高德详情接口已返回同一POI的新名称。保留实体并以高德名称作为候选展示名；品牌化后缀可在展示层清洗。,规则复核,,2026-09-20,高
B0L0X9LZWQ,ANTA GUANJUN,ANTA GUANJUN 安踏冠军(上海青浦百联奥莱店),名称变化；普通门店候选,从服务库排除,ordinary_store,保留高德原始记录；普通品牌门店按明确购物需求实时检索,规则复核,,2026-09-20,高
B0G25CU518,ASICS 亚瑟士(百联奥特莱斯广场店),ASICS 亚瑟士(百联奥特莱斯广场店),坐标偏移>100m；普通门店候选,从服务库排除,ordinary_store,保留高德原始记录；普通品牌门店按明确购物需求实时检索,规则复核,,2026-09-20,高
B0MBD6ERN6,SIX体育,SIX体育·少儿跑酷·羽毛球·中考体育,名称变化,保留并更名,commercial_support,高德详情接口已返回同一POI的新名称。保留实体并以高德名称作为候选展示名；品牌化后缀可在展示层清洗。,规则复核,,2026-09-20,高
B0M6PXO3NI,匹克象限俱乐部,匹克象限俱乐部(夏都店),名称变化；普通门店候选,从服务库排除,ordinary_store,保留高德原始记录；普通品牌门店按明确购物需求实时检索,规则复核,,2026-09-20,高
B0FFIXLD5B,安踏(百联奥特莱斯广场店),安踏(上海青浦百联奥莱店),名称变化；普通门店候选,从服务库排除,ordinary_store,保留高德原始记录；普通品牌门店按明确购物需求实时检索,规则复核,,2026-09-20,高
B0FFLCUN6X,安踏(青浦万达茂大货店),,高德ID未返回,从服务库排除,ordinary_store,普通品牌门店或餐饮门店的高德ID已失效，不进入静态旅行服务库；明确需求时实时检索。,规则复核,,2026-09-20,高
B00156RE7B,安踏(青浦东方商厦店),安踏(上海青浦东方商厦店),名称变化；普通门店候选,从服务库排除,ordinary_store,保留高德原始记录；普通品牌门店按明确购物需求实时检索,规则复核,,2026-09-20,高
B0FFL18WJ7,意邦国际建材品牌中心二期商场,,高德ID未返回,保留实体,indoor_leisure,高德ID失效不等于实体消失；现有名称、地址和坐标仍可作为候选。开放状态和新ID在进入推荐结果前实时确认。,规则复核,,2026-09-20,中
B0FFH1054M,李宁(百联奥特莱斯广场C区店),,高德ID未返回,从服务库排除,ordinary_store,普通品牌门店或餐饮门店的高德ID已失效，不进入静态旅行服务库；明确需求时实时检索。,规则复核,,2026-09-20,高
B0J2GLBX0S,蕉下(上海蟠龙新天地店),,高德ID未返回,从服务库排除,ordinary_store,普通品牌门店或餐饮门店的高德ID已失效，不进入静态旅行服务库；明确需求时实时检索。,规则复核,,2026-09-20,高
B0JAB5MXDY,蟠龙新天地戏台广场,上海蟠龙新天地老戏台,名称变化,保留并更名,core_attraction,高德详情接口已返回同一POI的新名称。保留实体并以高德名称作为候选展示名；品牌化后缀可在展示层清洗。,规则复核,,2026-09-20,高
B0L3VSIFW6,阿迪达斯neo(青浦东方商厦店),,高德ID未返回,从服务库排除,ordinary_store,普通品牌门店或餐饮门店的高德ID已失效，不进入静态旅行服务库；明确需求时实时检索。,规则复核,,2026-09-20,高
B0LRTB8JL4,青浦万达茂广场,青浦万达茂,名称变化,保留并更名,commercial_support,高德详情接口已返回同一POI的新名称。保留实体并以高德名称作为候选展示名；品牌化后缀可在展示层清洗。,规则复核,,2026-09-20,高
B0L047YCZJ,青西郊野公园永静庵(青西灵境),青西郊野公园永静庵(青西灵境),坐标偏移>100m,暂不入服务库,needs_review,实体可以保留，但坐标偏移会直接影响步行时间、入口选择和路线可执行性；自动推荐前需按官方地址或地图重新匹配坐标。,规则复核,,2026-09-20,高
B0FFJEFXVA,Adidas(大宁国际商业广场店),阿迪达斯(大宁国际商业广场店),名称变化；普通门店候选,从服务库排除,ordinary_store,保留高德原始记录；普通品牌门店按明确购物需求实时检索,规则复核,,2026-09-20,高
B0HBX7QBA0,BURTON(兴业太古汇),BURTON(兴业太古汇店),名称变化；普通门店候选,从服务库排除,ordinary_store,保留高德原始记录；普通品牌门店按明确购物需求实时检索,规则复核,,2026-09-20,高
B0FFJ63M3A,Columbia(太古汇店),,高德ID未返回,从服务库排除,ordinary_store,普通品牌门店或餐饮门店的高德ID已失效，不进入静态旅行服务库；明确需求时实时检索。,规则复核,,2026-09-20,高
B0H33GSANE,PUMA彪马(大宁音乐广场店),,高德ID未返回,从服务库排除,ordinary_store,普通品牌门店或餐饮门店的高德ID已失效，不进入静态旅行服务库；明确需求时实时检索。,规则复核,,2026-09-20,高
B0L6U5XGMG,WILDTHINGS(上海静安嘉里中心店),,高德ID未返回,从服务库排除,ordinary_store,普通品牌门店或餐饮门店的高德ID已失效，不进入静态旅行服务库；明确需求时实时检索。,规则复核,,2026-09-20,高
B0JKUAGK47,Wilson(静安嘉里中心店),Wilson(静安嘉里中心北区商场),名称变化；旅行类别与购物类型冲突；普通门店候选,从服务库排除,ordinary_store,保留高德原始记录；普通品牌门店按明确购物需求实时检索,规则复核,,2026-09-20,高
B0L27SJLN2,兴业太古汇北广场,,高德ID未返回,暂不入服务库,needs_review,高德ID失效且缺少足够稳定的通用旅行价值证据；保留原始记录，MVP阶段不参与自动推荐。,规则复核,,2026-09-20,中
B0JGXZ2HIB,凯乐石FUGA(上海兴业太古汇店),,高德ID未返回,从服务库排除,ordinary_store,普通品牌门店或餐饮门店的高德ID已失效，不进入静态旅行服务库；明确需求时实时检索。,规则复核,,2026-09-20,高
B0FFJFKIC6,北广场,兴业太古汇北广场,名称变化,保留并更名,core_attraction,高德详情接口已返回同一POI的新名称。保留实体并以高德名称作为候选展示名；品牌化后缀可在展示层清洗。,规则复核,,2026-09-20,高
B0L0NUSQE9,安踏(静安大融城店),,高德ID未返回,从服务库排除,ordinary_store,普通品牌门店或餐饮门店的高德ID已失效，不进入静态旅行服务库；明确需求时实时检索。,规则复核,,2026-09-20,高
B0FFKTLWTG,李宁(大宁音乐广场店),,高德ID未返回,从服务库排除,ordinary_store,普通品牌门店或餐饮门店的高德ID已失效，不进入静态旅行服务库；明确需求时实时检索。,规则复核,,2026-09-20,高
B0IKVHF7IA,问秋园,知秋园,名称变化,保留并更名,core_attraction,高德详情接口已返回同一POI的新名称。保留实体并以高德名称作为候选展示名；品牌化后缀可在展示层清洗。,规则复核,,2026-09-20,高
B0L095CSQ5,HAGLOFS火柴棍尚贤坊旗舰店,HAGLOFS火柴棍(尚贤坊店),名称变化；普通门店候选,从服务库排除,ordinary_store,保留高德原始记录；普通品牌门店按明确购物需求实时检索,规则复核,,2026-09-20,高
B0K2D1D5QS,Onitsuka Tiger,Onitsuka Tiger(上海K11购物艺术中心店),名称变化；普通门店候选,从服务库排除,ordinary_store,保留高德原始记录；普通品牌门店按明确购物需求实时检索,规则复核,,2026-09-20,高
ZTRIP_SH_003,南京路步行街,,自建POI ID,保留实体,urban_experience,自建ID用于维护安福路、武康路、外滩等路线级目的地；它们不是高德失效记录，不应因缺少高德ID而排除。,规则复核,,2026-09-20,高
B0FFJRSFI7,回力馆(陕西南路店),回力馆,名称变化；普通门店候选,从服务库排除,ordinary_store,保留高德原始记录；普通品牌门店按明确购物需求实时检索,规则复核,,2026-09-20,高
ZTRIP_SH_004,外滩,,自建POI ID,保留实体,needs_review,自建ID用于维护安福路、武康路、外滩等路线级目的地；它们不是高德失效记录，不应因缺少高德ID而排除。,规则复核,,2026-09-20,高
ZTRIP_SH_008,外滩源,,自建POI ID,保留实体,needs_review,自建ID用于维护安福路、武康路、外滩等路线级目的地；它们不是高德失效记录，不应因缺少高德ID而排除。,规则复核,,2026-09-20,高
B00156F1SL,安踏(新世界城店),安踏(上海黄浦新世界城-灯塔店),名称变化；普通门店候选,从服务库排除,ordinary_store,保留高德原始记录；普通品牌门店按明确购物需求实时检索,规则复核,,2026-09-20,高
ZTRIP_SH_006,思南路,,自建POI ID,保留实体,needs_review,自建ID用于维护安福路、武康路、外滩等路线级目的地；它们不是高德失效记录，不应因缺少高德ID而排除。,规则复核,,2026-09-20,高
B0FFHCZMHQ,斯凯奇(淮海中路店),,高德ID未返回,从服务库排除,ordinary_store,普通品牌门店或餐饮门店的高德ID已失效，不进入静态旅行服务库；明确需求时实时检索。,规则复核,,2026-09-20,高
ZTRIP_SH_001,田子坊,,自建POI ID,保留实体,needs_review,自建ID用于维护安福路、武康路、外滩等路线级目的地；它们不是高德失效记录，不应因缺少高德ID而排除。,规则复核,,2026-09-20,高
B0L0ZZEIUK,瞬时山野Monterest(上海黄浦新天地店),,高德ID未返回,从服务库排除,ordinary_store,普通品牌门店或餐饮门店的高德ID已失效，不进入静态旅行服务库；明确需求时实时检索。,规则复核,,2026-09-20,高
B0FFF3DCBV,耐克Nike(上海世茂广场),耐克上海001店,名称变化；普通门店候选,从服务库排除,ordinary_store,保留高德原始记录；普通品牌门店按明确购物需求实时检索,规则复核,,2026-09-20,高
B0FFMEWM7Q,耐克Nike(第一百货商业中心店),,高德ID未返回,从服务库排除,ordinary_store,普通品牌门店或餐饮门店的高德ID已失效，不进入静态旅行服务库；明确需求时实时检索。,规则复核,,2026-09-20,高
B0FFGWHJO6,蓝森号黄浦江游轮,蓝森号夜游浦江·游轮自助(十六铺码头店),名称变化,保留并更名,core_attraction,高德详情接口已返回同一POI的新名称。保留实体并以高德名称作为候选展示名；品牌化后缀可在展示层清洗。,规则复核,,2026-09-20,高
ZTRIP_SH_005,豫园商城,,自建POI ID,保留实体,needs_review,自建ID用于维护安福路、武康路、外滩等路线级目的地；它们不是高德失效记录，不应因缺少高德ID而排除。,规则复核,,2026-09-20,高
B0FFF5VOC4,361°(嘉定城中六店),361°(嘉定城中六店),普通门店候选,从服务库排除,ordinary_store,保留高德原始记录；普通品牌门店按明确购物需求实时检索,规则复核,,2026-09-20,高
B00156EO9H,361°(嘉定黄渡店),361°(嘉定黄渡店),普通门店候选,从服务库排除,ordinary_store,保留高德原始记录；普通品牌门店按明确购物需求实时检索,规则复核,,2026-09-20,高
B0FFG69Q9J,361°(清河路店),361°(清河路店),普通门店候选,从服务库排除,ordinary_store,保留高德原始记录；普通品牌门店按明确购物需求实时检索,规则复核,,2026-09-20,高
B0FFLOMD2U,361°(百华商厦店),361°(百华商厦店),普通门店候选,从服务库排除,ordinary_store,保留高德原始记录；普通品牌门店按明确购物需求实时检索,规则复核,,2026-09-20,高
B0G3FCNLGY,AS滑板运动馆(嘉定新城西云楼店),AS滑板运动馆(嘉定新城西云楼店),普通门店候选,从服务库排除,ordinary_store,保留高德原始记录；普通品牌门店按明确购物需求实时检索,规则复核,,2026-09-20,高
B0HUVL4PWE,FILA(嘉亭荟城市生活广场店),FILA(嘉亭荟城市生活广场店),普通门店候选,从服务库排除,ordinary_store,保留高德原始记录；普通品牌门店按明确购物需求实时检索,规则复核,,2026-09-20,高
B0G127LOJR,MLB(上海南翔印象城MEGA店),MLB(上海南翔印象城MEGA店),旅行类别与购物类型冲突；普通门店候选,从服务库排除,ordinary_store,保留高德原始记录；普通品牌门店按明确购物需求实时检索,规则复核,,2026-09-20,高
B0H257N8IN,MLB(上海江桥万达店),MLB(上海江桥万达店),普通门店候选,从服务库排除,ordinary_store,保留高德原始记录；普通品牌门店按明确购物需求实时检索,规则复核,,2026-09-20,高
B0FFJNKBCA,New Balance(万达胜辛路店),New Balance(万达胜辛路店),普通门店候选,从服务库排除,ordinary_store,保留高德原始记录；普通品牌门店按明确购物需求实时检索,规则复核,,2026-09-20,高
B0FFHIXQ5U,Nike服饰鞋帽店(百联嘉定购物中心店),Nike服饰鞋帽店(百联嘉定购物中心店),普通门店候选,从服务库排除,ordinary_store,保留高德原始记录；普通品牌门店按明确购物需求实时检索,规则复核,,2026-09-20,高
B0K6K73GMX,SUPER17运动乒乓球轮滑跳绳体适能,SUPER17运动乒乓球轮滑跳绳体适能,普通门店候选,从服务库排除,ordinary_store,保留高德原始记录；普通品牌门店按明确购物需求实时检索,规则复核,,2026-09-20,高
B0JBZUN64R,Victor威克多辉杰体育,Victor威克多辉杰体育,普通门店候选,从服务库排除,ordinary_store,保留高德原始记录；普通品牌门店按明确购物需求实时检索,规则复核,,2026-09-20,高
B0LKHMPGDF,YONEX(上海南翔印象城MEGA店),YONEX(上海南翔印象城MEGA店),普通门店候选,从服务库排除,ordinary_store,保留高德原始记录；普通品牌门店按明确购物需求实时检索,规则复核,,2026-09-20,高
B0LG6MHKRR,万立城商业街,万立城商业街,旅行类别与购物类型冲突,保留实体,urban_experience,商业街、老街、夜市等可服务城市漫游、餐饮和夜游场景，保留实体并按旅行场景召回。,规则复核,,2026-09-20,高
B00156GPPJ,上海市嘉定区南翔古镇步行街,上海市嘉定区南翔古镇步行街,旅行类别与购物类型冲突,保留实体,urban_experience,商业街、老街、夜市等可服务城市漫游、餐饮和夜游场景，保留实体并按旅行场景召回。,规则复核,,2026-09-20,高
B0HKGCHMRP,上海琦迅体育(洪德路店),上海琦迅体育(洪德路店),普通门店候选,从服务库排除,ordinary_store,保留高德原始记录；普通品牌门店按明确购物需求实时检索,规则复核,,2026-09-20,高
B00155Q9Q0,乔丹体育(昌吉路店),乔丹体育(昌吉路店),普通门店候选,从服务库排除,ordinary_store,保留高德原始记录；普通品牌门店按明确购物需求实时检索,规则复核,,2026-09-20,高
B0JGHZOURP,乔山健康科技(南翔印象城MEGA店),乔山健康科技(南翔印象城MEGA店),普通门店候选,从服务库排除,ordinary_store,保留高德原始记录；普通品牌门店按明确购物需求实时检索,规则复核,,2026-09-20,高
B0JA5AM4AJ,二十八磅体育,二十八磅体育,普通门店候选,从服务库排除,ordinary_store,保留高德原始记录；普通品牌门店按明确购物需求实时检索,规则复核,,2026-09-20,高
B0FFG5CO80,众豪高尔夫用品商店,众豪高尔夫用品商店,普通门店候选,从服务库排除,ordinary_store,保留高德原始记录；普通品牌门店按明确购物需求实时检索,规则复核,,2026-09-20,高
B0H2UHPMJ4,南翔老街,南翔老街,旅行类别与购物类型冲突,保留实体,urban_experience,商业街、老街、夜市等可服务城市漫游、餐饮和夜游场景，保留实体并按旅行场景召回。,规则复核,,2026-09-20,高
B0LK2APWYC,印象西大街,印象西大街,旅行类别与购物类型冲突,保留实体,commercial_support,该实体具有餐饮、购物或休息支持价值，仅在用户有对应需求时召回，不进入默认景点路线。,规则复核,,2026-09-20,高
B0FFG8GRKP,吉马国际酒文化中心,吉马国际酒文化中心,旅行类别与购物类型冲突；普通门店候选,从服务库排除,ordinary_store,保留高德原始记录；普通品牌门店按明确购物需求实时检索,规则复核,,2026-09-20,高
B00155L8T0,嘉定南大街步行街(法华塔店),嘉定南大街步行街(法华塔店),旅行类别与购物类型冲突,保留实体,urban_experience,商业街、老街、夜市等可服务城市漫游、餐饮和夜游场景，保留实体并按旅行场景召回。,规则复核,,2026-09-20,高
B0FFGH49T6,嘉定新城西云楼,嘉定新城西云楼,旅行类别与购物类型冲突,保留实体,commercial_support,该实体具有餐饮、购物或休息支持价值，仅在用户有对应需求时召回，不进入默认景点路线。,规则复核,,2026-09-20,高
B0FFL2QDBD,城市轮滑(嘉定新城上海中信泰富万达广场店),城市轮滑(嘉定新城上海中信泰富万达广场店),普通门店候选,从服务库排除,ordinary_store,保留高德原始记录；普通品牌门店按明确购物需求实时检索,规则复核,,2026-09-20,高
B0FFLFBX0M,壹号街,壹号街,旅行类别与购物类型冲突,保留实体,commercial_support,该实体具有餐饮、购物或休息支持价值，仅在用户有对应需求时召回，不进入默认景点路线。,规则复核,,2026-09-20,高
B0L3M1OSA1,安踏(上海嘉定万达店),安踏(上海嘉定万达店),普通门店候选,从服务库排除,ordinary_store,保留高德原始记录；普通品牌门店按明确购物需求实时检索,规则复核,,2026-09-20,高
B0FFKXBA6I,安踏(上海嘉定嘉亭荟店),安踏(上海嘉定嘉亭荟店),普通门店候选,从服务库排除,ordinary_store,保留高德原始记录；普通品牌门店按明确购物需求实时检索,规则复核,,2026-09-20,高
B00155CWFG,安踏(上海嘉定清河路店),安踏(上海嘉定清河路店),普通门店候选,从服务库排除,ordinary_store,保留高德原始记录；普通品牌门店按明确购物需求实时检索,规则复核,,2026-09-20,高
B0FFLBWLXI,安踏(上海百有商城店),安踏(上海百有商城店),普通门店候选,从服务库排除,ordinary_store,保留高德原始记录；普通品牌门店按明确购物需求实时检索,规则复核,,2026-09-20,高
B0FFGLMKPD,安踏(花园浜路店),安踏(花园浜路店),普通门店候选,从服务库排除,ordinary_store,保留高德原始记录；普通品牌门店按明确购物需求实时检索,规则复核,,2026-09-20,高
B0JKTR9GAZ,小米之家(嘉定区南翔印象城MEGA专卖店),小米之家(嘉定区南翔印象城MEGA专卖店),普通门店候选,从服务库排除,ordinary_store,保留高德原始记录；普通品牌门店按明确购物需求实时检索,规则复核,,2026-09-20,高
B0FFGL0T6C,左岸香堤湖畔休闲商业街,左岸香堤湖畔休闲商业街,旅行类别与购物类型冲突,保留实体,urban_experience,商业街、老街、夜市等可服务城市漫游、餐饮和夜游场景，保留实体并按旅行场景召回。,规则复核,,2026-09-20,高
B0JD9Z1XJS,弘洲美食夜市,弘洲美食夜市,旅行类别与购物类型冲突,保留实体,urban_experience,商业街、老街、夜市等可服务城市漫游、餐饮和夜游场景，保留实体并按旅行场景召回。,规则复核,,2026-09-20,高
B0G0773MEI,御街坊(翔和雅苑店),御街坊(翔和雅苑店),旅行类别与购物类型冲突,保留实体,commercial_support,该实体具有餐饮、购物或休息支持价值，仅在用户有对应需求时召回，不进入默认景点路线。,规则复核,,2026-09-20,高
B0K0JHCOEN,忆琳体育(新城馆),忆琳体育(新城馆),普通门店候选,从服务库排除,ordinary_store,保留高德原始记录；普通品牌门店按明确购物需求实时检索,规则复核,,2026-09-20,高
B0K2NS2TLX,捷安特自行车(嘉定大融城店),捷安特自行车(嘉定大融城店),普通门店候选,从服务库排除,ordinary_store,保留高德原始记录；普通品牌门店按明确购物需求实时检索,规则复核,,2026-09-20,高
B0LKTPVDD6,探拓户外(万达广场店),探拓户外(万达广场店),普通门店候选,从服务库排除,ordinary_store,保留高德原始记录；普通品牌门店按明确购物需求实时检索,规则复核,,2026-09-20,高
B0FFHHNWEK,新城生活广场(新城金郡店),新城生活广场(新城金郡店),旅行类别与购物类型冲突,保留实体,indoor_leisure,商业综合体可服务雨天、休息、餐饮和购物场景，保留实体但不按传统景点解释。,规则复核,,2026-09-20,高
B0FFFWQ4FD,明止堂中国字砖馆,明止堂中国字砖馆,旅行类别与购物类型冲突,保留实体,cultural_experience,该实体具有餐饮、购物或休息支持价值，仅在用户有对应需求时召回，不进入默认景点路线。,规则复核,,2026-09-20,高
B0FFJNKARA,李宁(上海中信泰富万达广场店),李宁(上海中信泰富万达广场店),普通门店候选,从服务库排除,ordinary_store,保留高德原始记录；普通品牌门店按明确购物需求实时检索,规则复核,,2026-09-20,高
B0I17BMN0O,李宁(上海江桥万达广场店),李宁(上海江桥万达广场店),普通门店候选,从服务库排除,ordinary_store,保留高德原始记录；普通品牌门店按明确购物需求实时检索,规则复核,,2026-09-20,高
B0G27OEROI,李宁(南翔印象城MEGA店),李宁(南翔印象城MEGA店),普通门店候选,从服务库排除,ordinary_store,保留高德原始记录；普通品牌门店按明确购物需求实时检索,规则复核,,2026-09-20,高
B0KG3Z82XG,李宁嘉定奥莱工厂店,李宁嘉定奥莱工厂店,普通门店候选,从服务库排除,ordinary_store,保留高德原始记录；普通品牌门店按明确购物需求实时检索,规则复核,,2026-09-20,高
B0J0NS3WOW,永盛里商业街区,永盛里商业街区,旅行类别与购物类型冲突,保留实体,urban_experience,商业街、老街、夜市等可服务城市漫游、餐饮和夜游场景，保留实体并按旅行场景召回。,规则复核,,2026-09-20,高
B0FFKWOEPX,汇龙生鲜美食街,汇龙生鲜美食街,旅行类别与购物类型冲突,保留实体,urban_experience,商业街、老街、夜市等可服务城市漫游、餐饮和夜游场景，保留实体并按旅行场景召回。,规则复核,,2026-09-20,高
B0FFH34SF5,江桥老街,江桥老街,旅行类别与购物类型冲突,保留实体,urban_experience,商业街、老街、夜市等可服务城市漫游、餐饮和夜游场景，保留实体并按旅行场景召回。,规则复核,,2026-09-20,高
B0FFLC79WY,泓峰体育,泓峰体育,普通门店候选,从服务库排除,ordinary_store,保留高德原始记录；普通品牌门店按明确购物需求实时检索,规则复核,,2026-09-20,高
B0FFI1VQ81,泰宸·新e街,泰宸·新e街,旅行类别与购物类型冲突,保留实体,commercial_support,该实体具有餐饮、购物或休息支持价值，仅在用户有对应需求时召回，不进入默认景点路线。,规则复核,,2026-09-20,高
B0FFLKLU47,海伦·壹号街(海伦堡·海伦广场店),海伦·壹号街(海伦堡·海伦广场店),旅行类别与购物类型冲突,保留实体,commercial_support,该实体具有餐饮、购物或休息支持价值，仅在用户有对应需求时召回，不进入默认景点路线。,规则复核,,2026-09-20,高
B0FFGLXLZ3,特步(南翔解放街店),特步(南翔解放街店),普通门店候选,从服务库排除,ordinary_store,保留高德原始记录；普通品牌门店按明确购物需求实时检索,规则复核,,2026-09-20,高
B0H3LZKFBR,特步(方中路店),特步(方中路店),旅行类别与购物类型冲突；普通门店候选,从服务库排除,ordinary_store,保留高德原始记录；普通品牌门店按明确购物需求实时检索,规则复核,,2026-09-20,高
B00155QB58,特步(菊园商厦店),特步(菊园商厦店),普通门店候选,从服务库排除,ordinary_store,保留高德原始记录；普通品牌门店按明确购物需求实时检索,规则复核,,2026-09-20,高
B0JA9RGOVC,球缘阁高端台球器材体验店,球缘阁高端台球器材体验店,普通门店候选,从服务库排除,ordinary_store,保留高德原始记录；普通品牌门店按明确购物需求实时检索,规则复核,,2026-09-20,高
B00157HXYL,疁城新天地,疁城新天地,旅行类别与购物类型冲突,保留实体,commercial_support,该实体具有餐饮、购物或休息支持价值，仅在用户有对应需求时召回，不进入默认景点路线。,规则复核,,2026-09-20,高
B0I32UMY7J,竹桥老街,竹桥老街,旅行类别与购物类型冲突,保留实体,urban_experience,商业街、老街、夜市等可服务城市漫游、餐饮和夜游场景，保留实体并按旅行场景召回。,规则复核,,2026-09-20,高
B0FFFQ2QB2,绿地嘉域生活中心,绿地嘉域生活中心,旅行类别与购物类型冲突,保留实体,commercial_support,该实体具有餐饮、购物或休息支持价值，仅在用户有对应需求时召回，不进入默认景点路线。,规则复核,,2026-09-20,高
B0015729LA,绿地嘉尚国际广场,绿地嘉尚国际广场,旅行类别与购物类型冲突,保留实体,commercial_support,该实体具有餐饮、购物或休息支持价值，仅在用户有对应需求时召回，不进入默认景点路线。,规则复核,,2026-09-20,高
B0G2U14FZI,耐克Nike(上海南翔印象城MEGA店),耐克Nike(上海南翔印象城MEGA店),普通门店候选,从服务库排除,ordinary_store,保留高德原始记录；普通品牌门店按明确购物需求实时检索,规则复核,,2026-09-20,高
B0FFHNZLWC,耐克Nike(上海江桥万达广场店),耐克Nike(上海江桥万达广场店),普通门店候选,从服务库排除,ordinary_store,保留高德原始记录；普通品牌门店按明确购物需求实时检索,规则复核,,2026-09-20,高
B0FFL36GSU,育英街,育英街,旅行类别与购物类型冲突,保留实体,commercial_support,该实体具有餐饮、购物或休息支持价值，仅在用户有对应需求时召回，不进入默认景点路线。,规则复核,,2026-09-20,高
B0LKOCGZ99,胖虎户外,胖虎户外,普通门店候选,从服务库排除,ordinary_store,保留高德原始记录；普通品牌门店按明确购物需求实时检索,规则复核,,2026-09-20,高
B0G3FNHV2K,胜道体育(罗宾森购物广场店),胜道体育(罗宾森购物广场店),普通门店候选,从服务库排除,ordinary_store,保留高德原始记录；普通品牌门店按明确购物需求实时检索,规则复核,,2026-09-20,高
B0JRKKPF5O,虹丰夜市(虹丰生活广场店),虹丰夜市(虹丰生活广场店),旅行类别与购物类型冲突,保留实体,urban_experience,商业街、老街、夜市等可服务城市漫游、餐饮和夜游场景，保留实体并按旅行场景召回。,规则复核,,2026-09-20,高
B0HGSA3L79,西云楼商业街(嘉定新城西云楼店),西云楼商业街(嘉定新城西云楼店),旅行类别与购物类型冲突,保留实体,urban_experience,商业街、老街、夜市等可服务城市漫游、餐饮和夜游场景，保留实体并按旅行场景召回。,规则复核,,2026-09-20,高
B0FFK5VWHK,西云楼深夜食街(嘉定新城西云楼店),西云楼深夜食街(嘉定新城西云楼店),旅行类别与购物类型冲突,保留实体,commercial_support,该实体具有餐饮、购物或休息支持价值，仅在用户有对应需求时召回，不进入默认景点路线。,规则复核,,2026-09-20,高
B0G0VUM0DS,诚品高尔夫(嘉定蓝天文创园区店),诚品高尔夫(嘉定蓝天文创园区店),普通门店候选,从服务库排除,ordinary_store,保留高德原始记录；普通品牌门店按明确购物需求实时检索,规则复核,,2026-09-20,高
B0LAGZPY56,运威体育,运威体育,普通门店候选,从服务库排除,ordinary_store,保留高德原始记录；普通品牌门店按明确购物需求实时检索,规则复核,,2026-09-20,高
B0FFIBZDUB,迪卡侬(安亭店),迪卡侬(安亭店),普通门店候选,从服务库排除,ordinary_store,保留高德原始记录；普通品牌门店按明确购物需求实时检索,规则复核,,2026-09-20,高
B0FFJ1FL21,迪卡侬(澄浏店),迪卡侬(澄浏店),普通门店候选,从服务库排除,ordinary_store,保留高德原始记录；普通品牌门店按明确购物需求实时检索,规则复核,,2026-09-20,高
B0L0GU441A,阿迪达斯(上海中信泰富万达广场店),阿迪达斯(上海中信泰富万达广场店),普通门店候选,从服务库排除,ordinary_store,保留高德原始记录；普通品牌门店按明确购物需求实时检索,规则复核,,2026-09-20,高
B0I2Y16148,阿迪达斯(上海南翔印象城MEGA店),阿迪达斯(上海南翔印象城MEGA店),普通门店候选,从服务库排除,ordinary_store,保留高德原始记录；普通品牌门店按明确购物需求实时检索,规则复核,,2026-09-20,高
B0KB75JE4O,阿迪达斯(上海江桥万达广场店),阿迪达斯(上海江桥万达广场店),普通门店候选,从服务库排除,ordinary_store,保留高德原始记录；普通品牌门店按明确购物需求实时检索,规则复核,,2026-09-20,高
B0FFF404F1,阿迪达斯(嘉亭荟城市生活广场店),阿迪达斯(嘉亭荟城市生活广场店),普通门店候选,从服务库排除,ordinary_store,保留高德原始记录；普通品牌门店按明确购物需求实时检索,规则复核,,2026-09-20,高
B0L04GWT92,阿迪达斯(大融城店),阿迪达斯(大融城店),普通门店候选,从服务库排除,ordinary_store,保留高德原始记录；普通品牌门店按明确购物需求实时检索,规则复核,,2026-09-20,高
B0J6AC2LH3,阿迪达斯(百联嘉定购物中心店),阿迪达斯(百联嘉定购物中心店),普通门店候选,从服务库排除,ordinary_store,保留高德原始记录；普通品牌门店按明确购物需求实时检索,规则复核,,2026-09-20,高
B0FFIPDWLW,香溢风情街,香溢风情街,旅行类别与购物类型冲突,保留实体,urban_experience,商业街、老街、夜市等可服务城市漫游、餐饮和夜游场景，保留实体并按旅行场景召回。,规则复核,,2026-09-20,高
B0JR7LE3R6,鸿星尔克(上海江桥万达广场店),鸿星尔克(上海江桥万达广场店),普通门店候选,从服务库排除,ordinary_store,保留高德原始记录；普通品牌门店按明确购物需求实时检索,规则复核,,2026-09-20,高
B00155QZ5B,鸿星尔克(上海百有商城店),鸿星尔克(上海百有商城店),普通门店候选,从服务库排除,ordinary_store,保留高德原始记录；普通品牌门店按明确购物需求实时检索,规则复核,,2026-09-20,高
B0HRORNLUO,鸿星尔克(丰庄茶城店),鸿星尔克(丰庄茶城店),普通门店候选,从服务库排除,ordinary_store,保留高德原始记录；普通品牌门店按明确购物需求实时检索,规则复核,,2026-09-20,高
B0JBYXYQXK,361°(人民中路店),361°(人民中路店),普通门店候选,从服务库排除,ordinary_store,保留高德原始记录；普通品牌门店按明确购物需求实时检索,规则复核,,2026-09-20,高
B0FFGOHRIV,ASICS 亚瑟士(百联南桥购物中心店),ASICS 亚瑟士(百联南桥购物中心店),普通门店候选,从服务库排除,ordinary_store,保留高德原始记录；普通品牌门店按明确购物需求实时检索,规则复核,,2026-09-20,高
B0IKF5746S,Adidas Super Court(奉贤天街店),Adidas Super Court(奉贤天街店),普通门店候选,从服务库排除,ordinary_store,保留高德原始记录；普通品牌门店按明确购物需求实时检索,规则复核,,2026-09-20,高
B0IK1SGUKY,MLB(龙湖·上海奉贤天街店),MLB(龙湖·上海奉贤天街店),普通门店候选,从服务库排除,ordinary_store,保留高德原始记录；普通品牌门店按明确购物需求实时检索,规则复核,,2026-09-20,高
B0HUACBSG8,Mizuno美津浓(百齐路百联南桥购物中心店),Mizuno美津浓(百齐路百联南桥购物中心店),普通门店候选,从服务库排除,ordinary_store,保留高德原始记录；普通品牌门店按明确购物需求实时检索,规则复核,,2026-09-20,高
B0KBF5SWJP,NORTHLAND(百联南桥购物中心),NORTHLAND(百联南桥购物中心),普通门店候选,从服务库排除,ordinary_store,保留高德原始记录；普通品牌门店按明确购物需求实时检索,规则复核,,2026-09-20,高
B0IK3USKOS,ON(龙湖·上海奉贤天街店),ON(龙湖·上海奉贤天街店),普通门店候选,从服务库排除,ordinary_store,保留高德原始记录；普通品牌门店按明确购物需求实时检索,规则复核,,2026-09-20,高
B0FFHMY4RU,SKECHERS 斯凯奇(百联南桥购物中心店),SKECHERS 斯凯奇(百联南桥购物中心店),普通门店候选,从服务库排除,ordinary_store,保留高德原始记录；普通品牌门店按明确购物需求实时检索,规则复核,,2026-09-20,高
B0G0K1UQNV,TT sports(育秀东区九区店),TT sports(育秀东区九区店),普通门店候选,从服务库排除,ordinary_store,保留高德原始记录；普通品牌门店按明确购物需求实时检索,规则复核,,2026-09-20,高
B0J0HUVQQQ,champion(龙湖·上海奉贤天街店),champion(龙湖·上海奉贤天街店),普通门店候选,从服务库排除,ordinary_store,保留高德原始记录；普通品牌门店按明确购物需求实时检索,规则复核,,2026-09-20,高
B0FFHHO2IL,上海特色商业街,上海特色商业街,旅行类别与购物类型冲突,保留实体,urban_experience,商业街、老街、夜市等可服务城市漫游、餐饮和夜游场景，保留实体并按旅行场景召回。,规则复核,,2026-09-20,高
B0FFLIBLAR,临港新片区平安新街,临港新片区平安新街,旅行类别与购物类型冲突,保留实体,commercial_support,该实体具有餐饮、购物或休息支持价值，仅在用户有对应需求时召回，不进入默认景点路线。,规则复核,,2026-09-20,高
B00155LI1D,人民南路服饰街,人民南路服饰街,旅行类别与购物类型冲突,保留实体,commercial_support,该实体具有餐饮、购物或休息支持价值，仅在用户有对应需求时召回，不进入默认景点路线。,规则复核,,2026-09-20,高
B0FFMDB611,冷江雨巷,冷江雨巷,旅行类别与购物类型冲突,保留实体,commercial_support,该实体具有餐饮、购物或休息支持价值，仅在用户有对应需求时召回，不进入默认景点路线。,规则复核,,2026-09-20,高
B0FFKTTE51,勇舸游泳馆,勇舸游泳馆,普通门店候选,从服务库排除,ordinary_store,保留高德原始记录；普通品牌门店按明确购物需求实时检索,规则复核,,2026-09-20,高
B00155IOIS,城尚城,城尚城,旅行类别与购物类型冲突,保留实体,commercial_support,该实体具有餐饮、购物或休息支持价值，仅在用户有对应需求时召回，不进入默认景点路线。,规则复核,,2026-09-20,高
B0KD2U2TZI,外猩人装备,外猩人装备,普通门店候选,从服务库排除,ordinary_store,保留高德原始记录；普通品牌门店按明确购物需求实时检索,规则复核,,2026-09-20,高
B00156EIED,安踏(人民中路店),安踏(人民中路店),普通门店候选,从服务库排除,ordinary_store,保留高德原始记录；普通品牌门店按明确购物需求实时检索,规则复核,,2026-09-20,高
B0IUTM4I2I,安踏(奉城南街店),安踏(奉城南街店),普通门店候选,从服务库排除,ordinary_store,保留高德原始记录；普通品牌门店按明确购物需求实时检索,规则复核,,2026-09-20,高
B0G2UL46UM,庄行健康老街,庄行健康老街,旅行类别与购物类型冲突,保留实体,urban_experience,商业街、老街、夜市等可服务城市漫游、餐饮和夜游场景，保留实体并按旅行场景召回。,规则复核,,2026-09-20,高
B0FFH53OPK,庄行古镇(冷江雨巷),庄行古镇(冷江雨巷),旅行类别与购物类型冲突,保留实体,urban_experience,商业街、老街、夜市等可服务城市漫游、餐饮和夜游场景，保留实体并按旅行场景召回。,规则复核,,2026-09-20,高
B0KGOK80UM,探拓户外(百联南桥购物中心店),探拓户外(百联南桥购物中心店),普通门店候选,从服务库排除,ordinary_store,保留高德原始记录；普通品牌门店按明确购物需求实时检索,规则复核,,2026-09-20,高
B0I02MGLSB,李宁(奉贤龙湖天街店),李宁(奉贤龙湖天街店),普通门店候选,从服务库排除,ordinary_store,保留高德原始记录；普通品牌门店按明确购物需求实时检索,规则复核,,2026-09-20,高
B0FFHVJ2H8,李宁(百联南桥购物中心店),李宁(百联南桥购物中心店),普通门店候选,从服务库排除,ordinary_store,保留高德原始记录；普通品牌门店按明确购物需求实时检索,规则复核,,2026-09-20,高
B0KBB7JG8O,李宁(龙湖·上海奉贤天街店),李宁(龙湖·上海奉贤天街店),普通门店候选,从服务库排除,ordinary_store,保留高德原始记录；普通品牌门店按明确购物需求实时检索,规则复核,,2026-09-20,高
B0JDFHX2SI,梦跳体育,梦跳体育,普通门店候选,从服务库排除,ordinary_store,保留高德原始记录；普通品牌门店按明确购物需求实时检索,规则复核,,2026-09-20,高
B001579BNU,正阳南港商业街,正阳南港商业街,旅行类别与购物类型冲突,保留实体,urban_experience,商业街、老街、夜市等可服务城市漫游、餐饮和夜游场景，保留实体并按旅行场景召回。,规则复核,,2026-09-20,高
B0FFG8U8JO,汇金坊商业街(嘉园路店),汇金坊商业街(嘉园路店),旅行类别与购物类型冲突,保留实体,urban_experience,商业街、老街、夜市等可服务城市漫游、餐饮和夜游场景，保留实体并按旅行场景召回。,规则复核,,2026-09-20,高
B0FFF2J7E6,海尚·生活广场,海尚·生活广场,旅行类别与购物类型冲突,保留实体,indoor_leisure,商业综合体可服务雨天、休息、餐饮和购物场景，保留实体但不按传统景点解释。,规则复核,,2026-09-20,高
B00157HQSN,特步(上海奉城店),特步(上海奉城店),普通门店候选,从服务库排除,ordinary_store,保留高德原始记录；普通品牌门店按明确购物需求实时检索,规则复核,,2026-09-20,高
B0JRZMZBDY,特步(乐安路店),特步(乐安路店),普通门店候选,从服务库排除,ordinary_store,保留高德原始记录；普通品牌门店按明确购物需求实时检索,规则复核,,2026-09-20,高
B00155G3IJ,特步(人民中路一店),特步(人民中路一店),普通门店候选,从服务库排除,ordinary_store,保留高德原始记录；普通品牌门店按明确购物需求实时检索,规则复核,,2026-09-20,高
B0LU1LG34J,特步(大骏百货店),特步(大骏百货店),普通门店候选,从服务库排除,ordinary_store,保留高德原始记录；普通品牌门店按明确购物需求实时检索,规则复核,,2026-09-20,高
B0IAVSH6FD,特步(百联南桥购物中心店),特步(百联南桥购物中心店),普通门店候选,从服务库排除,ordinary_store,保留高德原始记录；普通品牌门店按明确购物需求实时检索,规则复核,,2026-09-20,高
B0I2PUJGJN,百联南桥购物中心店,百联南桥购物中心店,普通门店候选,从服务库排除,ordinary_store,保留高德原始记录；普通品牌门店按明确购物需求实时检索,规则复核,,2026-09-20,高
B0FFIEMRY7,美人鱼休闲街,美人鱼休闲街,旅行类别与购物类型冲突,保留实体,commercial_support,该实体具有餐饮、购物或休息支持价值，仅在用户有对应需求时召回，不进入默认景点路线。,规则复核,,2026-09-20,高
B00155NL0K,羽燕体育(育秀东区九区店),羽燕体育(育秀东区九区店),普通门店候选,从服务库排除,ordinary_store,保留高德原始记录；普通品牌门店按明确购物需求实时检索,规则复核,,2026-09-20,高
B0HU46IIQK,耐克Nike(奉贤宝龙广场店),耐克Nike(奉贤宝龙广场店),普通门店候选,从服务库排除,ordinary_store,保留高德原始记录；普通品牌门店按明确购物需求实时检索,规则复核,,2026-09-20,高
B0K33L45Y3,耐克Nike(百联南桥购物中心店),耐克Nike(百联南桥购物中心店),普通门店候选,从服务库排除,ordinary_store,保留高德原始记录；普通品牌门店按明确购物需求实时检索,规则复核,,2026-09-20,高
B0KG3AF69I,莘度美食街,莘度美食街,旅行类别与购物类型冲突,保留实体,urban_experience,商业街、老街、夜市等可服务城市漫游、餐饮和夜游场景，保留实体并按旅行场景召回。,规则复核,,2026-09-20,高
B0L0BUVBSI,蕉下·轻量化户外(龙湖·上海金汇天街店),蕉下·轻量化户外(龙湖·上海金汇天街店),普通门店候选,从服务库排除,ordinary_store,保留高德原始记录；普通品牌门店按明确购物需求实时检索,规则复核,,2026-09-20,高
B0MBM77MTH,阿迪达斯(奉贤宝龙广场店),阿迪达斯(奉贤宝龙广场店),普通门店候选,从服务库排除,ordinary_store,保留高德原始记录；普通品牌门店按明确购物需求实时检索,规则复核,,2026-09-20,高
B0J3Z7QC9S,阿迪达斯(龙湖·上海金汇天街店),阿迪达斯(龙湖·上海金汇天街店),普通门店候选,从服务库排除,ordinary_store,保留高德原始记录；普通品牌门店按明确购物需求实时检索,规则复核,,2026-09-20,高
B0L097DJZW,鸿星尔克(奉贤宝龙广场店),鸿星尔克(奉贤宝龙广场店),普通门店候选,从服务库排除,ordinary_store,保留高德原始记录；普通品牌门店按明确购物需求实时检索,规则复核,,2026-09-20,高
B0HGV5Q1BV,鸿星尔克(青溪古镇店),鸿星尔克(青溪古镇店),普通门店候选,从服务库排除,ordinary_store,保留高德原始记录；普通品牌门店按明确购物需求实时检索,规则复核,,2026-09-20,高
B0I0FMO19T,鸿星尔克erke(龙湖·上海金汇天街店),鸿星尔克erke(龙湖·上海金汇天街店),普通门店候选,从服务库排除,ordinary_store,保留高德原始记录；普通品牌门店按明确购物需求实时检索,规则复核,,2026-09-20,高
B0KU6C4EXS,黑暗料理街,黑暗料理街,旅行类别与购物类型冲突,保留实体,commercial_support,该实体具有餐饮、购物或休息支持价值，仅在用户有对应需求时召回，不进入默认景点路线。,规则复核,,2026-09-20,高
B001556J4B,361°(淞滨路店),361°(淞滨路店),普通门店候选,从服务库排除,ordinary_store,保留高德原始记录；普通品牌门店按明确购物需求实时检索,规则复核,,2026-09-20,高
B0FFIH1JJ9,FILA(上海宝山万达广场店),FILA(上海宝山万达广场店),普通门店候选,从服务库排除,ordinary_store,保留高德原始记录；普通品牌门店按明确购物需求实时检索,规则复核,,2026-09-20,高
B0LK057WN8,FILA(龙湖上海宝山天街店),FILA(龙湖上海宝山天街店),普通门店候选,从服务库排除,ordinary_store,保留高德原始记录；普通品牌门店按明确购物需求实时检索,规则复核,,2026-09-20,高
B0J3JY0NEB,FUSION(上海宝山万达广场店),FUSION(上海宝山万达广场店),普通门店候选,从服务库排除,ordinary_store,保留高德原始记录；普通品牌门店按明确购物需求实时检索,规则复核,,2026-09-20,高
B0K61RPLTX,MLB(上海宝山万达广场店),MLB(上海宝山万达广场店),普通门店候选,从服务库排除,ordinary_store,保留高德原始记录；普通品牌门店按明确购物需求实时检索,规则复核,,2026-09-20,高
B0H1TSHP2E,MLB(宝杨宝龙广场店),MLB(宝杨宝龙广场店),普通门店候选,从服务库排除,ordinary_store,保留高德原始记录；普通品牌门店按明确购物需求实时检索,规则复核,,2026-09-20,高
B0MB250X4C,NIKE品牌体验店(上海宝山万达),NIKE品牌体验店(上海宝山万达),普通门店候选,从服务库排除,ordinary_store,保留高德原始记录；普通品牌门店按明确购物需求实时检索,规则复核,,2026-09-20,高
B0FFIBA4Z5,SKECHERS 斯凯奇(宝乐汇印象城店),SKECHERS 斯凯奇(宝乐汇印象城店),普通门店候选,从服务库排除,ordinary_store,保留高德原始记录；普通品牌门店按明确购物需求实时检索,规则复核,,2026-09-20,高
B0HDJCV6EY,SKECHERS 斯凯奇(宝山正大乐城店),SKECHERS 斯凯奇(宝山正大乐城店),旅行类别与购物类型冲突；普通门店候选,从服务库排除,ordinary_store,保留高德原始记录；普通品牌门店按明确购物需求实时检索,规则复核,,2026-09-20,高
B0HKOUMB32,SKECHERS 斯凯奇(龙湖上海宝山天街店),SKECHERS 斯凯奇(龙湖上海宝山天街店),旅行类别与购物类型冲突；普通门店候选,从服务库排除,ordinary_store,保留高德原始记录；普通品牌门店按明确购物需求实时检索,规则复核,,2026-09-20,高
B0K645JX69,THE NORTH FACE(龙湖上海宝山天街店),THE NORTH FACE(龙湖上海宝山天街店),普通门店候选,从服务库排除,ordinary_store,保留高德原始记录；普通品牌门店按明确购物需求实时检索,规则复核,,2026-09-20,高
B0L6KUQSNC,YONEX日月光形象店,YONEX日月光形象店,普通门店候选,从服务库排除,ordinary_store,保留高德原始记录；普通品牌门店按明确购物需求实时检索,规则复核,,2026-09-20,高
B0J6PXBFS5,new balance(宝乐汇印象城店),new balance(宝乐汇印象城店),普通门店候选,从服务库排除,ordinary_store,保留高德原始记录；普通品牌门店按明确购物需求实时检索,规则复核,,2026-09-20,高
B001577EAC,万达广场(上海宝山店),万达广场(上海宝山店),普通门店候选,从服务库排除,ordinary_store,保留高德原始记录；普通品牌门店按明确购物需求实时检索,规则复核,,2026-09-20,高
B0G3UY1PUI,上海市罗店镇塘西街180号后街,上海市罗店镇塘西街180号后街,旅行类别与购物类型冲突,保留实体,commercial_support,该实体具有餐饮、购物或休息支持价值，仅在用户有对应需求时召回，不进入默认景点路线。,规则复核,,2026-09-20,高
B00156GPOT,东方国贸名品街(东方国贸新城店),东方国贸名品街(东方国贸新城店),旅行类别与购物类型冲突,保留实体,commercial_support,该实体具有餐饮、购物或休息支持价值，仅在用户有对应需求时召回，不进入默认景点路线。,规则复核,,2026-09-20,高
B0FFM26R23,中国黄金(宝山花园城店),中国黄金(宝山花园城店),旅行类别与购物类型冲突；普通门店候选,从服务库排除,ordinary_store,保留高德原始记录；普通品牌门店按明确购物需求实时检索,规则复核,,2026-09-20,高
B0KR251ON8,中铁诺德汇,中铁诺德汇,旅行类别与购物类型冲突,保留实体,commercial_support,该实体具有餐饮、购物或休息支持价值，仅在用户有对应需求时召回，不进入默认景点路线。,规则复核,,2026-09-20,高
B0K3OCSG96,中集美兰湖金地广场A馆,中集美兰湖金地广场A馆,旅行类别与购物类型冲突,保留实体,commercial_support,该实体具有餐饮、购物或休息支持价值，仅在用户有对应需求时召回，不进入默认景点路线。,规则复核,,2026-09-20,高
B0L6DZOTBZ,中集金地广场湖里,中集金地广场湖里,旅行类别与购物类型冲突,保留实体,commercial_support,该实体具有餐饮、购物或休息支持价值，仅在用户有对应需求时召回，不进入默认景点路线。,规则复核,,2026-09-20,高
B0FFH1X93A,乐坊精致生活广场(宝山大华店),乐坊精致生活广场(宝山大华店),旅行类别与购物类型冲突,保留实体,indoor_leisure,商业综合体可服务雨天、休息、餐饮和购物场景，保留实体但不按传统景点解释。,规则复核,,2026-09-20,高
B0IATLX8PT,乔丹体育(盛桥休闲街店),乔丹体育(盛桥休闲街店),普通门店候选,从服务库排除,ordinary_store,保留高德原始记录；普通品牌门店按明确购物需求实时检索,规则复核,,2026-09-20,高
B0FFF5VR3K,共康花鸟街,共康花鸟街,旅行类别与购物类型冲突,保留实体,commercial_support,该实体具有餐饮、购物或休息支持价值，仅在用户有对应需求时召回，不进入默认景点路线。,规则复核,,2026-09-20,高
B0FFHELSOT,刘行新街(馨佳园店),刘行新街(馨佳园店),旅行类别与购物类型冲突,保留实体,commercial_support,该实体具有餐饮、购物或休息支持价值，仅在用户有对应需求时召回，不进入默认景点路线。,规则复核,,2026-09-20,高
B00154D90V,北翼商业街,北翼商业街,旅行类别与购物类型冲突,保留实体,urban_experience,商业街、老街、夜市等可服务城市漫游、餐饮和夜游场景，保留实体并按旅行场景召回。,规则复核,,2026-09-20,高
B0K6PC008C,四方体育网羽馆,四方体育网羽馆,普通门店候选,从服务库排除,ordinary_store,保留高德原始记录；普通品牌门店按明确购物需求实时检索,规则复核,,2026-09-20,高
B0G2BLAWUP,大场商业街,大场商业街,旅行类别与购物类型冲突,保留实体,urban_experience,商业街、老街、夜市等可服务城市漫游、餐饮和夜游场景，保留实体并按旅行场景召回。,规则复核,,2026-09-20,高
B0I2K7GO61,大成仓网羽·Lacoste鳄鱼Wilson海德百保力球拍穿线,大成仓网羽·Lacoste鳄鱼Wilson海德百保力球拍穿线,普通门店候选,从服务库排除,ordinary_store,保留高德原始记录；普通品牌门店按明确购物需求实时检索,规则复核,,2026-09-20,高
B0L14A1QPV,安踏(中集金地广场店),安踏(中集金地广场店),普通门店候选,从服务库排除,ordinary_store,保留高德原始记录；普通品牌门店按明确购物需求实时检索,规则复核,,2026-09-20,高
B0FFLJ7MZJ,宝山U天地,宝山U天地,旅行类别与购物类型冲突,保留实体,commercial_support,该实体具有餐饮、购物或休息支持价值，仅在用户有对应需求时召回，不进入默认景点路线。,规则复核,,2026-09-20,高
B0FFKEK94W,宝山U天地3期,宝山U天地3期,旅行类别与购物类型冲突,保留实体,commercial_support,该实体具有餐饮、购物或休息支持价值，仅在用户有对应需求时召回，不进入默认景点路线。,规则复核,,2026-09-20,高
B0G26KIN4N,宝山万渡广场,宝山万渡广场,旅行类别与购物类型冲突,保留实体,commercial_support,该实体具有餐饮、购物或休息支持价值，仅在用户有对应需求时召回，不进入默认景点路线。,规则复核,,2026-09-20,高
B0FFGCEQQV,宝山万达金街美食街区,宝山万达金街美食街区,旅行类别与购物类型冲突,保留实体,urban_experience,商业街、老街、夜市等可服务城市漫游、餐饮和夜游场景，保留实体并按旅行场景召回。,规则复核,,2026-09-20,高
B0J16CYRX8,宝山区顾村i3MALL,宝山区顾村i3MALL,旅行类别与购物类型冲突,保留实体,indoor_leisure,商业综合体可服务雨天、休息、餐饮和购物场景，保留实体但不按传统景点解释。,规则复核,,2026-09-20,高
B0FFLI93PE,宝山花园城,宝山花园城,旅行类别与购物类型冲突,保留实体,commercial_support,该实体具有餐饮、购物或休息支持价值，仅在用户有对应需求时召回，不进入默认景点路线。,规则复核,,2026-09-20,高
B0FFHP5RNG,尊木汇艺术手工街,尊木汇艺术手工街,旅行类别与购物类型冲突,保留实体,commercial_support,该实体具有餐饮、购物或休息支持价值，仅在用户有对应需求时召回，不进入默认景点路线。,规则复核,,2026-09-20,高
B0FFFFX35P,尚品街,尚品街,旅行类别与购物类型冲突,保留实体,commercial_support,该实体具有餐饮、购物或休息支持价值，仅在用户有对应需求时召回，不进入默认景点路线。,规则复核,,2026-09-20,高
B00155MZB0,巴黎春天(宝山店),巴黎春天(宝山店),旅行类别与购物类型冲突,保留实体,commercial_support,该实体具有餐饮、购物或休息支持价值，仅在用户有对应需求时召回，不进入默认景点路线。,规则复核,,2026-09-20,高
B0FFI0WI6S,市二路美食街,市二路美食街,旅行类别与购物类型冲突,保留实体,urban_experience,商业街、老街、夜市等可服务城市漫游、餐饮和夜游场景，保留实体并按旅行场景召回。,规则复核,,2026-09-20,高
B0LBC78700,探拓户外(龙湖宝山天街店),探拓户外(龙湖宝山天街店),普通门店候选,从服务库排除,ordinary_store,保留高德原始记录；普通品牌门店按明确购物需求实时检索,规则复核,,2026-09-20,高
B0HR6P7OAE,斯凯奇(宝杨宝龙广场店),斯凯奇(宝杨宝龙广场店),普通门店候选,从服务库排除,ordinary_store,保留高德原始记录；普通品牌门店按明确购物需求实时检索,规则复核,,2026-09-20,高
B0FFF65Z6M,日月光中心(宝山店),日月光中心(宝山店),旅行类别与购物类型冲突,保留实体,commercial_support,该实体具有餐饮、购物或休息支持价值，仅在用户有对应需求时召回，不进入默认景点路线。,规则复核,,2026-09-20,高
B0IR4AZQ4M,日月光中心G区(宝山日月光中心店),日月光中心G区(宝山日月光中心店),旅行类别与购物类型冲突,保留实体,commercial_support,该实体具有餐饮、购物或休息支持价值，仅在用户有对应需求时召回，不进入默认景点路线。,规则复核,,2026-09-20,高
B0IR4A0SK1,日月光中心H区(宝山日月光中心店),日月光中心H区(宝山日月光中心店),旅行类别与购物类型冲突,保留实体,commercial_support,该实体具有餐饮、购物或休息支持价值，仅在用户有对应需求时召回，不进入默认景点路线。,规则复核,,2026-09-20,高
B001558ADK,月浦购物步行街,月浦购物步行街,旅行类别与购物类型冲突,保留实体,urban_experience,商业街、老街、夜市等可服务城市漫游、餐饮和夜游场景，保留实体并按旅行场景召回。,规则复核,,2026-09-20,高
B0H1URXUKN,李宁(宝乐汇印象城店),李宁(宝乐汇印象城店),普通门店候选,从服务库排除,ordinary_store,保留高德原始记录；普通品牌门店按明确购物需求实时检索,规则复核,,2026-09-20,高
B0FFFA25ZX,正大乐城(宝山店),正大乐城(宝山店),旅行类别与购物类型冲突,保留实体,commercial_support,该实体具有餐饮、购物或休息支持价值，仅在用户有对应需求时召回，不进入默认景点路线。,规则复核,,2026-09-20,高
B0FFHB7XAJ,步行街后街,步行街后街,旅行类别与购物类型冲突,保留实体,urban_experience,商业街、老街、夜市等可服务城市漫游、餐饮和夜游场景，保留实体并按旅行场景召回。,规则复核,,2026-09-20,高
B0FFFZ9MN5,汇暻宝山广场,汇暻宝山广场,旅行类别与购物类型冲突,保留实体,commercial_support,该实体具有餐饮、购物或休息支持价值，仅在用户有对应需求时召回，不进入默认景点路线。,规则复核,,2026-09-20,高
B0H645IW5V,汉森运动中心(华和路店),汉森运动中心(华和路店),普通门店候选,从服务库排除,ordinary_store,保留高德原始记录；普通品牌门店按明确购物需求实时检索,规则复核,,2026-09-20,高
B00155L2AY,淞兴路步行街,淞兴路步行街,旅行类别与购物类型冲突,保留实体,urban_experience,商业街、老街、夜市等可服务城市漫游、餐饮和夜游场景，保留实体并按旅行场景召回。,规则复核,,2026-09-20,高
B0015703WT,特步(东方国贸店),特步(东方国贸店),普通门店候选,从服务库排除,ordinary_store,保留高德原始记录；普通品牌门店按明确购物需求实时检索,规则复核,,2026-09-20,高
B00155QN15,特步(塘西街店),特步(塘西街店),普通门店候选,从服务库排除,ordinary_store,保留高德原始记录；普通品牌门店按明确购物需求实时检索,规则复核,,2026-09-20,高
B0K0HBLG1M,特步(宝山海上世界城店),特步(宝山海上世界城店),旅行类别与购物类型冲突；普通门店候选,从服务库排除,ordinary_store,保留高德原始记录；普通品牌门店按明确购物需求实时检索,规则复核,,2026-09-20,高
B00156YRSP,特步(罗泾店),特步(罗泾店),普通门店候选,从服务库排除,ordinary_store,保留高德原始记录；普通品牌门店按明确购物需求实时检索,规则复核,,2026-09-20,高
B0I1JXPPZ2,特步(龙湖上海宝山天街店),特步(龙湖上海宝山天街店),普通门店候选,从服务库排除,ordinary_store,保留高德原始记录；普通品牌门店按明确购物需求实时检索,规则复核,,2026-09-20,高
B0I0KC2M1S,犀牛体育(招商·花园城宝悦华庭店),犀牛体育(招商·花园城宝悦华庭店),旅行类别与购物类型冲突；普通门店候选,从服务库排除,ordinary_store,保留高德原始记录；普通品牌门店按明确购物需求实时检索,规则复核,,2026-09-20,高
B0J1DYVUS5,祥腾生活夜市(祥腾生活广场店),祥腾生活夜市(祥腾生活广场店),旅行类别与购物类型冲突,保留实体,urban_experience,商业街、老街、夜市等可服务城市漫游、餐饮和夜游场景，保留实体并按旅行场景召回。,规则复核,,2026-09-20,高
B0HGFA6913,绿地正大缤纷城,绿地正大缤纷城,旅行类别与购物类型冲突,保留实体,commercial_support,该实体具有餐饮、购物或休息支持价值，仅在用户有对应需求时召回，不进入默认景点路线。,规则复核,,2026-09-20,高
B0J32MAJ6P,罗店乐源慢生活文化街区,罗店乐源慢生活文化街区,旅行类别与购物类型冲突,保留实体,commercial_support,该实体具有餐饮、购物或休息支持价值，仅在用户有对应需求时召回，不进入默认景点路线。,规则复核,,2026-09-20,高
B0JD6HRLK5,罗店老街东西巷里,罗店老街东西巷里,旅行类别与购物类型冲突,保留实体,urban_experience,商业街、老街、夜市等可服务城市漫游、餐饮和夜游场景，保留实体并按旅行场景召回。,规则复核,,2026-09-20,高
B0FFJMR9QC,翼生活轧花记忆园(轧花记忆店),翼生活轧花记忆园(轧花记忆店),旅行类别与购物类型冲突,保留实体,commercial_support,该实体具有餐饮、购物或休息支持价值，仅在用户有对应需求时召回，不进入默认景点路线。,规则复核,,2026-09-20,高
B0FFHLULT4,耐克Nike(宝乐汇印象城店),耐克Nike(宝乐汇印象城店),普通门店候选,从服务库排除,ordinary_store,保留高德原始记录；普通品牌门店按明确购物需求实时检索,规则复核,,2026-09-20,高
B0IK1RQDJ4,耐克Nike(宝山日月光中心店),耐克Nike(宝山日月光中心店),普通门店候选,从服务库排除,ordinary_store,保留高德原始记录；普通品牌门店按明确购物需求实时检索,规则复核,,2026-09-20,高
B0K6ASOX78,自汇商业街(映月佳苑店),自汇商业街(映月佳苑店),旅行类别与购物类型冲突,保留实体,urban_experience,商业街、老街、夜市等可服务城市漫游、餐饮和夜游场景，保留实体并按旅行场景召回。,规则复核,,2026-09-20,高
B0J05ZX1F9,舒华跑步机健身器材(上海宝山体育中心店),舒华跑步机健身器材(上海宝山体育中心店),旅行类别与购物类型冲突；普通门店候选,从服务库排除,ordinary_store,保留高德原始记录；普通品牌门店按明确购物需求实时检索,规则复核,,2026-09-20,高
B0J2SRNUAO,芈城T3科创街,芈城T3科创街,旅行类别与购物类型冲突,保留实体,commercial_support,该实体具有餐饮、购物或休息支持价值，仅在用户有对应需求时召回，不进入默认景点路线。,规则复核,,2026-09-20,高
B0FFFYF9XP,英伦高尔夫(建配龙店),英伦高尔夫(建配龙店),普通门店候选,从服务库排除,ordinary_store,保留高德原始记录；普通品牌门店按明确购物需求实时检索,规则复核,,2026-09-20,高
B0FFF9SO0X,跨玮体育·运动装备折扣店(宝山体育中心店),跨玮体育·运动装备折扣店(宝山体育中心店),旅行类别与购物类型冲突；普通门店候选,从服务库排除,ordinary_store,保留高德原始记录；普通品牌门店按明确购物需求实时检索,规则复核,,2026-09-20,高
B0FFFCOVDB,锦秋新天地,锦秋新天地,旅行类别与购物类型冲突,保留实体,commercial_support,该实体具有餐饮、购物或休息支持价值，仅在用户有对应需求时召回，不进入默认景点路线。,规则复核,,2026-09-20,高
B00157011S,锦秋花园新时代广场,锦秋花园新时代广场,旅行类别与购物类型冲突,保留实体,commercial_support,该实体具有餐饮、购物或休息支持价值，仅在用户有对应需求时召回，不进入默认景点路线。,规则复核,,2026-09-20,高
B0FFMFTTZD,阿迪达斯(City花园城店),阿迪达斯(City花园城店),普通门店候选,从服务库排除,ordinary_store,保留高德原始记录；普通品牌门店按明确购物需求实时检索,规则复核,,2026-09-20,高
B0FFH4B32K,阿迪达斯(宝乐汇印象城店),阿迪达斯(宝乐汇印象城店),普通门店候选,从服务库排除,ordinary_store,保留高德原始记录；普通品牌门店按明确购物需求实时检索,规则复核,,2026-09-20,高
B0FFHDOCTO,阿迪达斯(宝龙折扣店),阿迪达斯(宝龙折扣店),普通门店候选,从服务库排除,ordinary_store,保留高德原始记录；普通品牌门店按明确购物需求实时检索,规则复核,,2026-09-20,高
B0H01LRA4U,阿迪达斯(火炬城市峰汇店),阿迪达斯(火炬城市峰汇店),普通门店候选,从服务库排除,ordinary_store,保留高德原始记录；普通品牌门店按明确购物需求实时检索,规则复核,,2026-09-20,高
B0HRC6JDK6,阿迪达斯(龙湖上海宝山天街店),阿迪达斯(龙湖上海宝山天街店),普通门店候选,从服务库排除,ordinary_store,保留高德原始记录；普通品牌门店按明确购物需求实时检索,规则复核,,2026-09-20,高
B0MBSHEGBZ,鸿星尔克(中集金地广场店),鸿星尔克(中集金地广场店),普通门店候选,从服务库排除,ordinary_store,保留高德原始记录；普通品牌门店按明确购物需求实时检索,规则复核,,2026-09-20,高
B0IUFZVMDK,鸿星尔克(宝山日月光中心店),鸿星尔克(宝山日月光中心店),旅行类别与购物类型冲突；普通门店候选,从服务库排除,ordinary_store,保留高德原始记录；普通品牌门店按明确购物需求实时检索,规则复核,,2026-09-20,高
B0G1ZB246C,鸿星尔克(宝山花园城店),鸿星尔克(宝山花园城店),旅行类别与购物类型冲突；普通门店候选,从服务库排除,ordinary_store,保留高德原始记录；普通品牌门店按明确购物需求实时检索,规则复核,,2026-09-20,高
B001556QIY,上海市崇明岛八一路步行街,上海市崇明岛八一路步行街,旅行类别与购物类型冲突,保留实体,urban_experience,商业街、老街、夜市等可服务城市漫游、餐饮和夜游场景，保留实体并按旅行场景召回。,规则复核,,2026-09-20,高
B0HD0ZXL6X,东方渔港商业街,东方渔港商业街,旅行类别与购物类型冲突,保留实体,urban_experience,商业街、老街、夜市等可服务城市漫游、餐饮和夜游场景，保留实体并按旅行场景召回。,规则复核,,2026-09-20,高
B0MBKHQ6FN,中樱广福里,中樱广福里,旅行类别与购物类型冲突,保留实体,commercial_support,该实体具有餐饮、购物或休息支持价值，仅在用户有对应需求时召回，不进入默认景点路线。,规则复核,,2026-09-20,高
B001557OES,乔丹体育(上海市崇明岛八一路步行街店),乔丹体育(上海市崇明岛八一路步行街店),普通门店候选,从服务库排除,ordinary_store,保留高德原始记录；普通品牌门店按明确购物需求实时检索,规则复核,,2026-09-20,高
B0015730KH,乔丹体育(兰凤小区店),乔丹体育(兰凤小区店),普通门店候选,从服务库排除,ordinary_store,保留高德原始记录；普通品牌门店按明确购物需求实时检索,规则复核,,2026-09-20,高
B0KRZ7F2N6,二八夜市(悦意东滩店),二八夜市(悦意东滩店),旅行类别与购物类型冲突,保留实体,urban_experience,商业街、老街、夜市等可服务城市漫游、餐饮和夜游场景，保留实体并按旅行场景召回。,规则复核,,2026-09-20,高
B0JUPZUYSY,前卫体育,前卫体育,普通门店候选,从服务库排除,ordinary_store,保留高德原始记录；普通品牌门店按明确购物需求实时检索,规则复核,,2026-09-20,高
B0H16DYUWL,悦意东滩,悦意东滩,旅行类别与购物类型冲突,保留实体,commercial_support,该实体具有餐饮、购物或休息支持价值，仅在用户有对应需求时召回，不进入默认景点路线。,规则复核,,2026-09-20,高
B0FFFPIX0F,长兴壹街区(绿地长兴家园店),长兴壹街区(绿地长兴家园店),旅行类别与购物类型冲突,保留实体,commercial_support,该实体具有餐饮、购物或休息支持价值，仅在用户有对应需求时召回，不进入默认景点路线。,规则复核,,2026-09-20,高
B0IK972S0L,阿迪达斯(上海崇明万达广场店),阿迪达斯(上海崇明万达广场店),普通门店候选,从服务库排除,ordinary_store,保留高德原始记录；普通品牌门店按明确购物需求实时检索,规则复核,,2026-09-20,高
B0KDM1I7Y8,ARC'TERYX始祖鸟(环贸iapm商场店),ARC'TERYX始祖鸟(环贸iapm商场店),普通门店候选,从服务库排除,ordinary_store,保留高德原始记录；普通品牌门店按明确购物需求实时检索,规则复核,,2026-09-20,高
B0K0CN3YLF,ASICS 亚瑟士(徐汇万科广场店),ASICS 亚瑟士(徐汇万科广场店),普通门店候选,从服务库排除,ordinary_store,保留高德原始记录；普通品牌门店按明确购物需求实时检索,规则复核,,2026-09-20,高
B0FFJ0NG63,ASICS 亚瑟士(飞洲国际广场店),ASICS 亚瑟士(飞洲国际广场店),普通门店候选,从服务库排除,ordinary_store,保留高德原始记录；普通品牌门店按明确购物需求实时检索,规则复核,,2026-09-20,高
B0LDGXB0E2,ASICS亚瑟士(上海汇金奥莱店),ASICS亚瑟士(上海汇金奥莱店),普通门店候选,从服务库排除,ordinary_store,保留高德原始记录；普通品牌门店按明确购物需求实时检索,规则复核,,2026-09-20,高
B0FFKM4HSS,GRC绿地滨江CLUB,GRC绿地滨江CLUB,旅行类别与购物类型冲突,保留实体,commercial_support,该实体具有餐饮、购物或休息支持价值，仅在用户有对应需求时召回，不进入默认景点路线。,规则复核,,2026-09-20,高
B0K1GHRT5I,HELLY HANSEN(Gate M西岸梦中心店),HELLY HANSEN(Gate M西岸梦中心店),普通门店候选,从服务库排除,ordinary_store,保留高德原始记录；普通品牌门店按明确购物需求实时检索,规则复核,,2026-09-20,高
B0FFIBVDCR,IAPM(环贸 iAPM店),IAPM(环贸 iAPM店),普通门店候选,从服务库排除,ordinary_store,保留高德原始记录；普通品牌门店按明确购物需求实时检索,规则复核,,2026-09-20,高
B0FFHOSK69,MLB(飞洲国际广场),MLB(飞洲国际广场),普通门店候选,从服务库排除,ordinary_store,保留高德原始记录；普通品牌门店按明确购物需求实时检索,规则复核,,2026-09-20,高
B0L221114Y,Nike专柜,Nike专柜,普通门店候选,从服务库排除,ordinary_store,保留高德原始记录；普通品牌门店按明确购物需求实时检索,规则复核,,2026-09-20,高
B0LR7LJDKK,On昂跑(西岸梦中心店),On昂跑(西岸梦中心店),普通门店候选,从服务库排除,ordinary_store,保留高德原始记录；普通品牌门店按明确购物需求实时检索,规则复核,,2026-09-20,高
B0L26UEV8P,PUMA彪马(Gate M西岸梦中心店),PUMA彪马(Gate M西岸梦中心店),普通门店候选,从服务库排除,ordinary_store,保留高德原始记录；普通品牌门店按明确购物需求实时检索,规则复核,,2026-09-20,高
B0FFHQ9ZWB,PUMA彪马(环贸iapm商场店),PUMA彪马(环贸iapm商场店),普通门店候选,从服务库排除,ordinary_store,保留高德原始记录；普通品牌门店按明确购物需求实时检索,规则复核,,2026-09-20,高
B0L347GK0A,SALOMON萨洛蒙(环贸iapm商场店),SALOMON萨洛蒙(环贸iapm商场店),普通门店候选,从服务库排除,ordinary_store,保留高德原始记录；普通品牌门店按明确购物需求实时检索,规则复核,,2026-09-20,高
B0FFGI6HC5,SKECHERS 斯凯奇(光启城店),SKECHERS 斯凯奇(光启城店),普通门店候选,从服务库排除,ordinary_store,保留高德原始记录；普通品牌门店按明确购物需求实时检索,规则复核,,2026-09-20,高
B0IUUBE8QX,SKECHERS 斯凯奇(光大万商生活广场店),SKECHERS 斯凯奇(光大万商生活广场店),普通门店候选,从服务库排除,ordinary_store,保留高德原始记录；普通品牌门店按明确购物需求实时检索,规则复核,,2026-09-20,高
B0FFF3IXQE,SKECHERS 斯凯奇(飞洲国际广场店),SKECHERS 斯凯奇(飞洲国际广场店),普通门店候选,从服务库排除,ordinary_store,保留高德原始记录；普通品牌门店按明确购物需求实时检索,规则复核,,2026-09-20,高
B0LB97TNJF,UPONPRO(环贸iapm商场店),UPONPRO(环贸iapm商场店),普通门店候选,从服务库排除,ordinary_store,保留高德原始记录；普通品牌门店按明确购物需求实时检索,规则复核,,2026-09-20,高
B0LRFS6DNS,VICTOR万体专卖店(零陵路店),VICTOR万体专卖店(零陵路店),普通门店候选,从服务库排除,ordinary_store,保留高德原始记录；普通品牌门店按明确购物需求实时检索,规则复核,,2026-09-20,高
B0LASA1NAY,Wilson万体店,Wilson万体店,普通门店候选,从服务库排除,ordinary_store,保留高德原始记录；普通品牌门店按明确购物需求实时检索,规则复核,,2026-09-20,高
B0IKUH0MM1,Wilson欣林田体育(漕溪北路店),Wilson欣林田体育(漕溪北路店),普通门店候选,从服务库排除,ordinary_store,保留高德原始记录；普通品牌门店按明确购物需求实时检索,规则复核,,2026-09-20,高
B0HBBU5KOE,YONEX(万体店),YONEX(万体店),普通门店候选,从服务库排除,ordinary_store,保留高德原始记录；普通品牌门店按明确购物需求实时检索,规则复核,,2026-09-20,高
B0LUTP3IME,YONEX(鑫耀·光环LIVE2期店),YONEX(鑫耀·光环LIVE2期店),普通门店候选,从服务库排除,ordinary_store,保留高德原始记录；普通品牌门店按明确购物需求实时检索,规则复核,,2026-09-20,高
B0L0UHVS88,YONEX互动网球馆(西岸店),YONEX互动网球馆(西岸店),普通门店候选,从服务库排除,ordinary_store,保留高德原始记录；普通品牌门店按明确购物需求实时检索,规则复核,,2026-09-20,高
B0L2HMA07E,adidas阿迪达斯(越界锦和尚城店),adidas阿迪达斯(越界锦和尚城店),普通门店候选,从服务库排除,ordinary_store,保留高德原始记录；普通品牌门店按明确购物需求实时检索,规则复核,,2026-09-20,高
B0K1GHTHL0,lululemon(上海西岸梦中心店),lululemon(上海西岸梦中心店),旅行类别与购物类型冲突；普通门店候选,从服务库排除,ordinary_store,保留高德原始记录；普通品牌门店按明确购物需求实时检索,规则复核,,2026-09-20,高
B0L2OAVD2J,mont·bell,mont·bell,普通门店候选,从服务库排除,ordinary_store,保留高德原始记录；普通品牌门店按明确购物需求实时检索,规则复核,,2026-09-20,高
B0K1GHTYBZ,phenix(西岸梦中心店),phenix(西岸梦中心店),普通门店候选,从服务库排除,ordinary_store,保留高德原始记录；普通品牌门店按明确购物需求实时检索,规则复核,,2026-09-20,高
B0H63A8FKF,saucony(飞洲国际广场店),saucony(飞洲国际广场店),旅行类别与购物类型冲突；普通门店候选,从服务库排除,ordinary_store,保留高德原始记录；普通品牌门店按明确购物需求实时检索,规则复核,,2026-09-20,高
B0FFF620Q1,七彩轮滑俱乐部(徐汇中星城店),七彩轮滑俱乐部(徐汇中星城店),普通门店候选,从服务库排除,ordinary_store,保留高德原始记录；普通品牌门店按明确购物需求实时检索,规则复核,,2026-09-20,高
B00155GJIT,三夫户外(旗舰店),三夫户外(旗舰店),普通门店候选,从服务库排除,ordinary_store,保留高德原始记录；普通品牌门店按明确购物需求实时检索,规则复核,,2026-09-20,高
B0L2O5VHRI,上海徐汇滨江跑步路线,上海徐汇滨江跑步路线,旅行类别与购物类型冲突；普通门店候选,从服务库排除,ordinary_store,保留高德原始记录；普通品牌门店按明确购物需求实时检索,规则复核,,2026-09-20,高
B0FFI2K005,东方骆驼(汇金奥特莱斯店),东方骆驼(汇金奥特莱斯店),普通门店候选,从服务库排除,ordinary_store,保留高德原始记录；普通品牌门店按明确购物需求实时检索,规则复核,,2026-09-20,高
B0K6ZD07X7,乐市美食街,乐市美食街,旅行类别与购物类型冲突,保留实体,urban_experience,商业街、老街、夜市等可服务城市漫游、餐饮和夜游场景，保留实体并按旅行场景召回。,规则复核,,2026-09-20,高
B0FFGHNJ3I,南站超市(上海火车站南站),南站超市(上海火车站南站),普通门店候选,从服务库排除,ordinary_store,保留高德原始记录；普通品牌门店按明确购物需求实时检索,规则复核,,2026-09-20,高
B0K1GHZ8JG,哥伦比亚Columbia(Gate M西岸梦中心店),哥伦比亚Columbia(Gate M西岸梦中心店),普通门店候选,从服务库排除,ordinary_store,保留高德原始记录；普通品牌门店按明确购物需求实时检索,规则复核,,2026-09-20,高
B0FFF5E5K8,喜帅体育(书香逸居店),喜帅体育(书香逸居店),普通门店候选,从服务库排除,ordinary_store,保留高德原始记录；普通品牌门店按明确购物需求实时检索,规则复核,,2026-09-20,高
B0FFFFGS8T,安踏(上海徐汇南站汇金奥莱综合店),安踏(上海徐汇南站汇金奥莱综合店),普通门店候选,从服务库排除,ordinary_store,保留高德原始记录；普通品牌门店按明确购物需求实时检索,规则复核,,2026-09-20,高
B0K6OUQXU9,安踏(上海徐汇飞洲国际奥莱店),安踏(上海徐汇飞洲国际奥莱店),普通门店候选,从服务库排除,ordinary_store,保留高德原始记录；普通品牌门店按明确购物需求实时检索,规则复核,,2026-09-20,高
B0JBH7ZIQX,尤尼克斯(零陵路店),尤尼克斯(零陵路店),普通门店候选,从服务库排除,ordinary_store,保留高德原始记录；普通品牌门店按明确购物需求实时检索,规则复核,,2026-09-20,高
B0FFL814VF,徐汇绿地缤纷城西区,徐汇绿地缤纷城西区,旅行类别与购物类型冲突,保留实体,commercial_support,该实体具有餐饮、购物或休息支持价值，仅在用户有对应需求时召回，不进入默认景点路线。,规则复核,,2026-09-20,高
B0H0T7PU9N,慧东体育(徐汇梅陇商业中心店),慧东体育(徐汇梅陇商业中心店),普通门店候选,从服务库排除,ordinary_store,保留高德原始记录；普通品牌门店按明确购物需求实时检索,规则复核,,2026-09-20,高
B0FFK9HDRK,择通体育,择通体育,普通门店候选,从服务库排除,ordinary_store,保留高德原始记录；普通品牌门店按明确购物需求实时检索,规则复核,,2026-09-20,高
B00155DD6M,探路者(上海店),探路者(上海店),普通门店候选,从服务库排除,ordinary_store,保留高德原始记录；普通品牌门店按明确购物需求实时检索,规则复核,,2026-09-20,高
B0FFHOSK6N,探路者(飞洲国际广场店),探路者(飞洲国际广场店),普通门店候选,从服务库排除,ordinary_store,保留高德原始记录；普通品牌门店按明确购物需求实时检索,规则复核,,2026-09-20,高
B0FFKZ2CB5,文玩街,文玩街,旅行类别与购物类型冲突,保留实体,commercial_support,该实体具有餐饮、购物或休息支持价值，仅在用户有对应需求时召回，不进入默认景点路线。,规则复核,,2026-09-20,高
B0L0D9OR6J,昂跑,昂跑,普通门店候选,从服务库排除,ordinary_store,保留高德原始记录；普通品牌门店按明确购物需求实时检索,规则复核,,2026-09-20,高
B0J1GSA3M5,月牙街(绿地缤纷城店),月牙街(绿地缤纷城店),旅行类别与购物类型冲突,保留实体,commercial_support,该实体具有餐饮、购物或休息支持价值，仅在用户有对应需求时召回，不进入默认景点路线。,规则复核,,2026-09-20,高
B0J2HS1Z4N,李宁(上海龙华会店),李宁(上海龙华会店),普通门店候选,从服务库排除,ordinary_store,保留高德原始记录；普通品牌门店按明确购物需求实时检索,规则复核,,2026-09-20,高
B0LUUCR18Q,李宁(徐汇万科广场店),李宁(徐汇万科广场店),普通门店候选,从服务库排除,ordinary_store,保留高德原始记录；普通品牌门店按明确购物需求实时检索,规则复核,,2026-09-20,高
B0H6N7F1H9,煜煜体育青少年羽毛球培训基地,煜煜体育青少年羽毛球培训基地,旅行类别与购物类型冲突；普通门店候选,从服务库排除,ordinary_store,保留高德原始记录；普通品牌门店按明确购物需求实时检索,规则复核,,2026-09-20,高
B0FFKZ2D7R,画家街,画家街,旅行类别与购物类型冲突,保留实体,commercial_support,该实体具有餐饮、购物或休息支持价值，仅在用户有对应需求时召回，不进入默认景点路线。,规则复核,,2026-09-20,高
B0M69HBCH5,米力羽毛球穿线工作室(小木桥路店),米力羽毛球穿线工作室(小木桥路店),普通门店候选,从服务库排除,ordinary_store,保留高德原始记录；普通品牌门店按明确购物需求实时检索,规则复核,,2026-09-20,高
B0HG6PDC2R,绿地缤纷城东区(绿地中心2期店),绿地缤纷城东区(绿地中心2期店),旅行类别与购物类型冲突,保留实体,commercial_support,该实体具有餐饮、购物或休息支持价值，仅在用户有对应需求时召回，不进入默认景点路线。,规则复核,,2026-09-20,高
B0FFGOHFJ2,美津浓(飞洲国际广场店),美津浓(飞洲国际广场店),普通门店候选,从服务库排除,ordinary_store,保留高德原始记录；普通品牌门店按明确购物需求实时检索,规则复核,,2026-09-20,高
B001571AC4,耐克Nike(上海南站店),耐克Nike(上海南站店),普通门店候选,从服务库排除,ordinary_store,保留高德原始记录；普通品牌门店按明确购物需求实时检索,规则复核,,2026-09-20,高
B0LRZL3D7U,耐克Nike(上海龙华会C2店),耐克Nike(上海龙华会C2店),普通门店候选,从服务库排除,ordinary_store,保留高德原始记录；普通品牌门店按明确购物需求实时检索,规则复核,,2026-09-20,高
B0L1LKE5ZG,耐克Nike(徐汇万科广场店),耐克Nike(徐汇万科广场店),普通门店候选,从服务库排除,ordinary_store,保留高德原始记录；普通品牌门店按明确购物需求实时检索,规则复核,,2026-09-20,高
B00157GL2A,耐克Nike(新乐路店),耐克Nike(新乐路店),普通门店候选,从服务库排除,ordinary_store,保留高德原始记录；普通品牌门店按明确购物需求实时检索,规则复核,,2026-09-20,高
B0FFHU6B93,耐克Nike(飞洲国际广场店),耐克Nike(飞洲国际广场店),普通门店候选,从服务库排除,ordinary_store,保留高德原始记录；普通品牌门店按明确购物需求实时检索,规则复核,,2026-09-20,高
B0H3FRCVFD,金工坊高尔夫(诚达创意产业园店),金工坊高尔夫(诚达创意产业园店),普通门店候选,从服务库排除,ordinary_store,保留高德原始记录；普通品牌门店按明确购物需求实时检索,规则复核,,2026-09-20,高
B0IB2SU8F0,阳光滨江天地·尚湾里,阳光滨江天地·尚湾里,旅行类别与购物类型冲突,保留实体,commercial_support,该实体具有餐饮、购物或休息支持价值，仅在用户有对应需求时召回，不进入默认景点路线。,规则复核,,2026-09-20,高
B0FFFWAFWB,阿迪达斯(上海南站折扣店),阿迪达斯(上海南站折扣店),普通门店候选,从服务库排除,ordinary_store,保留高德原始记录；普通品牌门店按明确购物需求实时检索,规则复核,,2026-09-20,高
B0KANUT3YC,阿迪达斯(上海龙华会店),阿迪达斯(上海龙华会店),普通门店候选,从服务库排除,ordinary_store,保留高德原始记录；普通品牌门店按明确购物需求实时检索,规则复核,,2026-09-20,高
B0KD3RURVI,CLUB100(长风店),CLUB100(长风店),普通门店候选,从服务库排除,ordinary_store,保留高德原始记录；普通品牌门店按明确购物需求实时检索,规则复核,,2026-09-20,高
B0FFHD655E,DJI大疆(上海百联中环购物广场授权体验店),DJI大疆(上海百联中环购物广场授权体验店),普通门店候选,从服务库排除,ordinary_store,保留高德原始记录；普通品牌门店按明确购物需求实时检索,规则复核,,2026-09-20,高
B0FFH0P152,FILA(百联中环购物广场店),FILA(百联中环购物广场店),普通门店候选,从服务库排除,ordinary_store,保留高德原始记录；普通品牌门店按明确购物需求实时检索,规则复核,,2026-09-20,高
B0FFGYB1TY,NEW BALANCE(上海环球港),NEW BALANCE(上海环球港),普通门店候选,从服务库排除,ordinary_store,保留高德原始记录；普通品牌门店按明确购物需求实时检索,规则复核,,2026-09-20,高
B0J03AY71X,Saucony索康尼(上海环宇城MAX店),Saucony索康尼(上海环宇城MAX店),普通门店候选,从服务库排除,ordinary_store,保留高德原始记录；普通品牌门店按明确购物需求实时检索,规则复核,,2026-09-20,高
B0K6KHW8GB,THE NORTH FACE(上海真如环宇城MAX店),THE NORTH FACE(上海真如环宇城MAX店),普通门店候选,从服务库排除,ordinary_store,保留高德原始记录；普通品牌门店按明确购物需求实时检索,规则复核,,2026-09-20,高
B0HKTCF117,THE NORTH FACE(环球港ONEBOX店),THE NORTH FACE(环球港ONEBOX店),普通门店候选,从服务库排除,ordinary_store,保留高德原始记录；普通品牌门店按明确购物需求实时检索,规则复核,,2026-09-20,高
B0FFJGFO8O,THE NORTH FACE(百联中环购物广场店),THE NORTH FACE(百联中环购物广场店),普通门店候选,从服务库排除,ordinary_store,保留高德原始记录；普通品牌门店按明确购物需求实时检索,规则复核,,2026-09-20,高
B0FFJ1ZEO8,YONEX(新村路店),YONEX(新村路店),普通门店候选,从服务库排除,ordinary_store,保留高德原始记录；普通品牌门店按明确购物需求实时检索,规则复核,,2026-09-20,高
B0L16URT6Q,iFIT爱康健身器材跑步机(浦西店),iFIT爱康健身器材跑步机(浦西店),普通门店候选,从服务库排除,ordinary_store,保留高德原始记录；普通品牌门店按明确购物需求实时检索,规则复核,,2026-09-20,高
B0LUU9QNFA,lululemon(上海真如环宇城MAX店),lululemon(上海真如环宇城MAX店),普通门店候选,从服务库排除,ordinary_store,保留高德原始记录；普通品牌门店按明确购物需求实时检索,规则复核,,2026-09-20,高
B001572NBS,三悦香沉香会馆,三悦香沉香会馆,旅行类别与购物类型冲突；普通门店候选,从服务库排除,ordinary_store,保留高德原始记录；普通品牌门店按明确购物需求实时检索,规则复核,,2026-09-20,高
B0L6Z932FW,什么都有体育用品店,什么都有体育用品店,普通门店候选,从服务库排除,ordinary_store,保留高德原始记录；普通品牌门店按明确购物需求实时检索,规则复核,,2026-09-20,高
B00155MTZ4,伟克体育(沪太路店),伟克体育(沪太路店),普通门店候选,从服务库排除,ordinary_store,保留高德原始记录；普通品牌门店按明确购物需求实时检索,规则复核,,2026-09-20,高
B0FFMAUFOU,伯士路中环夜明珠商业街区(118广场店),伯士路中环夜明珠商业街区(118广场店),旅行类别与购物类型冲突,保留实体,urban_experience,商业街、老街、夜市等可服务城市漫游、餐饮和夜游场景，保留实体并按旅行场景召回。,规则复核,,2026-09-20,高
B0FFHQTHXJ,品尊国际(品尊·和美广场店),品尊国际(品尊·和美广场店),旅行类别与购物类型冲突,保留实体,commercial_support,该实体具有餐饮、购物或休息支持价值，仅在用户有对应需求时召回，不进入默认景点路线。,规则复核,,2026-09-20,高
B0FFJE2A2X,威尼斯小镇(118广场店),威尼斯小镇(118广场店),旅行类别与购物类型冲突,保留实体,urban_experience,商业街、老街、夜市等可服务城市漫游、餐饮和夜游场景，保留实体并按旅行场景召回。,规则复核,,2026-09-20,高
B0KGBM1J1Z,彪马KIDS(上海真如环宇城MAX店),彪马KIDS(上海真如环宇城MAX店),普通门店候选,从服务库排除,ordinary_store,保留高德原始记录；普通品牌门店按明确购物需求实时检索,规则复核,,2026-09-20,高
B0K6NA4C1V,斯凯奇(中海环宇城店),斯凯奇(中海环宇城店),旅行类别与购物类型冲突；普通门店候选,从服务库排除,ordinary_store,保留高德原始记录；普通品牌门店按明确购物需求实时检索,规则复核,,2026-09-20,高
B0FFJFTRWF,斯凯奇(长风大悦城店),斯凯奇(长风大悦城店),普通门店候选,从服务库排除,ordinary_store,保留高德原始记录；普通品牌门店按明确购物需求实时检索,规则复核,,2026-09-20,高
B0FFMEHHMB,新百伦(上海百联中环购物广场A区店),新百伦(上海百联中环购物广场A区店),普通门店候选,从服务库排除,ordinary_store,保留高德原始记录；普通品牌门店按明确购物需求实时检索,规则复核,,2026-09-20,高
B0G116B0CW,李宁(上海月星环球港店),李宁(上海月星环球港店),普通门店候选,从服务库排除,ordinary_store,保留高德原始记录；普通品牌门店按明确购物需求实时检索,规则复核,,2026-09-20,高
B0K6NMXTH8,李宁(上海真如环宇城MAX店),李宁(上海真如环宇城MAX店),普通门店候选,从服务库排除,ordinary_store,保留高德原始记录；普通品牌门店按明确购物需求实时检索,规则复核,,2026-09-20,高
B00156EQF5,梅川路步行街,梅川路步行街,旅行类别与购物类型冲突,保留实体,urban_experience,商业街、老街、夜市等可服务城市漫游、餐饮和夜游场景，保留实体并按旅行场景召回。,规则复核,,2026-09-20,高
B0FFGFC7X8,梅川路缤纷生活体验街,梅川路缤纷生活体验街,旅行类别与购物类型冲突,保留实体,commercial_support,该实体具有餐饮、购物或休息支持价值，仅在用户有对应需求时召回，不进入默认景点路线。,规则复核,,2026-09-20,高
B0K0DXJR5A,比音勒芬高尔夫(上海真如环宇城MAX店),比音勒芬高尔夫(上海真如环宇城MAX店),普通门店候选,从服务库排除,ordinary_store,保留高德原始记录；普通品牌门店按明确购物需求实时检索,规则复核,,2026-09-20,高
B0HBR55WTY,永昌·万有集市,永昌·万有集市,旅行类别与购物类型冲突,保留实体,commercial_support,该实体具有餐饮、购物或休息支持价值，仅在用户有对应需求时召回，不进入默认景点路线。,规则复核,,2026-09-20,高
B0J6COI04U,滑本希轮滑(环球港店),滑本希轮滑(环球港店),旅行类别与购物类型冲突；普通门店候选,从服务库排除,ordinary_store,保留高德原始记录；普通品牌门店按明确购物需求实时检索,规则复核,,2026-09-20,高
B00155L4PN,甘泉路休闲街,甘泉路休闲街,旅行类别与购物类型冲突,保留实体,commercial_support,该实体具有餐饮、购物或休息支持价值，仅在用户有对应需求时召回，不进入默认景点路线。,规则复核,,2026-09-20,高
B0FFGFC6M4,真光路科普街,真光路科普街,旅行类别与购物类型冲突,保留实体,commercial_support,该实体具有餐饮、购物或休息支持价值，仅在用户有对应需求时召回，不进入默认景点路线。,规则复核,,2026-09-20,高
B0FFHD83TK,真如益同心街,真如益同心街,旅行类别与购物类型冲突,保留实体,commercial_support,该实体具有餐饮、购物或休息支持价值，仅在用户有对应需求时召回，不进入默认景点路线。,规则复核,,2026-09-20,高
B0G19S88QQ,绿地缤纷城(普陀店),绿地缤纷城(普陀店),旅行类别与购物类型冲突,保留实体,commercial_support,该实体具有餐饮、购物或休息支持价值，仅在用户有对应需求时召回，不进入默认景点路线。,规则复核,,2026-09-20,高
B0FFHMCY0Z,耐克Nike(上海月星环球港店),耐克Nike(上海月星环球港店),普通门店候选,从服务库排除,ordinary_store,保留高德原始记录；普通品牌门店按明确购物需求实时检索,规则复核,,2026-09-20,高
B0KUG9U1GL,耐克Nike(上海真如环宇城MAX店),耐克Nike(上海真如环宇城MAX店),普通门店候选,从服务库排除,ordinary_store,保留高德原始记录；普通品牌门店按明确购物需求实时检索,规则复核,,2026-09-20,高
B0LUUUQ90O,舒华上海腾之健体育用品,舒华上海腾之健体育用品,普通门店候选,从服务库排除,ordinary_store,保留高德原始记录；普通品牌门店按明确购物需求实时检索,规则复核,,2026-09-20,高
B0L6M5X9WH,艾顿体育(百联店),艾顿体育(百联店),普通门店候选,从服务库排除,ordinary_store,保留高德原始记录；普通品牌门店按明确购物需求实时检索,规则复核,,2026-09-20,高
B0HDX59JIO,茂合商业街(石川春晓南区店),茂合商业街(石川春晓南区店),旅行类别与购物类型冲突,保留实体,urban_experience,商业街、老街、夜市等可服务城市漫游、餐饮和夜游场景，保留实体并按旅行场景召回。,规则复核,,2026-09-20,高
B0K1SR5TWT,超级安踏(上海普陀环球港店),超级安踏(上海普陀环球港店),普通门店候选,从服务库排除,ordinary_store,保留高德原始记录；普通品牌门店按明确购物需求实时检索,规则复核,,2026-09-20,高
B00155CYS6,迪卡侬(中环百安居店),迪卡侬(中环百安居店),普通门店候选,从服务库排除,ordinary_store,保留高德原始记录；普通品牌门店按明确购物需求实时检索,规则复核,,2026-09-20,高
B0L3F1679Q,迪桑特DESCENTE(上海月星环球港店),迪桑特DESCENTE(上海月星环球港店),普通门店候选,从服务库排除,ordinary_store,保留高德原始记录；普通品牌门店按明确购物需求实时检索,规则复核,,2026-09-20,高
B0K6N78652,阿迪达斯(上海真如环宇城MAX店),阿迪达斯(上海真如环宇城MAX店),普通门店候选,从服务库排除,ordinary_store,保留高德原始记录；普通品牌门店按明确购物需求实时检索,规则复核,,2026-09-20,高
B0FFHQ9V7R,阿迪达斯(百联中环购物广场店),阿迪达斯(百联中环购物广场店),普通门店候选,从服务库排除,ordinary_store,保留高德原始记录；普通品牌门店按明确购物需求实时检索,规则复核,,2026-09-20,高
B0FFKT8YJV,鸿星尔克(118广场店),鸿星尔克(118广场店),普通门店候选,从服务库排除,ordinary_store,保留高德原始记录；普通品牌门店按明确购物需求实时检索,规则复核,,2026-09-20,高
B0K6R7BRP0,鸿星尔克(白丽生活广场店),鸿星尔克(白丽生活广场店),普通门店候选,从服务库排除,ordinary_store,保留高德原始记录；普通品牌门店按明确购物需求实时检索,规则复核,,2026-09-20,高
B0I1GSYHEX,麻将机专卖,麻将机专卖,普通门店候选,从服务库排除,ordinary_store,保留高德原始记录；普通品牌门店按明确购物需求实时检索,规则复核,,2026-09-20,高
B0L3NSDL7Y,361度超品(杨浦国际时尚中心店),361度超品(杨浦国际时尚中心店),普通门店候选,从服务库排除,ordinary_store,保留高德原始记录；普通品牌门店按明确购物需求实时检索,规则复核,,2026-09-20,高
B0FFHHU9YN,ASICS 亚瑟士(上海国际时尚中心店),ASICS 亚瑟士(上海国际时尚中心店),普通门店候选,从服务库排除,ordinary_store,保留高德原始记录；普通品牌门店按明确购物需求实时检索,规则复核,,2026-09-20,高
B0FFF5RSK7,ASICS 亚瑟士(百联又一城购物中心店),ASICS 亚瑟士(百联又一城购物中心店),普通门店候选,从服务库排除,ordinary_store,保留高德原始记录；普通品牌门店按明确购物需求实时检索,规则复核,,2026-09-20,高
B0IGU71PV5,BOY CAFE(光大安石中心店),BOY CAFE(光大安石中心店),普通门店候选,从服务库排除,ordinary_store,保留高德原始记录；普通品牌门店按明确购物需求实时检索,规则复核,,2026-09-20,高
B0FFIRSJMJ,CAN·TORP(上海国际时尚中心店),CAN·TORP(上海国际时尚中心店),普通门店候选,从服务库排除,ordinary_store,保留高德原始记录；普通品牌门店按明确购物需求实时检索,规则复核,,2026-09-20,高
B0H6FM1MLP,Champion(上海国际时尚中心店),Champion(上海国际时尚中心店),普通门店候选,从服务库排除,ordinary_store,保留高德原始记录；普通品牌门店按明确购物需求实时检索,规则复核,,2026-09-20,高
B0KR3KXX3Z,Columbia(五角场百联又一城店),Columbia(五角场百联又一城店),普通门店候选,从服务库排除,ordinary_store,保留高德原始记录；普通品牌门店按明确购物需求实时检索,规则复核,,2026-09-20,高
B0FFFA3RU3,EP雅莹(上海五角场百联又一城),EP雅莹(上海五角场百联又一城),旅行类别与购物类型冲突；普通门店候选,从服务库排除,ordinary_store,保留高德原始记录；普通品牌门店按明确购物需求实时检索,规则复核,,2026-09-20,高
B0FFH188XS,FILA(上海五角场万达广场店),FILA(上海五角场万达广场店),普通门店候选,从服务库排除,ordinary_store,保留高德原始记录；普通品牌门店按明确购物需求实时检索,规则复核,,2026-09-20,高
B0HG0ZXRAM,FILA(合生汇店),FILA(合生汇店),普通门店候选,从服务库排除,ordinary_store,保留高德原始记录；普通品牌门店按明确购物需求实时检索,规则复核,,2026-09-20,高
B0FFGHRWPK,FILA(百联又一城购物中心店),FILA(百联又一城购物中心店),普通门店候选,从服务库排除,ordinary_store,保留高德原始记录；普通品牌门店按明确购物需求实时检索,规则复核,,2026-09-20,高
B0GK6LTTU6,FRE5HOP艺术概念时尚街区(太平洋森活天地店),FRE5HOP艺术概念时尚街区(太平洋森活天地店),旅行类别与购物类型冲突,保留实体,commercial_support,该实体具有餐饮、购物或休息支持价值，仅在用户有对应需求时召回，不进入默认景点路线。,规则复核,,2026-09-20,高
B0J3GDAAY4,Fittribe飞踹运动(江湾体育场店),Fittribe飞踹运动(江湾体育场店),普通门店候选,从服务库排除,ordinary_store,保留高德原始记录；普通品牌门店按明确购物需求实时检索,规则复核,,2026-09-20,高
B0LRKAHJ78,GAMAGO轻量化户外装备集合,GAMAGO轻量化户外装备集合,普通门店候选,从服务库排除,ordinary_store,保留高德原始记录；普通品牌门店按明确购物需求实时检索,规则复核,,2026-09-20,高
B0L31SUDMN,KIKS跑步旗舰店,KIKS跑步旗舰店,普通门店候选,从服务库排除,ordinary_store,保留高德原始记录；普通品牌门店按明确购物需求实时检索,规则复核,,2026-09-20,高
B0L39CSN72,KOLON SPORT可隆(百联又一城店),KOLON SPORT可隆(百联又一城店),普通门店候选,从服务库排除,ordinary_store,保留高德原始记录；普通品牌门店按明确购物需求实时检索,规则复核,,2026-09-20,高
B0FFGB2US3,MLB(上海国际时尚中心店),MLB(上海国际时尚中心店),普通门店候选,从服务库排除,ordinary_store,保留高德原始记录；普通品牌门店按明确购物需求实时检索,规则复核,,2026-09-20,高
B0GRND7MDV,MLB(合生汇店),MLB(合生汇店),普通门店候选,从服务库排除,ordinary_store,保留高德原始记录；普通品牌门店按明确购物需求实时检索,规则复核,,2026-09-20,高
B0LKG51RPU,NIKEKIDS(上海国际时尚中心店),NIKEKIDS(上海国际时尚中心店),普通门店候选,从服务库排除,ordinary_store,保留高德原始记录；普通品牌门店按明确购物需求实时检索,规则复核,,2026-09-20,高
B0FFKQO72T,NOYA 青年文化空间,NOYA 青年文化空间,旅行类别与购物类型冲突,保留实体,commercial_support,该实体具有餐饮、购物或休息支持价值，仅在用户有对应需求时召回，不进入默认景点路线。,规则复核,,2026-09-20,高
B0FFL1KXDB,New Balance(上海国际时尚中心店),New Balance(上海国际时尚中心店),普通门店候选,从服务库排除,ordinary_store,保留高德原始记录；普通品牌门店按明确购物需求实时检索,规则复核,,2026-09-20,高
B001576Z8O,SKECHERS 斯凯奇(奥特莱斯店),SKECHERS 斯凯奇(奥特莱斯店),普通门店候选,从服务库排除,ordinary_store,保留高德原始记录；普通品牌门店按明确购物需求实时检索,规则复核,,2026-09-20,高
B0JR9HFLWR,SKECHERS 斯凯奇(百联又一城购物中心店),SKECHERS 斯凯奇(百联又一城购物中心店),普通门店候选,从服务库排除,ordinary_store,保留高德原始记录；普通品牌门店按明确购物需求实时检索,规则复核,,2026-09-20,高
B0LGBR5UI6,THE NORTH FACE(上海国际时尚中心C馆店),THE NORTH FACE(上海国际时尚中心C馆店),普通门店候选,从服务库排除,ordinary_store,保留高德原始记录；普通品牌门店按明确购物需求实时检索,规则复核,,2026-09-20,高
B0J04PUPFN,THE NORTH FACE(百联又一城购物中心店),THE NORTH FACE(百联又一城购物中心店),普通门店候选,从服务库排除,ordinary_store,保留高德原始记录；普通品牌门店按明确购物需求实时检索,规则复核,,2026-09-20,高
B0I1JM9TCD,UNDER ARMOUR OUTDOOR安德玛户外(上海杨浦百联又一城5楼北区),UNDER ARMOUR OUTDOOR安德玛户外(上海杨浦百联又一城5楼北区),普通门店候选,从服务库排除,ordinary_store,保留高德原始记录；普通品牌门店按明确购物需求实时检索,规则复核,,2026-09-20,高
B0FFG96225,UNDER ARMOUR 安德玛(国际时尚中心店),UNDER ARMOUR 安德玛(国际时尚中心店),普通门店候选,从服务库排除,ordinary_store,保留高德原始记录；普通品牌门店按明确购物需求实时检索,规则复核,,2026-09-20,高
B0FFM8DU6P,VICTOR彦博专卖店,VICTOR彦博专卖店,普通门店候选,从服务库排除,ordinary_store,保留高德原始记录；普通品牌门店按明确购物需求实时检索,规则复核,,2026-09-20,高
B0FFK9K8J8,Vita sports,Vita sports,普通门店候选,从服务库排除,ordinary_store,保留高德原始记录；普通品牌门店按明确购物需求实时检索,规则复核,,2026-09-20,高
B0FFG69MQD,X-BIONIC(三夫户外五角场店),X-BIONIC(三夫户外五角场店),普通门店候选,从服务库排除,ordinary_store,保留高德原始记录；普通品牌门店按明确购物需求实时检索,规则复核,,2026-09-20,高
B0FFHHO4VC,上海商业特色街,上海商业特色街,旅行类别与购物类型冲突,保留实体,commercial_support,该实体具有餐饮、购物或休息支持价值，仅在用户有对应需求时召回，不进入默认景点路线。,规则复核,,2026-09-20,高
B0G2TL4NXQ,乐翔轮滑(宝地广场店),乐翔轮滑(宝地广场店),普通门店候选,从服务库排除,ordinary_store,保留高德原始记录；普通品牌门店按明确购物需求实时检索,规则复核,,2026-09-20,高
B0FFI21RX5,九木杂物社(合生汇店),九木杂物社(合生汇店),旅行类别与购物类型冲突；普通门店候选,从服务库排除,ordinary_store,保留高德原始记录；普通品牌门店按明确购物需求实时检索,规则复核,,2026-09-20,高
B0M6SC4BVC,冰川(合生汇店),冰川(合生汇店),普通门店候选,从服务库排除,ordinary_store,保留高德原始记录；普通品牌门店按明确购物需求实时检索,规则复核,,2026-09-20,高
B0FFMA5BJ0,力健跑步机实体营销中心,力健跑步机实体营销中心,普通门店候选,从服务库排除,ordinary_store,保留高德原始记录；普通品牌门店按明确购物需求实时检索,规则复核,,2026-09-20,高
B0FFHS0X4Y,大学路市集,大学路市集,旅行类别与购物类型冲突,保留实体,urban_experience,商业街、老街、夜市等可服务城市漫游、餐饮和夜游场景，保留实体并按旅行场景召回。,规则复核,,2026-09-20,高
B0JRT733BN,大学路限时步行街,大学路限时步行街,旅行类别与购物类型冲突,保留实体,urban_experience,商业街、老街、夜市等可服务城市漫游、餐饮和夜游场景，保留实体并按旅行场景召回。,规则复核,,2026-09-20,高
B0FFFDDM64,学府街步行街,学府街步行街,旅行类别与购物类型冲突,保留实体,urban_experience,商业街、老街、夜市等可服务城市漫游、餐饮和夜游场景，保留实体并按旅行场景召回。,规则复核,,2026-09-20,高
B0FFFPM2AP,御景风情商业街(江湾国际公寓店),御景风情商业街(江湾国际公寓店),旅行类别与购物类型冲突,保留实体,urban_experience,商业街、老街、夜市等可服务城市漫游、餐饮和夜游场景，保留实体并按旅行场景召回。,规则复核,,2026-09-20,高
B0JG3AV8ZR,德有体育·桨类桨板运动平台(新江湾店),德有体育·桨类桨板运动平台(新江湾店),普通门店候选,从服务库排除,ordinary_store,保留高德原始记录；普通品牌门店按明确购物需求实时检索,规则复核,,2026-09-20,高
B0HBBX6R0B,探路者(上海国际时尚中心店),探路者(上海国际时尚中心店),普通门店候选,从服务库排除,ordinary_store,保留高德原始记录；普通品牌门店按明确购物需求实时检索,规则复核,,2026-09-20,高
B0LBXHJLRP,曼文食品购物中心(许昌路旗舰店),曼文食品购物中心(许昌路旗舰店),普通门店候选,从服务库排除,ordinary_store,保留高德原始记录；普通品牌门店按明确购物需求实时检索,规则复核,,2026-09-20,高
B0I2PSEPGJ,李宁(上海国际时尚中心B馆店),李宁(上海国际时尚中心B馆店),普通门店候选,从服务库排除,ordinary_store,保留高德原始记录；普通品牌门店按明确购物需求实时检索,规则复核,,2026-09-20,高
B0KRPZLXM2,李宁(合生汇店),李宁(合生汇店),普通门店候选,从服务库排除,ordinary_store,保留高德原始记录；普通品牌门店按明确购物需求实时检索,规则复核,,2026-09-20,高
B0KGYRLV3J,梵齐体育游泳健身(东方蓝海国际广场3号楼店),梵齐体育游泳健身(东方蓝海国际广场3号楼店),普通门店候选,从服务库排除,ordinary_store,保留高德原始记录；普通品牌门店按明确购物需求实时检索,规则复核,,2026-09-20,高
B0FFFGYUT5,海上海步行街,海上海步行街,旅行类别与购物类型冲突,保留实体,urban_experience,商业街、老街、夜市等可服务城市漫游、餐饮和夜游场景，保留实体并按旅行场景召回。,规则复核,,2026-09-20,高
B0J3JHSFHV,百联又一城购物中心店,百联又一城购物中心店,普通门店候选,从服务库排除,ordinary_store,保留高德原始记录；普通品牌门店按明确购物需求实时检索,规则复核,,2026-09-20,高
B0H1650N93,竞攀轮滑俱乐部,竞攀轮滑俱乐部,普通门店候选,从服务库排除,ordinary_store,保留高德原始记录；普通品牌门店按明确购物需求实时检索,规则复核,,2026-09-20,高
B0FFJRVGHU,耐克Nike(上海五角场万达广场店),耐克Nike(上海五角场万达广场店),普通门店候选,从服务库排除,ordinary_store,保留高德原始记录；普通品牌门店按明确购物需求实时检索,规则复核,,2026-09-20,高
B0FFL1KXD6,耐克Nike(上海国际时尚中心店),耐克Nike(上海国际时尚中心店),普通门店候选,从服务库排除,ordinary_store,保留高德原始记录；普通品牌门店按明确购物需求实时检索,规则复核,,2026-09-20,高
B0K3MANMLX,耐克店(尚浦汇店),耐克店(尚浦汇店),普通门店候选,从服务库排除,ordinary_store,保留高德原始记录；普通品牌门店按明确购物需求实时检索,规则复核,,2026-09-20,高
B0LKN5PMWZ,舒华跑步机健身器材(上海杨浦海上海弘基休闲广场店),舒华跑步机健身器材(上海杨浦海上海弘基休闲广场店),普通门店候选,从服务库排除,ordinary_store,保留高德原始记录；普通品牌门店按明确购物需求实时检索,规则复核,,2026-09-20,高
B0K3HC3QY7,蜗牛体育·青少年羽毛球篮球培训,蜗牛体育·青少年羽毛球篮球培训,普通门店候选,从服务库排除,ordinary_store,保留高德原始记录；普通品牌门店按明确购物需求实时检索,规则复核,,2026-09-20,高
B0FFFDFBH8,迪卡侬(五角场店),迪卡侬(五角场店),普通门店候选,从服务库排除,ordinary_store,保留高德原始记录；普通品牌门店按明确购物需求实时检索,规则复核,,2026-09-20,高
B0FFFF0D26,金年华街,金年华街,旅行类别与购物类型冲突,保留实体,commercial_support,该实体具有餐饮、购物或休息支持价值，仅在用户有对应需求时召回，不进入默认景点路线。,规则复核,,2026-09-20,高
B0FFHCSGHJ,阿迪达斯(上海五角场巴黎春天店),阿迪达斯(上海五角场巴黎春天店),普通门店候选,从服务库排除,ordinary_store,保留高德原始记录；普通品牌门店按明确购物需求实时检索,规则复核,,2026-09-20,高
B001572SS3,阿迪达斯(上海国际时尚中心店),阿迪达斯(上海国际时尚中心店),普通门店候选,从服务库排除,ordinary_store,保留高德原始记录；普通品牌门店按明确购物需求实时检索,规则复核,,2026-09-20,高
B0FFGWHNMI,阿迪达斯(合生汇店),阿迪达斯(合生汇店),普通门店候选,从服务库排除,ordinary_store,保留高德原始记录；普通品牌门店按明确购物需求实时检索,规则复核,,2026-09-20,高
B0G06HQ6JI,阿迪达斯(百联滨江购物中心店),阿迪达斯(百联滨江购物中心店),普通门店候选,从服务库排除,ordinary_store,保留高德原始记录；普通品牌门店按明确购物需求实时检索,规则复核,,2026-09-20,高
B0H129B6LH,飞溜轮滑(星汇广场店),飞溜轮滑(星汇广场店),普通门店候选,从服务库排除,ordinary_store,保留高德原始记录；普通品牌门店按明确购物需求实时检索,规则复核,,2026-09-20,高
B0FFIMCEUI,鸿星尔克(上海五角场万达广场店),鸿星尔克(上海五角场万达广场店),普通门店候选,从服务库排除,ordinary_store,保留高德原始记录；普通品牌门店按明确购物需求实时检索,规则复核,,2026-09-20,高
B0LBNAM2RV,1688弄老上海风情街,1688弄老上海风情街,旅行类别与购物类型冲突,保留实体,urban_experience,商业街、老街、夜市等可服务城市漫游、餐饮和夜游场景，保留实体并按旅行场景召回。,规则复核,,2026-09-20,高
B001558M54,361°(上海松江旗舰店),361°(上海松江旗舰店),普通门店候选,从服务库排除,ordinary_store,保留高德原始记录；普通品牌门店按明确购物需求实时检索,规则复核,,2026-09-20,高
B0G3A661KV,GMF wash(东鼎店),GMF wash(东鼎店),普通门店候选,从服务库排除,ordinary_store,保留高德原始记录；普通品牌门店按明确购物需求实时检索,规则复核,,2026-09-20,高
B0FFK650IH,New bunren(乐尚天地店),New bunren(乐尚天地店),普通门店候选,从服务库排除,ordinary_store,保留高德原始记录；普通品牌门店按明确购物需求实时检索,规则复核,,2026-09-20,高
B0L6CUF0UC,SALOMON萨洛蒙(上海松江印象城店),SALOMON萨洛蒙(上海松江印象城店),普通门店候选,从服务库排除,ordinary_store,保留高德原始记录；普通品牌门店按明确购物需求实时检索,规则复核,,2026-09-20,高
B0HK9H29JK,SKECHERS 斯凯奇(上海松江印象城店),SKECHERS 斯凯奇(上海松江印象城店),普通门店候选,从服务库排除,ordinary_store,保留高德原始记录；普通品牌门店按明确购物需求实时检索,规则复核,,2026-09-20,高
B0FFMCT1ZA,SKECHERS 斯凯奇(亚繁亚乐城店),SKECHERS 斯凯奇(亚繁亚乐城店),普通门店候选,从服务库排除,ordinary_store,保留高德原始记录；普通品牌门店按明确购物需求实时检索,规则复核,,2026-09-20,高
B0FFIPGD6T,VANS(上海松江万达广场店),VANS(上海松江万达广场店),普通门店候选,从服务库排除,ordinary_store,保留高德原始记录；普通品牌门店按明确购物需求实时检索,规则复核,,2026-09-20,高
B0L6NZNN7X,lululemon(上海松江印象城店),lululemon(上海松江印象城店),旅行类别与购物类型冲突；普通门店候选,从服务库排除,ordinary_store,保留高德原始记录；普通品牌门店按明确购物需求实时检索,规则复核,,2026-09-20,高
B00155LCFF,三湘风情街,三湘风情街,旅行类别与购物类型冲突,保留实体,urban_experience,商业街、老街、夜市等可服务城市漫游、餐饮和夜游场景，保留实体并按旅行场景召回。,规则复核,,2026-09-20,高
B00155NM7N,三盛颐景园商业街,三盛颐景园商业街,旅行类别与购物类型冲突,保留实体,urban_experience,商业街、老街、夜市等可服务城市漫游、餐饮和夜游场景，保留实体并按旅行场景召回。,规则复核,,2026-09-20,高
B0LR3MC0J5,三里仓PARK松河不夜城,三里仓PARK松河不夜城,旅行类别与购物类型冲突,保留实体,commercial_support,该实体具有餐饮、购物或休息支持价值，仅在用户有对应需求时召回，不进入默认景点路线。,规则复核,,2026-09-20,高
B00156E1JJ,上海奥林匹克花园商业街,上海奥林匹克花园商业街,旅行类别与购物类型冲突,保留实体,urban_experience,商业街、老街、夜市等可服务城市漫游、餐饮和夜游场景，保留实体并按旅行场景召回。,规则复核,,2026-09-20,高
B0JACAPDSU,世匠工坊,世匠工坊,普通门店候选,从服务库排除,ordinary_store,保留高德原始记录；普通品牌门店按明确购物需求实时检索,规则复核,,2026-09-20,高
B001558EBV,中山广场,中山广场,旅行类别与购物类型冲突,保留实体,commercial_support,该实体具有餐饮、购物或休息支持价值，仅在用户有对应需求时召回，不进入默认景点路线。,规则复核,,2026-09-20,高
B0IBUCG85R,中建·邻聚街(中建·幸孚+公寓店),中建·邻聚街(中建·幸孚+公寓店),旅行类别与购物类型冲突,保留实体,commercial_support,该实体具有餐饮、购物或休息支持价值，仅在用户有对应需求时召回，不进入默认景点路线。,规则复核,,2026-09-20,高
B0GKRG8OKP,乐翔轮滑(横港公路店),乐翔轮滑(横港公路店),普通门店候选,从服务库排除,ordinary_store,保留高德原始记录；普通品牌门店按明确购物需求实时检索,规则复核,,2026-09-20,高
B0FFH739U8,乔丹体育(新中街步行街店),乔丹体育(新中街步行街店),普通门店候选,从服务库排除,ordinary_store,保留高德原始记录；普通品牌门店按明确购物需求实时检索,规则复核,,2026-09-20,高
B0J3FU6L6O,佘山·旭辉里,佘山·旭辉里,旅行类别与购物类型冲突,保留实体,commercial_support,该实体具有餐饮、购物或休息支持价值，仅在用户有对应需求时召回，不进入默认景点路线。,规则复核,,2026-09-20,高
B0FFFEPKO5,佘山商业中心,佘山商业中心,旅行类别与购物类型冲突,保留实体,indoor_leisure,商业综合体可服务雨天、休息、餐饮和购物场景，保留实体但不按传统景点解释。,规则复核,,2026-09-20,高
B00156D2PO,保利西子湾风情街,保利西子湾风情街,旅行类别与购物类型冲突,保留实体,urban_experience,商业街、老街、夜市等可服务城市漫游、餐饮和夜游场景，保留实体并按旅行场景召回。,规则复核,,2026-09-20,高
B0FFK15P5F,光线轮滑(万达广场店),光线轮滑(万达广场店),旅行类别与购物类型冲突；普通门店候选,从服务库排除,ordinary_store,保留高德原始记录；普通品牌门店按明确购物需求实时检索,规则复核,,2026-09-20,高
B0FFGNKQ4G,华亭老街,华亭老街,旅行类别与购物类型冲突,保留实体,urban_experience,商业街、老街、夜市等可服务城市漫游、餐饮和夜游场景，保留实体并按旅行场景召回。,规则复核,,2026-09-20,高
B0FFIB3Q0U,华阳步行新街,华阳步行新街,旅行类别与购物类型冲突,保留实体,commercial_support,该实体具有餐饮、购物或休息支持价值，仅在用户有对应需求时召回，不进入默认景点路线。,规则复核,,2026-09-20,高
B0FFG0Z2Y5,回力(松江长桥街店),回力(松江长桥街店),普通门店候选,从服务库排除,ordinary_store,保留高德原始记录；普通品牌门店按明确购物需求实时检索,规则复核,,2026-09-20,高
B0FFJIUAWW,城市轮滑(明中广场店),城市轮滑(明中广场店),普通门店候选,从服务库排除,ordinary_store,保留高德原始记录；普通品牌门店按明确购物需求实时检索,规则复核,,2026-09-20,高
B0L2VH8LQ2,大卫体育拍子店,大卫体育拍子店,普通门店候选,从服务库排除,ordinary_store,保留高德原始记录；普通品牌门店按明确购物需求实时检索,规则复核,,2026-09-20,高
B0FFID2PPG,安踏(上海松江中山中路综合店),安踏(上海松江中山中路综合店),普通门店候选,从服务库排除,ordinary_store,保留高德原始记录；普通品牌门店按明确购物需求实时检索,规则复核,,2026-09-20,高
B0L1TH4I1V,安踏(上海松江印象城店),安踏(上海松江印象城店),普通门店候选,从服务库排除,ordinary_store,保留高德原始记录；普通品牌门店按明确购物需求实时检索,规则复核,,2026-09-20,高
B00155QY2S,安踏(九亭大街店),安踏(九亭大街店),普通门店候选,从服务库排除,ordinary_store,保留高德原始记录；普通品牌门店按明确购物需求实时检索,规则复核,,2026-09-20,高
B0IDHSJYQ9,安踏(九亭金地广场店),安踏(九亭金地广场店),普通门店候选,从服务库排除,ordinary_store,保留高德原始记录；普通品牌门店按明确购物需求实时检索,规则复核,,2026-09-20,高
B0H64LKNQD,宝乐汇,宝乐汇,普通门店候选,从服务库排除,ordinary_store,保留高德原始记录；普通品牌门店按明确购物需求实时检索,规则复核,,2026-09-20,高
B0K66DVBII,岚菲高尔夫,岚菲高尔夫,普通门店候选,从服务库排除,ordinary_store,保留高德原始记录；普通品牌门店按明确购物需求实时检索,规则复核,,2026-09-20,高
B0FFG8TIDB,岳庙街,岳庙街,旅行类别与购物类型冲突,保留实体,commercial_support,该实体具有餐饮、购物或休息支持价值，仅在用户有对应需求时召回，不进入默认景点路线。,规则复核,,2026-09-20,高
B00155R0TZ,庙前街,庙前街,旅行类别与购物类型冲突,保留实体,commercial_support,该实体具有餐饮、购物或休息支持价值，仅在用户有对应需求时召回，不进入默认景点路线。,规则复核,,2026-09-20,高
B0FFILEMKD,御上海.MO街,御上海.MO街,旅行类别与购物类型冲突,保留实体,commercial_support,该实体具有餐饮、购物或休息支持价值，仅在用户有对应需求时召回，不进入默认景点路线。,规则复核,,2026-09-20,高
B0JAGUC975,摩立商业街C区(摩立盛汇生活广场店),摩立商业街C区(摩立盛汇生活广场店),旅行类别与购物类型冲突,保留实体,urban_experience,商业街、老街、夜市等可服务城市漫游、餐饮和夜游场景，保留实体并按旅行场景召回。,规则复核,,2026-09-20,高
B00155DTCK,新中街步行街(新乐雅苑店),新中街步行街(新乐雅苑店),旅行类别与购物类型冲突,保留实体,urban_experience,商业街、老街、夜市等可服务城市漫游、餐饮和夜游场景，保留实体并按旅行场景召回。,规则复核,,2026-09-20,高
B0HKGUEXIG,新百伦(上海松江印象城店),新百伦(上海松江印象城店),普通门店候选,从服务库排除,ordinary_store,保留高德原始记录；普通品牌门店按明确购物需求实时检索,规则复核,,2026-09-20,高
B0FFGHD1AR,新虹桥休闲街(新虹桥企业天地店),新虹桥休闲街(新虹桥企业天地店),旅行类别与购物类型冲突,保留实体,commercial_support,该实体具有餐饮、购物或休息支持价值，仅在用户有对应需求时召回，不进入默认景点路线。,规则复核,,2026-09-20,高
B001579H57,新锐体育(文汇路),新锐体育(文汇路),普通门店候选,从服务库排除,ordinary_store,保留高德原始记录；普通品牌门店按明确购物需求实时检索,规则复核,,2026-09-20,高
B0K3D5UI4J,星火台球俱乐部(松江店),星火台球俱乐部(松江店),普通门店候选,从服务库排除,ordinary_store,保留高德原始记录；普通品牌门店按明确购物需求实时检索,规则复核,,2026-09-20,高
B0FFG1PZI6,普林斯街(泰晤士小镇店),普林斯街(泰晤士小镇店),旅行类别与购物类型冲突,保留实体,urban_experience,商业街、老街、夜市等可服务城市漫游、餐饮和夜游场景，保留实体并按旅行场景召回。,规则复核,,2026-09-20,高
B0FFHUI5H1,李宁(鹿都国际购物广场店),李宁(鹿都国际购物广场店),普通门店候选,从服务库排除,ordinary_store,保留高德原始记录；普通品牌门店按明确购物需求实时检索,规则复核,,2026-09-20,高
B00155LCG4,樱花广场,樱花广场,普通门店候选,从服务库排除,ordinary_store,保留高德原始记录；普通品牌门店按明确购物需求实时检索,规则复核,,2026-09-20,高
B0JDM1UMCG,樱花广场服装特色街,樱花广场服装特色街,旅行类别与购物类型冲突,保留实体,commercial_support,该实体具有餐饮、购物或休息支持价值，仅在用户有对应需求时召回，不进入默认景点路线。,规则复核,,2026-09-20,高
B0LAMCA40W,欢煌泳装泳具用品批发,欢煌泳装泳具用品批发,普通门店候选,从服务库排除,ordinary_store,保留高德原始记录；普通品牌门店按明确购物需求实时检索,规则复核,,2026-09-20,高
B0FFHE81VT,永丰壹号街,永丰壹号街,旅行类别与购物类型冲突,保留实体,commercial_support,该实体具有餐饮、购物或休息支持价值，仅在用户有对应需求时召回，不进入默认景点路线。,规则复核,,2026-09-20,高
B0FFIIELXK,汉臣(上海)候宇健身器材跑步机椭圆机划船器动感单车旗舰店,汉臣(上海)候宇健身器材跑步机椭圆机划船器动感单车旗舰店,普通门店候选,从服务库排除,ordinary_store,保留高德原始记录；普通品牌门店按明确购物需求实时检索,规则复核,,2026-09-20,高
B0FFIBE62F,淘点点风情美食街(文汇路店),淘点点风情美食街(文汇路店),旅行类别与购物类型冲突,保留实体,urban_experience,商业街、老街、夜市等可服务城市漫游、餐饮和夜游场景，保留实体并按旅行场景召回。,规则复核,,2026-09-20,高
B0FFHHZWAO,滔搏运动(上海松江万达广场店),滔搏运动(上海松江万达广场店),普通门店候选,从服务库排除,ordinary_store,保留高德原始记录；普通品牌门店按明确购物需求实时检索,规则复核,,2026-09-20,高
B0FFHE9CLK,特步(九亭大街店),特步(九亭大街店),普通门店候选,从服务库排除,ordinary_store,保留高德原始记录；普通品牌门店按明确购物需求实时检索,规则复核,,2026-09-20,高
B001557W9V,特步(新中街步行街店),特步(新中街步行街店),普通门店候选,从服务库排除,ordinary_store,保留高德原始记录；普通品牌门店按明确购物需求实时检索,规则复核,,2026-09-20,高
B001557W9W,特步(车墩店),特步(车墩店),普通门店候选,从服务库排除,ordinary_store,保留高德原始记录；普通品牌门店按明确购物需求实时检索,规则复核,,2026-09-20,高
B00156F5TN,玉乐商业街,玉乐商业街,旅行类别与购物类型冲突,保留实体,urban_experience,商业街、老街、夜市等可服务城市漫游、餐饮和夜游场景，保留实体并按旅行场景召回。,规则复核,,2026-09-20,高
B00155LCNK,玩酷天地美食广场,玩酷天地美食广场,普通门店候选,从服务库排除,ordinary_store,保留高德原始记录；普通品牌门店按明确购物需求实时检索,规则复核,,2026-09-20,高
B0LGCZRWEM,甪钓湾老街,甪钓湾老街,旅行类别与购物类型冲突,保留实体,urban_experience,商业街、老街、夜市等可服务城市漫游、餐饮和夜游场景，保留实体并按旅行场景召回。,规则复核,,2026-09-20,高
B0FFFRS1I8,福英高尔夫球,福英高尔夫球,普通门店候选,从服务库排除,ordinary_store,保留高德原始记录；普通品牌门店按明确购物需求实时检索,规则复核,,2026-09-20,高
B0FFKDSFM4,福都广场,福都广场,旅行类别与购物类型冲突,保留实体,commercial_support,该实体具有餐饮、购物或休息支持价值，仅在用户有对应需求时召回，不进入默认景点路线。,规则复核,,2026-09-20,高
B0LDCHSIH3,繁华里星光城,繁华里星光城,旅行类别与购物类型冲突,保留实体,commercial_support,该实体具有餐饮、购物或休息支持价值，仅在用户有对应需求时召回，不进入默认景点路线。,规则复核,,2026-09-20,高
B001572Y4I,维京体育,维京体育,普通门店候选,从服务库排除,ordinary_store,保留高德原始记录；普通品牌门店按明确购物需求实时检索,规则复核,,2026-09-20,高
B0FFF040Y1,绿地金御广场,绿地金御广场,旅行类别与购物类型冲突,保留实体,commercial_support,该实体具有餐饮、购物或休息支持价值，仅在用户有对应需求时召回，不进入默认景点路线。,规则复核,,2026-09-20,高
B0FFJ7X3WJ,耐克Nike(上海松江万达广场店),耐克Nike(上海松江万达广场店),普通门店候选,从服务库排除,ordinary_store,保留高德原始记录；普通品牌门店按明确购物需求实时检索,规则复核,,2026-09-20,高
B0K2DHBFMI,耐克Nike(上海松江印象城店),耐克Nike(上海松江印象城店),普通门店候选,从服务库排除,ordinary_store,保留高德原始记录；普通品牌门店按明确购物需求实时检索,规则复核,,2026-09-20,高
B0L2RALP1I,蕉下(上海松江印象城店),蕉下(上海松江印象城店),普通门店候选,从服务库排除,ordinary_store,保留高德原始记录；普通品牌门店按明确购物需求实时检索,规则复核,,2026-09-20,高
B0FFIJPILC,贵人鸟(虬长路店),贵人鸟(虬长路店),普通门店候选,从服务库排除,ordinary_store,保留高德原始记录；普通品牌门店按明确购物需求实时检索,规则复核,,2026-09-20,高
B0KB6DAIQB,酋鹿体育·篮球·羽毛球·乒乓球(茸城运动中心店),酋鹿体育·篮球·羽毛球·乒乓球(茸城运动中心店),普通门店候选,从服务库排除,ordinary_store,保留高德原始记录；普通品牌门店按明确购物需求实时检索,规则复核,,2026-09-20,高
B0FFGJPDWB,金汇商业街(盛龙路),金汇商业街(盛龙路),旅行类别与购物类型冲突,保留实体,urban_experience,商业街、老街、夜市等可服务城市漫游、餐饮和夜游场景，保留实体并按旅行场景召回。,规则复核,,2026-09-20,高
B00155LCEX,长桥街,长桥街,旅行类别与购物类型冲突,保留实体,commercial_support,该实体具有餐饮、购物或休息支持价值，仅在用户有对应需求时召回，不进入默认景点路线。,规则复核,,2026-09-20,高
B0FFHVIZEB,阿迪达斯(上海松江万达广场店),阿迪达斯(上海松江万达广场店),普通门店候选,从服务库排除,ordinary_store,保留高德原始记录；普通品牌门店按明确购物需求实时检索,规则复核,,2026-09-20,高
B0J2BOV4N6,阿迪达斯(上海松江印象城店),阿迪达斯(上海松江印象城店),普通门店候选,从服务库排除,ordinary_store,保留高德原始记录；普通品牌门店按明确购物需求实时检索,规则复核,,2026-09-20,高
B0FFKPSPKA,阿迪达斯(亚繁亚乐折扣店),阿迪达斯(亚繁亚乐折扣店),普通门店候选,从服务库排除,ordinary_store,保留高德原始记录；普通品牌门店按明确购物需求实时检索,规则复核,,2026-09-20,高
B0FFL6WRQY,阿迪达斯(鹿都国际购物广场),阿迪达斯(鹿都国际购物广场),普通门店候选,从服务库排除,ordinary_store,保留高德原始记录；普通品牌门店按明确购物需求实时检索,规则复核,,2026-09-20,高
B0FFLF6HJH,靓街(樱花广场店),靓街(樱花广场店),旅行类别与购物类型冲突；普通门店候选,从服务库排除,ordinary_store,保留高德原始记录；普通品牌门店按明确购物需求实时检索,规则复核,,2026-09-20,高
B0FFI2FL28,鸿星尔克(上海松江万达广场店),鸿星尔克(上海松江万达广场店),普通门店候选,从服务库排除,ordinary_store,保留高德原始记录；普通品牌门店按明确购物需求实时检索,规则复核,,2026-09-20,高
B0FFI23UV6,2049翡翠公园,2049翡翠公园,旅行类别与购物类型冲突,保留实体,commercial_support,该实体具有餐饮、购物或休息支持价值，仅在用户有对应需求时召回，不进入默认景点路线。,规则复核,,2026-09-20,高
B0FFK6VPG1,361°(上海周浦万达广场店),361°(上海周浦万达广场店),普通门店候选,从服务库排除,ordinary_store,保留高德原始记录；普通品牌门店按明确购物需求实时检索,规则复核,,2026-09-20,高
B0FFHU65KU,361°(文峰广场店),361°(文峰广场店),普通门店候选,从服务库排除,ordinary_store,保留高德原始记录；普通品牌门店按明确购物需求实时检索,规则复核,,2026-09-20,高
B0KDKSMZG6,361°(玛雅·现代生活广场现代广场店),361°(玛雅·现代生活广场现代广场店),普通门店候选,从服务库排除,ordinary_store,保留高德原始记录；普通品牌门店按明确购物需求实时检索,规则复核,,2026-09-20,高
B0L13A63MJ,361°(龙光蓝鲸世界购物中心店),361°(龙光蓝鲸世界购物中心店),普通门店候选,从服务库排除,ordinary_store,保留高德原始记录；普通品牌门店按明确购物需求实时检索,规则复核,,2026-09-20,高
B0L2TS3LK2,361度超品(长泰广场店),361度超品(长泰广场店),普通门店候选,从服务库排除,ordinary_store,保留高德原始记录；普通品牌门店按明确购物需求实时检索,规则复核,,2026-09-20,高
B0I177TSYH,ABCgolf高尔夫工房专卖店,ABCgolf高尔夫工房专卖店,普通门店候选,从服务库排除,ordinary_store,保留高德原始记录；普通品牌门店按明确购物需求实时检索,规则复核,,2026-09-20,高
B0FFG8KN38,AIGLE(上海名品奥特莱斯佛罗伦萨小镇店),AIGLE(上海名品奥特莱斯佛罗伦萨小镇店),普通门店候选,从服务库排除,ordinary_store,保留高德原始记录；普通品牌门店按明确购物需求实时检索,规则复核,,2026-09-20,高
B0FFK6CQYG,AIGLE(世纪汇广场店),AIGLE(世纪汇广场店),普通门店候选,从服务库排除,ordinary_store,保留高德原始记录；普通品牌门店按明确购物需求实时检索,规则复核,,2026-09-20,高
B0FFHR7716,ASICS 亚瑟士(上海第一八佰伴店),ASICS 亚瑟士(上海第一八佰伴店),旅行类别与购物类型冲突；普通门店候选,从服务库排除,ordinary_store,保留高德原始记录；普通品牌门店按明确购物需求实时检索,规则复核,,2026-09-20,高
B0LAY7Z7WP,ASICS 亚瑟士(商场世纪汇广场店),ASICS 亚瑟士(商场世纪汇广场店),普通门店候选,从服务库排除,ordinary_store,保留高德原始记录；普通品牌门店按明确购物需求实时检索,规则复核,,2026-09-20,高
B0HBR637CF,ASICS 亚瑟士(比斯特上海购物村店),ASICS 亚瑟士(比斯特上海购物村店),普通门店候选,从服务库排除,ordinary_store,保留高德原始记录；普通品牌门店按明确购物需求实时检索,规则复核,,2026-09-20,高
B0H2TDNXL5,ASICS亚瑟士(上海前滩太古里店),ASICS亚瑟士(上海前滩太古里店),普通门店候选,从服务库排除,ordinary_store,保留高德原始记录；普通品牌门店按明确购物需求实时检索,规则复核,,2026-09-20,高
B0L1LNEDW0,AX麒麟体育(雪具店),AX麒麟体育(雪具店),普通门店候选,从服务库排除,ordinary_store,保留高德原始记录；普通品牌门店按明确购物需求实时检索,规则复核,,2026-09-20,高
B0J2A97Z71,Active Masters奥力来健康生活馆(上海中心店),Active Masters奥力来健康生活馆(上海中心店),普通门店候选,从服务库排除,ordinary_store,保留高德原始记录；普通品牌门店按明确购物需求实时检索,规则复核,,2026-09-20,高
B0LBOR9MA6,BOGNER 博格纳,BOGNER 博格纳,普通门店候选,从服务库排除,ordinary_store,保留高德原始记录；普通品牌门店按明确购物需求实时检索,规则复核,,2026-09-20,高
B0ID6ZYP3C,BOY(万达广场上海周浦店),BOY(万达广场上海周浦店),旅行类别与购物类型冲突；普通门店候选,从服务库排除,ordinary_store,保留高德原始记录；普通品牌门店按明确购物需求实时检索,规则复核,,2026-09-20,高
B0JUJSMTOU,BeLLE(佛罗伦萨名品奥莱店),BeLLE(佛罗伦萨名品奥莱店),旅行类别与购物类型冲突；普通门店候选,从服务库排除,ordinary_store,保留高德原始记录；普通品牌门店按明确购物需求实时检索,规则复核,,2026-09-20,高
B0JBZAHJ3R,BodySoul舞蹈(百联世纪购物中心店),BodySoul舞蹈(百联世纪购物中心店),普通门店候选,从服务库排除,ordinary_store,保留高德原始记录；普通品牌门店按明确购物需求实时检索,规则复核,,2026-09-20,高
B0I0M4XFGI,Burton 伯顿(比斯特上海购物村),Burton 伯顿(比斯特上海购物村),普通门店候选,从服务库排除,ordinary_store,保留高德原始记录；普通品牌门店按明确购物需求实时检索,规则复核,,2026-09-20,高
B0M6TZ2PGB,CONVERSE匡威(上海佛罗伦萨小镇直营店),CONVERSE匡威(上海佛罗伦萨小镇直营店),普通门店候选,从服务库排除,ordinary_store,保留高德原始记录；普通品牌门店按明确购物需求实时检索,规则复核,,2026-09-20,高
B0I6PHEU6A,Champion(LCM置汇旭辉广场店),Champion(LCM置汇旭辉广场店),普通门店候选,从服务库排除,ordinary_store,保留高德原始记录；普通品牌门店按明确购物需求实时检索,规则复核,,2026-09-20,高
B0JKRC0G2P,Champion(招商花园城店),Champion(招商花园城店),旅行类别与购物类型冲突；普通门店候选,从服务库排除,ordinary_store,保留高德原始记录；普通品牌门店按明确购物需求实时检索,规则复核,,2026-09-20,高
B0G0NCXQM9,City花园城(森兰花园城店),City花园城(森兰花园城店),旅行类别与购物类型冲突,保留实体,commercial_support,该实体具有餐饮、购物或休息支持价值，仅在用户有对应需求时召回，不进入默认景点路线。,规则复核,,2026-09-20,高
B0FFJC0KDD,Columbia(上海第一八佰伴店),Columbia(上海第一八佰伴店),普通门店候选,从服务库排除,ordinary_store,保留高德原始记录；普通品牌门店按明确购物需求实时检索,规则复核,,2026-09-20,高
B0HBR63K3V,Columbia(比斯特上海购物村店),Columbia(比斯特上海购物村店),普通门店候选,从服务库排除,ordinary_store,保留高德原始记录；普通品牌门店按明确购物需求实时检索,规则复核,,2026-09-20,高
B0FFM3GL51,FILA(LCM置汇旭辉广场店),FILA(LCM置汇旭辉广场店),普通门店候选,从服务库排除,ordinary_store,保留高德原始记录；普通品牌门店按明确购物需求实时检索,规则复核,,2026-09-20,高
B0FFJ2NUD6,FILA(上海周浦万达广场店),FILA(上海周浦万达广场店),普通门店候选,从服务库排除,ordinary_store,保留高德原始记录；普通品牌门店按明确购物需求实时检索,规则复核,,2026-09-20,高
B0FFF5BHYU,FILA(世博源),FILA(世博源),普通门店候选,从服务库排除,ordinary_store,保留高德原始记录；普通品牌门店按明确购物需求实时检索,规则复核,,2026-09-20,高
B0HKD95CV6,FILA(佛罗伦萨小镇上海名品奥特莱斯店),FILA(佛罗伦萨小镇上海名品奥特莱斯店),普通门店候选,从服务库排除,ordinary_store,保留高德原始记录；普通品牌门店按明确购物需求实时检索,规则复核,,2026-09-20,高
B0H3YZ6W9T,FILA(前滩太古里店),FILA(前滩太古里店),普通门店候选,从服务库排除,ordinary_store,保留高德原始记录；普通品牌门店按明确购物需求实时检索,规则复核,,2026-09-20,高
B0FFGQ4IKV,FILA(金桥国际商业广场店),FILA(金桥国际商业广场店),普通门店候选,从服务库排除,ordinary_store,保留高德原始记录；普通品牌门店按明确购物需求实时检索,规则复核,,2026-09-20,高
B0L3XS0RG5,Goldwin(上海比斯特购物村店),Goldwin(上海比斯特购物村店),普通门店候选,从服务库排除,ordinary_store,保留高德原始记录；普通品牌门店按明确购物需求实时检索,规则复核,,2026-09-20,高
B0L0C5Y58R,HAGLOFS上海浦东嘉里店,HAGLOFS上海浦东嘉里店,普通门店候选,从服务库排除,ordinary_store,保留高德原始记录；普通品牌门店按明确购物需求实时检索,规则复核,,2026-09-20,高
B0KAUZIVTT,HOKA(上海世纪汇广场店),HOKA(上海世纪汇广场店),普通门店候选,从服务库排除,ordinary_store,保留高德原始记录；普通品牌门店按明确购物需求实时检索,规则复核,,2026-09-20,高
B0KU7CURV6,HOKA(上海佛罗伦萨小镇店),HOKA(上海佛罗伦萨小镇店),普通门店候选,从服务库排除,ordinary_store,保留高德原始记录；普通品牌门店按明确购物需求实时检索,规则复核,,2026-09-20,高
B0K2PCA83E,HONMA(上海佛罗伦萨奥莱店),HONMA(上海佛罗伦萨奥莱店),普通门店候选,从服务库排除,ordinary_store,保留高德原始记录；普通品牌门店按明确购物需求实时检索,规则复核,,2026-09-20,高
B0H2JNU2TD,HONMA(嘉里城广场店),HONMA(嘉里城广场店),普通门店候选,从服务库排除,ordinary_store,保留高德原始记录；普通品牌门店按明确购物需求实时检索,规则复核,,2026-09-20,高
B0KK2BES1M,KAILAS 凯乐石(比斯特上海购物村店),KAILAS 凯乐石(比斯特上海购物村店),普通门店候选,从服务库排除,ordinary_store,保留高德原始记录；普通品牌门店按明确购物需求实时检索,规则复核,,2026-09-20,高
B0LGCMOG5G,KOLON SPORT 可隆(上海佛罗伦萨店),KOLON SPORT 可隆(上海佛罗伦萨店),普通门店候选,从服务库排除,ordinary_store,保留高德原始记录；普通品牌门店按明确购物需求实时检索,规则复核,,2026-09-20,高
B0K3UHIRTX,KOLON SPORT(上海世纪汇广场店),KOLON SPORT(上海世纪汇广场店),普通门店候选,从服务库排除,ordinary_store,保留高德原始记录；普通品牌门店按明确购物需求实时检索,规则复核,,2026-09-20,高
B0I13RV1D2,KOLON SPORT(嘉里城店),KOLON SPORT(嘉里城店),普通门店候选,从服务库排除,ordinary_store,保留高德原始记录；普通品牌门店按明确购物需求实时检索,规则复核,,2026-09-20,高
B0K1FSI6MR,Keep(浦东嘉里城店),Keep(浦东嘉里城店),普通门店候选,从服务库排除,ordinary_store,保留高德原始记录；普通品牌门店按明确购物需求实时检索,规则复核,,2026-09-20,高
B0L0C5Y07E,Klattermusen攀山鼠(浦东嘉里城店),Klattermusen攀山鼠(浦东嘉里城店),旅行类别与购物类型冲突；普通门店候选,从服务库排除,ordinary_store,保留高德原始记录；普通品牌门店按明确购物需求实时检索,规则复核,,2026-09-20,高
B0JUJSSKWJ,LINING KIDS(上海佛罗伦萨小镇上海名品奥特莱斯),LINING KIDS(上海佛罗伦萨小镇上海名品奥特莱斯),普通门店候选,从服务库排除,ordinary_store,保留高德原始记录；普通品牌门店按明确购物需求实时检索,规则复核,,2026-09-20,高
B0LROLX9PZ,MAMMUT(前滩太古里店),MAMMUT(前滩太古里店),普通门店候选,从服务库排除,ordinary_store,保留高德原始记录；普通品牌门店按明确购物需求实时检索,规则复核,,2026-09-20,高
B0K1YZA35Y,MD高尔夫俱乐部(张江国创店),MD高尔夫俱乐部(张江国创店),普通门店候选,从服务库排除,ordinary_store,保留高德原始记录；普通品牌门店按明确购物需求实时检索,规则复核,,2026-09-20,高
B0H1KA05AB,MLB KIDS(世纪汇店),MLB KIDS(世纪汇店),普通门店候选,从服务库排除,ordinary_store,保留高德原始记录；普通品牌门店按明确购物需求实时检索,规则复核,,2026-09-20,高
B0FFG8DUSF,MLB(上海周浦万达广场店),MLB(上海周浦万达广场店),普通门店候选,从服务库排除,ordinary_store,保留高德原始记录；普通品牌门店按明确购物需求实时检索,规则复核,,2026-09-20,高
B0HR3OIQPW,MLB(上海第一八佰伴店),MLB(上海第一八佰伴店),普通门店候选,从服务库排除,ordinary_store,保留高德原始记录；普通品牌门店按明确购物需求实时检索,规则复核,,2026-09-20,高
B0KU7CCNN3,MLB(佛罗伦萨小镇上海名品奥特莱斯店),MLB(佛罗伦萨小镇上海名品奥特莱斯店),普通门店候选,从服务库排除,ordinary_store,保留高德原始记录；普通品牌门店按明确购物需求实时检索,规则复核,,2026-09-20,高
B0HAJU63ZK,MLB(商场世纪汇广场店),MLB(商场世纪汇广场店),普通门店候选,从服务库排除,ordinary_store,保留高德原始记录；普通品牌门店按明确购物需求实时检索,规则复核,,2026-09-20,高
B0FFF5TGS1,MLB(文峰广场店),MLB(文峰广场店),普通门店候选,从服务库排除,ordinary_store,保留高德原始记录；普通品牌门店按明确购物需求实时检索,规则复核,,2026-09-20,高
B0JRLM7J4A,MLB(比斯特上海购物村店),MLB(比斯特上海购物村店),普通门店候选,从服务库排除,ordinary_store,保留高德原始记录；普通品牌门店按明确购物需求实时检索,规则复核,,2026-09-20,高
B0FFF6XAVN,MLB(金桥国际广场店),MLB(金桥国际广场店),旅行类别与购物类型冲突；普通门店候选,从服务库排除,ordinary_store,保留高德原始记录；普通品牌门店按明确购物需求实时检索,规则复核,,2026-09-20,高
B0L0C5Y07D,MOLESKINE(浦东嘉里城店),MOLESKINE(浦东嘉里城店),普通门店候选,从服务库排除,ordinary_store,保留高德原始记录；普通品牌门店按明确购物需求实时检索,规则复核,,2026-09-20,高
B0KKPUXQU3,MTPT(浦东嘉里城店),MTPT(浦东嘉里城店),普通门店候选,从服务库排除,ordinary_store,保留高德原始记录；普通品牌门店按明确购物需求实时检索,规则复核,,2026-09-20,高
B0FFJ1LHVL,New Balance(上海第一八佰伴店),New Balance(上海第一八佰伴店),普通门店候选,从服务库排除,ordinary_store,保留高德原始记录；普通品牌门店按明确购物需求实时检索,规则复核,,2026-09-20,高
B0FFGXQ2MY,New Balance(比斯特上海购物村店),New Balance(比斯特上海购物村店),普通门店候选,从服务库排除,ordinary_store,保留高德原始记录；普通品牌门店按明确购物需求实时检索,规则复核,,2026-09-20,高
B0FFH0ZUDW,NewBalance (上海佛罗伦萨店),NewBalance (上海佛罗伦萨店),普通门店候选,从服务库排除,ordinary_store,保留高德原始记录；普通品牌门店按明确购物需求实时检索,规则复核,,2026-09-20,高
B0FFLJM2XA,Nike KICKS LOUNGE(世纪汇广场店),Nike KICKS LOUNGE(世纪汇广场店),普通门店候选,从服务库排除,ordinary_store,保留高德原始记录；普通品牌门店按明确购物需求实时检索,规则复核,,2026-09-20,高
B0L1Z1OVUF,Nike耐克(比斯特上海购物村店),Nike耐克(比斯特上海购物村店),普通门店候选,从服务库排除,ordinary_store,保留高德原始记录；普通品牌门店按明确购物需求实时检索,规则复核,,2026-09-20,高
B0J14HXD57,On昂跑(世纪汇店),On昂跑(世纪汇店),普通门店候选,从服务库排除,ordinary_store,保留高德原始记录；普通品牌门店按明确购物需求实时检索,规则复核,,2026-09-20,高
B0GRGKNQC5,On昂跑(浦东嘉里城店),On昂跑(浦东嘉里城店),普通门店候选,从服务库排除,ordinary_store,保留高德原始记录；普通品牌门店按明确购物需求实时检索,规则复核,,2026-09-20,高
B0H3T7KMHR,PUMA SELECT(佛罗伦萨小镇上海名品奥特莱斯店),PUMA SELECT(佛罗伦萨小镇上海名品奥特莱斯店),普通门店候选,从服务库排除,ordinary_store,保留高德原始记录；普通品牌门店按明确购物需求实时检索,规则复核,,2026-09-20,高
B0FFHFC44J,PUMA彪马(佛罗伦萨小镇上海名品奥特莱斯),PUMA彪马(佛罗伦萨小镇上海名品奥特莱斯),普通门店候选,从服务库排除,ordinary_store,保留高德原始记录；普通品牌门店按明确购物需求实时检索,规则复核,,2026-09-20,高
B0HBR62YIW,PUMA彪马(比斯特上海购物村店),PUMA彪马(比斯特上海购物村店),普通门店候选,从服务库排除,ordinary_store,保留高德原始记录；普通品牌门店按明确购物需求实时检索,规则复核,,2026-09-20,高
B0LGXZC0P0,PUMA彪马(浦东嘉里城店),PUMA彪马(浦东嘉里城店),普通门店候选,从服务库排除,ordinary_store,保留高德原始记录；普通品牌门店按明确购物需求实时检索,规则复核,,2026-09-20,高
B0FFGXQ2II,Patagonia(比斯特上海购物村店),Patagonia(比斯特上海购物村店),普通门店候选,从服务库排除,ordinary_store,保留高德原始记录；普通品牌门店按明确购物需求实时检索,规则复核,,2026-09-20,高
B0MBTZAXV8,ROLEX劳力士 (上海前滩太古里),ROLEX劳力士 (上海前滩太古里),普通门店候选,从服务库排除,ordinary_store,保留高德原始记录；普通品牌门店按明确购物需求实时检索,规则复核,,2026-09-20,高
B0H04N41U7,SKECHERS 斯凯奇(上海周浦万达广场店),SKECHERS 斯凯奇(上海周浦万达广场店),普通门店候选,从服务库排除,ordinary_store,保留高德原始记录；普通品牌门店按明确购物需求实时检索,规则复核,,2026-09-20,高
B0FFF5BI0N,SKECHERS 斯凯奇(世博源2区店),SKECHERS 斯凯奇(世博源2区店),普通门店候选,从服务库排除,ordinary_store,保留高德原始记录；普通品牌门店按明确购物需求实时检索,规则复核,,2026-09-20,高
B001579NBP,SKECHERS 斯凯奇(文峰广场店),SKECHERS 斯凯奇(文峰广场店),普通门店候选,从服务库排除,ordinary_store,保留高德原始记录；普通品牌门店按明确购物需求实时检索,规则复核,,2026-09-20,高
B0HBR63BW6,SKECHERS 斯凯奇(比斯特上海购物村店),SKECHERS 斯凯奇(比斯特上海购物村店),普通门店候选,从服务库排除,ordinary_store,保留高德原始记录；普通品牌门店按明确购物需求实时检索,规则复核,,2026-09-20,高
B0JBZZHBHC,SKECHERS 斯凯奇(金桥太茂商业广场店),SKECHERS 斯凯奇(金桥太茂商业广场店),普通门店候选,从服务库排除,ordinary_store,保留高德原始记录；普通品牌门店按明确购物需求实时检索,规则复核,,2026-09-20,高
B0FFJ0WT6A,SKECHERS(上海第一八佰伴店),SKECHERS(上海第一八佰伴店),旅行类别与购物类型冲突；普通门店候选,从服务库排除,ordinary_store,保留高德原始记录；普通品牌门店按明确购物需求实时检索,规则复核,,2026-09-20,高
B0FFH7RQFW,SOLE速尔跑步机椭圆机健身器材官方直营店(浦东八佰伴店),SOLE速尔跑步机椭圆机健身器材官方直营店(浦东八佰伴店),普通门店候选,从服务库排除,ordinary_store,保留高德原始记录；普通品牌门店按明确购物需求实时检索,规则复核,,2026-09-20,高
B0JUJSO3ZL,THE NORTH FACE(佛罗伦萨小镇店),THE NORTH FACE(佛罗伦萨小镇店),旅行类别与购物类型冲突；普通门店候选,从服务库排除,ordinary_store,保留高德原始记录；普通品牌门店按明确购物需求实时检索,规则复核,,2026-09-20,高
B0HBR62YJ6,The North Face 北面(比斯特上海购物村店),The North Face 北面(比斯特上海购物村店),普通门店候选,从服务库排除,ordinary_store,保留高德原始记录；普通品牌门店按明确购物需求实时检索,规则复核,,2026-09-20,高
B0HB3P6IEQ,UNDER ARMOUR OUTDOOR安德玛户外(上海浦东第一八佰伴店),UNDER ARMOUR OUTDOOR安德玛户外(上海浦东第一八佰伴店),旅行类别与购物类型冲突；普通门店候选,从服务库排除,ordinary_store,保留高德原始记录；普通品牌门店按明确购物需求实时检索,规则复核,,2026-09-20,高
B0FFHDKB5O,UOU上海周浦万达广场,UOU上海周浦万达广场,普通门店候选,从服务库排除,ordinary_store,保留高德原始记录；普通品牌门店按明确购物需求实时检索,规则复核,,2026-09-20,高
B001573B79,VANS(上海第一八佰伴店),VANS(上海第一八佰伴店),旅行类别与购物类型冲突；普通门店候选,从服务库排除,ordinary_store,保留高德原始记录；普通品牌门店按明确购物需求实时检索,规则复核,,2026-09-20,高
B0HR06IMGC,VANS(佛罗伦萨小镇上海名品奥特莱斯店),VANS(佛罗伦萨小镇上海名品奥特莱斯店),旅行类别与购物类型冲突；普通门店候选,从服务库排除,ordinary_store,保留高德原始记录；普通品牌门店按明确购物需求实时检索,规则复核,,2026-09-20,高
B0FFHY7UCA,VANS(百联川沙购物中心店),VANS(百联川沙购物中心店),普通门店候选,从服务库排除,ordinary_store,保留高德原始记录；普通品牌门店按明确购物需求实时检索,规则复核,,2026-09-20,高
B0FFI757EO,YONEX 苗江运动城(源深店),YONEX 苗江运动城(源深店),普通门店候选,从服务库排除,ordinary_store,保留高德原始记录；普通品牌门店按明确购物需求实时检索,规则复核,,2026-09-20,高
B0JG3SV1YD,YONEX蓝天网羽(景宏嘉园店),YONEX蓝天网羽(景宏嘉园店),普通门店候选,从服务库排除,ordinary_store,保留高德原始记录；普通品牌门店按明确购物需求实时检索,规则复核,,2026-09-20,高
B0HUKU6YNI,adidas Runstation(丽晶博园店),adidas Runstation(丽晶博园店),普通门店候选,从服务库排除,ordinary_store,保留高德原始记录；普通品牌门店按明确购物需求实时检索,规则复核,,2026-09-20,高
B0HDHRDOBG,adidas YONNG ATHLETES(万达广场店),adidas YONNG ATHLETES(万达广场店),普通门店候选,从服务库排除,ordinary_store,保留高德原始记录；普通品牌门店按明确购物需求实时检索,规则复核,,2026-09-20,高
B0IAL71CI7,adidas neo(万达广场上海周浦店),adidas neo(万达广场上海周浦店),普通门店候选,从服务库排除,ordinary_store,保留高德原始记录；普通品牌门店按明确购物需求实时检索,规则复核,,2026-09-20,高
B0LBZ9LGOM,asics(上海LCM置汇旭辉广场店),asics(上海LCM置汇旭辉广场店),普通门店候选,从服务库排除,ordinary_store,保留高德原始记录；普通品牌门店按明确购物需求实时检索,规则复核,,2026-09-20,高
B0K6DU82YI,champion(商场世纪汇广场店),champion(商场世纪汇广场店),普通门店候选,从服务库排除,ordinary_store,保留高德原始记录；普通品牌门店按明确购物需求实时检索,规则复核,,2026-09-20,高
B0HRPM57N2,lululemon(商场世纪汇广场店),lululemon(商场世纪汇广场店),普通门店候选,从服务库排除,ordinary_store,保留高德原始记录；普通品牌门店按明确购物需求实时检索,规则复核,,2026-09-20,高
B0FFK64LG6,lululemon(浦东嘉里城店),lululemon(浦东嘉里城店),旅行类别与购物类型冲突；普通门店候选,从服务库排除,ordinary_store,保留高德原始记录；普通品牌门店按明确购物需求实时检索,规则复核,,2026-09-20,高
B0HKX5PN02,mikiHOUSE SELECT(浦东嘉里城店),mikiHOUSE SELECT(浦东嘉里城店),普通门店候选,从服务库排除,ordinary_store,保留高德原始记录；普通品牌门店按明确购物需求实时检索,规则复核,,2026-09-20,高
B0FFGITCQC,三信国际文化广场,三信国际文化广场,旅行类别与购物类型冲突,保留实体,commercial_support,该实体具有餐饮、购物或休息支持价值，仅在用户有对应需求时召回，不进入默认景点路线。,规则复核,,2026-09-20,高
B0FFI2QUTH,三叶草(上海长泰广场店),三叶草(上海长泰广场店),普通门店候选,从服务库排除,ordinary_store,保留高德原始记录；普通品牌门店按明确购物需求实时检索,规则复核,,2026-09-20,高
B0LRLNM573,三叶草Adidas Originals(百联世纪购物中心店),三叶草Adidas Originals(百联世纪购物中心店),普通门店候选,从服务库排除,ordinary_store,保留高德原始记录；普通品牌门店按明确购物需求实时检索,规则复核,,2026-09-20,高
B00156TJBM,三林老街,三林老街,旅行类别与购物类型冲突,保留实体,urban_experience,商业街、老街、夜市等可服务城市漫游、餐饮和夜游场景，保留实体并按旅行场景召回。,规则复核,,2026-09-20,高
B0FFH319BD,三钢里,三钢里,旅行类别与购物类型冲突,保留实体,commercial_support,该实体具有餐饮、购物或休息支持价值，仅在用户有对应需求时召回，不进入默认景点路线。,规则复核,,2026-09-20,高
B0K0MORE11,上川路夜市,上川路夜市,旅行类别与购物类型冲突,保留实体,urban_experience,商业街、老街、夜市等可服务城市漫游、餐饮和夜游场景，保留实体并按旅行场景召回。,规则复核,,2026-09-20,高
B0I1TS7DZL,上海世纪公园特步跑步服务中心(锦绣路店),上海世纪公园特步跑步服务中心(锦绣路店),旅行类别与购物类型冲突；普通门店候选,从服务库排除,ordinary_store,保留高德原始记录；普通品牌门店按明确购物需求实时检索,规则复核,,2026-09-20,高
B0JBU7L1NP,上海凤凰体育中心,上海凤凰体育中心,普通门店候选,从服务库排除,ordinary_store,保留高德原始记录；普通品牌门店按明确购物需求实时检索,规则复核,,2026-09-20,高
B0I2R7VZQN,上海浦东张江镇晨羽体育用品商店(孙环路店),上海浦东张江镇晨羽体育用品商店(孙环路店),普通门店候选,从服务库排除,ordinary_store,保留高德原始记录；普通品牌门店按明确购物需求实时检索,规则复核,,2026-09-20,高
B0FFK279XN,上海滩SHANGHAI TANG(比斯特上海购物村店),上海滩SHANGHAI TANG(比斯特上海购物村店),普通门店候选,从服务库排除,ordinary_store,保留高德原始记录；普通品牌门店按明确购物需求实时检索,规则复核,,2026-09-20,高
B0FFF68Z1J,上海绿地·缤纷广场,上海绿地·缤纷广场,旅行类别与购物类型冲突,保留实体,commercial_support,该实体具有餐饮、购物或休息支持价值，仅在用户有对应需求时召回，不进入默认景点路线。,规则复核,,2026-09-20,高
B0KGP743U6,中国黄金(招商花园城店),中国黄金(招商花园城店),旅行类别与购物类型冲突；普通门店候选,从服务库排除,ordinary_store,保留高德原始记录；普通品牌门店按明确购物需求实时检索,规则复核,,2026-09-20,高
B0H6PSOHHL,中市街,中市街,旅行类别与购物类型冲突,保留实体,commercial_support,该实体具有餐饮、购物或休息支持价值，仅在用户有对应需求时召回，不进入默认景点路线。,规则复核,,2026-09-20,高
B0015702MN,中邦·秀食街,中邦·秀食街,旅行类别与购物类型冲突,保留实体,commercial_support,该实体具有餐饮、购物或休息支持价值，仅在用户有对应需求时召回，不进入默认景点路线。,规则复核,,2026-09-20,高
B0FFFPK5SR,临港滨河商业街,临港滨河商业街,旅行类别与购物类型冲突,保留实体,urban_experience,商业街、老街、夜市等可服务城市漫游、餐饮和夜游场景，保留实体并按旅行场景召回。,规则复核,,2026-09-20,高
B0H2UZP1WV,临港碧云国际商业街,临港碧云国际商业街,旅行类别与购物类型冲突,保留实体,urban_experience,商业街、老街、夜市等可服务城市漫游、餐饮和夜游场景，保留实体并按旅行场景召回。,规则复核,,2026-09-20,高
B0FFGFBCH7,乐坊·羽山生活广场,乐坊·羽山生活广场,旅行类别与购物类型冲突,保留实体,indoor_leisure,商业综合体可服务雨天、休息、餐饮和购物场景，保留实体但不按传统景点解释。,规则复核,,2026-09-20,高
B0HUA7D1J2,乐翔轮滑(1088广场店),乐翔轮滑(1088广场店),旅行类别与购物类型冲突；普通门店候选,从服务库排除,ordinary_store,保留高德原始记录；普通品牌门店按明确购物需求实时检索,规则复核,,2026-09-20,高
B0I0CSGT1A,乐食巷,乐食巷,旅行类别与购物类型冲突,保留实体,commercial_support,该实体具有餐饮、购物或休息支持价值，仅在用户有对应需求时召回，不进入默认景点路线。,规则复核,,2026-09-20,高
B00155DALW,乔丹体育(孙桥路店),乔丹体育(孙桥路店),普通门店候选,从服务库排除,ordinary_store,保留高德原始记录；普通品牌门店按明确购物需求实时检索,规则复核,,2026-09-20,高
B0M6U7R1YT,乔丹陆悦天地店,乔丹陆悦天地店,普通门店候选,从服务库排除,ordinary_store,保留高德原始记录；普通品牌门店按明确购物需求实时检索,规则复核,,2026-09-20,高
B0FFK4NZA4,乔山健康科技(陆家嘴中心店),乔山健康科技(陆家嘴中心店),普通门店候选,从服务库排除,ordinary_store,保留高德原始记录；普通品牌门店按明确购物需求实时检索,规则复核,,2026-09-20,高
B00155MRN2,云山休闲广场,云山休闲广场,旅行类别与购物类型冲突,保留实体,commercial_support,该实体具有餐饮、购物或休息支持价值，仅在用户有对应需求时召回，不进入默认景点路线。,规则复核,,2026-09-20,高
B0FFGW5GIW,亦泰体育(政海南路店),亦泰体育(政海南路店),普通门店候选,从服务库排除,ordinary_store,保留高德原始记录；普通品牌门店按明确购物需求实时检索,规则复核,,2026-09-20,高
B0FFHCS69O,享邻体育(莲公馆店),享邻体育(莲公馆店),普通门店候选,从服务库排除,ordinary_store,保留高德原始记录；普通品牌门店按明确购物需求实时检索,规则复核,,2026-09-20,高
B0IGZC1QLG,仁恒里(东煦路店),仁恒里(东煦路店),旅行类别与购物类型冲突,保留实体,commercial_support,该实体具有餐饮、购物或休息支持价值，仅在用户有对应需求时召回，不进入默认景点路线。,规则复核,,2026-09-20,高
B00156O13M,伟克体育(羽山路店)跑步机健身器材运动地板,伟克体育(羽山路店)跑步机健身器材运动地板,旅行类别与购物类型冲突；普通门店候选,从服务库排除,ordinary_store,保留高德原始记录；普通品牌门店按明确购物需求实时检索,规则复核,,2026-09-20,高
B0KA67HP9E,八方夜市B区,八方夜市B区,旅行类别与购物类型冲突,保留实体,urban_experience,商业街、老街、夜市等可服务城市漫游、餐饮和夜游场景，保留实体并按旅行场景召回。,规则复核,,2026-09-20,高
B0HUHAKRQ5,六灶美食街,六灶美食街,旅行类别与购物类型冲突,保留实体,urban_experience,商业街、老街、夜市等可服务城市漫游、餐饮和夜游场景，保留实体并按旅行场景召回。,规则复核,,2026-09-20,高
B0FFLFC67V,兴新户外用品,兴新户外用品,普通门店候选,从服务库排除,ordinary_store,保留高德原始记录；普通品牌门店按明确购物需求实时检索,规则复核,,2026-09-20,高
B0JBH12D5V,冰川体育(证大大拇指广场店),冰川体育(证大大拇指广场店),普通门店候选,从服务库排除,ordinary_store,保留高德原始记录；普通品牌门店按明确购物需求实时检索,规则复核,,2026-09-20,高
B0JK5ZDZO0,凯乐石KAILAS(佛罗伦萨2店),凯乐石KAILAS(佛罗伦萨2店),普通门店候选,从服务库排除,ordinary_store,保留高德原始记录；普通品牌门店按明确购物需求实时检索,规则复核,,2026-09-20,高
B0KK0M8LZT,凯乐石KAILAS(浦东嘉里城),凯乐石KAILAS(浦东嘉里城),普通门店候选,从服务库排除,ordinary_store,保留高德原始记录；普通品牌门店按明确购物需求实时检索,规则复核,,2026-09-20,高
B0KB4UWUO3,前滩公园巷,前滩公园巷,旅行类别与购物类型冲突,保留实体,commercial_support,该实体具有餐饮、购物或休息支持价值，仅在用户有对应需求时召回，不进入默认景点路线。,规则复核,,2026-09-20,高
B0FFKRWB6P,力动健身器材跑步机按摩椅旗舰店(上海店),力动健身器材跑步机按摩椅旗舰店(上海店),普通门店候选,从服务库排除,ordinary_store,保留高德原始记录；普通品牌门店按明确购物需求实时检索,规则复核,,2026-09-20,高
B0IRJLQDRO,动越中考体育·体能训练·少儿乒乓(汇智国际店),动越中考体育·体能训练·少儿乒乓(汇智国际店),普通门店候选,从服务库排除,ordinary_store,保留高德原始记录；普通品牌门店按明确购物需求实时检索,规则复核,,2026-09-20,高
B0IUK71O5A,包拿渔具超市,包拿渔具超市,普通门店候选,从服务库排除,ordinary_store,保留高德原始记录；普通品牌门店按明确购物需求实时检索,规则复核,,2026-09-20,高
B0FFF9TPEY,南欧风情商业街(人生港湾·南欧城店),南欧风情商业街(人生港湾·南欧城店),旅行类别与购物类型冲突,保留实体,urban_experience,商业街、老街、夜市等可服务城市漫游、餐饮和夜游场景，保留实体并按旅行场景召回。,规则复核,,2026-09-20,高
B0LRCCFM86,可隆(浦东世纪汇店),可隆(浦东世纪汇店),普通门店候选,从服务库排除,ordinary_store,保留高德原始记录；普通品牌门店按明确购物需求实时检索,规则复核,,2026-09-20,高
B0HKALPC0K,周浦庙街(小上海休闲广场),周浦庙街(小上海休闲广场),旅行类别与购物类型冲突,保留实体,commercial_support,该实体具有餐饮、购物或休息支持价值，仅在用户有对应需求时召回，不进入默认景点路线。,规则复核,,2026-09-20,高
B0LRXC1PJ6,和悦IN巷步行街广场,和悦IN巷步行街广场,旅行类别与购物类型冲突,保留实体,urban_experience,商业街、老街、夜市等可服务城市漫游、餐饮和夜游场景，保留实体并按旅行场景召回。,规则复核,,2026-09-20,高
B00156GXJW,咸塘小镇商业步行街,咸塘小镇商业步行街,旅行类别与购物类型冲突,保留实体,urban_experience,商业街、老街、夜市等可服务城市漫游、餐饮和夜游场景，保留实体并按旅行场景召回。,规则复核,,2026-09-20,高
B0I6FZIKMU,哈零体育,哈零体育,普通门店候选,从服务库排除,ordinary_store,保留高德原始记录；普通品牌门店按明确购物需求实时检索,规则复核,,2026-09-20,高
B001557RA4,商汇步行街,商汇步行街,旅行类别与购物类型冲突,保留实体,urban_experience,商业街、老街、夜市等可服务城市漫游、餐饮和夜游场景，保留实体并按旅行场景召回。,规则复核,,2026-09-20,高
B0FFLGBND7,场署街,场署街,旅行类别与购物类型冲突,保留实体,commercial_support,该实体具有餐饮、购物或休息支持价值，仅在用户有对应需求时召回，不进入默认景点路线。,规则复核,,2026-09-20,高
B0HA4ASIJ6,城市书香商业街区,城市书香商业街区,旅行类别与购物类型冲突,保留实体,urban_experience,商业街、老街、夜市等可服务城市漫游、餐饮和夜游场景，保留实体并按旅行场景召回。,规则复核,,2026-09-20,高
B0FFLFL01P,壹号街(晨阳路店),壹号街(晨阳路店),旅行类别与购物类型冲突,保留实体,commercial_support,该实体具有餐饮、购物或休息支持价值，仅在用户有对应需求时召回，不进入默认景点路线。,规则复核,,2026-09-20,高
B0FFLGLXC0,壹号街(置天一号广场店),壹号街(置天一号广场店),旅行类别与购物类型冲突,保留实体,commercial_support,该实体具有餐饮、购物或休息支持价值，仅在用户有对应需求时召回，不进入默认景点路线。,规则复核,,2026-09-20,高
B00155LGRR,大华·锦绣华城香榭丽大道,大华·锦绣华城香榭丽大道,旅行类别与购物类型冲突,保留实体,commercial_support,该实体具有餐饮、购物或休息支持价值，仅在用户有对应需求时召回，不进入默认景点路线。,规则复核,,2026-09-20,高
B0M6MRWDAT,威克多·VICTOR羽毛球专卖店(沪南路店),威克多·VICTOR羽毛球专卖店(沪南路店),普通门店候选,从服务库排除,ordinary_store,保留高德原始记录；普通品牌门店按明确购物需求实时检索,规则复核,,2026-09-20,高
B00156DF87,安盛步行街,安盛步行街,旅行类别与购物类型冲突,保留实体,urban_experience,商业街、老街、夜市等可服务城市漫游、餐饮和夜游场景，保留实体并按旅行场景召回。,规则复核,,2026-09-20,高
B0I6HUZ45M,安踏(世博源店),安踏(世博源店),普通门店候选,从服务库排除,ordinary_store,保留高德原始记录；普通品牌门店按明确购物需求实时检索,规则复核,,2026-09-20,高
B0LBFSYKW7,安踏(高桥店),安踏(高桥店),普通门店候选,从服务库排除,ordinary_store,保留高德原始记录；普通品牌门店按明确购物需求实时检索,规则复核,,2026-09-20,高
B0FFFPIMPD,富客斯豪布斯卡名品村,富客斯豪布斯卡名品村,旅行类别与购物类型冲突,保留实体,commercial_support,该实体具有餐饮、购物或休息支持价值，仅在用户有对应需求时召回，不进入默认景点路线。,规则复核,,2026-09-20,高
B0FFK7AIHS,富客斯豪布斯卡名品村A区,富客斯豪布斯卡名品村A区,旅行类别与购物类型冲突,保留实体,commercial_support,该实体具有餐饮、购物或休息支持价值，仅在用户有对应需求时召回，不进入默认景点路线。,规则复核,,2026-09-20,高
B00156GAHN,小上海旅游文化城时尚休闲街,小上海旅游文化城时尚休闲街,旅行类别与购物类型冲突,保留实体,commercial_support,该实体具有餐饮、购物或休息支持价值，仅在用户有对应需求时召回，不进入默认景点路线。,规则复核,,2026-09-20,高
B00155826G,小上海步行街,小上海步行街,旅行类别与购物类型冲突,保留实体,urban_experience,商业街、老街、夜市等可服务城市漫游、餐饮和夜游场景，保留实体并按旅行场景召回。,规则复核,,2026-09-20,高
B0FFJ01L6G,小草体育(同方锦城C区店),小草体育(同方锦城C区店),普通门店候选,从服务库排除,ordinary_store,保留高德原始记录；普通品牌门店按明确购物需求实时检索,规则复核,,2026-09-20,高
B0FFG8LUXK,山兰路步行街,山兰路步行街,旅行类别与购物类型冲突,保留实体,urban_experience,商业街、老街、夜市等可服务城市漫游、餐饮和夜游场景，保留实体并按旅行场景召回。,规则复核,,2026-09-20,高
B0FFMD7QWR,山里野在路上(金地城店),山里野在路上(金地城店),旅行类别与购物类型冲突；普通门店候选,从服务库排除,ordinary_store,保留高德原始记录；普通品牌门店按明确购物需求实时检索,规则复核,,2026-09-20,高
B0JA24BLBD,屹磊体育,屹磊体育,普通门店候选,从服务库排除,ordinary_store,保留高德原始记录；普通品牌门店按明确购物需求实时检索,规则复核,,2026-09-20,高
B0FFF65E8N,巴黎春天(成山店),巴黎春天(成山店),旅行类别与购物类型冲突,保留实体,commercial_support,该实体具有餐饮、购物或休息支持价值，仅在用户有对应需求时召回，不进入默认景点路线。,规则复核,,2026-09-20,高
B0IBMALXJ6,庆荣路商业街,庆荣路商业街,旅行类别与购物类型冲突,保留实体,urban_experience,商业街、老街、夜市等可服务城市漫游、餐饮和夜游场景，保留实体并按旅行场景召回。,规则复核,,2026-09-20,高
B001570A46,康桥半岛商业街,康桥半岛商业街,旅行类别与购物类型冲突,保留实体,urban_experience,商业街、老街、夜市等可服务城市漫游、餐饮和夜游场景，保留实体并按旅行场景召回。,规则复核,,2026-09-20,高
B00154DJ86,张江步行街,张江步行街,旅行类别与购物类型冲突,保留实体,urban_experience,商业街、老街、夜市等可服务城市漫游、餐饮和夜游场景，保留实体并按旅行场景召回。,规则复核,,2026-09-20,高
B0FFF001IV,徐路老街,徐路老街,旅行类别与购物类型冲突,保留实体,urban_experience,商业街、老街、夜市等可服务城市漫游、餐饮和夜游场景，保留实体并按旅行场景召回。,规则复核,,2026-09-20,高
B0FFKTB24M,微时光美食街市,微时光美食街市,旅行类别与购物类型冲突,保留实体,urban_experience,商业街、老街、夜市等可服务城市漫游、餐饮和夜游场景，保留实体并按旅行场景召回。,规则复核,,2026-09-20,高
B0KURZZMDX,怒马体育篮球羽毛球,怒马体育篮球羽毛球,普通门店候选,从服务库排除,ordinary_store,保留高德原始记录；普通品牌门店按明确购物需求实时检索,规则复核,,2026-09-20,高
B0HB4UAE1A,惠南镇步行街,惠南镇步行街,旅行类别与购物类型冲突,保留实体,urban_experience,商业街、老街、夜市等可服务城市漫游、餐饮和夜游场景，保留实体并按旅行场景召回。,规则复核,,2026-09-20,高
B0FFLJM3XI,拓羽VICTOR专卖店,拓羽VICTOR专卖店,普通门店候选,从服务库排除,ordinary_store,保留高德原始记录；普通品牌门店按明确购物需求实时检索,规则复核,,2026-09-20,高
B0FFKWXKGO,拓羽体育,拓羽体育,普通门店候选,从服务库排除,ordinary_store,保留高德原始记录；普通品牌门店按明确购物需求实时检索,规则复核,,2026-09-20,高
B0I1Y56U0T,招商花园城,招商花园城,旅行类别与购物类型冲突,保留实体,commercial_support,该实体具有餐饮、购物或休息支持价值，仅在用户有对应需求时召回，不进入默认景点路线。,规则复核,,2026-09-20,高
B0GUCS64J5,拱秀路商业街,拱秀路商业街,旅行类别与购物类型冲突,保留实体,urban_experience,商业街、老街、夜市等可服务城市漫游、餐饮和夜游场景，保留实体并按旅行场景召回。,规则复核,,2026-09-20,高
B0H67S0URI,捷安特自行车(高青路店),捷安特自行车(高青路店),普通门店候选,从服务库排除,ordinary_store,保留高德原始记录；普通品牌门店按明确购物需求实时检索,规则复核,,2026-09-20,高
B0JD1U3U31,探拓户外(中房金谊广场店),探拓户外(中房金谊广场店),普通门店候选,从服务库排除,ordinary_store,保留高德原始记录；普通品牌门店按明确购物需求实时检索,规则复核,,2026-09-20,高
B0KABP90JT,探拓户外(文峰广场店),探拓户外(文峰广场店),普通门店候选,从服务库排除,ordinary_store,保留高德原始记录；普通品牌门店按明确购物需求实时检索,规则复核,,2026-09-20,高
B0G17UXEEY,探路者(文峰广场店),探路者(文峰广场店),普通门店候选,从服务库排除,ordinary_store,保留高德原始记录；普通品牌门店按明确购物需求实时检索,规则复核,,2026-09-20,高
B0HKLDQY2W,斐兜体育(中星怡景花园店),斐兜体育(中星怡景花园店),旅行类别与购物类型冲突；普通门店候选,从服务库排除,ordinary_store,保留高德原始记录；普通品牌门店按明确购物需求实时检索,规则复核,,2026-09-20,高
B0G07A1GKH,新周浦壹号街,新周浦壹号街,旅行类别与购物类型冲突,保留实体,commercial_support,该实体具有餐饮、购物或休息支持价值，仅在用户有对应需求时召回，不进入默认景点路线。,规则复核,,2026-09-20,高
B00155HU2W,新建路商业街,新建路商业街,旅行类别与购物类型冲突,保留实体,urban_experience,商业街、老街、夜市等可服务城市漫游、餐饮和夜游场景，保留实体并按旅行场景召回。,规则复核,,2026-09-20,高
B0015583ZK,新源路步行街(新源路步行街店),新源路步行街(新源路步行街店),旅行类别与购物类型冲突,保留实体,urban_experience,商业街、老街、夜市等可服务城市漫游、餐饮和夜游场景，保留实体并按旅行场景召回。,规则复核,,2026-09-20,高
B001576NI6,新源里步行街,新源里步行街,旅行类别与购物类型冲突,保留实体,urban_experience,商业街、老街、夜市等可服务城市漫游、餐饮和夜游场景，保留实体并按旅行场景召回。,规则复核,,2026-09-20,高
B0H2H1IUYY,新艇体育,新艇体育,普通门店候选,从服务库排除,ordinary_store,保留高德原始记录；普通品牌门店按明确购物需求实时检索,规则复核,,2026-09-20,高
B0FFFFFU4W,施湾绿地新都会,施湾绿地新都会,旅行类别与购物类型冲突,保留实体,commercial_support,该实体具有餐饮、购物或休息支持价值，仅在用户有对应需求时召回，不进入默认景点路线。,规则复核,,2026-09-20,高
B001574EGU,易飞滑板店(世纪大道店),易飞滑板店(世纪大道店),普通门店候选,从服务库排除,ordinary_store,保留高德原始记录；普通品牌门店按明确购物需求实时检索,规则复核,,2026-09-20,高
B0FFFP7042,星河湾商业街,星河湾商业街,旅行类别与购物类型冲突,保留实体,urban_experience,商业街、老街、夜市等可服务城市漫游、餐饮和夜游场景，保留实体并按旅行场景召回。,规则复核,,2026-09-20,高
B0I0KAY7JL,景朝户外(宏兆锦庭店),景朝户外(宏兆锦庭店),普通门店候选,从服务库排除,ordinary_store,保留高德原始记录；普通品牌门店按明确购物需求实时检索,规则复核,,2026-09-20,高
B0L14M0XF8,木星超食空Food Court,木星超食空Food Court,旅行类别与购物类型冲突,保留实体,commercial_support,该实体具有餐饮、购物或休息支持价值，仅在用户有对应需求时召回，不进入默认景点路线。,规则复核,,2026-09-20,高
B0FFFO175Y,李宁(上海第一八佰伴店),李宁(上海第一八佰伴店),普通门店候选,从服务库排除,ordinary_store,保留高德原始记录；普通品牌门店按明确购物需求实时检索,规则复核,,2026-09-20,高
B0JBNB1BFS,李宁(世博源店),李宁(世博源店),普通门店候选,从服务库排除,ordinary_store,保留高德原始记录；普通品牌门店按明确购物需求实时检索,规则复核,,2026-09-20,高
B0FFI6F3OY,李宁(百联川沙购物中心店),李宁(百联川沙购物中心店),普通门店候选,从服务库排除,ordinary_store,保留高德原始记录；普通品牌门店按明确购物需求实时检索,规则复核,,2026-09-20,高
B0HR5LCFNP,李宁(金桥国际商业广场),李宁(金桥国际商业广场),普通门店候选,从服务库排除,ordinary_store,保留高德原始记录；普通品牌门店按明确购物需求实时检索,规则复核,,2026-09-20,高
B0FFF2U9I1,李宁羽毛球专卖(源深体育店),李宁羽毛球专卖(源深体育店),普通门店候选,从服务库排除,ordinary_store,保留高德原始记录；普通品牌门店按明确购物需求实时检索,规则复核,,2026-09-20,高
B0M6DC7LNS,李宁羽毛球专卖店(沪南公路店),李宁羽毛球专卖店(沪南公路店),普通门店候选,从服务库排除,ordinary_store,保留高德原始记录；普通品牌门店按明确购物需求实时检索,规则复核,,2026-09-20,高
B0KAGLSFN2,李宁羽毛球专卖店繁荣路店,李宁羽毛球专卖店繁荣路店,普通门店候选,从服务库排除,ordinary_store,保留高德原始记录；普通品牌门店按明确购物需求实时检索,规则复核,,2026-09-20,高
B0I0GA7SUL,李宁超级奥莱(上海佛罗伦萨小镇店),李宁超级奥莱(上海佛罗伦萨小镇店),普通门店候选,从服务库排除,ordinary_store,保留高德原始记录；普通品牌门店按明确购物需求实时检索,规则复核,,2026-09-20,高
B00156TK8H,枣庄路休闲街,枣庄路休闲街,旅行类别与购物类型冲突,保留实体,commercial_support,该实体具有餐饮、购物或休息支持价值，仅在用户有对应需求时召回，不进入默认景点路线。,规则复核,,2026-09-20,高
B0FFLGKFQZ,森兰花园城,森兰花园城,旅行类别与购物类型冲突,保留实体,commercial_support,该实体具有餐饮、购物或休息支持价值，仅在用户有对应需求时召回，不进入默认景点路线。,规则复核,,2026-09-20,高
B0G2LAKUKG,欧景小镇商业步行街,欧景小镇商业步行街,旅行类别与购物类型冲突,保留实体,urban_experience,商业街、老街、夜市等可服务城市漫游、餐饮和夜游场景，保留实体并按旅行场景召回。,规则复核,,2026-09-20,高
B0FFJRRB4G,步行街(金桥大拇指广场店),步行街(金桥大拇指广场店),旅行类别与购物类型冲突,保留实体,urban_experience,商业街、老街、夜市等可服务城市漫游、餐饮和夜游场景，保留实体并按旅行场景召回。,规则复核,,2026-09-20,高
B0FFGJSGFP,永乐街(康桥路),永乐街(康桥路),旅行类别与购物类型冲突,保留实体,commercial_support,该实体具有餐饮、购物或休息支持价值，仅在用户有对应需求时召回，不进入默认景点路线。,规则复核,,2026-09-20,高
B00156EETA,汇海广场,汇海广场,旅行类别与购物类型冲突,保留实体,commercial_support,该实体具有餐饮、购物或休息支持价值，仅在用户有对应需求时召回，不进入默认景点路线。,规则复核,,2026-09-20,高
B0FFGYBCS9,江南山水菜市场,江南山水菜市场,旅行类别与购物类型冲突,保留实体,commercial_support,该实体具有餐饮、购物或休息支持价值，仅在用户有对应需求时召回，不进入默认景点路线。,规则复核,,2026-09-20,高
B0JRLRAJFT,浦乐汇(成山店),浦乐汇(成山店),旅行类别与购物类型冲突,保留实体,commercial_support,该实体具有餐饮、购物或休息支持价值，仅在用户有对应需求时召回，不进入默认景点路线。,规则复核,,2026-09-20,高
B0HK953PA4,浦乐汇(航头店),浦乐汇(航头店),普通门店候选,从服务库排除,ordinary_store,保留高德原始记录；普通品牌门店按明确购物需求实时检索,规则复核,,2026-09-20,高
B0FFGCERD9,海印.哈邻里,海印.哈邻里,旅行类别与购物类型冲突,保留实体,commercial_support,该实体具有餐饮、购物或休息支持价值，仅在用户有对应需求时召回，不进入默认景点路线。,规则复核,,2026-09-20,高
B0KA1HQXF2,海狮体育羽毛球馆,海狮体育羽毛球馆,普通门店候选,从服务库排除,ordinary_store,保留高德原始记录；普通品牌门店按明确购物需求实时检索,规则复核,,2026-09-20,高
B0FFHK2Y1C,涂涂轮滑(亿丰时代广场店),涂涂轮滑(亿丰时代广场店),普通门店候选,从服务库排除,ordinary_store,保留高德原始记录；普通品牌门店按明确购物需求实时检索,规则复核,,2026-09-20,高
B0G2FM1CRV,滨江万芊荟,滨江万芊荟,旅行类别与购物类型冲突,保留实体,commercial_support,该实体具有餐饮、购物或休息支持价值，仅在用户有对应需求时召回，不进入默认景点路线。,规则复核,,2026-09-20,高
B0K0HAOVDE,滴水湖后街,滴水湖后街,旅行类别与购物类型冲突,保留实体,commercial_support,该实体具有餐饮、购物或休息支持价值，仅在用户有对应需求时召回，不进入默认景点路线。,规则复核,,2026-09-20,高
B0J3X7ABTZ,潮盛乒乓球(金桥店),潮盛乒乓球(金桥店),普通门店候选,从服务库排除,ordinary_store,保留高德原始记录；普通品牌门店按明确购物需求实时检索,规则复核,,2026-09-20,高
B0FFLF7WA2,澳门街·风情商业街,澳门街·风情商业街,旅行类别与购物类型冲突,保留实体,urban_experience,商业街、老街、夜市等可服务城市漫游、餐饮和夜游场景，保留实体并按旅行场景召回。,规则复核,,2026-09-20,高
B0I0M53RR1,燃动体育(汇港国际商务广场店),燃动体育(汇港国际商务广场店),普通门店候选,从服务库排除,ordinary_store,保留高德原始记录；普通品牌门店按明确购物需求实时检索,规则复核,,2026-09-20,高
B0LRT1AN3Y,特步(上海临港万达广场店),特步(上海临港万达广场店),普通门店候选,从服务库排除,ordinary_store,保留高德原始记录；普通品牌门店按明确购物需求实时检索,规则复核,,2026-09-20,高
B00155BEH3,特步(东门大街店),特步(东门大街店),普通门店候选,从服务库排除,ordinary_store,保留高德原始记录；普通品牌门店按明确购物需求实时检索,规则复核,,2026-09-20,高
B0FFGE4UBX,特步(关岳西路店),特步(关岳西路店),普通门店候选,从服务库排除,ordinary_store,保留高德原始记录；普通品牌门店按明确购物需求实时检索,规则复核,,2026-09-20,高
B0FFIG8S9M,特步(潮人商场店),特步(潮人商场店),普通门店候选,从服务库排除,ordinary_store,保留高德原始记录；普通品牌门店按明确购物需求实时检索,规则复核,,2026-09-20,高
B0JRHAKNMU,瑞驰高尔夫(三林东明路店),瑞驰高尔夫(三林东明路店),普通门店候选,从服务库排除,ordinary_store,保留高德原始记录；普通品牌门店按明确购物需求实时检索,规则复核,,2026-09-20,高
B0FFFPPGF7,百煕壹号街,百煕壹号街,旅行类别与购物类型冲突,保留实体,commercial_support,该实体具有餐饮、购物或休息支持价值，仅在用户有对应需求时召回，不进入默认景点路线。,规则复核,,2026-09-20,高
B0KUAL80WJ,碧云里,碧云里,旅行类别与购物类型冲突,保留实体,commercial_support,该实体具有餐饮、购物或休息支持价值，仅在用户有对应需求时召回，不进入默认景点路线。,规则复核,,2026-09-20,高
B0KUFH52GB,福山荟,福山荟,旅行类别与购物类型冲突,保留实体,commercial_support,该实体具有餐饮、购物或休息支持价值，仅在用户有对应需求时召回，不进入默认景点路线。,规则复核,,2026-09-20,高
B00156CZUX,福山菜市场(福山路),福山菜市场(福山路),旅行类别与购物类型冲突,保留实体,commercial_support,该实体具有餐饮、购物或休息支持价值，仅在用户有对应需求时召回，不进入默认景点路线。,规则复核,,2026-09-20,高
B0GUXR9JDS,种子新星网球·儿童馆(金桥融创店),种子新星网球·儿童馆(金桥融创店),普通门店候选,从服务库排除,ordinary_store,保留高德原始记录；普通品牌门店按明确购物需求实时检索,规则复核,,2026-09-20,高
B0I1ZCLAVK,竟击体育,竟击体育,普通门店候选,从服务库排除,ordinary_store,保留高德原始记录；普通品牌门店按明确购物需求实时检索,规则复核,,2026-09-20,高
B0FFJDJOT8,简康健身,简康健身,普通门店候选,从服务库排除,ordinary_store,保留高德原始记录；普通品牌门店按明确购物需求实时检索,规则复核,,2026-09-20,高
B0FFG9UEEP,绿地·乐和城·壹天地时尚广场,绿地·乐和城·壹天地时尚广场,旅行类别与购物类型冲突,保留实体,commercial_support,该实体具有餐饮、购物或休息支持价值，仅在用户有对应需求时召回，不进入默认景点路线。,规则复核,,2026-09-20,高
B0FFFZ070Q,绿地东海岸时代广场,绿地东海岸时代广场,旅行类别与购物类型冲突,保留实体,commercial_support,该实体具有餐饮、购物或休息支持价值，仅在用户有对应需求时召回，不进入默认景点路线。,规则复核,,2026-09-20,高
B0FFMDXAIQ,绿地乐和城,绿地乐和城,旅行类别与购物类型冲突,保留实体,commercial_support,该实体具有餐饮、购物或休息支持价值，仅在用户有对应需求时召回，不进入默认景点路线。,规则复核,,2026-09-20,高
B0FFHWL1J8,绿地新都会·东海岸时代广场北区,绿地新都会·东海岸时代广场北区,旅行类别与购物类型冲突,保留实体,commercial_support,该实体具有餐饮、购物或休息支持价值，仅在用户有对应需求时召回，不进入默认景点路线。,规则复核,,2026-09-20,高
B0FFGXSMO1,绿地新都会·东海岸时代广场南区,绿地新都会·东海岸时代广场南区,旅行类别与购物类型冲突,保留实体,commercial_support,该实体具有餐饮、购物或休息支持价值，仅在用户有对应需求时召回，不进入默认景点路线。,规则复核,,2026-09-20,高
B0HKOHI3DI,美地芳邻商业街,美地芳邻商业街,旅行类别与购物类型冲突,保留实体,urban_experience,商业街、老街、夜市等可服务城市漫游、餐饮和夜游场景，保留实体并按旅行场景召回。,规则复核,,2026-09-20,高
B0FFJ1LHVC,美津浓(上海第一八佰伴店),美津浓(上海第一八佰伴店),普通门店候选,从服务库排除,ordinary_store,保留高德原始记录；普通品牌门店按明确购物需求实时检索,规则复核,,2026-09-20,高
B0JAXXB5MV,美食小吃步行街(观海小区店),美食小吃步行街(观海小区店),旅行类别与购物类型冲突,保留实体,urban_experience,商业街、老街、夜市等可服务城市漫游、餐饮和夜游场景，保留实体并按旅行场景召回。,规则复核,,2026-09-20,高
B0H2PCRDGX,耐克Nike(LaLaport上海金桥店),耐克Nike(LaLaport上海金桥店),普通门店候选,从服务库排除,ordinary_store,保留高德原始记录；普通品牌门店按明确购物需求实时检索,规则复核,,2026-09-20,高
B0FFG8KN6D,耐克Nike(上海佛罗伦萨小镇店),耐克Nike(上海佛罗伦萨小镇店),普通门店候选,从服务库排除,ordinary_store,保留高德原始记录；普通品牌门店按明确购物需求实时检索,规则复核,,2026-09-20,高
B0HUUOV2ZZ,耐克Nike(上海周浦万达广场店),耐克Nike(上海周浦万达广场店),普通门店候选,从服务库排除,ordinary_store,保留高德原始记录；普通品牌门店按明确购物需求实时检索,规则复核,,2026-09-20,高
B00155M6G0,耐克Nike(上海第一八佰伴店),耐克Nike(上海第一八佰伴店),普通门店候选,从服务库排除,ordinary_store,保留高德原始记录；普通品牌门店按明确购物需求实时检索,规则复核,,2026-09-20,高
B0FFIB4H6G,耐克Nike(上海第一八佰伴店),耐克Nike(上海第一八佰伴店),普通门店候选,从服务库排除,ordinary_store,保留高德原始记录；普通品牌门店按明确购物需求实时检索,规则复核,,2026-09-20,高
B0FFJ7NKQT,耐克Nike(世纪汇广场店),耐克Nike(世纪汇广场店),普通门店候选,从服务库排除,ordinary_store,保留高德原始记录；普通品牌门店按明确购物需求实时检索,规则复核,,2026-09-20,高
B00155QA9U,耐克Nike(人民东路),耐克Nike(人民东路),普通门店候选,从服务库排除,ordinary_store,保留高德原始记录；普通品牌门店按明确购物需求实时检索,规则复核,,2026-09-20,高
B0HKVSA62Y,耐克Nike(南汇浦东商场店),耐克Nike(南汇浦东商场店),普通门店候选,从服务库排除,ordinary_store,保留高德原始记录；普通品牌门店按明确购物需求实时检索,规则复核,,2026-09-20,高
B0G229V9PR,耐克Nike(唐镇阳光天地购物中心店),耐克Nike(唐镇阳光天地购物中心店),普通门店候选,从服务库排除,ordinary_store,保留高德原始记录；普通品牌门店按明确购物需求实时检索,规则复核,,2026-09-20,高
B0K60NZFFW,耐克Nike(招商花园城店),耐克Nike(招商花园城店),普通门店候选,从服务库排除,ordinary_store,保留高德原始记录；普通品牌门店按明确购物需求实时检索,规则复核,,2026-09-20,高
B0FFHU65LF,耐克Nike(文峰广场店),耐克Nike(文峰广场店),普通门店候选,从服务库排除,ordinary_store,保留高德原始记录；普通品牌门店按明确购物需求实时检索,规则复核,,2026-09-20,高
B0HBR62YJ0,耐克Nike(比斯特上海购物村店),耐克Nike(比斯特上海购物村店),普通门店候选,从服务库排除,ordinary_store,保留高德原始记录；普通品牌门店按明确购物需求实时检索,规则复核,,2026-09-20,高
B0I1J45HQX,耐克Nike(浦建巴黎春天店),耐克Nike(浦建巴黎春天店),普通门店候选,从服务库排除,ordinary_store,保留高德原始记录；普通品牌门店按明确购物需求实时检索,规则复核,,2026-09-20,高
B0HUVX6IEB,耐克Nike(百联川沙购物中心店),耐克Nike(百联川沙购物中心店),普通门店候选,从服务库排除,ordinary_store,保留高德原始记录；普通品牌门店按明确购物需求实时检索,规则复核,,2026-09-20,高
B0FFHXFNSJ,耐克Nike(金科路店),耐克Nike(金科路店),普通门店候选,从服务库排除,ordinary_store,保留高德原始记录；普通品牌门店按明确购物需求实时检索,规则复核,,2026-09-20,高
B0LUASOV44,耐克Nike(龙光蓝鲸世界购物中心店),耐克Nike(龙光蓝鲸世界购物中心店),普通门店候选,从服务库排除,ordinary_store,保留高德原始记录；普通品牌门店按明确购物需求实时检索,规则复核,,2026-09-20,高
B0KAKURIQE,胜道仓(上海浦东禹悦汇店),胜道仓(上海浦东禹悦汇店),普通门店候选,从服务库排除,ordinary_store,保留高德原始记录；普通品牌门店按明确购物需求实时检索,规则复核,,2026-09-20,高
B0L2UME23A,舒华跑步机健身器材(浦东大华锦绣国际广场店),舒华跑步机健身器材(浦东大华锦绣国际广场店),普通门店候选,从服务库排除,ordinary_store,保留高德原始记录；普通品牌门店按明确购物需求实时检索,规则复核,,2026-09-20,高
B0FFG7H0UT,荣广体育(淘宝店),荣广体育(淘宝店),普通门店候选,从服务库排除,ordinary_store,保留高德原始记录；普通品牌门店按明确购物需求实时检索,规则复核,,2026-09-20,高
B00156ENM8,荷兰风情街,荷兰风情街,旅行类别与购物类型冲突,保留实体,urban_experience,商业街、老街、夜市等可服务城市漫游、餐饮和夜游场景，保留实体并按旅行场景召回。,规则复核,,2026-09-20,高
B0FFJTOXO8,荷特宝美食街,荷特宝美食街,旅行类别与购物类型冲突,保留实体,urban_experience,商业街、老街、夜市等可服务城市漫游、餐饮和夜游场景，保留实体并按旅行场景召回。,规则复核,,2026-09-20,高
B0FFI80NSX,迈横九号街,迈横九号街,旅行类别与购物类型冲突,保留实体,commercial_support,该实体具有餐饮、购物或休息支持价值，仅在用户有对应需求时召回，不进入默认景点路线。,规则复核,,2026-09-20,高
B00155KUVA,迪卡侬(上海花木店),迪卡侬(上海花木店),普通门店候选,从服务库排除,ordinary_store,保留高德原始记录；普通品牌门店按明确购物需求实时检索,规则复核,,2026-09-20,高
B0FFJFT8UV,迪卡侬(世博源店),迪卡侬(世博源店),普通门店候选,从服务库排除,ordinary_store,保留高德原始记录；普通品牌门店按明确购物需求实时检索,规则复核,,2026-09-20,高
B0L02ZN2T0,迪卡侬(世纪汇店),迪卡侬(世纪汇店),普通门店候选,从服务库排除,ordinary_store,保留高德原始记录；普通品牌门店按明确购物需求实时检索,规则复核,,2026-09-20,高
B0FFLJ1ZGP,迪卡侬(唐镇店),迪卡侬(唐镇店),普通门店候选,从服务库排除,ordinary_store,保留高德原始记录；普通品牌门店按明确购物需求实时检索,规则复核,,2026-09-20,高
B0KRVDGD2Z,迪卡侬(啦啦宝嘟店),迪卡侬(啦啦宝嘟店),普通门店候选,从服务库排除,ordinary_store,保留高德原始记录；普通品牌门店按明确购物需求实时检索,规则复核,,2026-09-20,高
B0FFHXZ2GH,迪卡侬(森兰美伦店),迪卡侬(森兰美伦店),普通门店候选,从服务库排除,ordinary_store,保留高德原始记录；普通品牌门店按明确购物需求实时检索,规则复核,,2026-09-20,高
B0FFGYMCF9,迪士尼小镇,迪士尼小镇,旅行类别与购物类型冲突,保留实体,urban_experience,商业街、老街、夜市等可服务城市漫游、餐饮和夜游场景，保留实体并按旅行场景召回。,规则复核,,2026-09-20,高
B0FFGPQTS5,金桥阳光花苑商业中心,金桥阳光花苑商业中心,旅行类别与购物类型冲突,保留实体,indoor_leisure,商业综合体可服务雨天、休息、餐饮和购物场景，保留实体但不按传统景点解释。,规则复核,,2026-09-20,高
B0FFGB3D22,鑫光体育用品店羽毛球店,鑫光体育用品店羽毛球店,普通门店候选,从服务库排除,ordinary_store,保留高德原始记录；普通品牌门店按明确购物需求实时检索,规则复核,,2026-09-20,高
B0FFHFIZT1,锦绣坊,锦绣坊,旅行类别与购物类型冲突；普通门店候选,从服务库排除,ordinary_store,保留高德原始记录；普通品牌门店按明确购物需求实时检索,规则复核,,2026-09-20,高
B0FFLGB6DY,长岛路双拥一条街(金桥湾清水苑长岛路1280弄店),长岛路双拥一条街(金桥湾清水苑长岛路1280弄店),旅行类别与购物类型冲突,保留实体,commercial_support,该实体具有餐饮、购物或休息支持价值，仅在用户有对应需求时召回，不进入默认景点路线。,规则复核,,2026-09-20,高
B0FFG0XIOF,阳光天地购物中心(唐镇店),阳光天地购物中心(唐镇店),普通门店候选,从服务库排除,ordinary_store,保留高德原始记录；普通品牌门店按明确购物需求实时检索,规则复核,,2026-09-20,高
B0KKMHUMYQ,阿迪达斯,阿迪达斯,普通门店候选,从服务库排除,ordinary_store,保留高德原始记录；普通品牌门店按明确购物需求实时检索,规则复核,,2026-09-20,高
B0HKUDXPHT,阿迪达斯(上海名品奥特莱斯佛罗伦萨小镇店),阿迪达斯(上海名品奥特莱斯佛罗伦萨小镇店),普通门店候选,从服务库排除,ordinary_store,保留高德原始记录；普通品牌门店按明确购物需求实时检索,规则复核,,2026-09-20,高
B0FFJC0JU5,阿迪达斯(上海第一八佰伴店),阿迪达斯(上海第一八佰伴店),普通门店候选,从服务库排除,ordinary_store,保留高德原始记录；普通品牌门店按明确购物需求实时检索,规则复核,,2026-09-20,高
B0FFMBAS7D,阿迪达斯(世纪汇广场店),阿迪达斯(世纪汇广场店),普通门店候选,从服务库排除,ordinary_store,保留高德原始记录；普通品牌门店按明确购物需求实时检索,规则复核,,2026-09-20,高
B0FFJFTY0P,阿迪达斯(中房金谊广场店),阿迪达斯(中房金谊广场店),普通门店候选,从服务库排除,ordinary_store,保留高德原始记录；普通品牌门店按明确购物需求实时检索,规则复核,,2026-09-20,高
B0FFK3L56Q,阿迪达斯(亿丰时代广场折扣店),阿迪达斯(亿丰时代广场折扣店),普通门店候选,从服务库排除,ordinary_store,保留高德原始记录；普通品牌门店按明确购物需求实时检索,规则复核,,2026-09-20,高
B0HKK7MZS6,阿迪达斯(佛罗伦萨小镇2期店),阿迪达斯(佛罗伦萨小镇2期店),普通门店候选,从服务库排除,ordinary_store,保留高德原始记录；普通品牌门店按明确购物需求实时检索,规则复核,,2026-09-20,高
B0FFJGFPMQ,阿迪达斯(佛罗伦萨小镇折扣店),阿迪达斯(佛罗伦萨小镇折扣店),普通门店候选,从服务库排除,ordinary_store,保留高德原始记录；普通品牌门店按明确购物需求实时检索,规则复核,,2026-09-20,高
B0J6PLCNMQ,阿迪达斯(前滩太古里店),阿迪达斯(前滩太古里店),普通门店候选,从服务库排除,ordinary_store,保留高德原始记录；普通品牌门店按明确购物需求实时检索,规则复核,,2026-09-20,高
B0HR5G8ZWY,阿迪达斯(南汇折扣店),阿迪达斯(南汇折扣店),普通门店候选,从服务库排除,ordinary_store,保留高德原始记录；普通品牌门店按明确购物需求实时检索,规则复核,,2026-09-20,高
B0L2C7I9I9,阿迪达斯(成山巴黎春天店),阿迪达斯(成山巴黎春天店),普通门店候选,从服务库排除,ordinary_store,保留高德原始记录；普通品牌门店按明确购物需求实时检索,规则复核,,2026-09-20,高
B0L3NADDAY,阿迪达斯(比斯特上海购物村店),阿迪达斯(比斯特上海购物村店),普通门店候选,从服务库排除,ordinary_store,保留高德原始记录；普通品牌门店按明确购物需求实时检索,规则复核,,2026-09-20,高
B0L0UDW68C,阿迪达斯(汇智国际商业中心店),阿迪达斯(汇智国际商业中心店),普通门店候选,从服务库排除,ordinary_store,保留高德原始记录；普通品牌门店按明确购物需求实时检索,规则复核,,2026-09-20,高
B0FFHG0FXT,阿迪达斯(浦建巴黎春天店),阿迪达斯(浦建巴黎春天店),普通门店候选,从服务库排除,ordinary_store,保留高德原始记录；普通品牌门店按明确购物需求实时检索,规则复核,,2026-09-20,高
B0I1479L2H,阿迪达斯(百联世纪购物中心店),阿迪达斯(百联世纪购物中心店),普通门店候选,从服务库排除,ordinary_store,保留高德原始记录；普通品牌门店按明确购物需求实时检索,规则复核,,2026-09-20,高
B0FFHZVNLT,阿迪达斯(百联川沙购物中心店),阿迪达斯(百联川沙购物中心店),普通门店候选,从服务库排除,ordinary_store,保留高德原始记录；普通品牌门店按明确购物需求实时检索,规则复核,,2026-09-20,高
B00155M3YI,阿迪达斯三叶草(文峰广场店),阿迪达斯三叶草(文峰广场店),普通门店候选,从服务库排除,ordinary_store,保留高德原始记录；普通品牌门店按明确购物需求实时检索,规则复核,,2026-09-20,高
B0FFGQ4IMO,阿迪达斯三叶草(金桥国际商业广场店),阿迪达斯三叶草(金桥国际商业广场店),普通门店候选,从服务库排除,ordinary_store,保留高德原始记录；普通品牌门店按明确购物需求实时检索,规则复核,,2026-09-20,高
B0FFJDWA80,陆家嘴滨江金融城-尚悦街,陆家嘴滨江金融城-尚悦街,旅行类别与购物类型冲突,保留实体,commercial_support,该实体具有餐饮、购物或休息支持价值，仅在用户有对应需求时召回，不进入默认景点路线。,规则复核,,2026-09-20,高
B0M6V5J23C,飞羽体育羽毛球馆,飞羽体育羽毛球馆,普通门店候选,从服务库排除,ordinary_store,保留高德原始记录；普通品牌门店按明确购物需求实时检索,规则复核,,2026-09-20,高
B0FFIL7RDX,食尚金街,食尚金街,旅行类别与购物类型冲突,保留实体,commercial_support,该实体具有餐饮、购物或休息支持价值，仅在用户有对应需求时召回，不进入默认景点路线。,规则复核,,2026-09-20,高
B0H25ZM0V5,香雪里滨水休闲街区(潮人商城店),香雪里滨水休闲街区(潮人商城店),旅行类别与购物类型冲突,保留实体,commercial_support,该实体具有餐饮、购物或休息支持价值，仅在用户有对应需求时召回，不进入默认景点路线。,规则复核,,2026-09-20,高
B0KK3UWYXH,骆驼户外运动城(上海世博天地店),骆驼户外运动城(上海世博天地店),普通门店候选,从服务库排除,ordinary_store,保留高德原始记录；普通品牌门店按明确购物需求实时检索,规则复核,,2026-09-20,高
B0LKPC04FZ,骆驼户外运动城(陆悦天地店),骆驼户外运动城(陆悦天地店),普通门店候选,从服务库排除,ordinary_store,保留高德原始记录；普通品牌门店按明确购物需求实时检索,规则复核,,2026-09-20,高
B0FFGI8AK3,高行商业步行街,高行商业步行街,旅行类别与购物类型冲突,保留实体,urban_experience,商业街、老街、夜市等可服务城市漫游、餐饮和夜游场景，保留实体并按旅行场景召回。,规则复核,,2026-09-20,高
B0J6ZZHJ3P,鬼冢虎 Onitsuka Tiger(百联川沙购物中心店),鬼冢虎 Onitsuka Tiger(百联川沙购物中心店),普通门店候选,从服务库排除,ordinary_store,保留高德原始记录；普通品牌门店按明确购物需求实时检索,规则复核,,2026-09-20,高
B0IUY1P4OO,鸿星尔克(川沙家乐福店),鸿星尔克(川沙家乐福店),普通门店候选,从服务库排除,ordinary_store,保留高德原始记录；普通品牌门店按明确购物需求实时检索,规则复核,,2026-09-20,高
B0JKHS8NXJ,鸿星尔克(招商花园城店),鸿星尔克(招商花园城店),旅行类别与购物类型冲突；普通门店候选,从服务库排除,ordinary_store,保留高德原始记录；普通品牌门店按明确购物需求实时检索,规则复核,,2026-09-20,高
B0K6TBMJC6,鸿星尔克(文峰广场店),鸿星尔克(文峰广场店),普通门店候选,从服务库排除,ordinary_store,保留高德原始记录；普通品牌门店按明确购物需求实时检索,规则复核,,2026-09-20,高
B0FFL7MS7L,鼹鼠部落童书馆(前滩雍萃46店),鼹鼠部落童书馆(前滩雍萃46店),普通门店候选,从服务库排除,ordinary_store,保留高德原始记录；普通品牌门店按明确购物需求实时检索,规则复核,,2026-09-20,高
B0H2PCR5NO,JOMOO九牧卫浴(虹口区好美家店),JOMOO九牧卫浴(虹口区好美家店),普通门店候选,从服务库排除,ordinary_store,保留高德原始记录；普通品牌门店按明确购物需求实时检索,规则复核,,2026-09-20,高
B0FFGJEDWP,SKECHERS 斯凯奇(凯德虹口商业中心店),SKECHERS 斯凯奇(凯德虹口商业中心店),旅行类别与购物类型冲突；普通门店候选,从服务库排除,ordinary_store,保留高德原始记录；普通品牌门店按明确购物需求实时检索,规则复核,,2026-09-20,高
B0J2MR0XWH,VICTOR威克多(虹口足球场店),VICTOR威克多(虹口足球场店),普通门店候选,从服务库排除,ordinary_store,保留高德原始记录；普通品牌门店按明确购物需求实时检索,规则复核,,2026-09-20,高
B0FFHSJ8WS,YONEX(汶水东路店),YONEX(汶水东路店),普通门店候选,从服务库排除,ordinary_store,保留高德原始记录；普通品牌门店按明确购物需求实时检索,规则复核,,2026-09-20,高
B0L6K7P2JM,YONEX(瑞虹新天地太阳宫店),YONEX(瑞虹新天地太阳宫店),普通门店候选,从服务库排除,ordinary_store,保留高德原始记录；普通品牌门店按明确购物需求实时检索,规则复核,,2026-09-20,高
B0GKH50WHI,YONEX(虹口足球场店),YONEX(虹口足球场店),普通门店候选,从服务库排除,ordinary_store,保留高德原始记录；普通品牌门店按明确购物需求实时检索,规则复核,,2026-09-20,高
B0FFHNZP87,三叶草店(凯德虹口商业中心店),三叶草店(凯德虹口商业中心店),普通门店候选,从服务库排除,ordinary_store,保留高德原始记录；普通品牌门店按明确购物需求实时检索,规则复核,,2026-09-20,高
B0GUM76WJ3,健盟体育(虹口足球场店),健盟体育(虹口足球场店),普通门店候选,从服务库排除,ordinary_store,保留高德原始记录；普通品牌门店按明确购物需求实时检索,规则复核,,2026-09-20,高
B00155QUA3,同策体育虹口旗舰店&蝴蝶上海虹口试打中心,同策体育虹口旗舰店&蝴蝶上海虹口试打中心,普通门店候选,从服务库排除,ordinary_store,保留高德原始记录；普通品牌门店按明确购物需求实时检索,规则复核,,2026-09-20,高
B00155L3C5,四川北路商业街,四川北路商业街,旅行类别与购物类型冲突,保留实体,urban_experience,商业街、老街、夜市等可服务城市漫游、餐饮和夜游场景，保留实体并按旅行场景召回。,规则复核,,2026-09-20,高
B00155FLFD,多伦路文化名人街,多伦路文化名人街,旅行类别与购物类型冲突,保留实体,commercial_support,该实体具有餐饮、购物或休息支持价值，仅在用户有对应需求时召回，不进入默认景点路线。,规则复核,,2026-09-20,高
B0FFJVD5P0,小李子足球装备(虹口店),小李子足球装备(虹口店),旅行类别与购物类型冲突；普通门店候选,从服务库排除,ordinary_store,保留高德原始记录；普通品牌门店按明确购物需求实时检索,规则复核,,2026-09-20,高
B0FFGIPBRV,小林house足球城耐克申花体验店,小林house足球城耐克申花体验店,普通门店候选,从服务库排除,ordinary_store,保留高德原始记录；普通品牌门店按明确购物需求实时检索,规则复核,,2026-09-20,高
B0KG9U4EAR,悟空体育(虹口花园路店),悟空体育(虹口花园路店),旅行类别与购物类型冲突；普通门店候选,从服务库排除,ordinary_store,保留高德原始记录；普通品牌门店按明确购物需求实时检索,规则复核,,2026-09-20,高
B0FFMDHNF9,潜潮派潜水装备,潜潮派潜水装备,普通门店候选,从服务库排除,ordinary_store,保留高德原始记录；普通品牌门店按明确购物需求实时检索,规则复核,,2026-09-20,高
B0FFH815Q6,美食街广场,美食街广场,旅行类别与购物类型冲突,保留实体,urban_experience,商业街、老街、夜市等可服务城市漫游、餐饮和夜游场景，保留实体并按旅行场景召回。,规则复核,,2026-09-20,高
B0FFI2QMTB,耐克Nike(凯德虹口商业中心店),耐克Nike(凯德虹口商业中心店),普通门店候选,从服务库排除,ordinary_store,保留高德原始记录；普通品牌门店按明确购物需求实时检索,规则复核,,2026-09-20,高
B0IUCST9PF,耐克Nike(百联曲阳购物中心店),耐克Nike(百联曲阳购物中心店),普通门店候选,从服务库排除,ordinary_store,保留高德原始记录；普通品牌门店按明确购物需求实时检索,规则复核,,2026-09-20,高
B0KU776P64,阿迪达斯(凯德虹口商业中心店),阿迪达斯(凯德虹口商业中心店),普通门店候选,从服务库排除,ordinary_store,保留高德原始记录；普通品牌门店按明确购物需求实时检索,规则复核,,2026-09-20,高
B0FFM43975,阿迪达斯(百联曲阳购物中心店),阿迪达斯(百联曲阳购物中心店),普通门店候选,从服务库排除,ordinary_store,保留高德原始记录；普通品牌门店按明确购物需求实时检索,规则复核,,2026-09-20,高
B0J2KU6T7S,青春E里,青春E里,旅行类别与购物类型冲突,保留实体,commercial_support,该实体具有餐饮、购物或休息支持价值，仅在用户有对应需求时召回，不进入默认景点路线。,规则复核,,2026-09-20,高
B00155CZMM,飞羽体育(凉城路368弄小区店),飞羽体育(凉城路368弄小区店),普通门店候选,从服务库排除,ordinary_store,保留高德原始记录；普通品牌门店按明确购物需求实时检索,规则复核,,2026-09-20,高
B0FFFFPR83,飞越体育(密云路店),飞越体育(密云路店),普通门店候选,从服务库排除,ordinary_store,保留高德原始记录；普通品牌门店按明确购物需求实时检索,规则复核,,2026-09-20,高
B0FFJM9QG6,361°(金山六店),361°(金山六店),旅行类别与购物类型冲突；普通门店候选,从服务库排除,ordinary_store,保留高德原始记录；普通品牌门店按明确购物需求实时检索,规则复核,,2026-09-20,高
B0FFI1A3K0,Columbia(百联金山购物中心),Columbia(百联金山购物中心),普通门店候选,从服务库排除,ordinary_store,保留高德原始记录；普通品牌门店按明确购物需求实时检索,规则复核,,2026-09-20,高
B0JBSDSVEL,GXG(百联金山购物中心),GXG(百联金山购物中心),普通门店候选,从服务库排除,ordinary_store,保留高德原始记录；普通品牌门店按明确购物需求实时检索,规则复核,,2026-09-20,高
B0I0M54CCL,MLB(百联金山购物中心店),MLB(百联金山购物中心店),普通门店候选,从服务库排除,ordinary_store,保留高德原始记录；普通品牌门店按明确购物需求实时检索,规则复核,,2026-09-20,高
B0FFHE2JGI,SKECHERS 斯凯奇(上海金山万达广场店),SKECHERS 斯凯奇(上海金山万达广场店),普通门店候选,从服务库排除,ordinary_store,保留高德原始记录；普通品牌门店按明确购物需求实时检索,规则复核,,2026-09-20,高
B0FFHJQ0X2,Timberland(百联金山购物中心店),Timberland(百联金山购物中心店),普通门店候选,从服务库排除,ordinary_store,保留高德原始记录；普通品牌门店按明确购物需求实时检索,规则复核,,2026-09-20,高
B0FFHGHVFK,万安生活园(万安街店),万安生活园(万安街店),旅行类别与购物类型冲突,保留实体,commercial_support,该实体具有餐饮、购物或休息支持价值，仅在用户有对应需求时召回，不进入默认景点路线。,规则复核,,2026-09-20,高
B0FFLAAL7B,上海翼浪体育(欧洲城店),上海翼浪体育(欧洲城店),普通门店候选,从服务库排除,ordinary_store,保留高德原始记录；普通品牌门店按明确购物需求实时检索,规则复核,,2026-09-20,高
B00156ECB2,东方商厦(金山店),东方商厦(金山店),旅行类别与购物类型冲突,保留实体,commercial_support,该实体具有餐饮、购物或休息支持价值，仅在用户有对应需求时召回，不进入默认景点路线。,规则复核,,2026-09-20,高
B0FFF001Y5,东林街,东林街,旅行类别与购物类型冲突,保留实体,commercial_support,该实体具有餐饮、购物或休息支持价值，仅在用户有对应需求时召回，不进入默认景点路线。,规则复核,,2026-09-20,高
B00155E1QW,北随塘河路商业街,北随塘河路商业街,旅行类别与购物类型冲突,保留实体,urban_experience,商业街、老街、夜市等可服务城市漫游、餐饮和夜游场景，保留实体并按旅行场景召回。,规则复核,,2026-09-20,高
B0JGO7RK1H,半岛映巷主题街区(万达广场店),半岛映巷主题街区(万达广场店),旅行类别与购物类型冲突,保留实体,commercial_support,该实体具有餐饮、购物或休息支持价值，仅在用户有对应需求时召回，不进入默认景点路线。,规则复核,,2026-09-20,高
B00155BLSX,卫零路商业室内步行街,卫零路商业室内步行街,旅行类别与购物类型冲突,保留实体,urban_experience,商业街、老街、夜市等可服务城市漫游、餐饮和夜游场景，保留实体并按旅行场景召回。,规则复核,,2026-09-20,高
B0G3AK78MV,奥莱体育折扣店(板桥西路店),奥莱体育折扣店(板桥西路店),普通门店候选,从服务库排除,ordinary_store,保留高德原始记录；普通品牌门店按明确购物需求实时检索,规则复核,,2026-09-20,高
B00156D2AT,安踏(寺平北路店),安踏(寺平北路店),普通门店候选,从服务库排除,ordinary_store,保留高德原始记录；普通品牌门店按明确购物需求实时检索,规则复核,,2026-09-20,高
B0FFIDAZQ9,安踏(开乐大街店),安踏(开乐大街店),普通门店候选,从服务库排除,ordinary_store,保留高德原始记录；普通品牌门店按明确购物需求实时检索,规则复核,,2026-09-20,高
B0IUXHE2YG,山塘老街,山塘老街,旅行类别与购物类型冲突,保留实体,urban_experience,商业街、老街、夜市等可服务城市漫游、餐饮和夜游场景，保留实体并按旅行场景召回。,规则复核,,2026-09-20,高
B00155NMR6,新东林商业步行街(天乐苑店),新东林商业步行街(天乐苑店),旅行类别与购物类型冲突,保留实体,urban_experience,商业街、老街、夜市等可服务城市漫游、餐饮和夜游场景，保留实体并按旅行场景召回。,规则复核,,2026-09-20,高
B0FFHG8T5X,涌金广场东区,涌金广场东区,旅行类别与购物类型冲突,保留实体,commercial_support,该实体具有餐饮、购物或休息支持价值，仅在用户有对应需求时召回，不进入默认景点路线。,规则复核,,2026-09-20,高
B0LA2CMS21,爱琴海·缤纷里AEGEAN BINGO,爱琴海·缤纷里AEGEAN BINGO,旅行类别与购物类型冲突,保留实体,commercial_support,该实体具有餐饮、购物或休息支持价值，仅在用户有对应需求时召回，不进入默认景点路线。,规则复核,,2026-09-20,高
B00157387F,特步(东林街店),特步(东林街店),普通门店候选,从服务库排除,ordinary_store,保留高德原始记录；普通品牌门店按明确购物需求实时检索,规则复核,,2026-09-20,高
B0I1XUORV1,特步(寺平北路店),特步(寺平北路店),普通门店候选,从服务库排除,ordinary_store,保留高德原始记录；普通品牌门店按明确购物需求实时检索,规则复核,,2026-09-20,高
B00156GSZE,特步(朱行店),特步(朱行店),普通门店候选,从服务库排除,ordinary_store,保留高德原始记录；普通品牌门店按明确购物需求实时检索,规则复核,,2026-09-20,高
B0FFM45NGV,绿地乐和城,绿地乐和城,旅行类别与购物类型冲突,保留实体,commercial_support,该实体具有餐饮、购物或休息支持价值，仅在用户有对应需求时召回，不进入默认景点路线。,规则复核,,2026-09-20,高
B0FFGBT0VE,绿茵高尔夫,绿茵高尔夫,普通门店候选,从服务库排除,ordinary_store,保留高德原始记录；普通品牌门店按明确购物需求实时检索,规则复核,,2026-09-20,高
B0K6JLXY89,耐克Nike(上海金山万达广场店),耐克Nike(上海金山万达广场店),普通门店候选,从服务库排除,ordinary_store,保留高德原始记录；普通品牌门店按明确购物需求实时检索,规则复核,,2026-09-20,高
B0FFHMLFUF,金山万达海汇街,金山万达海汇街,旅行类别与购物类型冲突,保留实体,commercial_support,该实体具有餐饮、购物或休息支持价值，仅在用户有对应需求时召回，不进入默认景点路线。,规则复核,,2026-09-20,高
B0FFHZOSA2,金山光明荟,金山光明荟,旅行类别与购物类型冲突,保留实体,commercial_support,该实体具有餐饮、购物或休息支持价值，仅在用户有对应需求时召回，不进入默认景点路线。,规则复核,,2026-09-20,高
B001573DWJ,金山嘴老街,金山嘴老街,旅行类别与购物类型冲突,保留实体,urban_experience,商业街、老街、夜市等可服务城市漫游、餐饮和夜游场景，保留实体并按旅行场景召回。,规则复核,,2026-09-20,高
B0HRX5T6V3,金山城市沙滩8号码头美食街广场,金山城市沙滩8号码头美食街广场,旅行类别与购物类型冲突,保留实体,urban_experience,商业街、老街、夜市等可服务城市漫游、餐饮和夜游场景，保留实体并按旅行场景召回。,规则复核,,2026-09-20,高
B0FFFEXXWN,金山红星国际广场,金山红星国际广场,旅行类别与购物类型冲突,保留实体,commercial_support,该实体具有餐饮、购物或休息支持价值，仅在用户有对应需求时召回，不进入默认景点路线。,规则复核,,2026-09-20,高
B0FFG954VE,金龙商业街,金龙商业街,旅行类别与购物类型冲突,保留实体,urban_experience,商业街、老街、夜市等可服务城市漫游、餐饮和夜游场景，保留实体并按旅行场景召回。,规则复核,,2026-09-20,高
B0M6TR5VSG,阿迪达斯,阿迪达斯,普通门店候选,从服务库排除,ordinary_store,保留高德原始记录；普通品牌门店按明确购物需求实时检索,规则复核,,2026-09-20,高
B00156F1L0,阿迪达斯(金山东方商厦店),阿迪达斯(金山东方商厦店),普通门店候选,从服务库排除,ordinary_store,保留高德原始记录；普通品牌门店按明确购物需求实时检索,规则复核,,2026-09-20,高
B0JK3UDJV7,骆驼优品(金山百联店),骆驼优品(金山百联店),旅行类别与购物类型冲突；普通门店候选,从服务库排除,ordinary_store,保留高德原始记录；普通品牌门店按明确购物需求实时检索,规则复核,,2026-09-20,高
B0LDCAP39H,ASICS亚瑟士(上海长宁来福士店),ASICS亚瑟士(上海长宁来福士店),普通门店候选,从服务库排除,ordinary_store,保留高德原始记录；普通品牌门店按明确购物需求实时检索,规则复核,,2026-09-20,高
B0J3UA1IVU,CLMX(长宁来福士广场店),CLMX(长宁来福士广场店),旅行类别与购物类型冲突；普通门店候选,从服务库排除,ordinary_store,保留高德原始记录；普通品牌门店按明确购物需求实时检索,规则复核,,2026-09-20,高
B0HDOG5V7N,Champion(虹桥南丰城店),Champion(虹桥南丰城店),旅行类别与购物类型冲突；普通门店候选,从服务库排除,ordinary_store,保留高德原始记录；普通品牌门店按明确购物需求实时检索,规则复核,,2026-09-20,高
B0FFL00CA3,Columbia(百盛优客城市广场店),Columbia(百盛优客城市广场店),普通门店候选,从服务库排除,ordinary_store,保留高德原始记录；普通品牌门店按明确购物需求实时检索,规则复核,,2026-09-20,高
B0KU7LD389,FILA(百盛优客城市广场店),FILA(百盛优客城市广场店),普通门店候选,从服务库排除,ordinary_store,保留高德原始记录；普通品牌门店按明确购物需求实时检索,规则复核,,2026-09-20,高
B00156ZV2Z,FILAKIDS(长宁龙之梦店),FILAKIDS(长宁龙之梦店),普通门店候选,从服务库排除,ordinary_store,保留高德原始记录；普通品牌门店按明确购物需求实时检索,规则复核,,2026-09-20,高
B001574GN8,GXG(长宁龙之梦城市生活中心店),GXG(长宁龙之梦城市生活中心店),普通门店候选,从服务库排除,ordinary_store,保留高德原始记录；普通品牌门店按明确购物需求实时检索,规则复核,,2026-09-20,高
B0J01CXBBA,Jumplify室内蹦极运动(虹桥店),Jumplify室内蹦极运动(虹桥店),普通门店候选,从服务库排除,ordinary_store,保留高德原始记录；普通品牌门店按明确购物需求实时检索,规则复核,,2026-09-20,高
B0K2OU8EQG,KAILAS凯乐石(长宁荟聚店),KAILAS凯乐石(长宁荟聚店),普通门店候选,从服务库排除,ordinary_store,保留高德原始记录；普通品牌门店按明确购物需求实时检索,规则复核,,2026-09-20,高
B0K3M7UH6V,MLB(上海荟聚店),MLB(上海荟聚店),普通门店候选,从服务库排除,ordinary_store,保留高德原始记录；普通品牌门店按明确购物需求实时检索,规则复核,,2026-09-20,高
B0J6APVSQ5,MLB(百盛优客城市广场西楼店),MLB(百盛优客城市广场西楼店),普通门店候选,从服务库排除,ordinary_store,保留高德原始记录；普通品牌门店按明确购物需求实时检索,规则复核,,2026-09-20,高
B0J6S1F0QQ,MLB(长宁龙之梦城市生活中心店),MLB(长宁龙之梦城市生活中心店),普通门店候选,从服务库排除,ordinary_store,保留高德原始记录；普通品牌门店按明确购物需求实时检索,规则复核,,2026-09-20,高
B0FFFEO4WN,NIKE KIDS(龙之梦城市生活中心长宁店),NIKE KIDS(龙之梦城市生活中心长宁店),普通门店候选,从服务库排除,ordinary_store,保留高德原始记录；普通品牌门店按明确购物需求实时检索,规则复核,,2026-09-20,高
B0K2OU8738,New balance(上海荟聚店),New balance(上海荟聚店),普通门店候选,从服务库排除,ordinary_store,保留高德原始记录；普通品牌门店按明确购物需求实时检索,规则复核,,2026-09-20,高
B0KA9ML0SC,PUMA彪马(长宁来福士店),PUMA彪马(长宁来福士店),普通门店候选,从服务库排除,ordinary_store,保留高德原始记录；普通品牌门店按明确购物需求实时检索,规则复核,,2026-09-20,高
B0FFJPED6J,SOLE速尔跑步机椭圆机健身器材官方直营店中山公园龙之梦店,SOLE速尔跑步机椭圆机健身器材官方直营店中山公园龙之梦店,旅行类别与购物类型冲突；普通门店候选,从服务库排除,ordinary_store,保留高德原始记录；普通品牌门店按明确购物需求实时检索,规则复核,,2026-09-20,高
B0JDHL0W5J,VICTOR威克多(建滔商业广场店),VICTOR威克多(建滔商业广场店),普通门店候选,从服务库排除,ordinary_store,保留高德原始记录；普通品牌门店按明确购物需求实时检索,规则复核,,2026-09-20,高
B0HGMX134P,champion(龙之梦城市生活中心店),champion(龙之梦城市生活中心店),普通门店候选,从服务库排除,ordinary_store,保留高德原始记录；普通品牌门店按明确购物需求实时检索,规则复核,,2026-09-20,高
B0JUUZKV5W,lululemon(长宁来福士店),lululemon(长宁来福士店),普通门店候选,从服务库排除,ordinary_store,保留高德原始记录；普通品牌门店按明确购物需求实时检索,规则复核,,2026-09-20,高
B0K2OU9NBE,mont·bell(天会商务广场店),mont·bell(天会商务广场店),普通门店候选,从服务库排除,ordinary_store,保留高德原始记录；普通品牌门店按明确购物需求实时检索,规则复核,,2026-09-20,高
B0FFFEO4VU,new balance(汇金百货虹桥店),new balance(汇金百货虹桥店),普通门店候选,从服务库排除,ordinary_store,保留高德原始记录；普通品牌门店按明确购物需求实时检索,规则复核,,2026-09-20,高
B0JDBZ6S2H,上海李宁中心,上海李宁中心,普通门店候选,从服务库排除,ordinary_store,保留高德原始记录；普通品牌门店按明确购物需求实时检索,规则复核,,2026-09-20,高
B0G11DEL08,中国黄金(长宁龙之梦城市生活中心店),中国黄金(长宁龙之梦城市生活中心店),普通门店候选,从服务库排除,ordinary_store,保留高德原始记录；普通品牌门店按明确购物需求实时检索,规则复核,,2026-09-20,高
B0H66YB8Z7,乔山跑步机健身器材按摩椅(中山公园龙之梦店),乔山跑步机健身器材按摩椅(中山公园龙之梦店),普通门店候选,从服务库排除,ordinary_store,保留高德原始记录；普通品牌门店按明确购物需求实时检索,规则复核,,2026-09-20,高
B0JUVZYA2K,天山夜市,天山夜市,旅行类别与购物类型冲突,保留实体,urban_experience,商业街、老街、夜市等可服务城市漫游、餐饮和夜游场景，保留实体并按旅行场景召回。,规则复核,,2026-09-20,高
B00154DPVJ,宜嘉坊广场(天山西路),宜嘉坊广场(天山西路),旅行类别与购物类型冲突,保留实体,commercial_support,该实体具有餐饮、购物或休息支持价值，仅在用户有对应需求时召回，不进入默认景点路线。,规则复核,,2026-09-20,高
B0FFG8DH0Q,巴黎春天·悦汇天山,巴黎春天·悦汇天山,旅行类别与购物类型冲突,保留实体,commercial_support,该实体具有餐饮、购物或休息支持价值，仅在用户有对应需求时召回，不进入默认景点路线。,规则复核,,2026-09-20,高
B0FFMAIHRO,愚巷by CREATER(愚园路店),愚巷by CREATER(愚园路店),旅行类别与购物类型冲突,保留实体,commercial_support,该实体具有餐饮、购物或休息支持价值，仅在用户有对应需求时召回，不进入默认景点路线。,规则复核,,2026-09-20,高
B0I14CBH2N,斯凯奇(天山百盛店),斯凯奇(天山百盛店),旅行类别与购物类型冲突；普通门店候选,从服务库排除,ordinary_store,保留高德原始记录；普通品牌门店按明确购物需求实时检索,规则复核,,2026-09-20,高
B0FFHH4NJR,李宁(百盛优客城市广场店),李宁(百盛优客城市广场店),普通门店候选,从服务库排除,ordinary_store,保留高德原始记录；普通品牌门店按明确购物需求实时检索,规则复核,,2026-09-20,高
B0G21M65AU,球园体育(武夷大楼店),球园体育(武夷大楼店),普通门店候选,从服务库排除,ordinary_store,保留高德原始记录；普通品牌门店按明确购物需求实时检索,规则复核,,2026-09-20,高
B0FFG4JZZZ,福冉体育(玉屏小区店),福冉体育(玉屏小区店),普通门店候选,从服务库排除,ordinary_store,保留高德原始记录；普通品牌门店按明确购物需求实时检索,规则复核,,2026-09-20,高
B0GUAXG4NE,美淑高尔夫用品专卖店,美淑高尔夫用品专卖店,普通门店候选,从服务库排除,ordinary_store,保留高德原始记录；普通品牌门店按明确购物需求实时检索,规则复核,,2026-09-20,高
B0K2OU07KK,耐克Nike(上海荟聚店),耐克Nike(上海荟聚店),普通门店候选,从服务库排除,ordinary_store,保留高德原始记录；普通品牌门店按明确购物需求实时检索,规则复核,,2026-09-20,高
B0FFHCZEDF,耐克Nike(百盛优客城市广场店),耐克Nike(百盛优客城市广场店),普通门店候选,从服务库排除,ordinary_store,保留高德原始记录；普通品牌门店按明确购物需求实时检索,规则复核,,2026-09-20,高
B0K2OU286L,迪卡侬(上海荟聚店),迪卡侬(上海荟聚店),普通门店候选,从服务库排除,ordinary_store,保留高德原始记录；普通品牌门店按明确购物需求实时检索,规则复核,,2026-09-20,高
B0FFFEO385,阿迪达斯(百盛优客城市广场店),阿迪达斯(百盛优客城市广场店),普通门店候选,从服务库排除,ordinary_store,保留高德原始记录；普通品牌门店按明确购物需求实时检索,规则复核,,2026-09-20,高
B0FFHITPJ1,阿迪达斯(长宁龙之梦城市生活中心店),阿迪达斯(长宁龙之梦城市生活中心店),普通门店候选,从服务库排除,ordinary_store,保留高德原始记录；普通品牌门店按明确购物需求实时检索,规则复核,,2026-09-20,高
B0FFJD1AJ2,阿迪达斯三叶草(长宁来福士店),阿迪达斯三叶草(长宁来福士店),普通门店候选,从服务库排除,ordinary_store,保留高德原始记录；普通品牌门店按明确购物需求实时检索,规则复核,,2026-09-20,高
B0KGCPXXZT,鬼冢虎 Onitsuka Tiger(百联西郊购物中心店),鬼冢虎 Onitsuka Tiger(百联西郊购物中心店),普通门店候选,从服务库排除,ordinary_store,保留高德原始记录；普通品牌门店按明确购物需求实时检索,规则复核,,2026-09-20,高
B0FFI0C01A,鬼塚虎Onitsuka Tiger(长宁龙之梦店),鬼塚虎Onitsuka Tiger(长宁龙之梦店),普通门店候选,从服务库排除,ordinary_store,保留高德原始记录；普通品牌门店按明确购物需求实时检索,规则复核,,2026-09-20,高
B00156D3Z1,361°(江川路2店),361°(江川路2店),普通门店候选,从服务库排除,ordinary_store,保留高德原始记录；普通品牌门店按明确购物需求实时检索,规则复核,,2026-09-20,高
B0GRO165BI,ASICS 亚瑟士(上海万象城购物中心店),ASICS 亚瑟士(上海万象城购物中心店),普通门店候选,从服务库排除,ordinary_store,保留高德原始记录；普通品牌门店按明确购物需求实时检索,规则复核,,2026-09-20,高
B0LKSLJN6D,Adidas MEGA(上海虹桥前湾印象城MEGA店),Adidas MEGA(上海虹桥前湾印象城MEGA店),普通门店候选,从服务库排除,ordinary_store,保留高德原始记录；普通品牌门店按明确购物需求实时检索,规则复核,,2026-09-20,高
B0LKSLK7UQ,CAMEL(上海虹桥前湾印象城MEGA),CAMEL(上海虹桥前湾印象城MEGA),普通门店候选,从服务库排除,ordinary_store,保留高德原始记录；普通品牌门店按明确购物需求实时检索,规则复核,,2026-09-20,高
B0FFIG3C91,DESCENTE迪桑特(万象城购物中心店),DESCENTE迪桑特(万象城购物中心店),普通门店候选,从服务库排除,ordinary_store,保留高德原始记录；普通品牌门店按明确购物需求实时检索,规则复核,,2026-09-20,高
B0LK4RXHUO,FILA(上海七宝领展广场店),FILA(上海七宝领展广场店),普通门店候选,从服务库排除,ordinary_store,保留高德原始记录；普通品牌门店按明确购物需求实时检索,规则复核,,2026-09-20,高
B0FFIGTXIN,FILA(上海万象城购物中心店),FILA(上海万象城购物中心店),普通门店候选,从服务库排除,ordinary_store,保留高德原始记录；普通品牌门店按明确购物需求实时检索,规则复核,,2026-09-20,高
B0LKSLK7UI,FILA(上海虹桥前湾印象城MEGA),FILA(上海虹桥前湾印象城MEGA),普通门店候选,从服务库排除,ordinary_store,保留高德原始记录；普通品牌门店按明确购物需求实时检索,规则复核,,2026-09-20,高
B0FFF6X89Z,FILA(仲盛世界商城店),FILA(仲盛世界商城店),普通门店候选,从服务库排除,ordinary_store,保留高德原始记录；普通品牌门店按明确购物需求实时检索,规则复核,,2026-09-20,高
B0JRCKTK5M,FILA(百联南方购物中心友谊商城店),FILA(百联南方购物中心友谊商城店),普通门店候选,从服务库排除,ordinary_store,保留高德原始记录；普通品牌门店按明确购物需求实时检索,规则复核,,2026-09-20,高
B0GRGOTLS6,FILA(龙湖上海闵行天街店),FILA(龙湖上海闵行天街店),普通门店候选,从服务库排除,ordinary_store,保留高德原始记录；普通品牌门店按明确购物需求实时检索,规则复核,,2026-09-20,高
B00155QE7R,HONMA(虹桥练习场店),HONMA(虹桥练习场店),普通门店候选,从服务库排除,ordinary_store,保留高德原始记录；普通品牌门店按明确购物需求实时检索,规则复核,,2026-09-20,高
B0JG0DDB3L,KOLON SPORT可隆(中骏广场店),KOLON SPORT可隆(中骏广场店),普通门店候选,从服务库排除,ordinary_store,保留高德原始记录；普通品牌门店按明确购物需求实时检索,规则复核,,2026-09-20,高
B0I3TS9TUX,KOLONSPORT(上海万象城店),KOLONSPORT(上海万象城店),普通门店候选,从服务库排除,ordinary_store,保留高德原始记录；普通品牌门店按明确购物需求实时检索,规则复核,,2026-09-20,高
B0H2UDR8XD,MLB(上海七宝领展广场店),MLB(上海七宝领展广场店),普通门店候选,从服务库排除,ordinary_store,保留高德原始记录；普通品牌门店按明确购物需求实时检索,规则复核,,2026-09-20,高
B0G1FSN936,MLB(莘庄龙之梦),MLB(莘庄龙之梦),旅行类别与购物类型冲突；普通门店候选,从服务库排除,ordinary_store,保留高德原始记录；普通品牌门店按明确购物需求实时检索,规则复核,,2026-09-20,高
B0IRZM3AVC,MLB(龙湖上海闵行天街店),MLB(龙湖上海闵行天街店),普通门店候选,从服务库排除,ordinary_store,保留高德原始记录；普通品牌门店按明确购物需求实时检索,规则复核,,2026-09-20,高
B0FFHZZXQ6,NIKE KICKS LOUNGE(七宝领展广场),NIKE KICKS LOUNGE(七宝领展广场),普通门店候选,从服务库排除,ordinary_store,保留高德原始记录；普通品牌门店按明确购物需求实时检索,规则复核,,2026-09-20,高
B0LKSLJN6A,NIKE Sport-L(上海前湾印象城MEGA店),NIKE Sport-L(上海前湾印象城MEGA店),普通门店候选,从服务库排除,ordinary_store,保留高德原始记录；普通品牌门店按明确购物需求实时检索,规则复核,,2026-09-20,高
B0LKSLK7UE,Naturehike挪客户外(虹桥前湾印象城MEGA店),Naturehike挪客户外(虹桥前湾印象城MEGA店),普通门店候选,从服务库排除,ordinary_store,保留高德原始记录；普通品牌门店按明确购物需求实时检索,规则复核,,2026-09-20,高
B0JK2HT4DT,Naturehike挪客户外(龙湖虹桥天街购物中心A馆店),Naturehike挪客户外(龙湖虹桥天街购物中心A馆店),普通门店候选,从服务库排除,ordinary_store,保留高德原始记录；普通品牌门店按明确购物需求实时检索,规则复核,,2026-09-20,高
B0JK2LU3NP,New Balance(上海万象城店),New Balance(上海万象城店),普通门店候选,从服务库排除,ordinary_store,保留高德原始记录；普通品牌门店按明确购物需求实时检索,规则复核,,2026-09-20,高
B0HBXCQHVM,New balance(上海七宝领展广场店),New balance(上海七宝领展广场店),普通门店候选,从服务库排除,ordinary_store,保留高德原始记录；普通品牌门店按明确购物需求实时检索,规则复核,,2026-09-20,高
B0J3HLNP3J,On昂跑(万象城店),On昂跑(万象城店),普通门店候选,从服务库排除,ordinary_store,保留高德原始记录；普通品牌门店按明确购物需求实时检索,规则复核,,2026-09-20,高
B0I2BSXPF2,SKECHERS 斯凯奇(爱琴海购物中心店),SKECHERS 斯凯奇(爱琴海购物中心店),普通门店候选,从服务库排除,ordinary_store,保留高德原始记录；普通品牌门店按明确购物需求实时检索,规则复核,,2026-09-20,高
B0KBXRL1CM,SKECHERS 斯凯奇(莘庄维璟印象城店),SKECHERS 斯凯奇(莘庄维璟印象城店),普通门店候选,从服务库排除,ordinary_store,保留高德原始记录；普通品牌门店按明确购物需求实时检索,规则复核,,2026-09-20,高
B0JRTL5VSN,SKECHERS 斯凯奇(莲花国际广场),SKECHERS 斯凯奇(莲花国际广场),旅行类别与购物类型冲突；普通门店候选,从服务库排除,ordinary_store,保留高德原始记录；普通品牌门店按明确购物需求实时检索,规则复核,,2026-09-20,高
B0H2TNN7BE,SKECHERS 斯凯奇(龙湖虹桥天街购物中心A馆店),SKECHERS 斯凯奇(龙湖虹桥天街购物中心A馆店),普通门店候选,从服务库排除,ordinary_store,保留高德原始记录；普通品牌门店按明确购物需求实时检索,规则复核,,2026-09-20,高
B0JAKUO8BC,Sea to Summit(海梦一方店),Sea to Summit(海梦一方店),普通门店候选,从服务库排除,ordinary_store,保留高德原始记录；普通品牌门店按明确购物需求实时检索,规则复核,,2026-09-20,高
B0I1RPYXPU,THE NORTH FACE(万象城吴中路店),THE NORTH FACE(万象城吴中路店),普通门店候选,从服务库排除,ordinary_store,保留高德原始记录；普通品牌门店按明确购物需求实时检索,规则复核,,2026-09-20,高
B0L0D1OCOO,THE NORTH FACE(虹桥新天地购物中心店),THE NORTH FACE(虹桥新天地购物中心店),普通门店候选,从服务库排除,ordinary_store,保留高德原始记录；普通品牌门店按明确购物需求实时检索,规则复核,,2026-09-20,高
B0K65M9KBK,THE NORTH FACE(龙湖上海闵行天街店),THE NORTH FACE(龙湖上海闵行天街店),普通门店候选,从服务库排除,ordinary_store,保留高德原始记录；普通品牌门店按明确购物需求实时检索,规则复核,,2026-09-20,高
B0GRPONEXG,UNDER ARMOUR 安德玛(百联南方购物中心店),UNDER ARMOUR 安德玛(百联南方购物中心店),普通门店候选,从服务库排除,ordinary_store,保留高德原始记录；普通品牌门店按明确购物需求实时检索,规则复核,,2026-09-20,高
B0J1JLOZP0,VICTOR威克多(万象城店),VICTOR威克多(万象城店),普通门店候选,从服务库排除,ordinary_store,保留高德原始记录；普通品牌门店按明确购物需求实时检索,规则复核,,2026-09-20,高
B0JUY1X372,X30健身空间(航天城店),X30健身空间(航天城店),普通门店候选,从服务库排除,ordinary_store,保留高德原始记录；普通品牌门店按明确购物需求实时检索,规则复核,,2026-09-20,高
B0L2XUXDTL,YONEX 尤尼克斯(虹桥前湾印象城店),YONEX 尤尼克斯(虹桥前湾印象城店),普通门店候选,从服务库排除,ordinary_store,保留高德原始记录；普通品牌门店按明确购物需求实时检索,规则复核,,2026-09-20,高
B0FFIOXOQ6,YONEX(七宝店),YONEX(七宝店),普通门店候选,从服务库排除,ordinary_store,保留高德原始记录；普通品牌门店按明确购物需求实时检索,规则复核,,2026-09-20,高
B0MB6UNNH2,YONEX(上海智胜专卖店),YONEX(上海智胜专卖店),普通门店候选,从服务库排除,ordinary_store,保留高德原始记录；普通品牌门店按明确购物需求实时检索,规则复核,,2026-09-20,高
B0I195W31U,YONEX(莘庄店),YONEX(莘庄店),普通门店候选,从服务库排除,ordinary_store,保留高德原始记录；普通品牌门店按明确购物需求实时检索,规则复核,,2026-09-20,高
B0L1RAANMI,YONEX尤尼克斯(韩国街店),YONEX尤尼克斯(韩国街店),普通门店候选,从服务库排除,ordinary_store,保留高德原始记录；普通品牌门店按明确购物需求实时检索,规则复核,,2026-09-20,高
B0FFIIL993,adidas YOUNG ATHLETES(上海万象城购物中心店),adidas YOUNG ATHLETES(上海万象城购物中心店),普通门店候选,从服务库排除,ordinary_store,保留高德原始记录；普通品牌门店按明确购物需求实时检索,规则复核,,2026-09-20,高
B0GK6HRJLS,七宝夜市,七宝夜市,旅行类别与购物类型冲突,保留实体,urban_experience,商业街、老街、夜市等可服务城市漫游、餐饮和夜游场景，保留实体并按旅行场景召回。,规则复核,,2026-09-20,高
B0FFL4DYRJ,七宝女人街,七宝女人街,旅行类别与购物类型冲突；普通门店候选,从服务库排除,ordinary_store,保留高德原始记录；普通品牌门店按明确购物需求实时检索,规则复核,,2026-09-20,高
B0FFGFB0FD,七宝老街,七宝老街,旅行类别与购物类型冲突；普通门店候选,从服务库排除,ordinary_store,保留高德原始记录；普通品牌门店按明确购物需求实时检索,规则复核,,2026-09-20,高
B00155L4CK,七宝镇步行街,七宝镇步行街,旅行类别与购物类型冲突,保留实体,urban_experience,商业街、老街、夜市等可服务城市漫游、餐饮和夜游场景，保留实体并按旅行场景召回。,规则复核,,2026-09-20,高
B0HAB6OWFX,七彩虹轮滑(浦江万达店),七彩虹轮滑(浦江万达店),普通门店候选,从服务库排除,ordinary_store,保留高德原始记录；普通品牌门店按明确购物需求实时检索,规则复核,,2026-09-20,高
B0FFJHY43W,七彩轮滑(百联南方购物中心店),七彩轮滑(百联南方购物中心店),普通门店候选,从服务库排除,ordinary_store,保留高德原始记录；普通品牌门店按明确购物需求实时检索,规则复核,,2026-09-20,高
B0FFGVXRF4,万科城金街,万科城金街,旅行类别与购物类型冲突,保留实体,commercial_support,该实体具有餐饮、购物或休息支持价值，仅在用户有对应需求时召回，不进入默认景点路线。,规则复核,,2026-09-20,高
B0FFI74VD7,万科时一区步行街,万科时一区步行街,旅行类别与购物类型冲突,保留实体,urban_experience,商业街、老街、夜市等可服务城市漫游、餐饮和夜游场景，保留实体并按旅行场景召回。,规则复核,,2026-09-20,高
B0FFGBO1E9,三弦·海上金街(星街口店),三弦·海上金街(星街口店),旅行类别与购物类型冲突,保留实体,commercial_support,该实体具有餐饮、购物或休息支持价值，仅在用户有对应需求时召回，不进入默认景点路线。,规则复核,,2026-09-20,高
B00155DADR,上海七宝商城商业街,上海七宝商城商业街,旅行类别与购物类型冲突,保留实体,urban_experience,商业街、老街、夜市等可服务城市漫游、餐饮和夜游场景，保留实体并按旅行场景召回。,规则复核,,2026-09-20,高
B0FFMESZG2,上海中欧街,上海中欧街,旅行类别与购物类型冲突,保留实体,commercial_support,该实体具有餐饮、购物或休息支持价值，仅在用户有对应需求时召回，不进入默认景点路线。,规则复核,,2026-09-20,高
B001572HSQ,东苑丽宝广场,东苑丽宝广场,旅行类别与购物类型冲突,保留实体,commercial_support,该实体具有餐饮、购物或休息支持价值，仅在用户有对应需求时召回，不进入默认景点路线。,规则复核,,2026-09-20,高
B0HKOUJ6ED,东苑丽宝广场58号4号楼中国福利彩票,东苑丽宝广场58号4号楼中国福利彩票,旅行类别与购物类型冲突,保留实体,commercial_support,该实体具有餐饮、购物或休息支持价值，仅在用户有对应需求时召回，不进入默认景点路线。,规则复核,,2026-09-20,高
B0FFL5LE2R,东苑米兰广场,东苑米兰广场,旅行类别与购物类型冲突,保留实体,commercial_support,该实体具有餐饮、购物或休息支持价值，仅在用户有对应需求时召回，不进入默认景点路线。,规则复核,,2026-09-20,高
B0FFM5357S,丽丽体育高尔夫专卖店,丽丽体育高尔夫专卖店,普通门店候选,从服务库排除,ordinary_store,保留高德原始记录；普通品牌门店按明确购物需求实时检索,规则复核,,2026-09-20,高
B0H39LUGVB,丽宝内街(东苑丽宝广场店),丽宝内街(东苑丽宝广场店),旅行类别与购物类型冲突,保留实体,commercial_support,该实体具有餐饮、购物或休息支持价值，仅在用户有对应需求时召回，不进入默认景点路线。,规则复核,,2026-09-20,高
B0FFK4T7YO,乐嗨新天地,乐嗨新天地,旅行类别与购物类型冲突,保留实体,commercial_support,该实体具有餐饮、购物或休息支持价值，仅在用户有对应需求时召回，不进入默认景点路线。,规则复核,,2026-09-20,高
B001557OEZ,乔丹体育(东风小区店),乔丹体育(东风小区店),普通门店候选,从服务库排除,ordinary_store,保留高德原始记录；普通品牌门店按明确购物需求实时检索,规则复核,,2026-09-20,高
B00155GE1X,井亭Seoul Plaza,井亭Seoul Plaza,普通门店候选,从服务库排除,ordinary_store,保留高德原始记录；普通品牌门店按明确购物需求实时检索,规则复核,,2026-09-20,高
B0H26C1SLU,亚动体育(闵行莲花国际校区),亚动体育(闵行莲花国际校区),普通门店候选,从服务库排除,ordinary_store,保留高德原始记录；普通品牌门店按明确购物需求实时检索,规则复核,,2026-09-20,高
B0015726WC,亲水花街,亲水花街,旅行类别与购物类型冲突,保留实体,commercial_support,该实体具有餐饮、购物或休息支持价值，仅在用户有对应需求时召回，不进入默认景点路线。,规则复核,,2026-09-20,高
B001558EZD,众众家园商业步行街,众众家园商业步行街,旅行类别与购物类型冲突,保留实体,urban_experience,商业街、老街、夜市等可服务城市漫游、餐饮和夜游场景，保留实体并按旅行场景召回。,规则复核,,2026-09-20,高
B0FFG8UCGU,兴梅路尚乐坊,兴梅路尚乐坊,旅行类别与购物类型冲突,保留实体,commercial_support,该实体具有餐饮、购物或休息支持价值，仅在用户有对应需求时召回，不进入默认景点路线。,规则复核,,2026-09-20,高
B0FFGQJNTO,十尚坊,十尚坊,旅行类别与购物类型冲突,保留实体,commercial_support,该实体具有餐饮、购物或休息支持价值，仅在用户有对应需求时召回，不进入默认景点路线。,规则复核,,2026-09-20,高
B0LUNX7LI1,华宁路夜市,华宁路夜市,旅行类别与购物类型冲突,保留实体,urban_experience,商业街、老街、夜市等可服务城市漫游、餐饮和夜游场景，保留实体并按旅行场景召回。,规则复核,,2026-09-20,高
B00156EQ02,南方休闲广场台湾风情街,南方休闲广场台湾风情街,旅行类别与购物类型冲突,保留实体,urban_experience,商业街、老街、夜市等可服务城市漫游、餐饮和夜游场景，保留实体并按旅行场景召回。,规则复核,,2026-09-20,高
B00155E2HH,博滕体育(七宝店),博滕体育(七宝店),普通门店候选,从服务库排除,ordinary_store,保留高德原始记录；普通品牌门店按明确购物需求实时检索,规则复核,,2026-09-20,高
B0FFH29HTU,双拥一条街,双拥一条街,旅行类别与购物类型冲突,保留实体,commercial_support,该实体具有餐饮、购物或休息支持价值，仅在用户有对应需求时召回，不进入默认景点路线。,规则复核,,2026-09-20,高
B0G1S7BSJW,古北金鹰(上海金鹰华庭店),古北金鹰(上海金鹰华庭店),旅行类别与购物类型冲突,保留实体,commercial_support,该实体具有餐饮、购物或休息支持价值，仅在用户有对应需求时召回，不进入默认景点路线。,规则复核,,2026-09-20,高
B001513C96,古龙商业街,古龙商业街,旅行类别与购物类型冲突,保留实体,urban_experience,商业街、老街、夜市等可服务城市漫游、餐饮和夜游场景，保留实体并按旅行场景召回。,规则复核,,2026-09-20,高
B0G0SO3P4C,城市集市(中庚漫游城店),城市集市(中庚漫游城店),旅行类别与购物类型冲突,保留实体,urban_experience,商业街、老街、夜市等可服务城市漫游、餐饮和夜游场景，保留实体并按旅行场景召回。,规则复核,,2026-09-20,高
B001556M40,安踏(吴泾店),安踏(吴泾店),普通门店候选,从服务库排除,ordinary_store,保留高德原始记录；普通品牌门店按明确购物需求实时检索,规则复核,,2026-09-20,高
B0FFF99N9Q,小杨花园,小杨花园,旅行类别与购物类型冲突,保留实体,commercial_support,该实体具有餐饮、购物或休息支持价值，仅在用户有对应需求时召回，不进入默认景点路线。,规则复核,,2026-09-20,高
B00155MN5C,尚绅体育·艺术中心(景和茗苑店),尚绅体育·艺术中心(景和茗苑店),旅行类别与购物类型冲突；普通门店候选,从服务库排除,ordinary_store,保留高德原始记录；普通品牌门店按明确购物需求实时检索,规则复核,,2026-09-20,高
B0FFJIUHZ9,尧力体育(碧林湾一期店),尧力体育(碧林湾一期店),普通门店候选,从服务库排除,ordinary_store,保留高德原始记录；普通品牌门店按明确购物需求实时检索,规则复核,,2026-09-20,高
B0FFLH6UOZ,山钢和润荟,山钢和润荟,旅行类别与购物类型冲突,保留实体,commercial_support,该实体具有餐饮、购物或休息支持价值，仅在用户有对应需求时召回，不进入默认景点路线。,规则复核,,2026-09-20,高
B0KAVABLUY,峰度荟商业街,峰度荟商业街,旅行类别与购物类型冲突,保留实体,urban_experience,商业街、老街、夜市等可服务城市漫游、餐饮和夜游场景，保留实体并按旅行场景召回。,规则复核,,2026-09-20,高
B00157I2C7,御前街(七宝老街店),御前街(七宝老街店),旅行类别与购物类型冲突,保留实体,urban_experience,商业街、老街、夜市等可服务城市漫游、餐饮和夜游场景，保留实体并按旅行场景召回。,规则复核,,2026-09-20,高
B0KANU1QHV,慕·高尔夫(麦腾未来城店),慕·高尔夫(麦腾未来城店),普通门店候选,从服务库排除,ordinary_store,保留高德原始记录；普通品牌门店按明确购物需求实时检索,规则复核,,2026-09-20,高
B0IUXZEWAW,捷安特自行车(农南路店),捷安特自行车(农南路店),普通门店候选,从服务库排除,ordinary_store,保留高德原始记录；普通品牌门店按明确购物需求实时检索,规则复核,,2026-09-20,高
B0I2DHSDHC,探路者(新华·红星国际广场店),探路者(新华·红星国际广场店),普通门店候选,从服务库排除,ordinary_store,保留高德原始记录；普通品牌门店按明确购物需求实时检索,规则复核,,2026-09-20,高
B0HUNMA40Z,旭辉运动(龙吴工业园区店),旭辉运动(龙吴工业园区店),普通门店候选,从服务库排除,ordinary_store,保留高德原始记录；普通品牌门店按明确购物需求实时检索,规则复核,,2026-09-20,高
B0HBTU4XKZ,星河湾商业街,星河湾商业街,旅行类别与购物类型冲突,保留实体,urban_experience,商业街、老街、夜市等可服务城市漫游、餐饮和夜游场景，保留实体并按旅行场景召回。,规则复核,,2026-09-20,高
B00157GES4,晨飞体育(好第坊店),晨飞体育(好第坊店),普通门店候选,从服务库排除,ordinary_store,保留高德原始记录；普通品牌门店按明确购物需求实时检索,规则复核,,2026-09-20,高
B0IAJDVFPL,朱行香烛店,朱行香烛店,旅行类别与购物类型冲突,保留实体,commercial_support,该实体具有餐饮、购物或休息支持价值，仅在用户有对应需求时召回，不进入默认景点路线。,规则复核,,2026-09-20,高
B0G1PNHSM7,李宁(上海浦江万达广场店),李宁(上海浦江万达广场店),普通门店候选,从服务库排除,ordinary_store,保留高德原始记录；普通品牌门店按明确购物需求实时检索,规则复核,,2026-09-20,高
B0LGMP9VJN,李宁(中庚漫游城店),李宁(中庚漫游城店),普通门店候选,从服务库排除,ordinary_store,保留高德原始记录；普通品牌门店按明确购物需求实时检索,规则复核,,2026-09-20,高
B0JDBSAFGJ,李宁(莘庄维璟印象城店),李宁(莘庄维璟印象城店),普通门店候选,从服务库排除,ordinary_store,保留高德原始记录；普通品牌门店按明确购物需求实时检索,规则复核,,2026-09-20,高
B0KGK5WGUB,森海步行街,森海步行街,旅行类别与购物类型冲突,保留实体,urban_experience,商业街、老街、夜市等可服务城市漫游、餐饮和夜游场景，保留实体并按旅行场景召回。,规则复核,,2026-09-20,高
B001572SDF,橄榄枝高尔夫,橄榄枝高尔夫,普通门店候选,从服务库排除,ordinary_store,保留高德原始记录；普通品牌门店按明确购物需求实时检索,规则复核,,2026-09-20,高
B0FFGCEN4B,欧特赛专业户外用品店,欧特赛专业户外用品店,旅行类别与购物类型冲突；普通门店候选,从服务库排除,ordinary_store,保留高德原始记录；普通品牌门店按明确购物需求实时检索,规则复核,,2026-09-20,高
B00156O1CH,欧风商业步行街(欧风花都店),欧风商业步行街(欧风花都店),旅行类别与购物类型冲突,保留实体,urban_experience,商业街、老街、夜市等可服务城市漫游、餐饮和夜游场景，保留实体并按旅行场景召回。,规则复核,,2026-09-20,高
B00155D9ZU,欧风新天地,欧风新天地,旅行类别与购物类型冲突,保留实体,commercial_support,该实体具有餐饮、购物或休息支持价值，仅在用户有对应需求时召回，不进入默认景点路线。,规则复核,,2026-09-20,高
B00155PWXS,永德路步行街,永德路步行街,旅行类别与购物类型冲突,保留实体,urban_experience,商业街、老街、夜市等可服务城市漫游、餐饮和夜游场景，保留实体并按旅行场景召回。,规则复核,,2026-09-20,高
B0JGX72CTM,汇臻运动城,汇臻运动城,普通门店候选,从服务库排除,ordinary_store,保留高德原始记录；普通品牌门店按明确购物需求实时检索,规则复核,,2026-09-20,高
B0KDG7LPWB,浦江·悦享街,浦江·悦享街,旅行类别与购物类型冲突,保留实体,commercial_support,该实体具有餐饮、购物或休息支持价值，仅在用户有对应需求时召回，不进入默认景点路线。,规则复核,,2026-09-20,高
B0JU3AYI25,浦江镇市民健身中心·菲快体育,浦江镇市民健身中心·菲快体育,普通门店候选,从服务库排除,ordinary_store,保留高德原始记录；普通品牌门店按明确购物需求实时检索,规则复核,,2026-09-20,高
B0FFF2Q1T0,滨江生活广场,滨江生活广场,旅行类别与购物类型冲突,保留实体,indoor_leisure,商业综合体可服务雨天、休息、餐饮和购物场景，保留实体但不按传统景点解释。,规则复核,,2026-09-20,高
B00157HLRO,漫城商业街,漫城商业街,旅行类别与购物类型冲突,保留实体,urban_experience,商业街、老街、夜市等可服务城市漫游、餐饮和夜游场景，保留实体并按旅行场景召回。,规则复核,,2026-09-20,高
B0IB1MGQ8P,熠展体育运动中心(莘庄商务楼店),熠展体育运动中心(莘庄商务楼店),普通门店候选,从服务库排除,ordinary_store,保留高德原始记录；普通品牌门店按明确购物需求实时检索,规则复核,,2026-09-20,高
B0FFGYVXBR,牌楼休闲广场,牌楼休闲广场,旅行类别与购物类型冲突,保留实体,commercial_support,该实体具有餐饮、购物或休息支持价值，仅在用户有对应需求时召回，不进入默认景点路线。,规则复核,,2026-09-20,高
B0FFG6A10S,特步(青年路步行街店),特步(青年路步行街店),普通门店候选,从服务库排除,ordinary_store,保留高德原始记录；普通品牌门店按明确购物需求实时检索,规则复核,,2026-09-20,高
B0K3DULS2J,球爱高尔夫球杆专卖店,球爱高尔夫球杆专卖店,普通门店候选,从服务库排除,ordinary_store,保留高德原始记录；普通品牌门店按明确购物需求实时检索,规则复核,,2026-09-20,高
B0G0K9UOVK,申昊体育(闵行好世校区),申昊体育(闵行好世校区),普通门店候选,从服务库排除,ordinary_store,保留高德原始记录；普通品牌门店按明确购物需求实时检索,规则复核,,2026-09-20,高
B0J1O7EJZM,申雅高尔夫俱乐部(闵行虹桥店),申雅高尔夫俱乐部(闵行虹桥店),普通门店候选,从服务库排除,ordinary_store,保留高德原始记录；普通品牌门店按明确购物需求实时检索,规则复核,,2026-09-20,高
B00156DXH3,绿地乐和城商业中心,绿地乐和城商业中心,旅行类别与购物类型冲突,保留实体,indoor_leisure,商业综合体可服务雨天、休息、餐饮和购物场景，保留实体但不按传统景点解释。,规则复核,,2026-09-20,高
B0FFH9UBZM,绿梦高尔夫,绿梦高尔夫,普通门店候选,从服务库排除,ordinary_store,保留高德原始记录；普通品牌门店按明确购物需求实时检索,规则复核,,2026-09-20,高
B0K6CR557Z,羽盟汇羽毛球(熠展紫竹店),羽盟汇羽毛球(熠展紫竹店),普通门店候选,从服务库排除,ordinary_store,保留高德原始记录；普通品牌门店按明确购物需求实时检索,规则复核,,2026-09-20,高
B0JD990W60,翼星体育篮球培训中心,翼星体育篮球培训中心,普通门店候选,从服务库排除,ordinary_store,保留高德原始记录；普通品牌门店按明确购物需求实时检索,规则复核,,2026-09-20,高
B0FFJO8JZZ,耐克Nike(仲盛世界商城店),耐克Nike(仲盛世界商城店),普通门店候选,从服务库排除,ordinary_store,保留高德原始记录；普通品牌门店按明确购物需求实时检索,规则复核,,2026-09-20,高
B001572VAQ,耐克Nike(凯德闵行商业中心店),耐克Nike(凯德闵行商业中心店),普通门店候选,从服务库排除,ordinary_store,保留高德原始记录；普通品牌门店按明确购物需求实时检索,规则复核,,2026-09-20,高
B0FFKYNT2Z,耐克Nike(北建华清商业广场绚荟城店),耐克Nike(北建华清商业广场绚荟城店),普通门店候选,从服务库排除,ordinary_store,保留高德原始记录；普通品牌门店按明确购物需求实时检索,规则复核,,2026-09-20,高
B0IK9U2R1F,耐克Nike(百联南方购物中心友谊商城店),耐克Nike(百联南方购物中心友谊商城店),普通门店候选,从服务库排除,ordinary_store,保留高德原始记录；普通品牌门店按明确购物需求实时检索,规则复核,,2026-09-20,高
B0FFJC0VVZ,耐克Nike(虹桥新天地购物中心店),耐克Nike(虹桥新天地购物中心店),普通门店候选,从服务库排除,ordinary_store,保留高德原始记录；普通品牌门店按明确购物需求实时检索,规则复核,,2026-09-20,高
B0IA37265S,耐克Nike(龙湖上海闵行天街店),耐克Nike(龙湖上海闵行天街店),普通门店候选,从服务库排除,ordinary_store,保留高德原始记录；普通品牌门店按明确购物需求实时检索,规则复核,,2026-09-20,高
B0IGKOOKX0,芦恒生活夜市,芦恒生活夜市,旅行类别与购物类型冲突,保留实体,urban_experience,商业街、老街、夜市等可服务城市漫游、餐饮和夜游场景，保留实体并按旅行场景召回。,规则复核,,2026-09-20,高
B0FFG9JOWL,虹梅新尚街,虹梅新尚街,旅行类别与购物类型冲突,保留实体,commercial_support,该实体具有餐饮、购物或休息支持价值，仅在用户有对应需求时召回，不进入默认景点路线。,规则复核,,2026-09-20,高
B0JGU1H3LQ,路尚高尔夫数据化教学中心(吴中路店),路尚高尔夫数据化教学中心(吴中路店),普通门店候选,从服务库排除,ordinary_store,保留高德原始记录；普通品牌门店按明确购物需求实时检索,规则复核,,2026-09-20,高
B00156EWPP,迪卡侬(七宝店),迪卡侬(七宝店),普通门店候选,从服务库排除,ordinary_store,保留高德原始记录；普通品牌门店按明确购物需求实时检索,规则复核,,2026-09-20,高
B0L3FH5HE6,迪卡侬(上海七宝领展广场店),迪卡侬(上海七宝领展广场店),普通门店候选,从服务库排除,ordinary_store,保留高德原始记录；普通品牌门店按明确购物需求实时检索,规则复核,,2026-09-20,高
B0LKSLJN6J,迪卡侬(上海虹桥前湾印象城MEGA),迪卡侬(上海虹桥前湾印象城MEGA),普通门店候选,从服务库排除,ordinary_store,保留高德原始记录；普通品牌门店按明确购物需求实时检索,规则复核,,2026-09-20,高
B001556SOD,迪卡侬(莘庄店),迪卡侬(莘庄店),普通门店候选,从服务库排除,ordinary_store,保留高德原始记录；普通品牌门店按明确购物需求实时检索,规则复核,,2026-09-20,高
B00155QRGF,迪卡侬(顾戴店),迪卡侬(顾戴店),普通门店候选,从服务库排除,ordinary_store,保留高德原始记录；普通品牌门店按明确购物需求实时检索,规则复核,,2026-09-20,高
B0KRD5B4GI,迪桑特DESCENTE(七宝领展广场店),迪桑特DESCENTE(七宝领展广场店),普通门店候选,从服务库排除,ordinary_store,保留高德原始记录；普通品牌门店按明确购物需求实时检索,规则复核,,2026-09-20,高
B0FFLDQQMC,都就广场(紫堤苑店),都就广场(紫堤苑店),旅行类别与购物类型冲突,保留实体,commercial_support,该实体具有餐饮、购物或休息支持价值，仅在用户有对应需求时召回，不进入默认景点路线。,规则复核,,2026-09-20,高
B0FFGZHRQY,金平路步行街(剑桥府邸西北),金平路步行街(剑桥府邸西北),旅行类别与购物类型冲突,保留实体,urban_experience,商业街、老街、夜市等可服务城市漫游、餐饮和夜游场景，保留实体并按旅行场景召回。,规则复核,,2026-09-20,高
B0FFGYXCDK,金铭文博水景苑商业楼,金铭文博水景苑商业楼,旅行类别与购物类型冲突,保留实体,commercial_support,该实体具有餐饮、购物或休息支持价值，仅在用户有对应需求时召回，不进入默认景点路线。,规则复核,,2026-09-20,高
B0H2H1JGWD,铁马高尔夫(万科·七宝国际2期店),铁马高尔夫(万科·七宝国际2期店),普通门店候选,从服务库排除,ordinary_store,保留高德原始记录；普通品牌门店按明确购物需求实时检索,规则复核,,2026-09-20,高
B0LK4RY301,锐步(上海七宝领展广场店),锐步(上海七宝领展广场店),普通门店候选,从服务库排除,ordinary_store,保留高德原始记录；普通品牌门店按明确购物需求实时检索,规则复核,,2026-09-20,高
B0LBDASJLX,闵都汇休闲街,闵都汇休闲街,旅行类别与购物类型冲突,保留实体,commercial_support,该实体具有餐饮、购物或休息支持价值，仅在用户有对应需求时召回，不进入默认景点路线。,规则复核,,2026-09-20,高
B0FFIWT814,阿迪达斯(上海颛桥万达广场店),阿迪达斯(上海颛桥万达广场店),普通门店候选,从服务库排除,ordinary_store,保留高德原始记录；普通品牌门店按明确购物需求实时检索,规则复核,,2026-09-20,高
B0FFKYNT2Y,阿迪达斯(新荟城折扣店),阿迪达斯(新荟城折扣店),普通门店候选,从服务库排除,ordinary_store,保留高德原始记录；普通品牌门店按明确购物需求实时检索,规则复核,,2026-09-20,高
B0J6ZHJUAP,阿迪达斯(百联南方购物中心友谊商城店),阿迪达斯(百联南方购物中心友谊商城店),普通门店候选,从服务库排除,ordinary_store,保留高德原始记录；普通品牌门店按明确购物需求实时检索,规则复核,,2026-09-20,高
B0LBRM9B9Q,阿迪达斯(莘庄维璟印象城店),阿迪达斯(莘庄维璟印象城店),普通门店候选,从服务库排除,ordinary_store,保留高德原始记录；普通品牌门店按明确购物需求实时检索,规则复核,,2026-09-20,高
B0IAVGBJMK,阿迪达斯三叶草(颛桥万达广场店),阿迪达斯三叶草(颛桥万达广场店),普通门店候选,从服务库排除,ordinary_store,保留高德原始记录；普通品牌门店按明确购物需求实时检索,规则复核,,2026-09-20,高
B001557OPO,青年路步行街,青年路步行街,旅行类别与购物类型冲突,保留实体,urban_experience,商业街、老街、夜市等可服务城市漫游、餐饮和夜游场景，保留实体并按旅行场景召回。,规则复核,,2026-09-20,高
B0FFG8UDVI,韩国城(近虹泉路),韩国城(近虹泉路),旅行类别与购物类型冲突,保留实体,commercial_support,该实体具有餐饮、购物或休息支持价值，仅在用户有对应需求时召回，不进入默认景点路线。,规则复核,,2026-09-20,高
B0FFG6Y22F,韩国美食一条街(井亭天地生活广场店),韩国美食一条街(井亭天地生活广场店),旅行类别与购物类型冲突,保留实体,indoor_leisure,商业综合体可服务雨天、休息、餐饮和购物场景，保留实体但不按传统景点解释。,规则复核,,2026-09-20,高
B0IG4NURDM,韩国街夜市(虹莘路店),韩国街夜市(虹莘路店),旅行类别与购物类型冲突,保留实体,urban_experience,商业街、老街、夜市等可服务城市漫游、餐饮和夜游场景，保留实体并按旅行场景召回。,规则复核,,2026-09-20,高
B0LKR55WS5,骆驼(中庚漫游城店),骆驼(中庚漫游城店),普通门店候选,从服务库排除,ordinary_store,保留高德原始记录；普通品牌门店按明确购物需求实时检索,规则复核,,2026-09-20,高
B0L2M7ZAU0,骆驼户外运动城(上海七宝领展广场店),骆驼户外运动城(上海七宝领展广场店),普通门店候选,从服务库排除,ordinary_store,保留高德原始记录；普通品牌门店按明确购物需求实时检索,规则复核,,2026-09-20,高
B0KAA43L4Q,鸿星尔克(满天星生活广场店),鸿星尔克(满天星生活广场店),普通门店候选,从服务库排除,ordinary_store,保留高德原始记录；普通品牌门店按明确购物需求实时检索,规则复核,,2026-09-20,高
B00155HK9X,黄桦路景观街,黄桦路景观街,旅行类别与购物类型冲突,保留实体,commercial_support,该实体具有餐饮、购物或休息支持价值，仅在用户有对应需求时召回，不进入默认景点路线。,规则复核,,2026-09-20,高
B0FFLOM7OZ,361°(青浦祥凝浜店),361°(青浦祥凝浜店),普通门店候选,从服务库排除,ordinary_store,保留高德原始记录；普通品牌门店按明确购物需求实时检索,规则复核,,2026-09-20,高
B0FFHDL8YD,AIGLE(百联奥特莱斯广场店),AIGLE(百联奥特莱斯广场店),旅行类别与购物类型冲突；普通门店候选,从服务库排除,ordinary_store,保留高德原始记录；普通品牌门店按明确购物需求实时检索,规则复核,,2026-09-20,高
B0L1RYAT55,BH必艾奇健身器材跑步机旗舰店,BH必艾奇健身器材跑步机旗舰店,普通门店候选,从服务库排除,ordinary_store,保留高德原始记录；普通品牌门店按明确购物需求实时检索,规则复核,,2026-09-20,高
B0FFF6X798,CONVERSE匡威(百联奥特莱斯广场C区店),CONVERSE匡威(百联奥特莱斯广场C区店),旅行类别与购物类型冲突；普通门店候选,从服务库排除,ordinary_store,保留高德原始记录；普通品牌门店按明确购物需求实时检索,规则复核,,2026-09-20,高
B0K60N1R5Y,Champion(天空万科广场UNI vanke MALL店),Champion(天空万科广场UNI vanke MALL店),普通门店候选,从服务库排除,ordinary_store,保留高德原始记录；普通品牌门店按明确购物需求实时检索,规则复核,,2026-09-20,高
B0FFMGIYJV,Columbia(百联奥特莱斯店),Columbia(百联奥特莱斯店),普通门店候选,从服务库排除,ordinary_store,保留高德原始记录；普通品牌门店按明确购物需求实时检索,规则复核,,2026-09-20,高
B0FFG95RV7,FILA(百联奥特莱斯广场店),FILA(百联奥特莱斯广场店),普通门店候选,从服务库排除,ordinary_store,保留高德原始记录；普通品牌门店按明确购物需求实时检索,规则复核,,2026-09-20,高
B0HABAPZXQ,HONMA(首位中心店),HONMA(首位中心店),旅行类别与购物类型冲突；普通门店候选,从服务库排除,ordinary_store,保留高德原始记录；普通品牌门店按明确购物需求实时检索,规则复核,,2026-09-20,高
B0FFF90KPI,Jeep(百联奥特莱斯广场C区),Jeep(百联奥特莱斯广场C区),普通门店候选,从服务库排除,ordinary_store,保留高德原始记录；普通品牌门店按明确购物需求实时检索,规则复核,,2026-09-20,高
B0I13MQE5Z,Lafuma(百联奥特莱斯广场B区店),Lafuma(百联奥特莱斯广场B区店),普通门店候选,从服务库排除,ordinary_store,保留高德原始记录；普通品牌门店按明确购物需求实时检索,规则复核,,2026-09-20,高
B0FFF6XA6Y,Levi's(百联奥特莱斯广场店),Levi's(百联奥特莱斯广场店),旅行类别与购物类型冲突；普通门店候选,从服务库排除,ordinary_store,保留高德原始记录；普通品牌门店按明确购物需求实时检索,规则复核,,2026-09-20,高
B0I2VZ5O7I,MLB(万科天空广场店),MLB(万科天空广场店),普通门店候选,从服务库排除,ordinary_store,保留高德原始记录；普通品牌门店按明确购物需求实时检索,规则复核,,2026-09-20,高
B0JKZ9SCLR,MLB(百联奥特莱斯广场B区店),MLB(百联奥特莱斯广场B区店),旅行类别与购物类型冲突；普通门店候选,从服务库排除,ordinary_store,保留高德原始记录；普通品牌门店按明确购物需求实时检索,规则复核,,2026-09-20,高
B0JRAHHBFI,MLB(首位中心D区店),MLB(首位中心D区店),普通门店候选,从服务库排除,ordinary_store,保留高德原始记录；普通品牌门店按明确购物需求实时检索,规则复核,,2026-09-20,高
B0FFF90KNF,NIKE青浦优选体验店,NIKE青浦优选体验店,普通门店候选,从服务库排除,ordinary_store,保留高德原始记录；普通品牌门店按明确购物需求实时检索,规则复核,,2026-09-20,高
B0FFF6XB4Z,New Balance(百联奥特莱斯广场店),New Balance(百联奥特莱斯广场店),普通门店候选,从服务库排除,ordinary_store,保留高德原始记录；普通品牌门店按明确购物需求实时检索,规则复核,,2026-09-20,高
B0G0L7JZ1Z,SALOMON萨洛蒙(上海青浦百联店),SALOMON萨洛蒙(上海青浦百联店),普通门店候选,从服务库排除,ordinary_store,保留高德原始记录；普通品牌门店按明确购物需求实时检索,规则复核,,2026-09-20,高
B0FFGJ9IFV,SKECHERS 斯凯奇(百联奥特莱斯广场B区店),SKECHERS 斯凯奇(百联奥特莱斯广场B区店),旅行类别与购物类型冲突；普通门店候选,从服务库排除,ordinary_store,保留高德原始记录；普通品牌门店按明确购物需求实时检索,规则复核,,2026-09-20,高
B0L0X9MEBC,Titleist,Titleist,旅行类别与购物类型冲突；普通门店候选,从服务库排除,ordinary_store,保留高德原始记录；普通品牌门店按明确购物需求实时检索,规则复核,,2026-09-20,高
B0FFF6XDHT,VANS(百联奥特莱斯广场B区店),VANS(百联奥特莱斯广场B区店),旅行类别与购物类型冲突；普通门店候选,从服务库排除,ordinary_store,保留高德原始记录；普通品牌门店按明确购物需求实时检索,规则复核,,2026-09-20,高
B0J3UNSA6L,icebreaker(百联奥特莱斯广场店),icebreaker(百联奥特莱斯广场店),普通门店候选,从服务库排除,ordinary_store,保留高德原始记录；普通品牌门店按明确购物需求实时检索,规则复核,,2026-09-20,高
B0GR66UUOU,上海蟠龙新天地,上海蟠龙新天地,旅行类别与购物类型冲突,保留实体,commercial_support,该实体具有餐饮、购物或休息支持价值，仅在用户有对应需求时召回，不进入默认景点路线。,规则复核,,2026-09-20,高
B0FFF6XA3L,乐卡克(百联奥特莱斯广场店),乐卡克(百联奥特莱斯广场店),普通门店候选,从服务库排除,ordinary_store,保留高德原始记录；普通品牌门店按明确购物需求实时检索,规则复核,,2026-09-20,高
B001557OF6,乔丹体育(新凤北路店),乔丹体育(新凤北路店),普通门店候选,从服务库排除,ordinary_store,保留高德原始记录；普通品牌门店按明确购物需求实时检索,规则复核,,2026-09-20,高
B00156YYH3,乔丹体育(朱家角古镇店),乔丹体育(朱家角古镇店),普通门店候选,从服务库排除,ordinary_store,保留高德原始记录；普通品牌门店按明确购物需求实时检索,规则复核,,2026-09-20,高
B00155DALX,乔丹体育(青浦码头街店),乔丹体育(青浦码头街店),普通门店候选,从服务库排除,ordinary_store,保留高德原始记录；普通品牌门店按明确购物需求实时检索,规则复核,,2026-09-20,高
B0J2V7ASBD,云之帆体育·乒乓球馆,云之帆体育·乒乓球馆,普通门店候选,从服务库排除,ordinary_store,保留高德原始记录；普通品牌门店按明确购物需求实时检索,规则复核,,2026-09-20,高
B0J6PSXU1I,凯乐石KAILAS(百联奥特莱斯广场店),凯乐石KAILAS(百联奥特莱斯广场店),普通门店候选,从服务库排除,ordinary_store,保留高德原始记录；普通品牌门店按明确购物需求实时检索,规则复核,,2026-09-20,高
B0KAXLETXU,千里体育(体育场路店),千里体育(体育场路店),普通门店候选,从服务库排除,ordinary_store,保留高德原始记录；普通品牌门店按明确购物需求实时检索,规则复核,,2026-09-20,高
B0FFHLMG40,卡帕(百联奥特莱斯广场店),卡帕(百联奥特莱斯广场店),旅行类别与购物类型冲突；普通门店候选,从服务库排除,ordinary_store,保留高德原始记录；普通品牌门店按明确购物需求实时检索,规则复核,,2026-09-20,高
B0JKPZT343,和睦水街,和睦水街,旅行类别与购物类型冲突,保留实体,commercial_support,该实体具有餐饮、购物或休息支持价值，仅在用户有对应需求时召回，不进入默认景点路线。,规则复核,,2026-09-20,高
B0FFGO3AC7,回力专柜(东方商厦店),回力专柜(东方商厦店),普通门店候选,从服务库排除,ordinary_store,保留高德原始记录；普通品牌门店按明确购物需求实时检索,规则复核,,2026-09-20,高
B0FFGPG60H,夏都小镇步行街,夏都小镇步行街,旅行类别与购物类型冲突,保留实体,urban_experience,商业街、老街、夜市等可服务城市漫游、餐饮和夜游场景，保留实体并按旅行场景召回。,规则复核,,2026-09-20,高
B0FFLCMEZR,夏阳湖商业街,夏阳湖商业街,旅行类别与购物类型冲突,保留实体,urban_experience,商业街、老街、夜市等可服务城市漫游、餐饮和夜游场景，保留实体并按旅行场景召回。,规则复核,,2026-09-20,高
B0I667DNHB,战府常金藤运动馆,战府常金藤运动馆,普通门店候选,从服务库排除,ordinary_store,保留高德原始记录；普通品牌门店按明确购物需求实时检索,规则复核,,2026-09-20,高
B0H1UL0FWR,搏羽体育(上海青浦吾悦广场店),搏羽体育(上海青浦吾悦广场店),普通门店候选,从服务库排除,ordinary_store,保留高德原始记录；普通品牌门店按明确购物需求实时检索,规则复核,,2026-09-20,高
B001571RJ6,新城盛景商业步行街,新城盛景商业步行街,旅行类别与购物类型冲突,保留实体,urban_experience,商业街、老街、夜市等可服务城市漫游、餐饮和夜游场景，保留实体并按旅行场景召回。,规则复核,,2026-09-20,高
B0FFGLG086,普光路商业街,普光路商业街,旅行类别与购物类型冲突,保留实体,urban_experience,商业街、老街、夜市等可服务城市漫游、餐饮和夜游场景，保留实体并按旅行场景召回。,规则复核,,2026-09-20,高
B0H3ZAFVDC,李宁(上海青浦吾悦广场店),李宁(上海青浦吾悦广场店),普通门店候选,从服务库排除,ordinary_store,保留高德原始记录；普通品牌门店按明确购物需求实时检索,规则复核,,2026-09-20,高
B0HGAL1FKP,李宁(百联奥特莱斯广场C区店),李宁(百联奥特莱斯广场C区店),普通门店候选,从服务库排除,ordinary_store,保留高德原始记录；普通品牌门店按明确购物需求实时检索,规则复核,,2026-09-20,高
B00155LBN6,桥梓湾商业街,桥梓湾商业街,旅行类别与购物类型冲突,保留实体,urban_experience,商业街、老街、夜市等可服务城市漫游、餐饮和夜游场景，保留实体并按旅行场景召回。,规则复核,,2026-09-20,高
B00155Q6LB,欧洲街(青浦科技园商务中心店),欧洲街(青浦科技园商务中心店),旅行类别与购物类型冲突,保留实体,commercial_support,该实体具有餐饮、购物或休息支持价值，仅在用户有对应需求时召回，不进入默认景点路线。,规则复核,,2026-09-20,高
B0HU76V9F0,活力街(青浦宝龙广场店),活力街(青浦宝龙广场店),旅行类别与购物类型冲突,保留实体,commercial_support,该实体具有餐饮、购物或休息支持价值，仅在用户有对应需求时召回，不进入默认景点路线。,规则复核,,2026-09-20,高
B0GRPSKOI3,特步(华新店),特步(华新店),普通门店候选,从服务库排除,ordinary_store,保留高德原始记录；普通品牌门店按明确购物需求实时检索,规则复核,,2026-09-20,高
B0GK4XRDZ7,特步(百联奥特莱斯广场C区店),特步(百联奥特莱斯广场C区店),普通门店候选,从服务库排除,ordinary_store,保留高德原始记录；普通品牌门店按明确购物需求实时检索,规则复核,,2026-09-20,高
B0FFJRWOZK,特步(重固店),特步(重固店),普通门店候选,从服务库排除,ordinary_store,保留高德原始记录；普通品牌门店按明确购物需求实时检索,规则复核,,2026-09-20,高
B00157HMDL,精魅高尔夫,精魅高尔夫,普通门店候选,从服务库排除,ordinary_store,保留高德原始记录；普通品牌门店按明确购物需求实时检索,规则复核,,2026-09-20,高
B0L0T7AWZC,索康尼(百联奥特莱斯广场B区店),索康尼(百联奥特莱斯广场B区店),普通门店候选,从服务库排除,ordinary_store,保留高德原始记录；普通品牌门店按明确购物需求实时检索,规则复核,,2026-09-20,高
B0L295RYFT,绝情鲫户外旗舰店,绝情鲫户外旗舰店,普通门店候选,从服务库排除,ordinary_store,保留高德原始记录；普通品牌门店按明确购物需求实时检索,规则复核,,2026-09-20,高
B0FFJPI2EI,绿地控股全球商品贸易港,绿地控股全球商品贸易港,旅行类别与购物类型冲突,保留实体,commercial_support,该实体具有餐饮、购物或休息支持价值，仅在用户有对应需求时召回，不进入默认景点路线。,规则复核,,2026-09-20,高
B0FFM9OWFZ,绿地缤纷城(青浦店),绿地缤纷城(青浦店),旅行类别与购物类型冲突,保留实体,commercial_support,该实体具有餐饮、购物或休息支持价值，仅在用户有对应需求时召回，不进入默认景点路线。,规则复核,,2026-09-20,高
B0KKFSLWEF,绿洲智谷花园里,绿洲智谷花园里,旅行类别与购物类型冲突,保留实体,commercial_support,该实体具有餐饮、购物或休息支持价值，仅在用户有对应需求时召回，不进入默认景点路线。,规则复核,,2026-09-20,高
B0IKTZGDEF,绿洲智谷花园里(北区),绿洲智谷花园里(北区),旅行类别与购物类型冲突,保留实体,commercial_support,该实体具有餐饮、购物或休息支持价值，仅在用户有对应需求时召回，不进入默认景点路线。,规则复核,,2026-09-20,高
B0G0VDKG4Q,绿辉高尔夫(中骏天璟店),绿辉高尔夫(中骏天璟店),普通门店候选,从服务库排除,ordinary_store,保留高德原始记录；普通品牌门店按明确购物需求实时检索,规则复核,,2026-09-20,高
B0IKTUKC3T,耐克(上海天空万科广场店),耐克(上海天空万科广场店),普通门店候选,从服务库排除,ordinary_store,保留高德原始记录；普通品牌门店按明确购物需求实时检索,规则复核,,2026-09-20,高
B0J0BUUBI1,货不缺一条街,货不缺一条街,旅行类别与购物类型冲突,保留实体,commercial_support,该实体具有餐饮、购物或休息支持价值，仅在用户有对应需求时召回，不进入默认景点路线。,规则复核,,2026-09-20,高
B0FFGOF50H,运杰步行街(运杰城市花园店),运杰步行街(运杰城市花园店),旅行类别与购物类型冲突,保留实体,urban_experience,商业街、老街、夜市等可服务城市漫游、餐饮和夜游场景，保留实体并按旅行场景召回。,规则复核,,2026-09-20,高
B0HGAL0LY0,阿迪达斯(百联奥特莱斯广场店),阿迪达斯(百联奥特莱斯广场店),普通门店候选,从服务库排除,ordinary_store,保留高德原始记录；普通品牌门店按明确购物需求实时检索,规则复核,,2026-09-20,高
B0FFF6X5PS,阿迪达斯(青浦折扣店),阿迪达斯(青浦折扣店),普通门店候选,从服务库排除,ordinary_store,保留高德原始记录；普通品牌门店按明确购物需求实时检索,规则复核,,2026-09-20,高
B0H391VD75,阿迪达斯(首位中心店),阿迪达斯(首位中心店),普通门店候选,从服务库排除,ordinary_store,保留高德原始记录；普通品牌门店按明确购物需求实时检索,规则复核,,2026-09-20,高
B0G0XMZ7SU,青浦光明荟,青浦光明荟,旅行类别与购物类型冲突,保留实体,commercial_support,该实体具有餐饮、购物或休息支持价值，仅在用户有对应需求时召回，不进入默认景点路线。,规则复核,,2026-09-20,高
B0JDC75SIT,青浦小西门,青浦小西门,旅行类别与购物类型冲突,保留实体,commercial_support,该实体具有餐饮、购物或休息支持价值，仅在用户有对应需求时召回，不进入默认景点路线。,规则复核,,2026-09-20,高
B0I6YHSMDW,青浦巷(青浦万达茂店),青浦巷(青浦万达茂店),旅行类别与购物类型冲突,保留实体,commercial_support,该实体具有餐饮、购物或休息支持价值，仅在用户有对应需求时召回，不进入默认景点路线。,规则复核,,2026-09-20,高
B0FFGNVXI3,青浦码头街,青浦码头街,旅行类别与购物类型冲突,保留实体,commercial_support,该实体具有餐饮、购物或休息支持价值，仅在用户有对应需求时召回，不进入默认景点路线。,规则复核,,2026-09-20,高
B0HGALZ53J,鬼塚虎 Onitsuka Tiger(青浦百联奥莱店),鬼塚虎 Onitsuka Tiger(青浦百联奥莱店),普通门店候选,从服务库排除,ordinary_store,保留高德原始记录；普通品牌门店按明确购物需求实时检索,规则复核,,2026-09-20,高
B00156GH3B,鸿星尔克(华新街店),鸿星尔克(华新街店),普通门店候选,从服务库排除,ordinary_store,保留高德原始记录；普通品牌门店按明确购物需求实时检索,规则复核,,2026-09-20,高
B0FFFVUGAX,鸿星尔克(福泉山路店),鸿星尔克(福泉山路店),旅行类别与购物类型冲突；普通门店候选,从服务库排除,ordinary_store,保留高德原始记录；普通品牌门店按明确购物需求实时检索,规则复核,,2026-09-20,高
B00156E071,鸿星尔克(赵重公路店),鸿星尔克(赵重公路店),普通门店候选,从服务库排除,ordinary_store,保留高德原始记录；普通品牌门店按明确购物需求实时检索,规则复核,,2026-09-20,高
B0JK75JUUF,ARC'TERYX始祖鸟(上海恒隆广场店),ARC'TERYX始祖鸟(上海恒隆广场店),普通门店候选,从服务库排除,ordinary_store,保留高德原始记录；普通品牌门店按明确购物需求实时检索,规则复核,,2026-09-20,高
B0FFJPZ243,ARC'TERYX始祖鸟(静安嘉里中心北区商场店),ARC'TERYX始祖鸟(静安嘉里中心北区商场店),普通门店候选,从服务库排除,ordinary_store,保留高德原始记录；普通品牌门店按明确购物需求实时检索,规则复核,,2026-09-20,高
B0M6YMQVLI,ASICS 亚瑟士(静安嘉里中心店),ASICS 亚瑟士(静安嘉里中心店),普通门店候选,从服务库排除,ordinary_store,保留高德原始记录；普通品牌门店按明确购物需求实时检索,规则复核,,2026-09-20,高
B0L0B9VZ2Q,Adidas Mega(上海久光中心店),Adidas Mega(上海久光中心店),普通门店候选,从服务库排除,ordinary_store,保留高德原始记录；普通品牌门店按明确购物需求实时检索,规则复核,,2026-09-20,高
B0J14BWE50,Columbia(上海久光中心店),Columbia(上海久光中心店),普通门店候选,从服务库排除,ordinary_store,保留高德原始记录；普通品牌门店按明确购物需求实时检索,规则复核,,2026-09-20,高
B0FFL0F5TD,FILA(静安大融城店),FILA(静安大融城店),普通门店候选,从服务库排除,ordinary_store,保留高德原始记录；普通品牌门店按明确购物需求实时检索,规则复核,,2026-09-20,高
B0I1P4JC0S,HOKA(静安嘉里中心北区商场店),HOKA(静安嘉里中心北区商场店),普通门店候选,从服务库排除,ordinary_store,保留高德原始记录；普通品牌门店按明确购物需求实时检索,规则复核,,2026-09-20,高
B0JRLC4A3O,KOLON SPORT(静安嘉里中心北区商场),KOLON SPORT(静安嘉里中心北区商场),普通门店候选,从服务库排除,ordinary_store,保留高德原始记录；普通品牌门店按明确购物需求实时检索,规则复核,,2026-09-20,高
B0HKY5XH35,MIZUNO美津浓(上海久光中心店),MIZUNO美津浓(上海久光中心店),普通门店候选,从服务库排除,ordinary_store,保留高德原始记录；普通品牌门店按明确购物需求实时检索,规则复核,,2026-09-20,高
B0H66UCJO6,MLB(大宁国际商业广场店),MLB(大宁国际商业广场店),普通门店候选,从服务库排除,ordinary_store,保留高德原始记录；普通品牌门店按明确购物需求实时检索,规则复核,,2026-09-20,高
B0I3XC806O,Moose Knuckles(兴业太古汇店),Moose Knuckles(兴业太古汇店),普通门店候选,从服务库排除,ordinary_store,保留高德原始记录；普通品牌门店按明确购物需求实时检索,规则复核,,2026-09-20,高
B0FFJFU2B9,New Balance(上海兴业太古汇店),New Balance(上海兴业太古汇店),普通门店候选,从服务库排除,ordinary_store,保留高德原始记录；普通品牌门店按明确购物需求实时检索,规则复核,,2026-09-20,高
B0K2FACPXD,Onitsuka Tiger(张园旗舰店),Onitsuka Tiger(张园旗舰店),普通门店候选,从服务库排除,ordinary_store,保留高德原始记录；普通品牌门店按明确购物需求实时检索,规则复核,,2026-09-20,高
B0HK1DA4JF,Patagonia(静安嘉里中心店),Patagonia(静安嘉里中心店),普通门店候选,从服务库排除,ordinary_store,保留高德原始记录；普通品牌门店按明确购物需求实时检索,规则复核,,2026-09-20,高
B0I1B717U2,SALOMON萨洛蒙(静安嘉里中心北区商场店),SALOMON萨洛蒙(静安嘉里中心北区商场店),普通门店候选,从服务库排除,ordinary_store,保留高德原始记录；普通品牌门店按明确购物需求实时检索,规则复核,,2026-09-20,高
B0FFHD9SLU,SKECHERS 斯凯奇(大宁音乐广场店),SKECHERS 斯凯奇(大宁音乐广场店),普通门店候选,从服务库排除,ordinary_store,保留高德原始记录；普通品牌门店按明确购物需求实时检索,规则复核,,2026-09-20,高
B0K30DQAE3,SKECHERS 斯凯奇(莘荟购物中心店),SKECHERS 斯凯奇(莘荟购物中心店),普通门店候选,从服务库排除,ordinary_store,保留高德原始记录；普通品牌门店按明确购物需求实时检索,规则复核,,2026-09-20,高
B0LKMO7PY2,Snow Peak(张园店),Snow Peak(张园店),普通门店候选,从服务库排除,ordinary_store,保留高德原始记录；普通品牌门店按明确购物需求实时检索,规则复核,,2026-09-20,高
B0I077NW36,THE HOLIDAY PROJECT(兴业太古汇店),THE HOLIDAY PROJECT(兴业太古汇店),普通门店候选,从服务库排除,ordinary_store,保留高德原始记录；普通品牌门店按明确购物需求实时检索,规则复核,,2026-09-20,高
B0KR7SGWEV,TSUBO(兴业太古汇店),TSUBO(兴业太古汇店),普通门店候选,从服务库排除,ordinary_store,保留高德原始记录；普通品牌门店按明确购物需求实时检索,规则复核,,2026-09-20,高
B0HK1H9IA8,Timberland(上海久光中心店),Timberland(上海久光中心店),普通门店候选,从服务库排除,ordinary_store,保留高德原始记录；普通品牌门店按明确购物需求实时检索,规则复核,,2026-09-20,高
B0KKVC36DY,X-BIONIC上海旗舰店,X-BIONIC上海旗舰店,普通门店候选,从服务库排除,ordinary_store,保留高德原始记录；普通品牌门店按明确购物需求实时检索,规则复核,,2026-09-20,高
B0JKJUFDS5,YONEX(静体旗舰店),YONEX(静体旗舰店),普通门店候选,从服务库排除,ordinary_store,保留高德原始记录；普通品牌门店按明确购物需求实时检索,规则复核,,2026-09-20,高
B0LD4CPQP3,YONEX静安店,YONEX静安店,普通门店候选,从服务库排除,ordinary_store,保留高德原始记录；普通品牌门店按明确购物需求实时检索,规则复核,,2026-09-20,高
B0MBKUQJ73,adidasOriginals(张园),adidasOriginals(张园),普通门店候选,从服务库排除,ordinary_store,保留高德原始记录；普通品牌门店按明确购物需求实时检索,规则复核,,2026-09-20,高
B0FFLG1BKX,体育用品专卖店(延长路店),体育用品专卖店(延长路店),普通门店候选,从服务库排除,ordinary_store,保留高德原始记录；普通品牌门店按明确购物需求实时检索,规则复核,,2026-09-20,高
B0FFHRWLCX,吴江路美食街,吴江路美食街,旅行类别与购物类型冲突,保留实体,urban_experience,商业街、老街、夜市等可服务城市漫游、餐饮和夜游场景，保留实体并按旅行场景召回。,规则复核,,2026-09-20,高
B0FFF3W2BA,大宁绿地商业街,大宁绿地商业街,旅行类别与购物类型冲突,保留实体,urban_experience,商业街、老街、夜市等可服务城市漫游、餐饮和夜游场景，保留实体并按旅行场景召回。,规则复核,,2026-09-20,高
B0HK1H9QFQ,李宁(上海久光中心店),李宁(上海久光中心店),普通门店候选,从服务库排除,ordinary_store,保留高德原始记录；普通品牌门店按明确购物需求实时检索,规则复核,,2026-09-20,高
B0K3USU2HA,李宁(大宁国际商业广场店),李宁(大宁国际商业广场店),普通门店候选,从服务库排除,ordinary_store,保留高德原始记录；普通品牌门店按明确购物需求实时检索,规则复核,,2026-09-20,高
B0KDC9U91X,耐克Nike(上海久光中心店),耐克Nike(上海久光中心店),普通门店候选,从服务库排除,ordinary_store,保留高德原始记录；普通品牌门店按明确购物需求实时检索,规则复核,,2026-09-20,高
B0H01RQNYF,耐克Nike(大宁音乐广场店),耐克Nike(大宁音乐广场店),普通门店候选,从服务库排除,ordinary_store,保留高德原始记录；普通品牌门店按明确购物需求实时检索,规则复核,,2026-09-20,高
B0LUTZ3JNM,舒华跑步机健身器材(上海市大宁音乐广场店),舒华跑步机健身器材(上海市大宁音乐广场店),普通门店候选,从服务库排除,ordinary_store,保留高德原始记录；普通品牌门店按明确购物需求实时检索,规则复核,,2026-09-20,高
B00156EHGR,迪卡侬(共和新路店),迪卡侬(共和新路店),普通门店候选,从服务库排除,ordinary_store,保留高德原始记录；普通品牌门店按明确购物需求实时检索,规则复核,,2026-09-20,高
B0L1GCAODA,迪卡侬(静安大融城店),迪卡侬(静安大融城店),普通门店候选,从服务库排除,ordinary_store,保留高德原始记录；普通品牌门店按明确购物需求实时检索,规则复核,,2026-09-20,高
B0FFIKZ6X5,闻喜生活广场,闻喜生活广场,旅行类别与购物类型冲突,保留实体,indoor_leisure,商业综合体可服务雨天、休息、餐饮和购物场景，保留实体但不按传统景点解释。,规则复核,,2026-09-20,高
B0LKSMI0UQ,骆驼户外运动城(上海静安大融城店),骆驼户外运动城(上海静安大融城店),普通门店候选,从服务库排除,ordinary_store,保留高德原始记录；普通品牌门店按明确购物需求实时检索,规则复核,,2026-09-20,高
B0MBAH9IT5,鸿星尔克(静安大融城店),鸿星尔克(静安大融城店),普通门店候选,从服务库排除,ordinary_store,保留高德原始记录；普通品牌门店按明确购物需求实时检索,规则复核,,2026-09-20,高
B0L0AKASFJ,ADIDAS LIVE STREAM(第一百货商业中心南京东路店),ADIDAS LIVE STREAM(第一百货商业中心南京东路店),普通门店候选,从服务库排除,ordinary_store,保留高德原始记录；普通品牌门店按明确购物需求实时检索,规则复核,,2026-09-20,高
B0JBMA03MN,AK雪服雪具维护中心(长乐路店),AK雪服雪具维护中心(长乐路店),普通门店候选,从服务库排除,ordinary_store,保留高德原始记录；普通品牌门店按明确购物需求实时检索,规则复核,,2026-09-20,高
B0J3VL4KYN,ARC'TERYX始祖鸟(阿尔法中心店),ARC'TERYX始祖鸟(阿尔法中心店),普通门店候选,从服务库排除,ordinary_store,保留高德原始记录；普通品牌门店按明确购物需求实时检索,规则复核,,2026-09-20,高
B0I3PCGU6D,ASICS 亚瑟士(上海旗舰店),ASICS 亚瑟士(上海旗舰店),普通门店候选,从服务库排除,ordinary_store,保留高德原始记录；普通品牌门店按明确购物需求实时检索,规则复核,,2026-09-20,高
B0G04K49PI,ASICS 亚瑟士(新世界城店),ASICS 亚瑟士(新世界城店),普通门店候选,从服务库排除,ordinary_store,保留高德原始记录；普通品牌门店按明确购物需求实时检索,规则复核,,2026-09-20,高
B0H1M91FFK,BunChaCha南里食集(新天地店),BunChaCha南里食集(新天地店),旅行类别与购物类型冲突；普通门店候选,从服务库排除,ordinary_store,保留高德原始记录；普通品牌门店按明确购物需求实时检索,规则复核,,2026-09-20,高
B0HDCRKK3E,DESCENTE迪桑特(新天地店),DESCENTE迪桑特(新天地店),普通门店候选,从服务库排除,ordinary_store,保留高德原始记录；普通品牌门店按明确购物需求实时检索,规则复核,,2026-09-20,高
B0FFHH36CG,FILA(新世界城店),FILA(新世界城店),普通门店候选,从服务库排除,ordinary_store,保留高德原始记录；普通品牌门店按明确购物需求实时检索,规则复核,,2026-09-20,高
B0LAT71YQT,HOKA全球品牌体验中心(华府天地商场店),HOKA全球品牌体验中心(华府天地商场店),普通门店候选,从服务库排除,ordinary_store,保留高德原始记录；普通品牌门店按明确购物需求实时检索,规则复核,,2026-09-20,高
B0K3C7ASDL,KOLON SPORT可隆(新天地新里The House),KOLON SPORT可隆(新天地新里The House),普通门店候选,从服务库排除,ordinary_store,保留高德原始记录；普通品牌门店按明确购物需求实时检索,规则复核,,2026-09-20,高
B0G2FL39BB,MLB(上海世茂广场),MLB(上海世茂广场),普通门店候选,从服务库排除,ordinary_store,保留高德原始记录；普通品牌门店按明确购物需求实时检索,规则复核,,2026-09-20,高
B0LRXC1EJP,MLB(大上海时代广场店),MLB(大上海时代广场店),普通门店候选,从服务库排除,ordinary_store,保留高德原始记录；普通品牌门店按明确购物需求实时检索,规则复核,,2026-09-20,高
B0I3ACV3G2,NIKE STYLE零售概念店,NIKE STYLE零售概念店,普通门店候选,从服务库排除,ordinary_store,保留高德原始记录；普通品牌门店按明确购物需求实时检索,规则复核,,2026-09-20,高
B0L0MRA4VU,Newbalance(新天地东台里店),Newbalance(新天地东台里店),普通门店候选,从服务库排除,ordinary_store,保留高德原始记录；普通品牌门店按明确购物需求实时检索,规则复核,,2026-09-20,高
B0L0DKLWTS,OSPREY(新天地东台里店),OSPREY(新天地东台里店),普通门店候选,从服务库排除,ordinary_store,保留高德原始记录；普通品牌门店按明确购物需求实时检索,规则复核,,2026-09-20,高
B0FFKTT7LM,Onitsuka Tiger鬼塚虎(上海中环广场店),Onitsuka Tiger鬼塚虎(上海中环广场店),旅行类别与购物类型冲突；普通门店候选,从服务库排除,ordinary_store,保留高德原始记录；普通品牌门店按明确购物需求实时检索,规则复核,,2026-09-20,高
B0I0AR5J5L,On昂跑(新天地店),On昂跑(新天地店),普通门店候选,从服务库排除,ordinary_store,保留高德原始记录；普通品牌门店按明确购物需求实时检索,规则复核,,2026-09-20,高
B0FFGSJ6HF,PUMA彪马(淮海中路店),PUMA彪马(淮海中路店),普通门店候选,从服务库排除,ordinary_store,保留高德原始记录；普通品牌门店按明确购物需求实时检索,规则复核,,2026-09-20,高
B0MBT7D1K9,ROLEX劳力士(劳力士服务中心- 上海),ROLEX劳力士(劳力士服务中心- 上海),普通门店候选,从服务库排除,ordinary_store,保留高德原始记录；普通品牌门店按明确购物需求实时检索,规则复核,,2026-09-20,高
B0K11HLQ2B,SALOMON萨洛蒙(新天地时尚店),SALOMON萨洛蒙(新天地时尚店),普通门店候选,从服务库排除,ordinary_store,保留高德原始记录；普通品牌门店按明确购物需求实时检索,规则复核,,2026-09-20,高
B0FFKM5P7B,THE NORTH FACE(新世界城店),THE NORTH FACE(新世界城店),普通门店候选,从服务库排除,ordinary_store,保留高德原始记录；普通品牌门店按明确购物需求实时检索,规则复核,,2026-09-20,高
B0FFJEPNNX,UNDER ARMOUR 安德玛(新世界城店),UNDER ARMOUR 安德玛(新世界城店),普通门店候选,从服务库排除,ordinary_store,保留高德原始记录；普通品牌门店按明确购物需求实时检索,规则复核,,2026-09-20,高
B0FFG95M3M,UNDER ARMOUR 安德玛(淮海755店),UNDER ARMOUR 安德玛(淮海755店),旅行类别与购物类型冲突；普通门店候选,从服务库排除,ordinary_store,保留高德原始记录；普通品牌门店按明确购物需求实时检索,规则复核,,2026-09-20,高
B0J0D7L34B,YONEX(巴黎春天百货淮海店),YONEX(巴黎春天百货淮海店),普通门店候选,从服务库排除,ordinary_store,保留高德原始记录；普通品牌门店按明确购物需求实时检索,规则复核,,2026-09-20,高
B0J6GYGKBY,ZOKE(新世界城店),ZOKE(新世界城店),普通门店候选,从服务库排除,ordinary_store,保留高德原始记录；普通品牌门店按明确购物需求实时检索,规则复核,,2026-09-20,高
B00155KQDC,上海华盛街(人民公园店),上海华盛街(人民公园店),旅行类别与购物类型冲突,保留实体,commercial_support,该实体具有餐饮、购物或休息支持价值，仅在用户有对应需求时召回，不进入默认景点路线。,规则复核,,2026-09-20,高
B00155KUM0,上海新天地,上海新天地,旅行类别与购物类型冲突,保留实体,commercial_support,该实体具有餐饮、购物或休息支持价值，仅在用户有对应需求时召回，不进入默认景点路线。,规则复核,,2026-09-20,高
B00156YMMX,上海新天地北里,上海新天地北里,旅行类别与购物类型冲突,保留实体,commercial_support,该实体具有餐饮、购物或休息支持价值，仅在用户有对应需求时召回，不进入默认景点路线。,规则复核,,2026-09-20,高
B00155LGVY,云南路老字号美食街,云南路老字号美食街,旅行类别与购物类型冲突,保留实体,urban_experience,商业街、老街、夜市等可服务城市漫游、餐饮和夜游场景，保留实体并按旅行场景召回。,规则复核,,2026-09-20,高
B0FFHH36C9,凯乐石KAILAS(上海新世界店),凯乐石KAILAS(上海新世界店),普通门店候选,从服务库排除,ordinary_store,保留高德原始记录；普通品牌门店按明确购物需求实时检索,规则复核,,2026-09-20,高
B0M6ASZL17,回力1927概念旗舰店,回力1927概念旗舰店,普通门店候选,从服务库排除,ordinary_store,保留高德原始记录；普通品牌门店按明确购物需求实时检索,规则复核,,2026-09-20,高
B0FFHFDQ1C,思南公馆商业街,思南公馆商业街,旅行类别与购物类型冲突,保留实体,urban_experience,商业街、老街、夜市等可服务城市漫游、餐饮和夜游场景，保留实体并按旅行场景召回。,规则复核,,2026-09-20,高
B00152C3BA,旷野户外(重庆南路店),旷野户外(重庆南路店),普通门店候选,从服务库排除,ordinary_store,保留高德原始记录；普通品牌门店按明确购物需求实时检索,规则复核,,2026-09-20,高
B0HBR64XVN,李宁(上海来福士广场店),李宁(上海来福士广场店),普通门店候选,从服务库排除,ordinary_store,保留高德原始记录；普通品牌门店按明确购物需求实时检索,规则复核,,2026-09-20,高
B0FFLE2T8S,石库门景区,石库门景区,旅行类别与购物类型冲突,保留实体,commercial_support,该实体具有餐饮、购物或休息支持价值，仅在用户有对应需求时召回，不进入默认景点路线。,规则复核,,2026-09-20,高
B0IA3XGL8G,红双喜(凤阳路店),红双喜(凤阳路店),普通门店候选,从服务库排除,ordinary_store,保留高德原始记录；普通品牌门店按明确购物需求实时检索,规则复核,,2026-09-20,高
B0I13RV2JI,美津浓(新世界城店),美津浓(新世界城店),普通门店候选,从服务库排除,ordinary_store,保留高德原始记录；普通品牌门店按明确购物需求实时检索,规则复核,,2026-09-20,高
B0HGALZK6N,耐克Nike(新世界城店),耐克Nike(新世界城店),普通门店候选,从服务库排除,ordinary_store,保留高德原始记录；普通品牌门店按明确购物需求实时检索,规则复核,,2026-09-20,高
B0MBM579WZ,蓝岐BLUE(上海黄浦TX淮海店),蓝岐BLUE(上海黄浦TX淮海店),普通门店候选,从服务库排除,ordinary_store,保留高德原始记录；普通品牌门店按明确购物需求实时检索,规则复核,,2026-09-20,高
B0LUG1DKG4,迪卡侬(新天地广场店),迪卡侬(新天地广场店),普通门店候选,从服务库排除,ordinary_store,保留高德原始记录；普通品牌门店按明确购物需求实时检索,规则复核,,2026-09-20,高
B0FFHJDUZN,阿迪达斯(南京东路旗舰店),阿迪达斯(南京东路旗舰店),普通门店候选,从服务库排除,ordinary_store,保留高德原始记录；普通品牌门店按明确购物需求实时检索,规则复核,,2026-09-20,高
B0HGAL0LZ3,阿迪达斯(新世界城店),阿迪达斯(新世界城店),普通门店候选,从服务库排除,ordinary_store,保留高德原始记录；普通品牌门店按明确购物需求实时检索,规则复核,,2026-09-20,高
B00156EC00,阿迪达斯(淮海路品牌中心),阿迪达斯(淮海路品牌中心),普通门店候选,从服务库排除,ordinary_store,保留高德原始记录；普通品牌门店按明确购物需求实时检索,规则复核,,2026-09-20,高
B0FFHH36C2,阿迪达斯(第一百货商业中心店),阿迪达斯(第一百货商业中心店),普通门店候选,从服务库排除,ordinary_store,保留高德原始记录；普通品牌门店按明确购物需求实时检索,规则复核,,2026-09-20,高
B0FFHCSAPF,香港名店街,香港名店街,旅行类别与购物类型冲突,保留实体,commercial_support,该实体具有餐饮、购物或休息支持价值，仅在用户有对应需求时召回，不进入默认景点路线。,规则复核,,2026-09-20,高
B00156NA7N,黄河路美食休闲街,黄河路美食休闲街,旅行类别与购物类型冲突,保留实体,commercial_support,该实体具有餐饮、购物或休息支持价值，仅在用户有对应需求时召回，不进入默认景点路线。,规则复核,,2026-09-20,高
